p_surv_win,actual_win,fold
0.4137601624857078,1,1
0.29102375181826556,0,1
0.5186101928815836,0,1
0.511523884289785,0,1
0.511523884289785,0,1
0.28914112444601314,1,1
0.46922286839950844,0,1
0.4137601624857078,0,1
0.28914112444601314,0,1
0.46922286839950844,1,1
0.4137601624857078,1,1
0.24005684260266769,0,1
0.31761131571353485,0,1
0.24005684260266769,1,1
0.31761131571353485,0,1
0.24005684260266769,0,1
0.36747891580353653,1,1
0.46922286839950844,0,1
0.14902511757921733,0,1
0.5287563978749357,1,1
0.26423461190624353,0,1
0.5974482170549518,0,1
0.266015756836138,0,1
0.5974482170549518,0,1
0.5974482170549518,0,1
0.5287563978749357,0,1
0.3095229562106979,1,1
0.14902511757921733,0,1
0.14902511757921733,0,1
0.5287563978749357,0,1
0.448982759623617,1,1
0.448982759623617,1,1
0.4452764394604336,1,1
0.5153830047028246,1,1
0.448982759623617,1,1
0.5287563978749357,0,1
0.14902511757921733,1,1
0.5153830047028246,0,1
0.539697798171436,1,1
0.36669619320298574,0,1
0.2733629456203649,0,1
0.2733629456203649,1,1
0.36669619320298574,1,1
0.2733629456203649,0,1
0.36669619320298574,0,1
0.26278074161915543,0,1
0.3778930791952704,1,1
0.539697798171436,0,1
0.539697798171436,1,1
0.26278074161915543,0,1
0.3778930791952704,1,1
0.2772736529720061,0,1
0.2772736529720061,0,1
0.26278074161915543,1,1
0.3097614422032736,1,1
0.29604782185428613,0,1
0.3097614422032736,1,1
0.29604782185428613,0,1
0.31494520833516737,0,1
0.3394096723846648,0,1
0.31494520833516737,0,1
0.337839938557016,0,1
0.337839938557016,0,1
0.3525362990849772,0,1
0.32569019162621393,0,1
0.29097421932723744,0,1
0.337839938557016,1,1
0.29097421932723744,0,1
0.29604782185428613,0,1
0.3394096723846648,1,1
0.3097614422032736,0,1
0.3525362990849772,1,1
0.4563899523638989,0,1
0.23896857710606656,1,1
0.46402472657236526,1,1
0.45139002954876106,0,1
0.46402472657236526,0,1
0.46629910053847423,0,1
0.45139002954876106,1,1
0.46629910053847423,0,1
0.45139002954876106,0,1
0.45139002954876106,0,1
0.3661622937197191,0,1
0.3661622937197191,0,1
0.3188848275016066,0,1
0.3188848275016066,0,1
0.3661622937197191,1,1
0.4563899523638989,0,1
0.17762688957417272,1,1
0.45762561500657606,0,1
0.337839938557016,0,1
0.32809523379135663,0,1
0.337839938557016,0,1
0.337839938557016,0,1
0.337839938557016,0,1
0.32809523379135663,1,1
0.3181935605879188,0,1
0.32809523379135663,0,1
0.337839938557016,0,1
0.342512021580325,0,1
0.3181935605879188,0,1
0.337839938557016,0,1
0.337839938557016,0,1
0.342512021580325,0,1
0.342512021580325,0,1
0.337839938557016,0,1
0.337839938557016,0,1
0.337839938557016,0,1
0.3181935605879188,0,1
0.337839938557016,0,1
0.337839938557016,0,1
0.337839938557016,0,1
0.3973042941278885,0,1
0.42973620490127307,0,1
0.3973042941278885,0,1
0.29485415010194305,0,1
0.3973042941278885,0,1
0.337839938557016,1,1
0.3402340156050959,0,1
0.49901674544757924,0,1
0.3402340156050959,0,1
0.30078714402430184,0,1
0.2735025199968997,0,1
0.6207892172748066,1,1
0.6207892172748066,0,1
0.31968914490577593,0,1
0.337839938557016,0,1
0.337839938557016,0,1
0.337839938557016,1,1
0.49901674544757924,1,1
0.4780720030663054,1,1
0.425393119086766,0,1
0.3128540147222596,0,1
0.470960811006912,1,1
0.425393119086766,0,1
0.31482266032536355,0,1
0.42121101752962153,1,1
0.3128540147222596,0,1
0.4780720030663054,0,1
0.4930132756590411,0,1
0.4780720030663054,0,1
0.39223808593749154,0,1
0.2121001264514768,0,1
0.4930132756590411,1,1
0.4930132756590411,1,1
0.2121001264514768,0,1
0.39223808593749154,0,1
0.2121001264514768,0,1
0.337839938557016,0,1
0.337839938557016,0,1
0.337839938557016,1,1
0.337839938557016,0,1
0.337839938557016,0,1
0.337839938557016,1,1
0.337839938557016,1,1
0.337839938557016,0,1
0.32458182904045696,0,1
0.337839938557016,1,1
0.337839938557016,1,1
0.337839938557016,0,1
0.337839938557016,0,1
0.32458182904045696,1,1
0.3922313018770066,1,1
0.2484379366876659,0,1
0.3922313018770066,0,1
0.5077334203338908,1,1
0.44712761408439416,1,1
0.4777212542833088,1,1
0.5077334203338908,0,1
0.44712761408439416,1,1
0.5023600531053071,1,1
0.14426910812582794,0,1
0.4844053946008552,0,1
0.14426910812582794,1,1
0.14426910812582794,0,1
0.4844053946008552,0,1
0.5376917755706387,0,1
0.4844053946008552,0,1
0.337839938557016,1,1
0.337839938557016,0,1
0.338310399009604,1,1
0.337839938557016,0,1
0.337839938557016,0,1
0.337839938557016,0,1
0.338310399009604,0,1
0.34203873854693556,0,1
0.337839938557016,0,1
0.337839938557016,0,1
0.34203873854693556,0,1
0.337839938557016,0,1
0.34203873854693556,0,1
0.337839938557016,0,1
0.337839938557016,1,1
0.5164472293546871,1,1
0.338310399009604,0,1
0.37109847312528343,0,1
0.13612151178767962,0,1
0.13612151178767962,0,1
0.35274314734835266,0,1
0.13612151178767962,0,1
0.37109847312528343,1,1
0.3287717066148025,0,1
0.4585816336814963,0,1
0.3287717066148025,0,1
0.34141556119243455,0,1
0.3721080887406766,0,1
0.34141556119243455,1,1
0.4585816336814963,1,1
0.34203873854693556,0,1
0.3181935605879188,0,1
0.34203873854693556,1,1
0.3181935605879188,0,1
0.34203873854693556,0,1
0.3181935605879188,0,1
0.3097614422032736,1,1
0.3097766943655982,0,1
0.3097766943655982,1,1
0.3097614422032736,0,1
0.2639819230551472,0,1
0.3097614422032736,0,1
0.29097421932723744,0,1
0.28823231998618815,0,1
0.29377662732833465,1,1
0.3171609536589429,1,1
0.337839938557016,0,1
0.29758574808641347,0,1
0.29097421932723744,0,1
0.337839938557016,0,1
0.29097421932723744,1,1
0.337839938557016,0,1
0.29097421932723744,0,1
0.337839938557016,0,1
0.337839938557016,1,1
0.32344940576543024,0,1
0.32344940576543024,0,1
0.337839938557016,0,1
0.337839938557016,0,1
0.32344940576543024,0,1
0.3525362990849772,0,1
0.337839938557016,0,1
0.3525362990849772,0,1
0.3525362990849772,0,1
0.337839938557016,1,1
0.337839938557016,0,1
0.32569019162621393,0,1
0.4251215926226143,0,1
0.4251215926226143,0,1
0.30216853242447617,0,1
0.30216853242447617,0,1
0.4251215926226143,0,1
0.30216853242447617,0,1
0.4251215926226143,1,1
0.28200560099348093,0,1
0.25971465789178705,1,1
0.28200560099348093,0,1
0.32569019162621393,0,1
0.28200560099348093,0,1
0.3334789882722361,1,1
0.25971465789178705,0,1
0.3334789882722361,0,1
0.25971465789178705,0,1
0.3334789882722361,1,1
0.32569019162621393,0,1
0.30216853242447617,1,1
0.4251215926226143,1,1
0.2733629456203649,0,1
0.30216853242447617,0,1
0.29485415010194305,0,1
0.3973042941278885,0,1
0.29485415010194305,0,1
0.29485415010194305,0,1
0.3973042941278885,1,1
0.3973042941278885,1,1
0.29485415010194305,0,1
0.3973042941278885,0,1
0.2733629456203649,0,1
0.41415606072265476,0,1
0.2733629456203649,0,1
0.41415606072265476,0,1
0.2733629456203649,0,1
0.41415606072265476,0,1
0.2733629456203649,1,1
0.41415606072265476,0,1
0.3853453181068107,1,1
0.5077334203338908,0,1
0.44712761408439416,1,1
0.5077334203338908,0,1
0.5023600531053071,1,1
0.5077334203338908,0,1
0.3097614422032736,0,1
0.2889106116368565,0,1
0.2889106116368565,0,1
0.2889106116368565,0,1
0.3097614422032736,1,1
0.337839938557016,0,1
0.34203873854693556,1,1
0.337839938557016,0,1
0.34203873854693556,0,1
0.44712761408439416,1,1
0.3097614422032736,0,1
0.2559498535919035,1,1
0.22886353732611475,0,1
0.2559498535919035,0,1
0.22886353732611475,1,1
0.4137601624857078,0,1
0.4137601624857078,0,1
0.44052494401532993,0,1
0.4137601624857078,1,1
0.46922286839950844,0,1
0.44052494401532993,0,1
0.41116726712806795,1,1
0.44052494401532993,0,1
0.4137601624857078,1,1
0.22886353732611475,0,1
0.2761724821611443,0,1
0.22886353732611475,1,1
0.2559498535919035,1,1
0.4137601624857078,0,1
0.337839938557016,0,1
0.32809523379135663,0,1
0.3188722568277137,0,1
0.337839938557016,0,1
0.32809523379135663,0,1
0.337839938557016,1,1
0.3188722568277137,1,1
0.2923245485056293,0,1
0.2923245485056293,1,1
0.3188722568277137,0,1
0.3156449508316872,0,1
0.41415606072265476,0,1
0.32809523379135663,0,1
0.2733629456203649,1,1
0.41415606072265476,1,1
0.2733629456203649,1,1
0.41415606072265476,0,1
0.5290116645814333,1,1
0.3402340156050959,1,1
0.5290116645814333,0,1
0.42847271866641,0,1
0.3402340156050959,1,1
0.42847271866641,0,1
0.5290116645814333,0,1
0.2733629456203649,0,1
0.2733629456203649,0,1
0.41415606072265476,0,1
0.5290116645814333,0,1
0.3097614422032736,0,1
0.34329432318378683,0,1
0.31494520833516737,0,1
0.31494520833516737,0,1
0.3097614422032736,1,1
0.3004041525349993,0,1
0.3004041525349993,0,1
0.3097614422032736,1,1
0.3004041525349993,1,1
0.34329432318378683,1,1
0.30624435565593233,0,1
0.337839938557016,0,1
0.337839938557016,0,1
0.337839938557016,0,1
0.337839938557016,1,1
0.3188722568277137,1,1
0.30624435565593233,0,1
0.3188722568277137,1,1
0.2833309412774717,1,1
0.3188722568277137,1,1
0.337839938557016,0,1
0.3011343280591706,1,1
0.32809523379135663,0,1
0.337839938557016,0,1
0.32809523379135663,0,1
0.32809523379135663,0,1
0.337839938557016,0,1
0.337839938557016,0,1
0.32809523379135663,0,1
0.23581687871278934,1,1
0.2879420872610823,1,1
0.2879420872610823,0,1
0.25614304631199203,1,1
0.3188722568277137,0,1
0.3156449508316872,0,1
0.3156449508316872,1,1
0.3188722568277137,1,1
0.3188722568277137,1,1
0.2923245485056293,0,1
0.3011343280591706,1,1
0.3055561482760084,0,1
0.34203873854693556,0,1
0.337839938557016,0,1
0.34329432318378683,1,1
0.34203873854693556,1,1
0.338310399009604,0,1
0.337839938557016,0,1
0.337839938557016,0,1
0.3055561482760084,0,1
0.337839938557016,0,1
0.3055561482760084,0,1
0.337839938557016,0,1
0.34203873854693556,1,1
0.34203873854693556,0,1
0.34329432318378683,1,1
0.34203873854693556,0,1
0.34329432318378683,0,1
0.337839938557016,1,1
0.337839938557016,0,1
0.337839938557016,0,1
0.337839938557016,1,1
0.337839938557016,1,1
0.337839938557016,1,1
0.337839938557016,0,1
0.337839938557016,0,1
0.24989568240883853,0,1
0.24989568240883853,0,1
0.39831895549802965,1,1
0.34222039866555964,1,1
0.337839938557016,0,1
0.337839938557016,0,1
0.4256578980968728,0,1
0.4256578980968728,0,1
0.39831895549802965,1,1
0.4256578980968728,0,1
0.4351895320318486,0,1
0.34222039866555964,0,1
0.272931802561617,0,1
0.23569574181171082,0,1
0.23569574181171082,1,1
0.4351895320318486,0,1
0.2876039159090409,0,1
0.272931802561617,0,1
0.27843985958798056,0,1
0.272931802561617,0,1
0.272931802561617,1,1
0.3189965436979375,0,1
0.3189965436979375,0,1
0.34329432318378683,0,1
0.34329432318378683,1,1
0.3189965436979375,0,1
0.27682485690702496,1,1
0.2548582967956172,0,1
0.34329432318378683,0,1
0.4482483518734037,1,1
0.35545383192142654,0,1
0.337839938557016,0,1
0.337839938557016,1,1
0.337839938557016,0,1
0.337839938557016,0,1
0.33537964328407766,0,1
0.337839938557016,0,1
0.2650451786796484,0,1
0.337839938557016,0,1
0.3011343280591706,0,1
0.3011343280591706,1,1
0.2872461941216996,0,1
0.2872461941216996,0,1
0.25614304631199203,1,1
0.29668699196144166,0,1
0.33537964328407766,0,1
0.3209146666715924,1,1
0.29668699196144166,0,1
0.3209146666715924,0,1
0.14980529732750336,0,1
0.4797031410887628,0,1
0.14980529732750336,0,1
0.36669619320298574,0,1
0.14980529732750336,0,1
0.1472085561680777,0,1
0.4096621016746149,1,1
0.4096621016746149,1,1
0.2960465195627696,0,1
0.3853453181068107,0,1
0.3893780569436244,1,1
0.48308932113782366,0,1
0.48308932113782366,1,1
0.30298167687171773,0,1
0.30298167687171773,0,1
0.3698517146790308,0,1
0.3213469581358952,0,1
0.30298167687171773,0,1
0.22518927089532692,1,1
0.3146623083112885,0,1
0.4171842111773536,0,1
0.3146623083112885,1,1
0.4171842111773536,0,1
0.4171842111773536,0,1
0.3146623083112885,0,1
0.3899518255207325,1,1
0.3143690593174564,1,1
0.3766714987782548,0,1
0.3148892968755359,0,1
0.3148892968755359,0,1
0.270558834492305,0,1
0.14551394744892954,0,1
0.21953949495450686,1,1
0.270558834492305,0,1
0.1556795422951298,0,1
0.21953949495450686,0,1
0.30996917442041205,0,1
0.4317166397215352,1,1
0.2586521199925874,0,1
0.49887532390254474,1,1
0.2645796188845584,0,1
0.21953949495450686,0,1
0.5001813781506963,1,1
0.32752192602526875,1,1
0.32752192602526875,0,1
0.5001813781506963,1,1
0.3328871491039571,0,1
0.3805148780441644,0,1
0.3303459392179754,1,1
0.1685348432298589,0,1
0.36669619320298574,1,1
0.1685348432298589,1,1
0.36669619320298574,0,1
0.1685348432298589,0,1
0.27280722548847525,0,1
0.27280722548847525,0,1
0.18725390874382308,1,1
0.18725390874382308,0,1
0.27280722548847525,0,1
0.44184530699021374,1,1
0.24524317681882823,1,1
0.35920636509204606,0,1
0.35920636509204606,1,1
0.18725390874382308,1,1
0.4171842111773536,1,1
0.3146623083112885,0,1
0.3146623083112885,0,1
0.4171842111773536,1,1
0.4171842111773536,1,1
0.3146623083112885,0,1
0.21953949495450686,0,1
0.21953949495450686,1,1
0.14551394744892954,1,1
0.21953949495450686,0,1
0.2932276764866042,1,1
0.14551394744892954,0,1
0.2794910683506159,1,1
0.40775193220072903,0,1
0.292814078470909,0,1
0.40775193220072903,0,1
0.40775193220072903,0,1
0.292814078470909,0,1
0.5189036486510443,1,1
0.292814078470909,0,1
0.2794910683506159,0,1
0.3853453181068107,0,1
0.2733629456203649,1,1
0.3853453181068107,0,1
0.4487616505685269,0,1
0.4487616505685269,0,1
0.2794910683506159,0,1
0.2733629456203649,1,1
0.30546690040639013,0,1
0.5023600531053071,0,1
0.30546690040639013,0,1
0.4815910555734866,1,1
0.30546690040639013,0,1
0.4815910555734866,0,1
0.4288578653055005,1,1
0.5023600531053071,0,1
0.4815910555734866,0,1
0.4288578653055005,1,1
0.39972220284903637,1,1
0.4239772937202645,1,1
0.40284137358566396,1,1
0.45139002954876106,1,1
0.4239772937202645,1,1
0.4239772937202645,1,1
0.45139002954876106,1,1
0.45139002954876106,1,1
0.4082540656660387,1,1
0.5023600531053071,1,1
0.27280722548847525,0,1
0.3291649102482901,1,1
0.34311077482882935,0,1
0.22043640203732073,0,1
0.3291649102482901,0,1
0.3291649102482901,1,1
0.34311077482882935,0,1
0.34311077482882935,1,1
0.27280722548847525,0,1
0.4374770707247059,0,1
0.28885933971770006,1,1
0.22043640203732073,0,1
0.32307841854387775,1,1
0.4374770707247059,1,1
0.32307841854387775,0,1
0.4374770707247059,1,1
0.32307841854387775,0,1
0.22043640203732073,0,1
0.15354788473532743,0,1
0.5042741823779409,1,1
0.5042741823779409,0,1
0.1453233849845179,0,1
0.1453233849845179,0,1
0.4844053946008552,0,1
0.3569130573269941,1,1
0.5097687231264807,0,1
0.27638993210497187,1,1
0.5097687231264807,1,1
0.3906969173550976,0,1
0.5153830047028246,1,1
0.4452764394604336,1,1
0.3906969173550976,0,1
0.3637872733877162,0,1
0.6609746400173889,0,1
0.3637872733877162,1,1
0.6041882852792996,1,1
0.6041882852792996,1,1
0.3804727850099079,1,1
0.31818548763233734,1,1
0.31818548763233734,1,1
0.3364680349458732,0,1
0.31818548763233734,0,1
0.37086381860848683,0,1
0.2776724225232382,1,1
0.2776724225232382,1,1
0.4068868492083718,0,1
0.4068868492083718,1,1
0.4068868492083718,0,1
0.2776724225232382,0,1
0.37558448718790804,0,1
0.2472964737893809,1,1
0.3886068530056719,0,1
0.43669453740860065,1,1
0.33897551928487524,1,1
0.3246280539570191,0,1
0.47989185596798656,0,1
0.33897551928487524,0,1
0.2472964737893809,1,1
0.5662026924761114,0,1
0.2472964737893809,1,1
0.5011142991891452,0,1
0.5011142991891452,0,1
0.2472964737893809,0,1
0.50588460115774,0,1
0.37237836909514466,1,1
0.50588460115774,0,1
0.2899392081675721,1,1
0.5662026924761114,1,1
0.4203094026121419,1,1
0.3116990839468329,0,1
0.3116990839468329,0,1
0.4144104480565117,0,1
0.4144104480565117,1,1
0.39067702590100317,1,1
0.2438833575233994,1,1
0.4144104480565117,1,1
0.25011683643556326,0,1
0.44867670855238717,0,1
0.32215708831980794,1,1
0.32739867609498174,0,1
0.42455576710749987,0,1
0.5193391400983354,0,1
0.48972423582304103,1,1
0.5193391400983354,1,1
0.32739867609498174,1,1
0.5193391400983354,0,1
0.35141996836250733,1,1
0.3101982831177561,0,1
0.3486268858843691,1,1
0.29025838949950566,1,1
0.35141996836250733,1,1
0.3486268858843691,1,1
0.14902511757921733,0,1
0.4290318780642739,1,1
0.14902511757921733,0,1
0.32739867609498174,0,1
0.37079118270114153,1,1
0.29892769603428804,0,1
0.5285058290409385,0,1
0.309296960735047,1,1
0.5335314245981987,0,1
0.4647598176915477,0,1
0.39304727407436124,1,1
0.31097816170238013,0,1
0.4647598176915477,1,1
0.3039888052029244,0,1
0.30182423103367784,1,1
0.38373058751855316,0,1
0.31097816170238013,1,1
0.29892769603428804,0,1
0.5285058290409385,1,1
0.4137601624857078,0,1
0.29892769603428804,0,1
0.26956424069087814,1,1
0.26956424069087814,0,1
0.2761724821611443,0,1
0.2761724821611443,0,1
0.2761724821611443,0,1
0.42931433155728227,0,1
0.4137601624857078,1,1
0.4137601624857078,0,1
0.42931433155728227,0,1
0.45125815803455804,0,1
0.26956424069087814,0,1
0.37681657802758595,0,1
0.41587885931531965,1,1
0.23638252294469286,1,1
0.2674997946356319,0,1
0.32957649671993106,0,1
0.32957649671993106,0,1
0.2674997946356319,0,1
0.35894222247403473,1,1
0.37681657802758595,1,1
0.35894222247403473,0,1
0.3166620807774303,0,1
0.36724521352094663,0,1
0.47383147935408465,0,1
0.47383147935408465,1,1
0.3166620807774303,1,1
0.35894222247403473,0,1
0.47383147935408465,1,1
0.35894222247403473,1,1
0.36724521352094663,1,1
0.3308299375002334,0,1
0.4162902475849316,1,1
0.5625769537162164,1,1
0.19863153415711488,0,1
0.19863153415711488,1,1
0.5625769537162164,1,1
0.35067248677246254,1,1
0.19863153415711488,0,1
0.3938914828299759,0,1
0.4160099606624571,0,1
0.31311099961280486,0,1
0.31311099961280486,1,1
0.44113891190089327,1,1
0.30023731519400243,1,1
0.44113891190089327,1,1
0.30023731519400243,1,1
0.30023731519400243,0,1
0.44113891190089327,0,1
0.34510048668839066,1,1
0.30023731519400243,1,1
0.32589645484720375,1,1
0.3145704396864405,0,1
0.1926009194499967,0,1
0.4068156191024771,0,1
0.1926009194499967,0,1
0.4068156191024771,1,1
0.3928340127819937,1,1
0.3323181169838092,0,1
0.5486963841167452,0,1
0.5484107060527181,0,1
0.3928340127819937,0,1
0.4609465670839198,1,1
0.2798695293150978,0,1
0.27201650857594106,1,1
0.31215870655284483,0,1
0.4609465670839198,0,1
0.3451886321869272,1,1
0.1807995305171457,0,1
0.3451886321869272,0,1
0.17782984672805402,0,1
0.18389930904982166,0,1
0.3451886321869272,1,1
0.27201650857594106,0,1
0.23919074811632046,0,1
0.23919074811632046,0,1
0.5419807360789307,0,1
0.27201650857594106,1,1
0.4609465670839198,1,1
0.5419807360789307,0,1
0.4381241278441147,1,1
0.3016985433902376,0,1
0.4381241278441147,1,1
0.3016985433902376,0,1
0.43596849945631855,0,1
0.1993378616225947,0,1
0.43001279909259627,1,1
0.1993378616225947,0,1
0.2885680253338153,1,1
0.4532953169641668,0,1
0.32377420332104323,0,1
0.24218283750657588,0,1
0.5417193787870489,0,1
0.43001279909259627,1,1
0.400558633732785,1,1
0.2238572958575782,0,1
0.2866027277808809,0,1
0.320148847873052,0,1
0.3396364874555,0,1
0.3852769981998756,0,1
0.3852769981998756,1,1
0.3396364874555,0,1
0.3852769981998756,0,1
0.5547240358826643,0,1
0.3396364874555,0,1
0.5547240358826643,0,1
0.42847271866641,1,1
0.2866027277808809,0,1
0.31577258280813614,0,1
0.31577258280813614,0,1
0.2866027277808809,1,1
0.42847271866641,1,1
0.27087894292569914,0,1
0.5968197077899771,1,1
0.3042939022963047,0,1
0.11591959063800172,0,1
0.41932218905505747,0,1
0.27087894292569914,0,1
0.4187348680792409,1,1
0.11591959063800172,0,1
0.27443969654811695,1,1
0.22462818134638662,0,1
0.3138449048787495,1,1
0.3042939022963047,0,1
0.3138449048787495,0,1
0.3138449048787495,1,1
0.5066651829182478,1,1
0.37760194694864446,0,1
0.5968197077899771,0,1
0.5062448393632842,1,1
0.24210336725878323,1,1
0.6419147102412122,1,1
0.2655147384131108,0,1
0.6419147102412122,0,1
0.2655147384131108,0,1
0.6419147102412122,1,1
0.1869704914887963,0,1
0.2655147384131108,0,1
0.36747891580353653,0,1
0.1869704914887963,0,1
0.3569130573269941,1,1
0.5062448393632842,1,1
0.5062448393632842,1,1
0.3849293005919211,1,1
0.3849293005919211,0,1
0.36747891580353653,0,1
0.2644828693317942,0,1
0.2644828693317942,1,1
0.4070231810319721,0,1
0.4070231810319721,0,1
0.2644828693317942,1,1
0.4070231810319721,0,1
0.2587019462001974,0,1
0.2587019462001974,0,1
0.6068965999953193,1,1
0.5090669544867328,1,1
0.3063620182921526,0,1
0.29278353961246717,0,1
0.5090669544867328,1,1
0.5472566398474225,1,1
0.3522937805128096,0,1
0.3204263506151225,0,1
0.3494228976032794,1,1
0.33562205197417383,1,1
0.337839938557016,0,1
0.31788902192545776,0,1
0.31788902192545776,0,1
0.337839938557016,0,1
0.4482483518734037,0,1
0.34107367968623326,0,1
0.337839938557016,1,1
0.3291074440655378,1,1
0.337839938557016,0,1
0.4482483518734037,0,1
0.4482483518734037,0,1
0.3374640355267715,0,1
0.2650451786796484,1,1
0.317433773435814,0,1
0.34107367968623326,1,1
0.37109847312528343,0,1
0.3522937805128096,0,1
0.31968914490577593,1,1
0.515007089947447,0,1
0.31968914490577593,1,1
0.4780720030663054,0,1
0.41881594882635953,1,1
0.4780720030663054,1,1
0.41881594882635953,1,1
0.4780720030663054,0,1
0.5437504998840428,0,1
0.41881594882635953,0,1
0.41881594882635953,1,1
0.4780720030663054,1,1
0.16084131272797209,0,1
0.37109847312528343,0,1
0.16084131272797209,0,1
0.37109847312528343,1,1
0.16084131272797209,0,1
0.3523954472584052,1,1
0.3386589034549543,0,1
0.36225752424893565,0,1
0.35580222733406375,1,1
0.3386589034549543,0,1
0.3386589034549543,0,1
0.35580222733406375,0,1
0.24512885892966552,0,1
0.24512885892966552,0,1
0.3643566045905874,0,1
0.3051188901228743,0,1
0.337839938557016,0,1
0.3051188901228743,0,1
0.337839938557016,0,1
0.3051188901228743,0,1
0.3798326970908966,0,1
0.31710856139053467,0,1
0.3658213736004484,1,1
0.31710856139053467,0,1
0.3585191380910503,0,1
0.3585191380910503,0,1
0.6386674193678588,0,1
0.35725345529418384,0,1
0.5917008575964122,1,1
0.37197878736873236,0,1
0.6386674193678588,1,1
0.37197878736873236,0,1
0.1416321100884732,1,1
0.31598988732084565,0,1
0.37197878736873236,0,1
0.1416321100884732,0,1
0.1416321100884732,0,1
0.31598988732084565,1,1
0.3585191380910503,0,1
0.3341774679985968,0,1
0.3341774679985968,0,1
0.3341774679985968,1,1
0.31598988732084565,0,1
0.31998624201271586,0,1
0.35725345529418384,0,1
0.35725345529418384,0,1
0.31998624201271586,0,1
0.35725345529418384,1,1
0.33034860062689486,0,1
0.33174800630050105,0,1
0.24512885892966552,0,1
0.33034860062689486,0,1
0.24512885892966552,0,1
0.32739867609498174,1,1
0.24512885892966552,0,1
0.5193391400983354,1,1
0.31998624201271586,1,1
0.32739867609498174,1,1
0.14902511757921733,0,1
0.5287563978749357,1,1
0.14902511757921733,1,1
0.5287563978749357,1,1
0.14902511757921733,0,1
0.29025838949950566,0,1
0.5287563978749357,1,1
0.5193391400983354,0,1
0.3101982831177561,1,1
0.29025838949950566,0,1
0.3101982831177561,1,1
0.29025838949950566,1,1
0.3101982831177561,0,1
0.19863153415711488,1,1
0.19863153415711488,0,1
0.5625769537162164,0,1
0.19863153415711488,1,1
0.5625769537162164,0,1
0.30023731519400243,0,1
0.31113683557271,0,1
0.3111232925136628,0,1
0.30023731519400243,0,1
0.3111232925136628,0,1
0.34025693707228855,0,1
0.23566234220401494,0,1
0.29892769603428804,0,1
0.4748876258445538,1,1
0.4748876258445538,1,1
0.229527424248125,0,1
0.30141410851194883,1,1
0.229527424248125,0,1
0.34906605126605894,0,1
0.45125815803455804,0,1
0.30141410851194883,0,1
0.4137601624857078,0,1
0.45125815803455804,1,1
0.4137601624857078,1,1
0.29892769603428804,1,1
0.45125815803455804,0,1
0.2761555138761608,0,1
0.3720711659077385,0,1
0.17738604046784257,0,1
0.3720711659077385,0,1
0.3720711659077385,0,1
0.4787625330385621,0,1
0.23793167314903263,1,1
0.23793167314903263,0,1
0.4771858149626851,1,1
0.4771858149626851,0,1
0.23793167314903263,0,1
0.17738604046784257,1,1
0.23793167314903263,0,1
0.23638252294469286,1,1
0.4787625330385621,0,1
0.3495448604893364,1,1
0.3495448604893364,0,1
0.47383147935408465,0,1
0.3308299375002334,0,1
0.42473783646603236,1,1
0.3742466869810368,1,1
0.35894222247403473,0,1
0.3308299375002334,0,1
0.3742466869810368,0,1
0.35894222247403473,0,1
0.3742466869810368,0,1
0.23638252294469286,0,1
0.3495448604893364,0,1
0.23638252294469286,1,1
0.35894222247403473,1,1
0.27201650857594106,0,1
0.22097994560995438,0,1
0.4149960340241604,0,1
0.4144104480565117,1,1
0.32175965542788976,0,1
0.4129508872800238,1,1
0.32666046782325164,0,1
0.400558633732785,1,1
0.4585816336814963,0,1
0.22097994560995438,0,1
0.27201650857594106,0,1
0.4585816336814963,0,1
0.27201650857594106,0,1
0.3987329485729809,1,1
0.2539117878055125,1,1
0.5419807360789307,1,1
0.5219536461698508,0,1
0.2539117878055125,0,1
0.3451886321869272,0,1
0.18226031746713056,0,1
0.3451886321869272,0,1
0.18226031746713056,1,1
0.2866027277808809,0,1
0.3705944513280327,1,1
0.309296960735047,1,1
0.3705944513280327,0,1
0.309296960735047,0,1
0.309296960735047,0,1
0.4482483518734037,0,1
0.4482483518734037,1,1
0.3051188901228743,0,1
0.2968530008861401,0,1
0.32229257102508013,1,1
0.2968530008861401,0,1
0.4482483518734037,0,1
0.3653921895292387,0,1
0.32229257102508013,1,1
0.3396364874555,1,1
0.2866027277808809,0,1
0.3852769981998756,1,1
0.2866027277808809,1,1
0.3852769981998756,1,1
0.3396364874555,0,1
0.3852769981998756,1,1
0.42847271866641,0,1
0.3396364874555,0,1
0.42847271866641,0,1
0.49308106746471336,1,1
0.42847271866641,1,1
0.49308106746471336,0,1
0.32229257102508013,0,1
0.49308106746471336,0,1
0.5062448393632842,1,1
0.30182423103367784,1,1
0.38373058751855316,1,1
0.30182423103367784,0,1
0.3039888052029244,0,1
0.308351060315308,0,1
0.4811225447813906,0,1
0.2753758494289654,0,1
0.308351060315308,0,1
0.3849293005919211,1,1
0.5832745103503305,0,1
0.5062448393632842,0,1
0.2655147384131108,0,1
0.2655147384131108,0,1
0.5832745103503305,1,1
0.3849293005919211,0,1
0.1869704914887963,0,1
0.36142959983503975,1,1
0.1869704914887963,0,1
0.36142959983503975,0,1
0.6068965999953193,1,1
0.4070231810319721,1,1
0.2644828693317942,1,1
0.4070231810319721,0,1
0.2644828693317942,0,1
0.4070231810319721,0,1
0.2644828693317942,0,1
0.2587019462001974,0,1
0.2587019462001974,0,1
0.2587019462001974,1,1
0.6068965999953193,1,1
0.4619536281697946,0,1
0.29389112988078236,0,1
0.29389112988078236,0,1
0.4619536281697946,0,1
0.511523884289785,0,1
0.29389112988078236,0,1
0.6068965999953193,1,1
0.35274314734835266,0,1
0.16084131272797209,0,1
0.3859754811231002,1,1
0.22179506557272755,0,1
0.22179506557272755,1,1
0.3859754811231002,1,1
0.4381241278441147,0,1
0.24218283750657588,0,1
0.3016985433902376,0,1
0.4381241278441147,0,1
0.3016985433902376,0,1
0.35274314734835266,1,1
0.20821735906102434,0,1
0.16084131272797209,0,1
0.4780720030663054,0,1
0.35274314734835266,0,1
0.16084131272797209,1,1
0.5437504998840428,0,1
0.31968914490577593,0,1
0.5437504998840428,1,1
0.5437504998840428,1,1
0.31968914490577593,0,1
0.31968914490577593,1,1
0.4780720030663054,0,1
0.42121101752962153,0,1
0.4780720030663054,0,1
0.42121101752962153,0,1
0.42121101752962153,1,1
0.3303560380513151,0,1
0.4695077619735447,0,1
0.4695077619735447,0,1
0.191085036961825,1,1
0.2947491272901809,0,1
0.4695077619735447,0,1
0.37705225773829365,0,1
0.41932218905505747,1,1
0.27087894292569914,0,1
0.37705225773829365,1,1
0.5066651829182478,0,1
0.5066651829182478,0,1
0.3585191380910503,0,1
0.2947491272901809,0,1
0.30959811583464014,0,1
0.1416321100884732,0,1
0.3585191380910503,1,1
0.3585191380910503,0,1
0.6386674193678588,1,1
0.3582162764325937,1,1
0.5917008575964122,1,1
0.5917008575964122,0,1
0.3582162764325937,0,1
0.3582162764325937,0,1
0.1416321100884732,0,1
0.29906414469699505,1,1
0.29906414469699505,1,1
0.1416321100884732,0,1
0.30959811583464014,0,1
0.29906414469699505,0,1
0.4158580129204418,0,1
0.5042741823779409,1,1
0.45475242909109936,1,1
0.15354788473532743,0,1
0.2761355369535309,0,1
0.21450248104924086,1,1
0.5155066450481824,1,1
0.3636383273090946,0,1
0.34183175731009807,0,1
0.4158580129204418,0,1
0.5155066450481824,0,1
0.5155066450481824,1,1
0.21450248104924086,1,1
0.15354788473532743,0,1
0.27638993210497187,0,1
0.4480941373188737,0,1
0.4480941373188737,0,1
0.4452764394604336,1,1
0.3501236319569516,0,1
0.3501236319569516,0,1
0.3501236319569516,1,1
0.4452764394604336,0,1
0.27638993210497187,0,1
0.4480941373188737,0,1
0.27638993210497187,1,1
0.4480941373188737,1,1
0.27638993210497187,0,1
0.4452764394604336,1,1
0.44867670855238717,0,1
0.2438833575233994,0,1
0.25011683643556326,1,1
0.32215708831980794,0,1
0.25462412399512524,0,1
0.3637872733877162,0,1
0.23607235452800446,0,1
0.23607235452800446,0,1
0.37613954638426006,1,1
0.37613954638426006,1,1
0.23607235452800446,0,1
0.6609746400173889,1,1
0.39913999203490924,0,1
0.6609746400173889,1,1
0.3637872733877162,0,1
0.3014016174713141,0,1
0.3014016174713141,1,1
0.31818548763233734,0,1
0.3764899849980078,0,1
0.3778930791952704,0,1
0.31818548763233734,1,1
0.3778930791952704,0,1
0.31818548763233734,0,1
0.3778930791952704,0,1
0.34338142508142055,0,1
0.2619436572839877,0,1
0.41624104132496154,0,1
0.34338142508142055,1,1
0.41624104132496154,0,1
0.41624104132496154,1,1
0.3105412410189097,1,1
0.24689266900119788,0,1
0.24689266900119788,0,1
0.3105412410189097,1,1
0.27904794425664237,0,1
0.24689266900119788,0,1
0.3110580179149186,0,1
0.3886068530056719,1,1
0.3886068530056719,1,1
0.31426061656890103,1,1
0.27904794425664237,1,1
0.43669453740860065,0,1
0.2472964737893809,0,1
0.561967402576479,1,1
0.2472964737893809,0,1
0.5383562178827799,1,1
0.4442540878124348,0,1
0.31426061656890103,0,1
0.4442540878124348,0,1
0.27904794425664237,0,1
0.31426061656890103,0,1
0.4442540878124348,1,1
0.4130670623908155,0,1
0.30755678752607607,0,1
0.4204020647839991,0,1
0.46646001921336766,0,1
0.4204020647839991,1,1
0.4204020647839991,1,1
0.30755678752607607,0,1
0.46646001921336766,0,1
0.30755678752607607,0,1
0.46646001921336766,1,1
0.4288578653055005,1,1
0.5023600531053071,1,1
0.5023600531053071,1,1
0.4130670623908155,1,1
0.5023600531053071,0,1
0.4288578653055005,0,1
0.4130670623908155,1,1
0.4616882019525699,1,1
0.3291649102482901,1,1
0.37607106867995554,0,1
0.29485415010194305,0,1
0.29485415010194305,1,1
0.37607106867995554,0,1
0.3539589845194414,1,1
0.29485415010194305,0,1
0.30688287264434067,0,1
0.30688287264434067,0,1
0.35916270762566826,0,1
0.30688287264434067,0,1
0.3977786503113693,1,1
0.2733629456203649,1,1
0.2733629456203649,1,1
0.3977786503113693,0,1
0.2733629456203649,0,1
0.41415606072265476,0,1
0.3291649102482901,0,1
0.2044762836442412,0,1
0.2044762836442412,1,1
0.2044762836442412,0,1
0.275109943733142,0,1
0.275109943733142,0,1
0.275109943733142,0,1
0.38861697885971536,0,1
0.35015007657638575,0,1
0.38861697885971536,0,1
0.2474501152263603,1,1
0.4374770707247059,0,1
0.35015007657638575,0,1
0.4374770707247059,1,1
0.2474501152263603,1,1
0.43001279909259627,1,1
0.2885680253338153,1,1
0.1993378616225947,1,1
0.43001279909259627,1,1
0.43596849945631855,0,1
0.1993378616225947,1,1
0.39304727407436124,0,1
0.39304727407436124,0,1
0.38373058751855316,1,1
0.3039888052029244,0,1
0.30182423103367784,1,1
0.38373058751855316,0,1
0.39304727407436124,0,1
0.38373058751855316,0,1
0.39304727407436124,0,1
0.38373058751855316,0,1
0.39304727407436124,0,1
0.3039888052029244,1,1
0.38373058751855316,0,1
0.30263296577141363,0,1
0.3138449048787495,0,1
0.30182423103367784,1,1
0.30263296577141363,0,1
0.3138449048787495,0,1
0.3138449048787495,0,1
0.22462818134638662,0,1
0.16084131272797209,0,1
0.37109847312528343,0,1
0.16084131272797209,0,1
0.35539084169382096,1,1
0.16084131272797209,0,1
0.35539084169382096,0,1
0.16084131272797209,1,1
0.4288578653055005,0,1
0.35539084169382096,0,1
0.16084131272797209,1,1
0.5023600531053071,1,1
0.35539084169382096,0,1
0.5023600531053071,1,1
0.4616882019525699,0,1
0.5023600531053071,1,1
0.4288578653055005,1,1
0.5023600531053071,0,1
0.30755678752607607,0,1
0.4815910555734866,0,1
0.30755678752607607,0,1
0.4815910555734866,1,1
0.4288578653055005,0,1
0.30755678752607607,0,1
0.4815910555734866,1,1
0.3849293005919211,0,1
0.5062448393632842,0,1
0.5062448393632842,1,1
0.3849293005919211,0,1
0.3849293005919211,0,1
0.5062448393632842,0,1
0.3794209148473562,0,1
0.3849293005919211,1,1
0.50588460115774,0,1
0.27913765263556656,0,1
0.31426061656890103,0,1
0.50588460115774,1,1
0.31426061656890103,0,1
0.50588460115774,1,1
0.31426061656890103,0,1
0.50588460115774,0,1
0.5062448393632842,0,1
0.37109847312528343,1,1
0.37109847312528343,0,1
0.16084131272797209,1,1
0.16084131272797209,0,1
0.37109847312528343,1,1
0.37109847312528343,1,1
0.16084131272797209,0,1
0.16084131272797209,0,1
0.37109847312528343,0,1
0.2761724821611443,0,1
0.30141410851194883,0,1
0.2761724821611443,1,1
0.30141410851194883,1,1
0.2761724821611443,0,1
0.30141410851194883,1,1
0.30141410851194883,1,1
0.2761724821611443,1,1
0.16084131272797209,0,1
0.41415606072265476,0,1
0.2733629456203649,1,1
0.41415606072265476,0,1
0.2733629456203649,1,1
0.2733629456203649,0,1
0.41415606072265476,0,1
0.2733629456203649,1,1
0.41415606072265476,0,1
0.39245054142632385,1,1
0.39245054142632385,1,1
0.3389382985052748,0,1
0.3809890286938634,0,1
0.3221468308252077,0,1
0.337839938557016,1,1
0.337839938557016,1,1
0.3221468308252077,1,1
0.3221468308252077,0,1
0.337839938557016,0,1
0.337839938557016,0,1
0.337839938557016,0,1
0.3346020323458445,0,1
0.3355300023130384,1,1
0.337839938557016,0,1
0.31235037186981174,0,1
0.23971273781318858,0,1
0.31235037186981174,0,1
0.3346020323458445,1,1
0.31235037186981174,1,1
0.23971273781318858,0,1
0.337839938557016,1,1
0.337839938557016,1,1
0.3355300023130384,0,1
0.3355300023130384,0,1
0.23971273781318858,0,1
0.3221468308252077,0,1
0.33890717718316243,1,1
0.3221468308252077,0,1
0.337839938557016,0,1
0.3221468308252077,1,1
0.37642111714903903,0,1
0.33890717718316243,1,1
0.337839938557016,0,1
0.3798326970908966,0,1
0.33890717718316243,0,1
0.337839938557016,1,1
0.3346020323458445,0,1
0.337839938557016,0,1
0.337839938557016,1,1
0.337839938557016,1,1
0.337839938557016,0,1
0.337839938557016,1,1
0.337839938557016,0,1
0.337839938557016,0,1
0.337839938557016,0,1
0.337839938557016,1,1
0.33890717718316243,1,1
0.337839938557016,0,1
0.337839938557016,0,1
0.337839938557016,1,1
0.337839938557016,0,1
0.23971273781318858,0,1
0.31235037186981174,0,1
0.23971273781318858,0,1
0.31235037186981174,0,1
0.23971273781318858,0,1
0.31044750254692477,0,1
0.337839938557016,0,1
0.337839938557016,1,1
0.337839938557016,0,1
0.337839938557016,0,1
0.337839938557016,0,1
0.337839938557016,0,1
0.32719068187828004,0,1
0.2569717321942724,0,1
0.3208049698031714,0,1
0.2569717321942724,1,1
0.3208049698031714,0,1
0.3208049698031714,0,1
0.2569717321942724,0,1
0.30904656090516724,0,1
0.32719068187828004,0,1
0.3337762616464246,0,1
0.337839938557016,0,1
0.31006409108550004,1,1
0.31006409108550004,1,1
0.337839938557016,0,1
0.3337762616464246,1,1
0.337839938557016,0,1
0.337839938557016,0,1
0.30904656090516724,0,1
0.337839938557016,0,1
0.337839938557016,0,1
0.337839938557016,0,1
0.337839938557016,0,1
0.19723191239944537,0,1
0.3321893689213231,1,1
0.3321893689213231,0,1
0.337839938557016,0,1
0.337839938557016,1,1
0.337839938557016,0,1
0.337839938557016,0,1
0.337839938557016,0,1
0.3181935605879188,0,1
0.3181935605879188,0,1
0.337839938557016,0,1
0.29998864874779996,0,1
0.3156449508316872,0,1
0.3156449508316872,1,1
0.29998864874779996,1,1
0.3156449508316872,0,1
0.29998864874779996,1,1
0.3181935605879188,0,1
0.337839938557016,0,1
0.337839938557016,0,1
0.337839938557016,0,1
0.337839938557016,0,1
0.18974478316390975,1,1
0.337839938557016,0,1
0.3036567291132757,0,1
0.31006409108550004,0,1
0.337839938557016,0,1
0.337839938557016,0,1
0.31006409108550004,0,1
0.3036567291132757,0,1
0.337839938557016,0,1
0.18974478316390975,0,1
0.31019170377830896,1,1
0.31006409108550004,0,1
0.34380002419114664,0,1
0.31006409108550004,1,1
0.19723191239944537,0,1
0.34380002419114664,0,1
0.31006409108550004,0,1
0.34380002419114664,1,1
0.30516960553360684,0,1
0.4281324148811311,0,1
0.32719068187828004,1,1
0.1962060575962149,0,1
0.31019170377830896,1,1
0.32719068187828004,1,1
0.29828897639647467,1,1
0.343865416114136,0,1
0.2976430740386806,1,1
0.343865416114136,0,1
0.343865416114136,0,1
0.3430643424577441,0,1
0.23237697166038473,1,1
0.23237697166038473,1,1
0.5172843737090556,1,1
0.5117987735122653,1,1
0.23237697166038473,0,1
0.5172843737090556,1,1
0.44027415765164946,0,1
0.2947491272901809,1,1
0.337839938557016,1,1
0.33065281384790424,0,1
0.32376996289208204,1,1
0.40739793940310154,0,1
0.22712988785956478,1,1
0.22712988785956478,0,1
0.4149960340241604,1,1
0.39632591509610005,0,1
0.3659528435253727,1,1
0.2622975424957794,1,1
0.37808452261277115,0,1
0.3729346363353292,0,1
0.25870627987141137,1,1
0.3659528435253727,1,1
0.21546989963472096,1,1
0.4038582405286222,0,1
0.21546989963472096,1,1
0.21546989963472096,1,1
0.4801943425685089,0,1
0.3077744047009374,1,1
0.4801943425685089,0,1
0.2651397172462884,0,1
0.21546989963472096,0,1
0.2651397172462884,0,1
0.4149960340241604,1,1
0.4801943425685089,0,1
0.2392015603325951,0,1
0.337839938557016,1,1
0.3457984930080239,0,1
0.3308555488375494,0,1
0.45701270826098206,0,1
0.37093113732379845,0,1
0.2392015603325951,0,1
0.3343827337540398,1,1
0.3228389327530511,1,1
0.2392015603325951,1,1
0.25173369879797447,0,1
0.35161807573839376,0,1
0.25173369879797447,0,1
0.25173369879797447,1,1
0.3636383273090946,0,1
0.33588492037685724,0,1
0.3636383273090946,0,1
0.33588492037685724,0,1
0.4715405776000394,0,1
0.4707712092257279,0,1
0.33588492037685724,0,1
0.3447048494505107,0,1
0.35841891929383374,0,1
0.3155080071716656,0,1
0.4899588875573957,1,1
0.3155080071716656,0,1
0.4899588875573957,1,1
0.4715405776000394,0,1
0.33588492037685724,0,1
0.4702313924223406,1,1
0.33588492037685724,0,1
0.4707712092257279,0,1
0.3447048494505107,1,1
0.35841891929383374,1,1
0.4711902345518516,1,1
0.23793167314903263,1,1
0.23793167314903263,1,1
0.3658213736004484,0,1
0.24512885892966552,0,1
0.4711902345518516,1,1
0.31720968181005194,1,1
0.32575609515175197,0,1
0.32575609515175197,0,1
0.2591185575815269,1,1
0.31720968181005194,0,1
0.2591185575815269,0,1
0.3801449561273549,1,1
0.2591185575815269,0,1
0.3801449561273549,0,1
0.30755678752607607,1,1
0.3801449561273549,0,1
0.4815910555734866,0,1
0.30755678752607607,0,1
0.4815910555734866,0,1
0.337839938557016,0,1
0.34250644758209536,1,1
0.337839938557016,0,1
0.34250644758209536,0,1
0.337839938557016,1,1
0.30755678752607607,0,1
0.4815910555734866,1,1
0.30755678752607607,1,1
0.4815910555734866,1,1
0.337839938557016,0,1
0.3210257342949555,0,1
0.3619551817051525,0,1
0.43619125124493785,0,1
0.3343266176379578,1,1
0.43619125124493785,1,1
0.3343266176379578,0,1
0.43619125124493785,0,1
0.432009198337997,1,1
0.37237836909514466,1,1
0.3210257342949555,0,1
0.32533403918689563,1,1
0.4773002000675781,0,1
0.4773002000675781,0,1
0.32533403918689563,1,1
0.3399288988480441,0,1
0.3233090499985988,1,1
0.3233090499985988,1,1
0.3399288988480441,0,1
0.4609465670839198,0,1
0.4609465670839198,1,1
0.32008506168834716,1,1
0.5523968133434887,0,1
0.31760340068443504,0,1
0.31760340068443504,0,1
0.5523968133434887,0,1
0.32008506168834716,0,1
0.5523968133434887,1,1
0.31760340068443504,0,1
0.32008506168834716,0,1
0.39223808593749154,1,1
0.3042350529933452,0,1
0.4609465670839198,0,1
0.3046016691789192,0,1
0.3948535640859664,0,1
0.33826105495554315,0,1
0.3046016691789192,1,1
0.3042350529933452,1,1
0.3505675822206302,0,1
0.33826105495554315,1,1
0.3042350529933452,0,1
0.337839938557016,0,1
0.36559938234412004,0,1
0.36559938234412004,1,1
0.3228615420407962,1,1
0.3228615420407962,1,1
0.337839938557016,0,1
0.3336178539929775,1,1
0.3228615420407962,1,1
0.337839938557016,0,1
0.248440926497435,0,1
0.39452123492168967,1,1
0.39452123492168967,1,1
0.248440926497435,0,1
0.2598809578028637,0,1
0.5248959815731848,1,1
0.5248959815731848,1,1
0.2598809578028637,0,1
0.345338007698035,1,1
0.3778930791952704,1,1
0.31219428661425574,1,1
0.3778930791952704,0,1
0.31933702873804415,0,1
0.38157831805982034,1,1
0.23688754242730092,0,1
0.38157831805982034,0,1
0.23136237358491618,0,1
0.39452123492168967,0,1
0.26389980058089024,0,1
0.5248959815731848,1,1
0.26389980058089024,0,1
0.5248959815731848,1,1
0.23688754242730092,1,1
0.4261261823639422,0,1
0.3667830143722366,1,1
0.30688287264434067,1,1
0.30688287264434067,0,1
0.4261261823639422,0,1
0.3586031506916537,1,1
0.30688287264434067,0,1
0.43619125124493785,0,1
0.32533403918689563,1,1
0.4856234719769785,0,1
0.32533403918689563,1,1
0.43619125124493785,0,1
0.33109767695867287,1,1
0.4856234719769785,0,1
0.3258006143164732,0,1
0.43669453740860065,1,1
0.3539589845194414,0,1
0.43669453740860065,1,1
0.29485415010194305,0,1
0.3539589845194414,1,1
0.3539589845194414,1,1
0.29485415010194305,0,1
0.29485415010194305,1,1
0.3258006143164732,0,1
0.4697491932964559,1,1
0.4697491932964559,0,1
0.4389690097455897,0,1
0.3662571208907094,0,1
0.30959811583464014,1,1
0.3662571208907094,0,1
0.30959811583464014,0,1
0.4171842111773536,1,1
0.30959811583464014,0,1
0.4389690097455897,0,1
0.25409748851680514,0,1
0.25409748851680514,0,1
0.25409748851680514,0,1
0.6419147102412122,0,1
0.6419147102412122,1,1
0.6419147102412122,1,1
0.664126885191006,1,1
0.664126885191006,0,1
0.24917493004155233,0,1
0.29389112988078236,0,1
0.511523884289785,1,1
0.29389112988078236,0,1
0.511523884289785,1,1
0.24917493004155233,0,1
0.36098631689097893,1,1
0.15292499878526866,0,1
0.15292499878526866,0,1
0.36098631689097893,1,1
0.38242573213617026,0,1
0.524671494113305,0,1
0.524671494113305,1,1
0.43638041138463723,1,1
0.38242573213617026,0,1
0.38242573213617026,1,1
0.4064902875019406,1,1
0.3162072848533368,0,1
0.4064902875019406,1,1
0.5153830047028246,1,1
0.3501236319569516,0,1
0.5153830047028246,1,1
0.3501236319569516,1,1
0.3501236319569516,0,1
0.5153830047028246,0,1
0.1595304544335978,0,1
0.3189468179188344,0,1
0.2572205403880843,0,1
0.3189468179188344,0,1
0.3272976134555766,0,1
0.4533589956374533,1,1
0.4533589956374533,1,1
0.3139955472871917,0,1
0.3139955472871917,0,1
0.25621789546285,1,1
0.3139955472871917,0,1
0.3189468179188344,0,1
0.22551190798507348,0,1
0.5701205548488967,1,1
0.2607989207559748,0,1
0.5701205548488967,0,1
0.2607989207559748,0,1
0.2607989207559748,0,1
0.5248959815731848,1,1
0.39452123492168967,1,1
0.22551190798507348,0,1
0.39452123492168967,1,1
0.25621789546285,0,1
0.41658614663987836,0,1
0.41658614663987836,1,1
0.1251290800074778,0,1
0.1251290800074778,0,1
0.25840761708018667,1,1
0.4023331926105673,1,1
0.4023331926105673,1,1
0.3387109997626796,0,1
0.5489728881026898,1,1
0.3855702745989935,1,1
0.3387109997626796,0,1
0.3159746347675175,1,1
0.3855702745989935,0,1
0.3159746347675175,0,1
0.34329432318378683,0,1
0.48602314294211024,0,1
0.3021358633837544,0,1
0.48602314294211024,0,1
0.4092052534033346,1,1
0.3021358633837544,1,1
0.3987794452133111,0,1
0.3021358633837544,0,1
0.37237836909514466,1,1
0.25017672308195393,0,1
0.37237836909514466,1,1
0.2761724821611443,1,1
0.30141410851194883,1,1
0.2761724821611443,0,1
0.2761724821611443,1,1
0.30141410851194883,1,1
0.30141410851194883,0,1
0.2940184588335667,0,1
0.30141410851194883,0,1
0.432009198337997,1,1
0.2761724821611443,0,1
0.33002585691944997,0,1
0.31219428661425574,0,1
0.3778930791952704,0,1
0.31219428661425574,0,1
0.31219428661425574,0,1
0.3778930791952704,0,1
0.3778930791952704,1,1
0.33002585691944997,0,1
0.33002585691944997,0,1
0.3536208301880751,0,1
0.3536208301880751,1,1
0.35291537290988995,0,1
0.2940184588335667,1,1
0.2645796188845584,0,1
0.307215485689729,0,1
0.49887532390254474,0,1
0.49887532390254474,1,1
0.2645796188845584,0,1
0.2645796188845584,0,1
0.49887532390254474,0,1
0.307215485689729,0,1
0.22794947915385866,0,1
0.22794947915385866,1,1
0.3947485151839345,0,1
0.400558633732785,1,1
0.31388329080945887,0,1
0.13700908195486228,1,1
0.43395208624192116,1,1
0.43395208624192116,1,1
0.13700908195486228,0,1
0.43395208624192116,0,1
0.27890735974057346,0,1
0.400558633732785,1,1
0.490942371887796,0,1
0.2830760511390227,1,1
0.29023267914479534,0,1
0.490942371887796,0,1
0.3764899849980078,0,1
0.3764899849980078,0,1
0.2776724225232382,0,1
0.3764899849980078,0,1
0.2776724225232382,1,1
0.29023267914479534,0,1
0.33011433644863053,1,1
0.361338449230443,1,1
0.429413593777655,1,1
0.429413593777655,0,1
0.15041346438958403,0,1
0.3864823283796829,1,1
0.38721473244442406,0,1
0.5289936909283739,1,1
0.38721473244442406,0,1
0.5289936909283739,1,1
0.3853453181068107,0,1
0.15041346438958403,0,1
0.15041346438958403,0,1
0.5289936909283739,1,1
0.3801449561273549,0,1
0.30121823976629125,0,1
0.2644828693317942,1,1
0.3801449561273549,0,1
0.3801449561273549,1,1
0.2644828693317942,0,1
0.43653479040345267,0,1
0.30121823976629125,0,1
0.43653479040345267,0,1
0.39223808593749154,1,1
0.2644828693317942,0,1
0.2474501152263603,0,1
0.2474501152263603,1,1
0.5189036486510443,1,1
0.465476576785646,0,1
0.3233090499985988,1,1
0.40791288841459095,1,1
0.44773942419218127,0,1
0.40791288841459095,1,1
0.3625207701627029,0,1
0.5189036486510443,0,1
0.4780720030663054,1,1
0.42121101752962153,0,1
0.42121101752962153,0,1
0.4780720030663054,1,1
0.16084131272797209,1,1
0.16084131272797209,0,1
0.37109847312528343,0,1
0.16084131272797209,0,1
0.37109847312528343,1,1
0.37109847312528343,0,1
0.4780720030663054,0,1
0.3667830143722366,0,1
0.30688287264434067,0,1
0.42121101752962153,0,1
0.32377420332104323,1,1
0.5417193787870489,1,1
0.1642486521623997,1,1
0.4532953169641668,0,1
0.1642486521623997,0,1
0.30688287264434067,0,1
0.4261261823639422,1,1
0.5417193787870489,1,1
0.2733629456203649,1,1
0.2733629456203649,1,1
0.2733629456203649,0,1
0.41415606072265476,1,1
0.2733629456203649,1,1
0.41415606072265476,0,1
0.41415606072265476,0,1
0.4301387757176812,1,1
0.3768339396600543,1,1
0.14857282785052606,0,1
0.4301387757176812,1,1
0.14857282785052606,0,1
0.4301387757176812,1,1
0.14857282785052606,1,1
0.3527436123179396,1,1
0.47875082109684597,0,1
0.242642811134125,1,1
0.242642811134125,1,1
0.47875082109684597,1,1
0.47875082109684597,0,1
0.242642811134125,0,1
0.47875082109684597,0,1
0.4383710940020966,1,1
0.31761131571353485,0,1
0.36747891580353653,0,1
0.1869704914887963,0,1
0.1869704914887963,0,1
0.36747891580353653,0,1
0.36747891580353653,1,1
0.1869704914887963,0,1
0.1869704914887963,0,1
0.492010318273997,1,1
0.2166370728,0,1
0.36747891580353653,0,1
0.2166370728,0,1
0.36747891580353653,1,1
0.492010318273997,0,1
0.337686413671772,0,1
0.337686413671772,0,1
0.4137601624857078,0,1
0.492010318273997,0,1
0.3973962434254462,0,1
0.3973962434254462,0,1
0.4137601624857078,1,1
0.3973962434254462,1,1
0.4137601624857078,1,1
0.337686413671772,0,1
0.16440706804765726,0,1
0.12378691907006922,1,1
0.4930147394548997,1,1
0.4930147394548997,0,1
0.20597113466976602,0,1
0.19991379817988209,1,1
0.49902596070527705,0,1
0.34665929678047314,0,1
0.21077409362264954,0,1
0.12378691907006922,1,1
0.5641972491079241,1,1
0.12378691907006922,0,1
0.5641972491079241,0,1
0.5083115752633792,0,1
0.34665929678047314,0,1
0.2711068413258535,0,1
0.2553153857615714,0,1
0.3347223015252412,1,1
0.4203389831273918,1,1
0.46808556913658705,1,1
0.29389112988078236,0,1
0.46808556913658705,1,1
0.29389112988078236,1,1
0.46808556913658705,1,1
0.2861189948523245,0,1
0.29389112988078236,1,1
0.2861189948523245,0,1
0.3977992042065376,1,1
0.5071557697761397,0,1
0.3347223015252412,0,1
0.5071557697761397,0,1
0.3347223015252412,1,1
0.5071557697761397,1,1
0.3977992042065376,1,1
0.2534762882113166,0,1
0.5157947600746585,0,1
0.42307604703506796,0,1
0.5157947600746585,0,1
0.5157947600746585,1,1
0.42307604703506796,0,1
0.26865518546874834,0,1
0.15226585686935434,0,1
0.5486963841167452,0,1
0.3268352764631576,0,1
0.15622703120899595,0,1
0.3283973068132533,0,1
0.3325741283293515,1,1
0.5486963841167452,0,1
0.4107631620565154,1,1
0.3396644554983227,0,1
0.4107631620565154,1,1
0.26865518546874834,0,1
0.37109847312528343,1,1
0.17187157850786028,0,1
0.37109847312528343,0,1
0.3582162764325937,0,1
0.6386674193678588,0,1
0.6386674193678588,0,1
0.17187157850786028,1,1
0.6386674193678588,1,1
0.3582162764325937,0,1
0.35916270762566826,0,1
0.32321968974292636,0,1
0.3582162764325937,0,1
0.371095380681442,0,1
0.3445856876407991,0,1
0.32321968974292636,0,1
0.37109847312528343,0,1
0.17187157850786028,0,1
0.37109847312528343,0,1
0.17187157850786028,0,1
0.32321968974292636,0,1
0.565088341973975,0,1
0.4341927113640921,0,1
0.565088341973975,0,1
0.31445967562372923,1,1
0.565088341973975,0,1
0.31445967562372923,1,1
0.551654975438802,1,1
0.31445967562372923,0,1
0.4341927113640921,0,1
0.551654975438802,0,1
0.4341927113640921,0,1
0.34618183476789344,0,1
0.4638854037483944,1,1
0.34618183476789344,0,1
0.4638854037483944,0,1
0.4638854037483944,0,1
0.34618183476789344,0,1
0.551654975438802,0,1
0.2863425245473302,1,1
0.4853308781152401,1,1
0.4333855243641166,0,1
0.28320570511949705,0,1
0.1784628057544222,0,1
0.46262759499720174,1,1
0.377446072853747,0,1
0.35009236038509606,0,1
0.27875134217455466,0,1
0.35009236038509606,0,1
0.46262759499720174,1,1
0.22306830212019024,0,1
0.4333855243641166,0,1
0.4333855243641166,0,1
0.3794839336053679,1,1
0.4780720030663054,1,1
0.31598988732084565,0,1
0.1510894874455917,1,1
0.1510894874455917,0,1
0.31598988732084565,0,1
0.3550251615291895,1,1
0.2802470598051592,0,1
0.3550251615291895,1,1
0.4780720030663054,1,1
0.3794839336053679,1,1
0.4780720030663054,1,1
0.3794839336053679,0,1
0.2802470598051592,0,1
0.35009236038509606,0,1
0.5242277124818047,0,1
0.234142918322091,1,1
0.4180309018917332,1,1
0.25843448321103446,0,1
0.4180309018917332,0,1
0.3759623518982149,1,1
0.4180309018917332,0,1
0.4180309018917332,0,1
0.3416201304306906,1,1
0.20657360972232064,0,1
0.20819664864923781,0,1
0.234142918322091,1,1
0.3416201304306906,1,1
0.31109957869677707,0,1
0.3759623518982149,0,1
0.4000193219906957,1,1
0.5042741823779409,0,1
0.14598829080956421,0,1
0.3634429159458358,0,1
0.5042741823779409,0,1
0.14598829080956421,1,1
0.14598829080956421,0,1
0.47492451414333037,0,1
0.5042741823779409,0,1
0.47492451414333037,0,1
0.3643748818882444,0,1
0.4000193219906957,0,1
0.3634429159458358,1,1
0.4000193219906957,1,1
0.3634429159458358,0,1
0.3867481244186337,0,1
0.5062448393632842,1,1
0.4039299714142114,0,1
0.5062448393632842,0,1
0.5062448393632842,0,1
0.4039299714142114,1,1
0.4039299714142114,0,1
0.4868984348571421,1,1
0.24282851773367586,0,1
0.502068993482035,1,1
0.3679328881608265,0,1
0.3821815551473986,0,1
0.3679328881608265,1,1
0.3821815551473986,0,1
0.24282851773367586,0,1
0.423466206946449,1,1
0.20051539784327022,0,1
0.423466206946449,0,1
0.11713365852743174,0,1
0.3244850262592951,0,1
0.2870950886896565,1,1
0.395650375029839,0,1
0.49560909315217316,0,1
0.3146964610204447,1,1
0.3244850262592951,0,1
0.49560909315217316,1,1
0.400835655703526,0,1
0.395650375029839,0,1
0.400835655703526,1,1
0.400835655703526,0,1
0.3244850262592951,1,1
0.45540141684957924,0,1
0.37967298924978876,1,1
0.45540141684957924,0,1
0.2672605114921365,0,1
0.3296493137152944,0,1
0.2600210697896628,1,1
0.2600210697896628,1,1
0.3296493137152944,1,1
0.2600210697896628,0,1
0.37967298924978876,0,1
0.3296493137152944,0,1
0.26219929929904107,1,1
0.37967298924978876,1,1
0.26219929929904107,0,1
0.2672605114921365,1,1
0.45540141684957924,0,1
0.2672605114921365,0,1
0.26219929929904107,0,1
0.3244850262592951,0,1
0.13719740625875665,0,1
0.423466206946449,1,1
0.13719740625875665,0,1
0.450498408541519,0,1
0.45850609044028845,0,1
0.423466206946449,0,1
0.3244850262592951,0,1
0.45850609044028845,0,1
0.3244850262592951,0,1
0.400835655703526,0,1
0.35499365049743437,0,1
0.400835655703526,1,1
0.43966323674830965,1,1
0.13719740625875665,0,1
0.5023600531053071,1,1
0.23112260680671182,1,1
0.423466206946449,1,1
0.3356896787269831,0,1
0.33795161798664375,0,1
0.33795161798664375,0,1
0.47450498684904974,0,1
0.5023600531053071,1,1
0.3356896787269831,1,1
0.5375336642267121,1,1
0.37652726865486275,0,1
0.5375336642267121,1,1
0.37652726865486275,0,1
0.423466206946449,0,1
0.47450498684904974,0,1
0.337839938557016,0,1
0.337839938557016,0,1
0.337839938557016,0,1
0.3346020323458445,0,1
0.337839938557016,0,1
0.337839938557016,0,1
0.337839938557016,0,1
0.23651887072343325,0,1
0.337839938557016,0,1
0.337839938557016,1,1
0.31862472977668044,0,1
0.23651887072343325,0,1
0.31862472977668044,1,1
0.337839938557016,0,1
0.337839938557016,0,1
0.337839938557016,0,1
0.3346020323458445,1,1
0.337839938557016,1,1
0.337839938557016,0,1
0.49369810644315304,1,1
0.31781940815772936,0,1
0.49369810644315304,1,1
0.2503217078779756,1,1
0.3011604705549521,0,1
0.2503217078779756,1,1
0.3011604705549521,0,1
0.31781940815772936,0,1
0.2733629456203649,0,1
0.2733629456203649,0,1
0.41415606072265476,1,1
0.2733629456203649,0,1
0.41415606072265476,0,1
0.41415606072265476,0,1
0.337839938557016,0,1
0.337839938557016,1,1
0.337839938557016,0,1
0.33301720014351543,0,1
0.337839938557016,0,1
0.2591403333080712,0,1
0.3108718499868004,0,1
0.3108718499868004,0,1
0.337839938557016,0,1
0.29863373819817696,1,1
0.35093008288511673,0,1
0.337839938557016,1,1
0.337839938557016,0,1
0.337839938557016,1,1
0.3355300023130384,0,1
0.337839938557016,0,1
0.3355300023130384,0,1
0.337839938557016,0,1
0.337839938557016,0,1
0.3355300023130384,0,1
0.337839938557016,0,1
0.337839938557016,0,1
0.337839938557016,0,1
0.46647608034458965,0,1
0.337839938557016,0,1
0.46647608034458965,0,1
0.3023308515795369,0,1
0.38163614890593167,0,1
0.4105726111157433,0,1
0.4881267771652692,0,1
0.4881267771652692,0,1
0.24365673003979937,0,1
0.4881267771652692,1,1
0.4105726111157433,1,1
0.3023308515795369,0,1
0.28553056235295315,0,1
0.35163743716335394,0,1
0.28553056235295315,0,1
0.3023308515795369,0,1
0.4105726111157433,0,1
0.3586031506916537,1,1
0.4972938115417067,1,1
0.24365673003979937,0,1
0.13676239129808598,0,1
0.5390762122596646,1,1
0.5390762122596646,0,1
0.3586031506916537,1,1
0.4972938115417067,0,1
0.3586031506916537,0,1
0.4972938115417067,1,1
0.23046933141502368,0,1
0.35093008288511673,0,1
0.2591403333080712,0,1
0.3108718499868004,0,1
0.3108718499868004,0,1
0.35093008288511673,0,1
0.3108718499868004,0,1
0.24365673003979937,1,1
0.23046933141502368,0,1
0.46986087857842473,0,1
0.24365673003979937,1,1
0.5390762122596646,1,1
0.5390762122596646,1,1
0.13676239129808598,0,1
0.35147476140157974,0,1
0.3833544962166623,0,1
0.3161346780700022,1,1
0.364605703259688,0,1
0.35147476140157974,1,1
0.3451886321869272,0,1
0.15775293602691287,1,1
0.15775293602691287,0,1
0.3451886321869272,0,1
0.15775293602691287,1,1
0.40433511202354555,0,1
0.3451886321869272,0,1
0.40433511202354555,1,1
0.364605703259688,1,1
0.40433511202354555,1,1
0.3161346780700022,0,1
0.35147476140157974,0,1
0.3161346780700022,1,1
0.364605703259688,0,1
0.337839938557016,0,1
0.3346020323458445,0,1
0.337839938557016,1,1
0.3346020323458445,0,1
0.23971273781318858,0,1
0.31862472977668044,1,1
0.33301720014351543,1,1
0.3355300023130384,0,1
0.337839938557016,0,1
0.33301720014351543,1,1
0.337839938557016,0,1
0.3355300023130384,0,1
0.337839938557016,0,1
0.3346020323458445,0,1
0.337839938557016,0,1
0.337839938557016,0,1
0.31862472977668044,0,1
0.30691782153978875,1,1
0.32662842265188385,0,1
0.6254258353129163,1,1
0.6254258353129163,1,1
0.33486345877808144,0,1
0.379880181257817,0,1
0.33890489582146177,0,1
0.379880181257817,0,1
0.33486345877808144,1,1
0.379880181257817,1,1
0.33890489582146177,0,1
0.30691782153978875,0,1
0.32662842265188385,0,1
0.32662842265188385,0,1
0.33890489582146177,1,1
0.30691782153978875,1,1
0.337839938557016,0,1
0.34146420010170797,0,1
0.337839938557016,0,1
0.34146420010170797,0,1
0.337839938557016,0,1
0.31862472977668044,0,1
0.23783275004814408,0,1
0.23783275004814408,0,1
0.31862472977668044,0,1
0.34146420010170797,0,1
0.3355300023130384,1,1
0.31862472977668044,0,1
0.337839938557016,0,1
0.3013536893735208,0,1
0.3487795234317109,0,1
0.337839938557016,0,1
0.337839938557016,0,1
0.33638920246824455,0,1
0.337839938557016,0,1
0.33638920246824455,0,1
0.3311884778960372,0,1
0.3013536893735208,0,1
0.3311884778960372,0,1
0.3013536893735208,0,1
0.31188113321832944,1,1
0.33301720014351543,0,1
0.3487795234317109,1,1
0.3355300023130384,0,1
0.40175220973730996,0,1
0.31862472977668044,1,1
0.16803332964063777,0,1
0.28885933971770006,0,1
0.16803332964063777,0,1
0.2733491677082843,1,1
0.33301720014351543,0,1
0.16803332964063777,0,1
0.5371154050960012,0,1
0.5153830047028246,0,1
0.5153830047028246,1,1
0.5371154050960012,1,1
0.5371154050960012,0,1
0.5153830047028246,1,1
0.35770164804531757,1,1
0.28885933971770006,0,1
0.35770164804531757,1,1
0.337839938557016,0,1
0.31862472977668044,0,1
0.15539584961172048,1,1
0.3185619918321331,1,1
0.15539584961172048,0,1
0.23971273781318858,0,1
0.26128300418835293,0,1
0.25805346344371594,0,1
0.35770164804531757,1,1
0.40175220973730996,1,1
0.40175220973730996,1,1
0.26128300418835293,1,1
0.32479669698805425,0,1
0.337839938557016,0,1
0.337839938557016,0,1
0.337839938557016,0,1
0.337839938557016,0,1
0.337839938557016,0,1
0.33633833633321286,1,1
0.3734436521051844,0,1
0.337839938557016,0,1
0.32479669698805425,0,1
0.3734436521051844,0,1
0.337839938557016,0,1
0.32575609515175197,0,1
0.32575609515175197,1,1
0.337839938557016,0,1
0.513853161672319,0,1
0.337839938557016,1,1
0.32479669698805425,1,1
0.337839938557016,0,1
0.3344834134782211,0,1
0.337839938557016,0,1
0.4452764394604336,1,1
0.3675417163687681,0,1
0.3675417163687681,1,1
0.4452764394604336,0,1
0.4452764394604336,0,1
0.3749782391940909,0,1
0.337839938557016,0,1
0.3344834134782211,0,1
0.3675417163687681,0,1
0.4145643245497942,1,1
0.1739285584021939,0,1
0.38409393527951274,1,1
0.1739285584021939,0,1
0.337839938557016,1,1
0.337839938557016,0,1
0.337839938557016,1,1
0.3749782391940909,1,1
0.551654975438802,1,1
0.34618183476789344,0,1
0.4638854037483944,0,1
0.34618183476789344,0,1
0.4638854037483944,0,1
0.34618183476789344,0,1
0.4306232005396743,1,1
0.4638854037483944,1,1
0.4306232005396743,0,1
0.5042741823779409,0,1
0.551654975438802,1,1
0.14598829080956421,0,1
0.5042741823779409,0,1
0.14598829080956421,0,1
0.5042741823779409,0,1
0.15701415205293512,0,1
0.3311884778960372,0,1
0.29998864874779996,0,1
0.337839938557016,0,1
0.337839938557016,0,1
0.3487795234317109,0,1
0.3487795234317109,0,1
0.29998864874779996,0,1
0.4387568801056505,1,1
0.5180213344888553,1,1
0.3311884778960372,0,1
0.337839938557016,0,1
0.31188113321832944,1,1
0.337839938557016,1,1
0.337839938557016,1,1
0.337839938557016,0,1
0.3447048494505107,0,1
0.31295888601012156,0,1
0.3447048494505107,0,1
0.4991368804883439,0,1
0.3447048494505107,0,1
0.5155066450481824,1,1
0.29998864874779996,1,1
0.5155066450481824,1,1
0.21077409362264954,1,1
0.35362532609213715,0,1
0.35415152044531506,1,1
0.3550251615291895,1,1
0.2802470598051592,1,1
0.3550251615291895,0,1
0.2802470598051592,1,1
0.3550251615291895,0,1
0.5365434361287071,0,1
0.32018439264183574,0,1
0.32018439264183574,1,1
0.5365434361287071,0,1
0.2802470598051592,0,1
0.5365434361287071,1,1
0.32018439264183574,0,1
0.12378691907006922,0,1
0.5717094564113505,1,1
0.35362532609213715,0,1
0.12378691907006922,0,1
0.1510894874455917,0,1
0.3853453181068107,1,1
0.1510894874455917,0,1
0.3853453181068107,0,1
0.3116679080697796,1,1
0.4278160872193968,1,1
0.27087894292569914,0,1
0.1642486521623997,1,1
0.5159606478936571,1,1
0.1642486521623997,0,1
0.3116679080697796,0,1
0.31188113321832944,0,1
0.31188113321832944,0,1
0.492954011435787,1,1
0.35097562333764465,1,1
0.3447048494505107,0,1
0.35097562333764465,0,1
0.3447048494505107,0,1
0.3415835479873762,0,1
0.3557472995605535,0,1
0.32479669698805425,1,1
0.3557472995605535,0,1
0.32479669698805425,0,1
0.30904656090516724,0,1
0.20597113466976602,0,1
0.5159606478936571,0,1
0.4885058888451743,1,1
0.4780720030663054,0,1
0.3794839336053679,0,1
0.4780720030663054,1,1
0.3794839336053679,0,1
0.4780720030663054,1,1
0.3794839336053679,0,1
0.3634429159458358,1,1
0.3634429159458358,1,1
0.4000193219906957,0,1
0.4462607567256539,1,1
0.4000193219906957,1,1
0.4462607567256539,0,1
0.3833044232558317,0,1
0.4107631620565154,1,1
0.5484107060527181,1,1
0.2553153857615714,0,1
0.5484107060527181,0,1
0.3283973068132533,1,1
0.3323181169838092,0,1
0.3833044232558317,0,1
0.4107631620565154,0,1
0.492010318273997,0,1
0.3977992042065376,1,1
0.3029205619306111,0,1
0.3029205619306111,1,1
0.3977992042065376,0,1
0.3029205619306111,0,1
0.3977992042065376,0,1
0.3697609436901186,0,1
0.3697609436901186,1,1
0.3697609436901186,0,1
0.492010318273997,1,1
0.2843954327866841,1,1
0.45540141684957924,0,1
0.2843954327866841,0,1
0.45540141684957924,0,1
0.2843954327866841,0,1
0.45540141684957924,0,1
0.492010318273997,0,1
0.18785836386309374,1,1
0.5320332409805872,0,1
0.5320332409805872,1,1
0.234142918322091,1,1
0.25843448321103446,1,1
0.4180309018917332,0,1
0.4180309018917332,1,1
0.3416201304306906,0,1
0.3821198428685002,1,1
0.3416201304306906,0,1
0.2560156579002688,1,1
0.3821198428685002,0,1
0.2560156579002688,0,1
0.2560156579002688,0,1
0.3821198428685002,1,1
0.31785178192352803,0,1
0.4180309018917332,0,1
0.18806799715827693,0,1
0.234142918322091,0,1
0.4145643245497942,1,1
0.38409393527951274,1,1
0.3347223015252412,1,1
0.43125890322051763,1,1
0.3347223015252412,1,1
0.43125890322051763,1,1
0.3347223015252412,0,1
0.3347223015252412,0,1
0.5071557697761397,0,1
0.4458450500972123,0,1
0.43125890322051763,0,1
0.4458450500972123,0,1
0.5023600531053071,0,1
0.4458450500972123,0,1
0.5023600531053071,0,1
0.4458450500972123,1,1
0.5023600531053071,1,1
0.18806799715827693,0,1
0.5023600531053071,0,1
0.35009236038509606,0,1
0.46262759499720174,1,1
0.35009236038509606,0,1
0.3416201304306906,0,1
0.46262759499720174,0,1
0.22306830212019024,0,1
0.28576376757257405,0,1
0.1784628057544222,0,1
0.3848338649256472,1,1
0.21459135762981607,0,2
0.4056628727746239,0,2
0.27971233416026153,0,2
0.4110258813046057,1,2
0.4056628727746239,1,2
0.41472101058743926,0,2
0.34761297124347657,0,2
0.4056628727746239,0,2
0.3727118643814272,0,2
0.3695484521933057,0,2
0.30761043614630346,0,2
0.3695484521933057,1,2
0.3621474838612946,1,2
0.32726381469372623,0,2
0.3621474838612946,0,2
0.32726381469372623,1,2
0.5341969485568624,1,2
0.32726381469372623,1,2
0.30761043614630346,0,2
0.44108995456228284,0,2
0.3621474838612946,0,2
0.30761043614630346,1,2
0.30761043614630346,0,2
0.44108995456228284,0,2
0.44108995456228284,0,2
0.3695484521933057,0,2
0.5341969485568624,1,2
0.5341969485568624,1,2
0.44532548195426525,1,2
0.2134184764747903,1,2
0.3467794622413861,0,2
0.4717722639196119,1,2
0.4717722639196119,1,2
0.3467794622413861,0,2
0.3422192011491897,0,2
0.2134184764747903,0,2
0.3422192011491897,1,2
0.3743252035177944,0,2
0.2134184764747903,0,2
0.3188303255093389,1,2
0.3743252035177944,0,2
0.3188303255093389,0,2
0.3743252035177944,0,2
0.3188303255093389,1,2
0.3422192011491897,1,2
0.37315815840799016,1,2
0.33029981124751706,0,2
0.22733338204375475,1,2
0.37747929645068756,0,2
0.34586455915180847,0,2
0.37747929645068756,1,2
0.4201328890898116,1,2
0.37747929645068756,0,2
0.33029981124751706,0,2
0.2413610333705395,1,2
0.4201328890898116,0,2
0.1566859672231561,0,2
0.4201328890898116,0,2
0.1566859672231561,1,2
0.34586455915180847,0,2
0.37315815840799016,1,2
0.5977655079234727,1,2
0.4112000740717706,1,2
0.31454268346751524,1,2
0.5456482061858596,1,2
0.27502855018789163,1,2
0.5456482061858596,1,2
0.27502855018789163,0,2
0.34995297324721086,0,2
0.34995297324721086,1,2
0.1945705927536886,0,2
0.1945705927536886,0,2
0.34995297324721086,0,2
0.45507028242768177,1,2
0.4112000740717706,0,2
0.4112000740717706,1,2
0.45507028242768177,0,2
0.45507028242768177,0,2
0.1945705927536886,0,2
0.24963220064399527,1,2
0.28867628427061076,0,2
0.3037117613830612,0,2
0.4345481235827108,0,2
0.4345481235827108,1,2
0.3037117613830612,0,2
0.31959479539913316,0,2
0.48329260319928247,1,2
0.3741598358916426,0,2
0.3741598358916426,0,2
0.31959479539913316,1,2
0.48329260319928247,1,2
0.21749302818861693,0,2
0.1396500311617539,0,2
0.31959479539913316,0,2
0.4345481235827108,0,2
0.5460138524146128,1,2
0.23946070694866095,0,2
0.23946070694866095,0,2
0.42559040454916963,1,2
0.27202266154735766,0,2
0.42559040454916963,1,2
0.42559040454916963,0,2
0.27202266154735766,0,2
0.27202266154735766,1,2
0.2928630982617457,0,2
0.6591288151871939,0,2
0.2884236264706015,0,2
0.2884236264706015,0,2
0.6591288151871939,1,2
0.5460138524146128,0,2
0.6591288151871939,1,2
0.23128534415387747,1,2
0.33079810980178836,1,2
0.23128534415387747,0,2
0.23128534415387747,0,2
0.33079810980178836,0,2
0.3534394880220729,0,2
0.33079810980178836,1,2
0.5355328605081364,1,2
0.3534394880220729,0,2
0.22806568886567358,0,2
0.4499755537509097,1,2
0.4499755537509097,1,2
0.22806568886567358,0,2
0.5355328605081364,1,2
0.3320263457987499,1,2
0.3320263457987499,1,2
0.31902766902292,0,2
0.31902766902292,1,2
0.31902766902292,0,2
0.31902766902292,0,2
0.31902766902292,0,2
0.31902766902292,0,2
0.31902766902292,0,2
0.31902766902292,0,2
0.31046053585375677,0,2
0.31046053585375677,1,2
0.31046053585375677,0,2
0.31902766902292,1,2
0.31902766902292,1,2
0.31046053585375677,1,2
0.32898933509920236,0,2
0.31902766902292,0,2
0.31902766902292,0,2
0.31902766902292,0,2
0.35502266235766977,0,2
0.35502266235766977,0,2
0.3132685516979197,1,2
0.32898933509920236,0,2
0.31902766902292,0,2
0.31902766902292,0,2
0.31902766902292,0,2
0.6037245336342467,1,2
0.44615089605788927,0,2
0.6037245336342467,1,2
0.44615089605788927,0,2
0.2435827464529856,1,2
0.34819013457065273,0,2
0.2435827464529856,0,2
0.34819013457065273,1,2
0.34819013457065273,0,2
0.2435827464529856,0,2
0.3463199353329196,1,2
0.31312100488072925,0,2
0.3132685516979197,0,2
0.31312100488072925,1,2
0.3463199353329196,0,2
0.31312100488072925,1,2
0.3463199353329196,0,2
0.31312100488072925,1,2
0.34207546317219395,0,2
0.13262522534916488,0,2
0.34207546317219395,0,2
0.13262522534916488,0,2
0.3318327165949051,0,2
0.13262522534916488,0,2
0.3463199353329196,1,2
0.3132685516979197,0,2
0.3132685516979197,0,2
0.3320263457987499,0,2
0.2926355477537784,0,2
0.31902766902292,1,2
0.31902766902292,0,2
0.2926355477537784,0,2
0.2926355477537784,0,2
0.24560633655513953,0,2
0.3320263457987499,0,2
0.3091507627989555,0,2
0.3123031893328273,0,2
0.32898933509920236,0,2
0.43566233658213815,1,2
0.3125351732491727,0,2
0.31902766902292,0,2
0.3122845908145667,1,2
0.3122845908145667,1,2
0.3347865094035929,0,2
0.3122845908145667,0,2
0.3347865094035929,0,2
0.31046053585375677,0,2
0.3347865094035929,0,2
0.3320263457987499,1,2
0.3123031893328273,0,2
0.31902766902292,0,2
0.43566233658213815,0,2
0.3034904814632876,0,2
0.3320263457987499,1,2
0.28765280629023426,1,2
0.3951757581538745,0,2
0.28765280629023426,1,2
0.3951757581538745,1,2
0.28765280629023426,0,2
0.22138585350076545,0,2
0.4867254633418159,1,2
0.4867254633418159,0,2
0.22138585350076545,0,2
0.22138585350076545,0,2
0.4867254633418159,0,2
0.3538666769947385,0,2
0.3951757581538745,1,2
0.5148527147452188,1,2
0.2926355477537784,0,2
0.2926355477537784,0,2
0.3034904814632876,0,2
0.2926355477537784,0,2
0.2926355477537784,0,2
0.3132685516979197,0,2
0.5148527147452188,1,2
0.3489032360037603,0,2
0.5148527147452188,0,2
0.3489032360037603,0,2
0.24070413411375913,0,2
0.49569340007878515,0,2
0.2897401906185405,1,2
0.49569340007878515,0,2
0.2897401906185405,1,2
0.3729976401358064,0,2
0.28924516083873253,1,2
0.3289249518832589,0,2
0.6462460838043353,1,2
0.2726220110504609,0,2
0.2726220110504609,0,2
0.6462460838043353,1,2
0.28924516083873253,0,2
0.3198741561854256,0,2
0.2822704303413146,1,2
0.25599670666619256,1,2
0.2937572171202607,0,2
0.2937572171202607,0,2
0.31466105379113896,1,2
0.27929872511007503,0,2
0.27929872511007503,0,2
0.33639742204258116,1,2
0.27929872511007503,0,2
0.40053434933821264,0,2
0.3198741561854256,0,2
0.40053434933821264,1,2
0.41508154351687654,1,2
0.2822704303413146,1,2
0.2822704303413146,0,2
0.30677989093785507,1,2
0.30677989093785507,1,2
0.41508154351687654,1,2
0.30677989093785507,0,2
0.41508154351687654,0,2
0.30596049973378847,0,2
0.30596049973378847,0,2
0.5126733777369104,1,2
0.40053434933821264,0,2
0.5126733777369104,1,2
0.2461416000822746,0,2
0.3153728420679578,1,2
0.2461416000822746,0,2
0.36451681634205735,0,2
0.36451681634205735,1,2
0.2461416000822746,1,2
0.2937572171202607,1,2
0.2937572171202607,0,2
0.2611032590337593,1,2
0.3204338258156485,0,2
0.2937572171202607,1,2
0.3204338258156485,0,2
0.36451681634205735,0,2
0.36451681634205735,1,2
0.3779815544430385,0,2
0.36422008221866997,1,2
0.3445656969387034,1,2
0.36501586245557416,1,2
0.36501586245557416,0,2
0.36422008221866997,1,2
0.37181775978571385,1,2
0.33415535320800316,1,2
0.37181775978571385,0,2
0.3445656969387034,0,2
0.37181775978571385,0,2
0.33415535320800316,0,2
0.3779815544430385,0,2
0.3445656969387034,1,2
0.3779815544430385,1,2
0.33415535320800316,0,2
0.2435827464529856,0,2
0.6037245336342467,1,2
0.44615089605788927,0,2
0.6037245336342467,0,2
0.44615089605788927,1,2
0.6037245336342467,0,2
0.6037245336342467,0,2
0.44615089605788927,0,2
0.34819013457065273,1,2
0.44615089605788927,1,2
0.2435827464529856,0,2
0.34819013457065273,0,2
0.2435827464529856,1,2
0.34819013457065273,0,2
0.2822704303413146,1,2
0.2822704303413146,0,2
0.35505042891859506,0,2
0.2822704303413146,1,2
0.40053434933821264,1,2
0.35505042891859506,1,2
0.2822704303413146,0,2
0.2435827464529856,1,2
0.34819013457065273,0,2
0.35505042891859506,1,2
0.3938849321067831,0,2
0.18473986179345891,0,2
0.3938849321067831,1,2
0.26504152858728613,0,2
0.3938849321067831,1,2
0.2795499954040863,1,2
0.33446716272576504,1,2
0.37904995237463013,0,2
0.37904995237463013,1,2
0.4627183472328149,1,2
0.33446716272576504,0,2
0.31701131669396143,0,2
0.14759752763361067,0,2
0.31701131669396143,1,2
0.14759752763361067,0,2
0.31902766902292,0,2
0.33446716272576504,1,2
0.31902766902292,0,2
0.31902766902292,0,2
0.26504152858728613,0,2
0.18473986179345891,0,2
0.1396500311617539,0,2
0.46162837531470946,1,2
0.1396500311617539,1,2
0.48329260319928247,1,2
0.5276182638034752,0,2
0.33060290916651147,0,2
0.5276182638034752,0,2
0.33060290916651147,0,2
0.5276182638034752,0,2
0.5276182638034752,0,2
0.33060290916651147,0,2
0.45321190526824706,1,2
0.46162837531470946,0,2
0.33060290916651147,1,2
0.46162837531470946,1,2
0.45321190526824706,0,2
0.21749302818861693,0,2
0.48329260319928247,0,2
0.46162837531470946,0,2
0.48329260319928247,1,2
0.45321190526824706,0,2
0.46162837531470946,0,2
0.45321190526824706,0,2
0.45321190526824706,0,2
0.31959479539913316,1,2
0.33029981124751706,0,2
0.37315815840799016,1,2
0.33029981124751706,1,2
0.24963220064399527,1,2
0.31959479539913316,0,2
0.31959479539913316,1,2
0.3741598358916426,0,2
0.3741598358916426,1,2
0.3199487304206836,0,2
0.37315815840799016,0,2
0.31212617290758704,0,2
0.3025237685019293,0,2
0.31948802363258044,0,2
0.31212617290758704,1,2
0.24755886422085394,0,2
0.3025237685019293,0,2
0.3025237685019293,0,2
0.24755886422085394,0,2
0.24755886422085394,0,2
0.31212617290758704,0,2
0.33029981124751706,0,2
0.31948802363258044,0,2
0.31454268346751524,1,2
0.37315815840799016,1,2
0.3422192011491897,0,2
0.2134184764747903,0,2
0.3422192011491897,1,2
0.3422192011491897,0,2
0.2134184764747903,0,2
0.2134184764747903,0,2
0.3422192011491897,0,2
0.2435827464529856,0,2
0.34819013457065273,0,2
0.2134184764747903,0,2
0.2435827464529856,0,2
0.34819013457065273,1,2
0.37315815840799016,0,2
0.24395683727351014,0,2
0.24395683727351014,0,2
0.37596130058800326,0,2
0.34819013457065273,1,2
0.34819013457065273,1,2
0.2435827464529856,0,2
0.37596130058800326,0,2
0.43296024491171214,1,2
0.3492288208724684,0,2
0.3079973188863956,1,2
0.43296024491171214,1,2
0.3235813412542007,0,2
0.43296024491171214,1,2
0.3235813412542007,0,2
0.2744262765050499,1,2
0.25210357118953053,1,2
0.2744262765050499,0,2
0.2744262765050499,1,2
0.3492288208724684,1,2
0.3106110128573255,0,2
0.25210357118953053,1,2
0.2484549582258515,1,2
0.3176370771337168,1,2
0.3492288208724684,0,2
0.35940308697449697,1,2
0.3176370771337168,1,2
0.3176370771337168,1,2
0.3559011225170049,1,2
0.41508154351687654,1,2
0.30677989093785507,0,2
0.30677989093785507,0,2
0.41508154351687654,0,2
0.41508154351687654,1,2
0.30677989093785507,0,2
0.41508154351687654,0,2
0.30677989093785507,0,2
0.41508154351687654,1,2
0.34482942429786045,0,2
0.3176370771337168,0,2
0.3559011225170049,0,2
0.3176370771337168,0,2
0.3559011225170049,1,2
0.30677989093785507,1,2
0.3032138830686101,0,2
0.31117036683486843,0,2
0.1430562818893848,0,2
0.1430562818893848,0,2
0.31117036683486843,1,2
0.2668056269379977,1,2
0.3032138830686101,0,2
0.2668056269379977,0,2
0.32382398093029985,1,2
0.3032138830686101,1,2
0.3492288208724684,0,2
0.32382398093029985,0,2
0.3492288208724684,0,2
0.32382398093029985,1,2
0.3492288208724684,0,2
0.2101487751702682,0,2
0.2668056269379977,0,2
0.2101487751702682,0,2
0.33402269258093087,0,2
0.31910221873227695,0,2
0.37747929645068756,0,2
0.22518905453549654,0,2
0.37747929645068756,1,2
0.34309864704642756,0,2
0.37747929645068756,0,2
0.33402269258093087,1,2
0.3588338408624677,0,2
0.33402269258093087,0,2
0.22518905453549654,0,2
0.3755939763725651,0,2
0.3755939763725651,1,2
0.19804789860209715,0,2
0.3755939763725651,0,2
0.31910221873227695,1,2
0.4143847961700028,0,2
0.3755939763725651,0,2
0.4143847961700028,1,2
0.14764070314300293,0,2
0.2137515424855051,0,2
0.14764070314300293,0,2
0.14764070314300293,0,2
0.2137515424855051,0,2
0.3032138830686101,0,2
0.29857824613101225,1,2
0.3032138830686101,0,2
0.29000439028172,0,2
0.30756781909122743,0,2
0.30756781909122743,1,2
0.2975425098450222,0,2
0.2975425098450222,0,2
0.2137515424855051,1,2
0.30756781909122743,1,2
0.2975425098450222,0,2
0.1566859672231561,0,2
0.4201328890898116,1,2
0.4201328890898116,1,2
0.3702038426836368,1,2
0.3506898755581078,1,2
0.387174353024883,0,2
0.387174353024883,0,2
0.492539240980152,0,2
0.387174353024883,0,2
0.492539240980152,1,2
0.4201328890898116,1,2
0.2413610333705395,0,2
0.4201328890898116,0,2
0.1566859672231561,0,2
0.4201328890898116,1,2
0.1566859672231561,1,2
0.492539240980152,1,2
0.3032138830686101,0,2
0.23173697948594285,0,2
0.2904774273325519,0,2
0.3492288208724684,1,2
0.2904774273325519,0,2
0.35121551258988604,1,2
0.26065054931948295,1,2
0.25375179571531614,1,2
0.26065054931948295,0,2
0.25375179571531614,1,2
0.26065054931948295,0,2
0.2905481520137866,1,2
0.25210219108987975,1,2
0.2905481520137866,0,2
0.493550690945491,0,2
0.3032138830686101,0,2
0.493550690945491,0,2
0.33029981124751706,0,2
0.23173697948594285,0,2
0.37315815840799016,0,2
0.31454268346751524,1,2
0.37315815840799016,0,2
0.33029981124751706,1,2
0.37315815840799016,1,2
0.37315815840799016,0,2
0.33029981124751706,0,2
0.23173697948594285,1,2
0.33029981124751706,0,2
0.3405901467401925,1,2
0.4755356157043461,0,2
0.23173697948594285,0,2
0.493550690945491,1,2
0.493550690945491,1,2
0.37315815840799016,1,2
0.2839877721263162,0,2
0.2839877721263162,1,2
0.3492288208724684,0,2
0.2839877721263162,0,2
0.1627316740600271,1,2
0.31117036683486843,0,2
0.168435423600522,1,2
0.31117036683486843,0,2
0.3492288208724684,1,2
0.32382398093029985,0,2
0.348956211125667,1,2
0.32382398093029985,0,2
0.3492288208724684,0,2
0.3492288208724684,1,2
0.32382398093029985,0,2
0.28303103299683696,1,2
0.1655145039970669,1,2
0.1655145039970669,1,2
0.1655145039970669,1,2
0.28303103299683696,0,2
0.3492288208724684,1,2
0.29881348069762825,1,2
0.3112731771910654,0,2
0.3112731771910654,0,2
0.29881348069762825,0,2
0.4109289810948581,1,2
0.28524506174073194,0,2
0.4109289810948581,0,2
0.4930416139390428,1,2
0.15210241166147698,0,2
0.23499068952169921,1,2
0.4930416139390428,1,2
0.28524506174073194,0,2
0.1530644083834567,0,2
0.36010466067645086,1,2
0.36010466067645086,1,2
0.4002061781126657,1,2
0.34651808619409386,1,2
0.3436552993539408,1,2
0.2556607991066876,1,2
0.4002061781126657,1,2
0.17736095326403323,0,2
0.4592540707256849,0,2
0.304544954055308,0,2
0.304544954055308,0,2
0.2556607991066876,1,2
0.26963664037407276,0,2
0.38618289733951683,0,2
0.4592540707256849,0,2
0.38176426580681744,0,2
0.2793639378166045,0,2
0.2793639378166045,1,2
0.38176426580681744,0,2
0.3648896944601431,0,2
0.2793639378166045,0,2
0.478644734274004,1,2
0.31294773212755245,0,2
0.478644734274004,1,2
0.14266947417750941,0,2
0.3635241333974759,1,2
0.3635241333974759,1,2
0.14371316793995348,0,2
0.3458030539571496,0,2
0.14371316793995348,0,2
0.43819015243911086,0,2
0.33974967727275174,0,2
0.36343803832184685,0,2
0.36343803832184685,0,2
0.33974967727275174,0,2
0.33974967727275174,0,2
0.36343803832184685,1,2
0.3621732896498193,1,2
0.45567096430216847,0,2
0.45567096430216847,0,2
0.3621732896498193,0,2
0.43784318916880993,1,2
0.5275763271478906,0,2
0.3049196633311364,0,2
0.30968042628311176,0,2
0.5275763271478906,1,2
0.3621732896498193,0,2
0.501887200857032,1,2
0.3464717870427073,0,2
0.501887200857032,0,2
0.3464717870427073,0,2
0.23173697948594285,0,2
0.493550690945491,0,2
0.23173697948594285,0,2
0.493550690945491,1,2
0.3405901467401925,1,2
0.46162837531470946,1,2
0.4409130481511063,1,2
0.46162837531470946,0,2
0.4409130481511063,0,2
0.46162837531470946,0,2
0.4409130481511063,0,2
0.4755356157043461,0,2
0.3621732896498193,0,2
0.478644734274004,1,2
0.43819015243911086,1,2
0.31294773212755245,0,2
0.478644734274004,1,2
0.31294773212755245,0,2
0.45567096430216847,1,2
0.478644734274004,0,2
0.3621732896498193,1,2
0.17736095326403323,0,2
0.43784318916880993,1,2
0.3621732896498193,1,2
0.2556607991066876,1,2
0.17736095326403323,0,2
0.2556607991066876,0,2
0.38618289733951683,1,2
0.26963664037407276,1,2
0.45567096430216847,0,2
0.4086667229786203,0,2
0.23975022635236032,1,2
0.23975022635236032,1,2
0.4086667229786203,0,2
0.4086667229786203,0,2
0.3506494562085387,1,2
0.23173697948594285,0,2
0.493550690945491,0,2
0.493550690945491,1,2
0.23173697948594285,0,2
0.3405901467401925,1,2
0.4755356157043461,1,2
0.2931357198196467,0,2
0.40463618530959244,1,2
0.40463618530959244,0,2
0.2931357198196467,0,2
0.2931357198196467,1,2
0.40463618530959244,1,2
0.37344880645805834,0,2
0.32726381469372623,0,2
0.32726381469372623,1,2
0.37344880645805834,0,2
0.37344880645805834,1,2
0.31563182724278216,0,2
0.3329682441242907,0,2
0.31563182724278216,0,2
0.3329682441242907,0,2
0.31563182724278216,1,2
0.32726381469372623,0,2
0.3329682441242907,1,2
0.2350280088308917,0,2
0.33916061140086573,0,2
0.2350280088308917,0,2
0.33916061140086573,0,2
0.33916061140086573,0,2
0.2350280088308917,0,2
0.1722128095154758,0,2
0.3309890429742208,0,2
0.3309890429742208,1,2
0.33060290916651147,1,2
0.48505983809979014,0,2
0.48505983809979014,1,2
0.33060290916651147,0,2
0.48505983809979014,1,2
0.33060290916651147,1,2
0.48505983809979014,0,2
0.33060290916651147,1,2
0.1722128095154758,0,2
0.27202266154735766,0,2
0.2227928148299978,0,2
0.5584573567021959,1,2
0.2227928148299978,0,2
0.2227928148299978,0,2
0.5584573567021959,1,2
0.3905662862093082,1,2
0.5584573567021959,0,2
0.27202266154735766,1,2
0.27202266154735766,0,2
0.3905662862093082,1,2
0.5911263905231197,1,2
0.3905662862093082,1,2
0.3534394880220729,0,2
0.3534394880220729,1,2
0.5911263905231197,1,2
0.3650574816865906,0,2
0.4722944792422661,1,2
0.4722944792422661,0,2
0.3650574816865906,0,2
0.3650574816865906,0,2
0.4528750880858552,1,2
0.17517447398777897,0,2
0.4528750880858552,0,2
0.4722944792422661,0,2
0.4528750880858552,0,2
0.17517447398777897,0,2
0.46355708712747457,0,2
0.3487381983893918,0,2
0.3487381983893918,0,2
0.46355708712747457,0,2
0.46355708712747457,1,2
0.3487381983893918,1,2
0.17517447398777897,0,2
0.23173697948594285,0,2
0.493550690945491,1,2
0.493550690945491,1,2
0.38574277409797897,0,2
0.23173697948594285,0,2
0.236022112497266,1,2
0.317983910371504,0,2
0.14808807000989577,0,2
0.14808807000989577,0,2
0.317983910371504,1,2
0.3687972503502831,0,2
0.4251327699861436,1,2
0.4251327699861436,1,2
0.3405901467401925,1,2
0.317983910371504,0,2
0.4755356157043461,1,2
0.38334766419405686,1,2
0.34339818596827765,0,2
0.34476565493105316,0,2
0.2134184764747903,0,2
0.32346582145683533,1,2
0.2134184764747903,0,2
0.32346582145683533,0,2
0.2134184764747903,1,2
0.32346582145683533,0,2
0.28765280629023426,0,2
0.28765280629023426,1,2
0.38334766419405686,1,2
0.28765280629023426,0,2
0.34476565493105316,0,2
0.34339818596827765,1,2
0.38334766419405686,1,2
0.2200956078407852,1,2
0.4201328890898116,0,2
0.1566859672231561,0,2
0.33402269258093087,0,2
0.36847601272509445,0,2
0.3854157889105102,0,2
0.2200956078407852,0,2
0.34761297124347657,1,2
0.3182833142163507,1,2
0.3129627639509295,0,2
0.34761297124347657,0,2
0.3182833142163507,0,2
0.3400162818805089,0,2
0.2413610333705395,0,2
0.3854157889105102,1,2
0.4201328890898116,1,2
0.2818059093666002,0,2
0.2746726326979799,0,2
0.44842738486743805,0,2
0.44241607964908103,0,2
0.44241607964908103,0,2
0.3445656969387034,0,2
0.36635637224450945,0,2
0.36635637224450945,0,2
0.44842738486743805,1,2
0.3445656969387034,1,2
0.36635637224450945,1,2
0.4935993257211264,1,2
0.4935993257211264,1,2
0.4935993257211264,1,2
0.2746726326979799,1,2
0.3445656969387034,1,2
0.35803334600454606,0,2
0.49289276222253364,1,2
0.2897401906185405,0,2
0.2897401906185405,0,2
0.49289276222253364,1,2
0.35803334600454606,1,2
0.4916601791235946,1,2
0.4916601791235946,0,2
0.35803334600454606,0,2
0.4916601791235946,0,2
0.3387604808636199,0,2
0.22413909788574737,0,2
0.22413909788574737,0,2
0.3387604808636199,0,2
0.3387604808636199,0,2
0.22413909788574737,1,2
0.2829243255856887,0,2
0.2829243255856887,0,2
0.16877980646690105,1,2
0.26038426703642137,1,2
0.3198741561854256,0,2
0.3212822836972704,0,2
0.3506898755581078,0,2
0.3506898755581078,1,2
0.34896534709218396,0,2
0.2651760214165486,1,2
0.36552732770451324,1,2
0.492539240980152,0,2
0.36552732770451324,0,2
0.26038426703642137,0,2
0.2170356552068089,0,2
0.45507028242768177,1,2
0.4228537390106072,1,2
0.4228537390106072,0,2
0.31316611237217507,0,2
0.17246752979999047,1,2
0.17246752979999047,0,2
0.17246752979999047,1,2
0.31316611237217507,0,2
0.31316611237217507,1,2
0.4112000740717706,0,2
0.45507028242768177,1,2
0.4228537390106072,1,2
0.2170356552068089,0,2
0.2170356552068089,1,2
0.4112000740717706,0,2
0.22875985175514624,1,2
0.24963220064399527,0,2
0.3595512790594625,1,2
0.1430249553392967,0,2
0.15152094102718083,0,2
0.3595512790594625,1,2
0.2998772611439263,0,2
0.3362892135617189,0,2
0.2998772611439263,1,2
0.43296024491171214,0,2
0.3203830496084755,1,2
0.4345481235827108,1,2
0.3362892135617189,1,2
0.4345481235827108,0,2
0.35806391063292353,0,2
0.24963220064399527,0,2
0.31583658305696916,0,2
0.46162837531470946,1,2
0.4050664604021361,0,2
0.4409130481511063,1,2
0.46162837531470946,0,2
0.4409130481511063,1,2
0.4409130481511063,0,2
0.3463199353329196,1,2
0.2819087853245389,0,2
0.46162837531470946,0,2
0.2819087853245389,1,2
0.3463199353329196,0,2
0.2819087853245389,0,2
0.4050664604021361,1,2
0.31583658305696916,1,2
0.3721714373175927,0,2
0.3463199353329196,1,2
0.4050664604021361,0,2
0.28924516083873253,0,2
0.3292733438209998,0,2
0.23453256404403822,1,2
0.3292733438209998,0,2
0.23453256404403822,1,2
0.3292733438209998,0,2
0.23453256404403822,0,2
0.29681812971898536,0,2
0.35964280740637855,0,2
0.29681812971898536,1,2
0.28924516083873253,0,2
0.39724873853144504,0,2
0.22585460791598977,1,2
0.22585460791598977,0,2
0.39724873853144504,0,2
0.28924516083873253,1,2
0.5128677644898192,0,2
0.35457846391876535,1,2
0.24208386377484348,1,2
0.24208386377484348,0,2
0.3560593846659703,0,2
0.3560593846659703,0,2
0.38049269582198575,0,2
0.18056520309842505,0,2
0.273952802156902,1,2
0.37904995237463013,0,2
0.18056520309842505,1,2
0.2556607991066876,1,2
0.2556607991066876,0,2
0.18056520309842505,1,2
0.20700747773388284,0,2
0.37904995237463013,1,2
0.19131170923669405,0,2
0.6066284737320731,0,2
0.4737058871646985,1,2
0.2928630982617457,0,2
0.2928630982617457,0,2
0.6066284737320731,0,2
0.6066284737320731,1,2
0.2928630982617457,0,2
0.354563949441693,1,2
0.36566872729185274,0,2
0.5128677644898192,0,2
0.354563949441693,1,2
0.2883018686484282,0,2
0.3947314231597553,0,2
0.36566872729185274,0,2
0.3947314231597553,0,2
0.30677989093785507,1,2
0.30677989093785507,0,2
0.29755072185113174,0,2
0.3473001297314534,1,2
0.29755072185113174,0,2
0.3836292449626659,1,2
0.23398481011019656,0,2
0.48167833594377796,0,2
0.1513811270479256,0,2
0.48329260319928247,1,2
0.1602806498166941,0,2
0.3003800121654111,0,2
0.3507529125087324,0,2
0.3872289280110133,1,2
0.18122208205071233,1,2
0.3872289280110133,1,2
0.196290993862274,0,2
0.48329260319928247,1,2
0.282311007112514,0,2
0.410825028355691,0,2
0.410825028355691,1,2
0.27502855018789163,0,2
0.5456482061858596,0,2
0.27502855018789163,1,2
0.5456482061858596,1,2
0.3003800121654111,0,2
0.27502855018789163,0,2
0.27502855018789163,0,2
0.5456482061858596,0,2
0.5456482061858596,0,2
0.28466347167094186,0,2
0.28466347167094186,1,2
0.5214830812527191,1,2
0.6462460838043353,1,2
0.28466347167094186,1,2
0.3003800121654111,1,2
0.410825028355691,1,2
0.5214830812527191,0,2
0.47310401544438585,0,2
0.3491438914140902,0,2
0.3491438914140902,1,2
0.47310401544438585,1,2
0.47310401544438585,1,2
0.3491438914140902,0,2
0.1339031076175914,0,2
0.1339031076175914,0,2
0.38421412202542893,0,2
0.38421412202542893,0,2
0.38421412202542893,0,2
0.28357759782598135,0,2
0.5002371453372136,1,2
0.5002371453372136,1,2
0.38421412202542893,1,2
0.1339031076175914,0,2
0.1339031076175914,0,2
0.2915307321082069,0,2
0.3966258377350822,0,2
0.27094053738654755,0,2
0.1783275785613515,0,2
0.3042759767374775,0,2
0.2872870256072494,0,2
0.39116711931035253,0,2
0.39116711931035253,0,2
0.35375048514420326,1,2
0.37315815840799016,0,2
0.3177863951722506,0,2
0.37315815840799016,1,2
0.3336269280601756,0,2
0.33843818576733875,1,2
0.3743252035177944,0,2
0.3745458423230762,1,2
0.3743252035177944,1,2
0.2872870256072494,0,2
0.22929935053881956,0,2
0.31237337981555713,0,2
0.31237337981555713,0,2
0.24003974108657544,0,2
0.21961723559698387,0,2
0.3966258377350822,1,2
0.5514205054201211,0,2
0.21961723559698387,0,2
0.5514205054201211,1,2
0.21961723559698387,1,2
0.3743252035177944,0,2
0.2872870256072494,1,2
0.5514205054201211,0,2
0.37315815840799016,0,2
0.37315815840799016,1,2
0.3336269280601756,0,2
0.3336269280601756,1,2
0.37315815840799016,1,2
0.37315815840799016,0,2
0.3336269280601756,1,2
0.3760615671465978,1,2
0.3042759767374775,0,2
0.35375048514420326,0,2
0.27094053738654755,1,2
0.3966258377350822,0,2
0.3177863951722506,0,2
0.1783275785613515,0,2
0.3745458423230762,1,2
0.3966258377350822,0,2
0.38147903163348496,1,2
0.27166917632547316,0,2
0.27166917632547316,0,2
0.410825028355691,0,2
0.2822704303413146,0,2
0.2822704303413146,0,2
0.3519188913409933,0,2
0.2822704303413146,0,2
0.44615089605788927,0,2
0.3519188913409933,0,2
0.5623350970437275,1,2
0.44615089605788927,1,2
0.5623350970437275,1,2
0.44615089605788927,0,2
0.38147903163348496,0,2
0.27166917632547316,1,2
0.38147903163348496,1,2
0.5623350970437275,1,2
0.4514353021585129,1,2
0.45507028242768177,0,2
0.4078865023964581,0,2
0.45507028242768177,0,2
0.4078865023964581,0,2
0.2680855523309724,0,2
0.4514353021585129,1,2
0.23188571470383024,0,2
0.34676242927046996,0,2
0.34676242927046996,0,2
0.23188571470383024,0,2
0.23188571470383024,0,2
0.34676242927046996,0,2
0.2680855523309724,0,2
0.48329260319928247,1,2
0.1513811270479256,0,2
0.29755072185113174,0,2
0.3473001297314534,0,2
0.3836292449626659,0,2
0.3836292449626659,1,2
0.4565163776459916,1,2
0.273952802156902,0,2
0.37904995237463013,1,2
0.2556607991066876,1,2
0.48167833594377796,1,2
0.29755072185113174,0,2
0.23398481011019656,0,2
0.18056520309842505,0,2
0.4916601791235946,0,2
0.27202266154735766,1,2
0.3905662862093082,1,2
0.3905662862093082,1,2
0.27202266154735766,1,2
0.3905662862093082,0,2
0.27202266154735766,0,2
0.3432244217720817,0,2
0.3432244217720817,0,2
0.2891550690105348,1,2
0.35803334600454606,0,2
0.4916601791235946,1,2
0.2891550690105348,1,2
0.35803334600454606,0,2
0.3560593846659703,0,2
0.18122208205071233,0,2
0.24208386377484348,1,2
0.35457846391876535,1,2
0.24208386377484348,0,2
0.20700747773388284,0,2
0.2883018686484282,1,2
0.4737058871646985,1,2
0.5128677644898192,1,2
0.19131170923669405,0,2
0.5128677644898192,1,2
0.3872289280110133,1,2
0.3560593846659703,0,2
0.3507529125087324,1,2
0.38049269582198575,0,2
0.34461897702510336,0,2
0.17246752979999047,1,2
0.3976388217968043,0,2
0.3976388217968043,0,2
0.17246752979999047,0,2
0.4300395175665146,0,2
0.4300395175665146,0,2
0.23050672578526354,1,2
0.23050672578526354,1,2
0.4300395175665146,0,2
0.34461897702510336,0,2
0.5355328605081364,1,2
0.5911263905231197,1,2
0.23050672578526354,0,2
0.282311007112514,0,2
0.30114313825447414,0,2
0.4375135577699405,1,2
0.23611158098815288,0,2
0.2170356552068089,0,2
0.4375135577699405,1,2
0.4050664604021361,1,2
0.356221745258374,0,2
0.48505983809979014,0,2
0.327577478914422,1,2
0.48505983809979014,0,2
0.327577478914422,1,2
0.4050664604021361,1,2
0.22875985175514624,0,2
0.3595512790594625,0,2
0.1430249553392967,0,2
0.2891218258680701,0,2
0.24963220064399527,0,2
0.2524530595108788,0,2
0.2891218258680701,0,2
0.43296024491171214,0,2
0.2891218258680701,1,2
0.30583156410003487,0,2
0.4345481235827108,0,2
0.3213568925361161,1,2
0.4345481235827108,0,2
0.3362892135617189,1,2
0.3595512790594625,0,2
0.2524530595108788,1,2
0.35806391063292353,1,2
0.23878520114127932,0,2
0.17733575723861028,0,2
0.46162837531470946,1,2
0.40134007868164834,0,2
0.40134007868164834,0,2
0.46162837531470946,1,2
0.33916061140086573,0,2
0.2871447700383979,0,2
0.23878520114127932,1,2
0.22875985175514624,0,2
0.33916061140086573,1,2
0.33916061140086573,1,2
0.3309890429742208,0,2
0.1722128095154758,1,2
0.17733575723861028,0,2
0.3309890429742208,1,2
0.3309890429742208,0,2
0.36552732770451324,0,2
0.3506898755581078,1,2
0.353606508500793,0,2
0.3198741561854256,0,2
0.26038426703642137,0,2
0.32456258830956086,0,2
0.26038426703642137,0,2
0.32456258830956086,0,2
0.2829243255856887,1,2
0.32456258830956086,1,2
0.26038426703642137,0,2
0.3506898755581078,0,2
0.2552114990068276,0,2
0.2829243255856887,0,2
0.16164076487194612,1,2
0.2829243255856887,0,2
0.16164076487194612,1,2
0.26038426703642137,0,2
0.34896534709218396,1,2
0.3506898755581078,1,2
0.3329682441242907,1,2
0.37344880645805834,0,2
0.3242541396578935,1,2
0.34855857374540655,0,2
0.37344880645805834,0,2
0.34855857374540655,1,2
0.37344880645805834,0,2
0.40463618530959244,0,2
0.2931357198196467,0,2
0.2931357198196467,1,2
0.2931357198196467,0,2
0.413221783347942,1,2
0.31563182724278216,0,2
0.3329682441242907,1,2
0.3329682441242907,0,2
0.31563182724278216,1,2
0.31563182724278216,0,2
0.413221783347942,1,2
0.1339031076175914,1,2
0.3491438914140902,0,2
0.47310401544438585,1,2
0.47310401544438585,1,2
0.3562482022262279,0,2
0.1339031076175914,0,2
0.3491438914140902,0,2
0.3562482022262279,0,2
0.1339031076175914,0,2
0.4597178321307277,0,2
0.2915307321082069,1,2
0.2915307321082069,0,2
0.4597178321307277,0,2
0.3562482022262279,0,2
0.4638179568249513,0,2
0.4093163094821505,0,2
0.4638179568249513,0,2
0.3030774994769059,0,2
0.236022112497266,0,2
0.14999083855808804,0,2
0.3030774994769059,0,2
0.3405901467401925,1,2
0.3030774994769059,0,2
0.38574277409797897,0,2
0.4755356157043461,1,2
0.493550690945491,1,2
0.23173697948594285,0,2
0.23173697948594285,0,2
0.493550690945491,1,2
0.14999083855808804,0,2
0.4638179568249513,1,2
0.4093163094821505,0,2
0.4251327699861436,0,2
0.3687972503502831,1,2
0.28719774616458305,1,2
0.24003974108657544,0,2
0.30999882870229056,0,2
0.28719774616458305,0,2
0.24003974108657544,0,2
0.21961723559698387,0,2
0.5514205054201211,1,2
0.24003974108657544,0,2
0.5514205054201211,1,2
0.3743252035177944,0,2
0.2872870256072494,0,2
0.2946148353620246,1,2
0.3743252035177944,0,2
0.3743252035177944,0,2
0.2872870256072494,1,2
0.21961723559698387,0,2
0.3182833142163507,0,2
0.3400162818805089,1,2
0.1586786322860927,0,2
0.33402269258093087,1,2
0.35242574609197475,1,2
0.33402269258093087,0,2
0.36905885851600406,1,2
0.4201328890898116,1,2
0.2200956078407852,1,2
0.2413610333705395,1,2
0.4201328890898116,1,2
0.1586786322860927,0,2
0.4201328890898116,0,2
0.3510230743788354,1,2
0.36905885851600406,1,2
0.3182833142163507,1,2
0.3510230743788354,1,2
0.2822704303413146,0,2
0.44615089605788927,0,2
0.5623350970437275,0,2
0.44615089605788927,1,2
0.5623350970437275,1,2
0.5623350970437275,1,2
0.44615089605788927,1,2
0.3011684064166409,0,2
0.3129627639509295,1,2
0.3011684064166409,1,2
0.38147903163348496,1,2
0.38147903163348496,1,2
0.3011684064166409,0,2
0.410825028355691,1,2
0.2822704303413146,0,2
0.410825028355691,1,2
0.38147903163348496,0,2
0.22585460791598977,0,2
0.39724873853144504,0,2
0.22585460791598977,0,2
0.39724873853144504,0,2
0.23453256404403822,0,2
0.23453256404403822,1,2
0.30333651031031084,0,2
0.30333651031031084,1,2
0.30333651031031084,0,2
0.3042852557731355,0,2
0.23453256404403822,1,2
0.3042852557731355,0,2
0.3042852557731355,1,2
0.28924516083873253,0,2
0.28924516083873253,1,2
0.28924516083873253,1,2
0.3042852557731355,1,2
0.28924516083873253,0,2
0.3380231876356278,0,2
0.3272754967291335,0,2
0.3272754967291335,1,2
0.31902766902292,0,2
0.31353178753496735,1,2
0.31353178753496735,1,2
0.31902766902292,0,2
0.31902766902292,0,2
0.16498225855327342,1,2
0.31902766902292,0,2
0.31902766902292,0,2
0.323215647068698,0,2
0.16498225855327342,1,2
0.323215647068698,1,2
0.24219338333514495,0,2
0.31902766902292,1,2
0.323215647068698,1,2
0.3272754967291335,0,2
0.31902766902292,1,2
0.366455543477747,0,2
0.30677989093785507,1,2
0.3798631460062524,1,2
0.37965013433977934,0,2
0.37965013433977934,1,2
0.3798631460062524,0,2
0.37965013433977934,0,2
0.3798631460062524,1,2
0.2788028954018119,0,2
0.6198826769773453,1,2
0.3380231876356278,0,2
0.2788028954018119,1,2
0.366455543477747,0,2
0.30677989093785507,0,2
0.30677989093785507,0,2
0.6198826769773453,1,2
0.2788028954018119,0,2
0.6198826769773453,1,2
0.366455543477747,0,2
0.31902766902292,1,2
0.16498225855327342,0,2
0.323215647068698,0,2
0.323215647068698,0,2
0.16498225855327342,0,2
0.24219338333514495,0,2
0.323215647068698,0,2
0.32989095975324156,1,2
0.31353178753496735,0,2
0.31353178753496735,1,2
0.31353178753496735,0,2
0.31902766902292,0,2
0.323215647068698,0,2
0.16498225855327342,0,2
0.16498225855327342,1,2
0.323215647068698,0,2
0.24219338333514495,0,2
0.323215647068698,0,2
0.31902766902292,0,2
0.31902766902292,0,2
0.31353178753496735,0,2
0.32989095975324156,0,2
0.27502855018789163,0,2
0.5031846132129711,0,2
0.5031846132129711,1,2
0.31902766902292,0,2
0.27502855018789163,0,2
0.5031846132129711,1,2
0.356221745258374,1,2
0.46647450889532327,0,2
0.27502855018789163,0,2
0.356221745258374,1,2
0.46647450889532327,0,2
0.31353178753496735,0,2
0.5214830812527191,0,2
0.28466347167094186,0,2
0.5214830812527191,0,2
0.5214830812527191,1,2
0.28466347167094186,0,2
0.28466347167094186,1,2
0.3414776722224453,1,2
0.36635637224450945,0,2
0.3414776722224453,1,2
0.36635637224450945,0,2
0.3414776722224453,0,2
0.36635637224450945,0,2
0.4994931396740191,0,2
0.3650574816865906,1,2
0.3650574816865906,1,2
0.4994931396740191,0,2
0.34339818596827765,0,2
0.3355832524490282,1,2
0.34339818596827765,1,2
0.4994931396740191,1,2
0.3355832524490282,1,2
0.34339818596827765,0,2
0.3650574816865906,1,2
0.3355832524490282,0,2
0.24357938337402885,1,2
0.3336967761364633,1,2
0.34248687634034036,0,2
0.3336967761364633,0,2
0.31902766902292,1,2
0.31108239359014234,0,2
0.3204338258156485,0,2
0.317854508759273,0,2
0.3204338258156485,0,2
0.32576646886916094,1,2
0.32576646886916094,0,2
0.3204338258156485,0,2
0.31108239359014234,0,2
0.2746726326979799,0,2
0.24357938337402885,1,2
0.4935993257211264,1,2
0.44241607964908103,0,2
0.4935993257211264,1,2
0.4694247084323119,1,2
0.44842738486743805,1,2
0.4694247084323119,0,2
0.44842738486743805,1,2
0.21112720145524944,1,2
0.44842738486743805,0,2
0.29778334777483584,0,2
0.21112720145524944,0,2
0.29778334777483584,1,2
0.21112720145524944,0,2
0.2818059093666002,0,2
0.29778334777483584,0,2
0.3745458423230762,1,2
0.3042759767374775,1,2
0.3760615671465978,0,2
0.33843818576733875,1,2
0.3760615671465978,0,2
0.323215647068698,1,2
0.16151070921765864,1,2
0.24219338333514495,1,2
0.323215647068698,0,2
0.46355708712747457,1,2
0.33843818576733875,0,2
0.3487381983893918,0,2
0.16151070921765864,1,2
0.46355708712747457,1,2
0.3487381983893918,0,2
0.38334766419405686,0,2
0.2673279246407092,0,2
0.44391112709604985,1,2
0.2673279246407092,1,2
0.3341515673020019,1,2
0.2673279246407092,0,2
0.42334735909395516,0,2
0.17517447398777897,0,2
0.38334766419405686,0,2
0.42334735909395516,0,2
0.17517447398777897,0,2
0.3204338258156485,0,2
0.3204338258156485,1,2
0.31108239359014234,0,2
0.3204338258156485,0,2
0.32180298831936116,0,2
0.3367457522689222,0,2
0.31108239359014234,1,2
0.3204338258156485,0,2
0.3294390983521578,0,2
0.3294390983521578,1,2
0.43296024491171214,1,2
0.43296024491171214,1,2
0.3294390983521578,1,2
0.31370379748002397,0,2
0.43296024491171214,0,2
0.43296024491171214,1,2
0.31902766902292,0,2
0.1430249553392967,1,2
0.36690840481933584,0,2
0.1430249553392967,0,2
0.3595512790594625,0,2
0.3595512790594625,1,2
0.22875985175514624,1,2
0.22875985175514624,1,2
0.3336269280601756,0,2
0.35806391063292353,1,2
0.37315815840799016,1,2
0.37315815840799016,0,2
0.3336269280601756,0,2
0.3177863951722506,0,2
0.37315815840799016,1,2
0.3560593846659703,1,2
0.3646760462722468,1,2
0.24208386377484348,1,2
0.3560593846659703,0,2
0.3560593846659703,0,2
0.24208386377484348,0,2
0.24208386377484348,1,2
0.493550690945491,1,2
0.35457846391876535,0,2
0.493550690945491,1,2
0.493550690945491,1,2
0.23173697948594285,0,2
0.23173697948594285,0,2
0.493550690945491,0,2
0.4755356157043461,0,2
0.3405901467401925,0,2
0.23173697948594285,1,2
0.23173697948594285,1,2
0.48167833594377796,1,2
0.1513811270479256,0,2
0.48329260319928247,1,2
0.1513811270479256,0,2
0.48329260319928247,0,2
0.1513811270479256,0,2
0.48329260319928247,0,2
0.23398481011019656,0,2
0.492539240980152,1,2
0.36552732770451324,0,2
0.492539240980152,1,2
0.3506898755581078,0,2
0.36552732770451324,0,2
0.34896534709218396,0,2
0.3506898755581078,0,2
0.36552732770451324,0,2
0.5623350970437275,1,2
0.44615089605788927,0,2
0.3432244217720817,0,2
0.2891550690105348,0,2
0.3432244217720817,0,2
0.3432244217720817,0,2
0.3432244217720817,0,2
0.2891550690105348,0,2
0.44615089605788927,0,2
0.3432244217720817,1,2
0.2891550690105348,0,2
0.2891550690105348,0,2
0.5623350970437275,0,2
0.2891550690105348,1,2
0.5623350970437275,0,2
0.44615089605788927,0,2
0.3798631460062524,0,2
0.37965013433977934,1,2
0.354563949441693,1,2
0.354563949441693,0,2
0.37965013433977934,0,2
0.37965013433977934,1,2
0.354563949441693,1,2
0.37965013433977934,1,2
0.354563949441693,0,2
0.44615089605788927,1,2
0.5623350970437275,1,2
0.37965013433977934,1,2
0.48505983809979014,0,2
0.48505983809979014,0,2
0.327577478914422,0,2
0.327577478914422,0,2
0.48505983809979014,0,2
0.327577478914422,1,2
0.48505983809979014,0,2
0.327577478914422,1,2
0.327577478914422,1,2
0.48505983809979014,0,2
0.4694247084323119,0,2
0.44241607964908103,1,2
0.44241607964908103,1,2
0.44842738486743805,1,2
0.4694247084323119,0,2
0.44842738486743805,0,2
0.4694247084323119,0,2
0.44842738486743805,0,2
0.44241607964908103,1,2
0.44842738486743805,1,2
0.44842738486743805,1,2
0.44842738486743805,1,2
0.3650574816865906,0,2
0.4994931396740191,1,2
0.4994931396740191,0,2
0.3650574816865906,1,2
0.3650574816865906,1,2
0.3650574816865906,1,2
0.4722944792422661,1,2
0.4994931396740191,1,2
0.3011684064166409,1,2
0.4994931396740191,1,2
0.38147903163348496,1,2
0.3011684064166409,0,2
0.38147903163348496,1,2
0.38147903163348496,0,2
0.3011684064166409,0,2
0.3650574816865906,1,2
0.327577478914422,0,2
0.48505983809979014,0,2
0.48505983809979014,1,2
0.327577478914422,1,2
0.327577478914422,0,2
0.327577478914422,1,2
0.48505983809979014,1,2
0.48505983809979014,0,2
0.3159454408790613,0,2
0.14426697074158523,0,2
0.14426697074158523,0,2
0.2784676677402752,1,2
0.2997468170370343,0,2
0.33573405400294454,0,2
0.2997468170370343,0,2
0.2784676677402752,0,2
0.2229908739051487,0,2
0.3269579407598091,0,2
0.3159454408790613,1,2
0.3186217888841604,1,2
0.31902766902292,0,2
0.31902766902292,0,2
0.31902766902292,0,2
0.31902766902292,0,2
0.31902766902292,0,2
0.31902766902292,0,2
0.31902766902292,0,2
0.2229908739051487,0,2
0.3453078190888884,1,2
0.3515632609839525,0,2
0.32366561189241316,1,2
0.306998077425215,0,2
0.3146738496878645,0,2
0.306998077425215,0,2
0.36789025763719974,0,2
0.3852603061557115,1,2
0.3515632609839525,0,2
0.24433939011027517,0,2
0.31706340227419116,0,2
0.31706340227419116,0,2
0.3237144909610953,0,2
0.20470842410043266,0,2
0.20470842410043266,0,2
0.20470842410043266,0,2
0.24433939011027517,0,2
0.24433939011027517,0,2
0.3146738496878645,1,2
0.3237144909610953,0,2
0.3146738496878645,0,2
0.33669519729662845,0,2
0.3146738496878645,0,2
0.3352528849851638,0,2
0.31108239359014234,1,2
0.31108239359014234,0,2
0.33669519729662845,0,2
0.31108239359014234,0,2
0.3088913261561844,1,2
0.31902766902292,0,2
0.3088913261561844,0,2
0.31902766902292,0,2
0.306998077425215,0,2
0.3088913261561844,0,2
0.2842046773780449,1,2
0.3514454753338351,0,2
0.2842046773780449,0,2
0.3514454753338351,0,2
0.3514454753338351,1,2
0.2842046773780449,1,2
0.306998077425215,1,2
0.31902766902292,0,2
0.31026997860813543,0,2
0.31026997860813543,0,2
0.3015381017900627,0,2
0.14251241810356308,0,2
0.19856273046595385,0,2
0.315932395558867,0,2
0.3015381017900627,0,2
0.31026997860813543,0,2
0.3514454753338351,1,2
0.18361773224692357,0,2
0.26753752976082323,0,2
0.3514454753338351,0,2
0.314951677295934,0,2
0.18361773224692357,0,2
0.314951677295934,0,2
0.18361773224692357,0,2
0.314951677295934,1,2
0.19856273046595385,1,2
0.26753752976082323,0,2
0.3560593846659703,0,2
0.3015381017900627,0,2
0.24208386377484348,0,2
0.3015381017900627,1,2
0.30529330535390753,0,2
0.30529330535390753,0,2
0.3015381017900627,0,2
0.3186217888841604,1,2
0.3015381017900627,1,2
0.24208386377484348,0,2
0.27934403168294186,0,2
0.35806391063292353,1,2
0.1273098336997548,0,2
0.2152293800113334,0,2
0.1302989417213528,0,2
0.37422256610281956,0,2
0.3237144909610953,1,2
0.31902766902292,0,2
0.31902766902292,0,2
0.35457846391876535,0,2
0.31902766902292,0,2
0.3237144909610953,0,2
0.3237144909610953,0,2
0.3115179119110768,1,2
0.31902766902292,0,2
0.31902766902292,0,2
0.3115179119110768,1,2
0.31342891840298326,0,2
0.31506978991135937,0,2
0.31342891840298326,0,2
0.31506978991135937,0,2
0.31342891840298326,0,2
0.2769840800837514,0,2
0.3146388029435282,1,2
0.3146388029435282,0,2
0.2769840800837514,0,2
0.3146388029435282,0,2
0.2380534220208982,1,2
0.2571291981843954,0,2
0.2352514982138253,1,2
0.2571291981843954,0,2
0.31506978991135937,0,2
0.32871068442802476,0,2
0.390649402141362,1,2
0.2629394590641785,0,2
0.2629394590641785,0,2
0.35457846391876535,0,2
0.31902766902292,0,2
0.35457846391876535,0,2
0.32871068442802476,1,2
0.32236761801616864,0,2
0.32871068442802476,0,2
0.31902766902292,0,2
0.31485285761838955,0,2
0.2220363305546138,1,2
0.32236761801616864,0,2
0.2220363305546138,1,2
0.31032267338110664,0,2
0.31902766902292,1,2
0.3104914932848716,0,2
0.32236761801616864,0,2
0.31032267338110664,0,2
0.3104914932848716,0,2
0.3745458423230762,1,2
0.30747536596573777,0,2
0.3745458423230762,1,2
0.3365935515077234,0,2
0.24004905647042463,0,2
0.1904408109636474,0,2
0.37422256610281956,0,2
0.1509110681270751,0,2
0.35806391063292353,0,2
0.236122096857437,0,2
0.31910221873227695,0,2
0.31910221873227695,1,2
0.236122096857437,0,2
0.3104914932848716,0,2
0.3693298281715425,0,2
0.1509110681270751,0,2
0.33604891644935186,1,2
0.390649402141362,1,2
0.33604891644935186,1,2
0.22736590752010655,0,2
0.328098526549365,0,2
0.328098526549365,0,2
0.22736590752010655,0,2
0.22736590752010655,0,2
0.14599513793261298,1,2
0.328098526549365,0,2
0.25047361857129524,0,2
0.2310776197712331,1,2
0.30130535924907775,1,2
0.3115179119110768,0,2
0.31485285761838955,0,2
0.31485285761838955,0,2
0.3115179119110768,0,2
0.3115179119110768,1,2
0.31485285761838955,0,2
0.30637812927058417,1,2
0.2310776197712331,0,2
0.26687275591491566,0,2
0.31421020355284546,0,2
0.31032267338110664,0,2
0.26687275591491566,0,2
0.30637812927058417,1,2
0.31032267338110664,0,2
0.3374248469735831,0,2
0.31902766902292,1,2
0.3374248469735831,1,2
0.31902766902292,1,2
0.3103485228518763,0,2
0.2505404258445687,0,2
0.2505404258445687,0,2
0.2505404258445687,1,2
0.31367800736259677,0,2
0.32360901002264164,1,2
0.31367800736259677,0,2
0.32360901002264164,0,2
0.30637812927058417,0,2
0.31032267338110664,0,2
0.26177104602401513,0,2
0.32366561189241316,1,2
0.32366561189241316,1,2
0.28286817094255967,0,2
0.31724435967332676,1,2
0.32366561189241316,0,2
0.26177104602401513,0,2
0.28286817094255967,1,2
0.2625116831660609,1,2
0.3030774994769059,1,2
0.16686406758012484,0,2
0.16686406758012484,1,2
0.317983910371504,1,2
0.3030774994769059,1,2
0.3836292449626659,1,2
0.29755072185113174,0,2
0.4565163776459916,1,2
0.3836292449626659,1,2
0.3836292449626659,0,2
0.35457846391876535,1,2
0.29755072185113174,1,2
0.3185294915189575,1,2
0.31902766902292,0,2
0.2170356552068089,1,2
0.4375135577699405,0,2
0.23611158098815288,1,2
0.4375135577699405,0,2
0.32366561189241316,0,2
0.32366561189241316,0,2
0.307573789425053,0,2
0.32366561189241316,0,2
0.32366561189241316,0,2
0.307573789425053,0,2
0.307573789425053,0,2
0.2884359508263614,1,2
0.307573789425053,0,2
0.24560633655513953,0,2
0.31902766902292,0,2
0.30770313158160134,1,2
0.2829995753790566,1,2
0.268464157125337,0,2
0.37804408962509795,1,2
0.3425234531791427,0,2
0.31902766902292,0,2
0.31902766902292,0,2
0.3522935774865381,1,2
0.31824978514602087,0,2
0.30770313158160134,1,2
0.31824978514602087,1,2
0.30770313158160134,1,2
0.31824978514602087,0,2
0.31902766902292,0,2
0.20174362951642133,0,2
0.27172561317899147,0,2
0.36188146220198003,0,2
0.3230792426982493,0,2
0.27172561317899147,1,2
0.3230792426982493,0,2
0.30333651031031084,1,2
0.30333651031031084,1,2
0.3260865001933865,0,2
0.20174362951642133,0,2
0.36505511759080467,0,2
0.2529006692402833,0,2
0.2529006692402833,0,2
0.3083345833063975,1,2
0.2529006692402833,1,2
0.281290390956367,0,2
0.30333651031031084,0,2
0.35191073865047684,1,2
0.20174362951642133,1,2
0.35191073865047684,1,2
0.37067211308439973,0,2
0.30542938241168727,0,2
0.37067211308439973,0,2
0.30542938241168727,1,2
0.30542938241168727,1,2
0.22283570255229468,0,2
0.2762950459874878,0,2
0.35457846391876535,1,2
0.37067211308439973,1,2
0.21825650171306654,0,2
0.281290390956367,0,2
0.35457846391876535,1,2
0.5355328605081364,1,2
0.31639314333585933,0,2
0.5355328605081364,0,2
0.31639314333585933,0,2
0.22283570255229468,0,2
0.1339031076175914,0,2
0.3562482022262279,0,2
0.35191073865047684,1,2
0.2571301028585832,1,2
0.35191073865047684,1,2
0.2571301028585832,0,2
0.2571301028585832,1,2
0.3562482022262279,0,2
0.3215302209016545,1,2
0.1339031076175914,0,2
0.2931357198196467,0,2
0.2931357198196467,0,2
0.413221783347942,1,2
0.5355328605081364,1,2
0.31639314333585933,0,2
0.5355328605081364,1,2
0.31639314333585933,0,2
0.31639314333585933,0,2
0.5355328605081364,0,2
0.413221783347942,1,2
0.3125600885139054,1,2
0.337036113200916,0,2
0.33566587196882114,1,2
0.37965013433977934,1,2
0.37965013433977934,1,2
0.31824978514602087,0,2
0.33566587196882114,0,2
0.3344757906837278,0,2
0.31824978514602087,0,2
0.3125600885139054,1,2
0.33566587196882114,0,2
0.337036113200916,0,2
0.3344757906837278,1,2
0.3410054054167342,0,2
0.337036113200916,0,2
0.31902766902292,0,2
0.31902766902292,1,2
0.3141156054493449,1,2
0.31902766902292,0,2
0.3141156054493449,0,2
0.31902766902292,0,2
0.3141156054493449,0,2
0.28013318306824386,0,2
0.337036113200916,1,2
0.3141156054493449,0,2
0.46355708712747457,0,2
0.46355708712747457,0,2
0.3487381983893918,0,2
0.46355708712747457,0,2
0.3568486411264119,0,2
0.3568486411264119,0,2
0.374550369801004,1,2
0.3804179948042755,0,2
0.374550369801004,1,2
0.31902766902292,0,2
0.31902766902292,0,2
0.31902766902292,0,2
0.31902766902292,0,2
0.3631020851897522,0,2
0.30770313158160134,1,2
0.31316611237217507,0,2
0.31316611237217507,1,2
0.17246752979999047,0,2
0.17246752979999047,0,2
0.30770313158160134,0,2
0.3048923345075859,0,2
0.3344757906837278,1,2
0.30770313158160134,0,2
0.4375135577699405,0,2
0.23611158098815288,0,2
0.23611158098815288,0,2
0.3344757906837278,0,2
0.4375135577699405,0,2
0.23611158098815288,0,2
0.4375135577699405,1,2
0.3905662862093082,1,2
0.2941160833282507,1,2
0.5911263905231197,0,2
0.3905662862093082,1,2
0.3905662862093082,1,2
0.2941160833282507,1,2
0.5911263905231197,1,2
0.3534394880220729,0,2
0.3534394880220729,1,2
0.5911263905231197,0,2
0.2941160833282507,1,2
0.3534394880220729,0,2
0.5911263905231197,1,2
0.3534394880220729,0,2
0.3700525194892502,1,2
0.356221745258374,0,2
0.3700525194892502,1,2
0.3700525194892502,0,2
0.356221745258374,1,2
0.2783148561515617,0,2
0.4514353021585129,1,2
0.4514353021585129,1,2
0.2783148561515617,0,2
0.356221745258374,1,2
0.2731196010395128,0,2
0.3069047458015305,0,2
0.3069047458015305,0,2
0.2871447700383979,1,2
0.2731196010395128,0,2
0.2871447700383979,1,2
0.4435094574735754,1,2
0.4710781361034776,1,2
0.31902766902292,0,2
0.35786859981851205,0,2
0.3344757906837278,0,2
0.31902766902292,0,2
0.356221745258374,1,2
0.35786859981851205,0,2
0.3256560678988333,1,2
0.356221745258374,0,2
0.35786859981851205,0,2
0.3344757906837278,1,2
0.2871447700383979,0,2
0.32204345798363987,0,2
0.32204345798363987,0,2
0.2871447700383979,1,2
0.2871447700383979,0,2
0.32204345798363987,1,2
0.23611158098815288,0,2
0.23611158098815288,0,2
0.4375135577699405,1,2
0.356221745258374,1,2
0.38656881660614884,0,2
0.356221745258374,1,2
0.38656881660614884,0,2
0.4375135577699405,1,2
0.4514353021585129,1,2
0.4514353021585129,1,2
0.2736536971500344,0,2
0.3049785144540714,0,2
0.3049785144540714,0,2
0.17733575723861028,0,2
0.3049785144540714,1,2
0.1722128095154758,0,2
0.17733575723861028,1,2
0.2736536971500344,0,2
0.2682483131836151,1,2
0.40387567616817144,0,2
0.18122208205071233,1,2
0.2682483131836151,0,2
0.33031063019144613,1,2
0.33031063019144613,1,2
0.28464209834262,1,2
0.282311007112514,0,2
0.35806391063292353,0,2
0.4698821183278653,1,2
0.12660223681325145,1,2
0.5911263905231197,1,2
0.3534394880220729,1,2
0.3534394880220729,0,2
0.3146388029435282,1,2
0.306998077425215,0,2
0.306998077425215,0,2
0.3146388029435282,1,2
0.2672810635512999,0,2
0.5911263905231197,1,2
0.2672810635512999,0,2
0.3936665212059617,0,2
0.5105684457169025,1,2
0.3785790955812618,0,2
0.3936665212059617,0,2
0.12660223681325145,0,2
0.3785790955812618,0,2
0.2672810635512999,0,2
0.12660223681325145,0,2
0.3936665212059617,0,2
0.2996356809234685,0,2
0.367174437350245,0,2
0.2775042006952929,0,2
0.28271963539221634,0,2
0.28271963539221634,0,2
0.2775042006952929,0,2
0.3002388618252887,1,2
0.367174437350245,0,2
0.367174437350245,0,2
0.3002388618252887,1,2
0.3002388618252887,0,2
0.40836883828712733,1,2
0.3745458423230762,1,2
0.3539934910631798,0,2
0.37065824372970135,1,2
0.36396739165614755,0,2
0.36396739165614755,0,2
0.36396739165614755,1,2
0.37065824372970135,0,2
0.36396739165614755,1,2
0.3745458423230762,1,2
0.312767061848811,0,2
0.37065824372970135,0,2
0.3401978430212088,1,2
0.22585460791598977,0,2
0.17517447398777897,0,2
0.36928174162375826,0,2
0.17517447398777897,0,2
0.36928174162375826,0,2
0.36928174162375826,0,2
0.17517447398777897,0,2
0.39724873853144504,1,2
0.22585460791598977,0,2
0.39724873853144504,1,2
0.3450652722553489,1,2
0.3450652722553489,1,2
0.22540274430148688,0,2
0.4162601787155791,1,2
0.24534065341589006,0,2
0.24534065341589006,0,2
0.4162601787155791,1,2
0.4162601787155791,1,2
0.35760942567536225,1,2
0.22540274430148688,0,2
0.2884417225555277,0,2
0.16346083275997203,0,2
0.23109570819682324,0,2
0.16346083275997203,1,2
0.5740365212749925,1,2
0.2884417225555277,1,2
0.2884417225555277,0,2
0.5740365212749925,1,2
0.23109570819682324,1,2
0.5740365212749925,1,2
0.16346083275997203,0,2
0.2784676677402752,0,2
0.3146388029435282,1,2
0.42997893859937586,0,2
0.5294048258157708,0,2
0.42997893859937586,1,2
0.5473309239897177,1,2
0.5473309239897177,0,2
0.3115179119110768,0,2
0.3146388029435282,0,2
0.3115179119110768,1,2
0.3115179119110768,1,2
0.3146388029435282,1,2
0.42997893859937586,0,2
0.4481515301887573,1,2
0.33916061140086573,0,2
0.23878520114127932,0,2
0.23878520114127932,0,2
0.33916061140086573,1,2
0.33916061140086573,0,2
0.17103479642704045,1,2
0.4481515301887573,1,2
0.17103479642704045,0,2
0.4481515301887573,1,2
0.26106366514933566,1,2
0.23878520114127932,0,2
0.306998077425215,0,2
0.312767061848811,1,2
0.43296024491171214,1,2
0.3671924830158857,1,2
0.43296024491171214,1,2
0.3671924830158857,0,2
0.3505967454837875,0,2
0.43296024491171214,1,2
0.306998077425215,0,2
0.31381567696056045,1,2
0.306998077425215,0,2
0.312767061848811,0,2
0.1502602841360804,0,2
0.30677989093785507,0,2
0.366455543477747,1,2
0.30677989093785507,0,2
0.366455543477747,0,2
0.30677989093785507,1,2
0.35806391063292353,1,2
0.366455543477747,0,2
0.35806391063292353,1,2
0.2184620104512055,0,2
0.20059097319607988,1,2
0.20059097319607988,0,2
0.2184620104512055,0,2
0.6066284737320731,0,2
0.2554136258931411,0,2
0.2554136258931411,0,2
0.6066284737320731,1,2
0.23912213102057311,0,2
0.3745458423230762,1,2
0.3417826547184747,0,2
0.3386415982993669,0,2
0.3235865413601948,1,2
0.22174666692247325,1,2
0.22174666692247325,0,2
0.3235865413601948,0,2
0.306998077425215,0,2
0.3745458423230762,1,2
0.28610215902250025,0,2
0.36367021677481326,1,2
0.28610215902250025,0,2
0.41831465113179855,0,2
0.35964280740637855,1,2
0.2931357198196467,0,2
0.35964280740637855,0,2
0.2931357198196467,0,2
0.306998077425215,0,2
0.3519188913409933,1,2
0.48167833594377796,1,2
0.48167833594377796,1,2
0.1624536731439099,0,2
0.2822704303413146,0,2
0.3519188913409933,1,2
0.3519188913409933,0,2
0.2822704303413146,0,2
0.1624536731439099,0,2
0.2822704303413146,1,2
0.2822704303413146,1,2
0.14327412321913602,0,2
0.3519188913409933,0,2
0.14327412321913602,0,2
0.37422256610281956,1,2
0.22664172003057348,1,2
0.36356697945207617,0,2
0.22664172003057348,0,2
0.22664172003057348,0,2
0.3804170203344467,0,2
0.3804170203344467,0,2
0.3804170203344467,0,2
0.22664172003057348,0,2
0.14327412321913602,1,2
0.37422256610281956,1,2
0.37422256610281956,0,2
0.1650638275613029,0,2
0.46355708712747457,0,2
0.3568486411264119,1,2
0.46355708712747457,0,2
0.1650638275613029,1,2
0.21445128159779125,0,2
0.21445128159779125,0,2
0.3568486411264119,1,2
0.39431347736058253,0,2
0.3650574816865906,1,2
0.39431347736058253,0,2
0.32806310705137864,1,2
0.541985055761901,0,2
0.541985055761901,1,2
0.3650574816865906,1,2
0.3650574816865906,1,2
0.541985055761901,1,2
0.3561401999160805,1,2
0.3011684064166409,0,2
0.3011684064166409,0,2
0.38147903163348496,0,2
0.13728356328910962,0,2
0.38147903163348496,1,2
0.4676189690134932,0,2
0.13728356328910962,0,2
0.13728356328910962,0,2
0.4676189690134932,0,2
0.4676189690134932,0,2
0.3011684064166409,1,2
0.24953439394917498,0,2
0.29881348069762825,1,2
0.29881348069762825,0,2
0.3552752054776237,0,2
0.29881348069762825,1,2
0.3552752054776237,0,2
0.4309707248823733,0,2
0.3552752054776237,1,2
0.410825028355691,1,2
0.24953439394917498,0,2
0.410825028355691,1,2
0.3552752054776237,0,2
0.4514353021585129,1,2
0.3148396953144099,1,2
0.48248935175754326,1,2
0.48248935175754326,1,2
0.1339031076175914,0,2
0.3562482022262279,1,2
0.1339031076175914,0,2
0.3562482022262279,1,2
0.1339031076175914,0,2
0.3148396953144099,0,2
0.3562482022262279,0,2
0.47310401544438585,1,2
0.3491438914140902,0,2
0.47310401544438585,0,2
0.5276182638034752,0,2
0.327577478914422,1,2
0.3491438914140902,1,2
0.327577478914422,0,2
0.5276182638034752,1,2
0.5276182638034752,0,2
0.5276182638034752,0,2
0.327577478914422,1,2
0.3491438914140902,0,2
0.47310401544438585,1,2
0.327577478914422,0,2
0.30999882870229056,1,2
0.24003974108657544,0,2
0.30999882870229056,1,2
0.30999882870229056,1,2
0.24003974108657544,1,2
0.24003974108657544,1,2
0.30999882870229056,0,2
0.24003974108657544,0,2
0.24003974108657544,0,2
0.3519188913409933,0,2
0.2822704303413146,1,2
0.3519188913409933,1,2
0.2822704303413146,0,2
0.3519188913409933,1,2
0.2822704303413146,1,2
0.3519188913409933,1,2
0.2822704303413146,1,2
0.2822704303413146,0,2
0.29778334777483584,0,2
0.21112720145524944,0,2
0.29778334777483584,0,2
0.21112720145524944,1,2
0.29778334777483584,0,2
0.21112720145524944,1,2
0.29778334777483584,1,2
0.21112720145524944,0,2
0.29778334777483584,1,2
0.3905662862093082,1,2
0.2941160833282507,0,2
0.3905662862093082,1,2
0.27202266154735766,1,2
0.27202266154735766,1,2
0.3905662862093082,1,2
0.21112720145524944,0,2
0.3713287849861281,0,2
0.2663296600511079,0,2
0.3713287849861281,0,2
0.3733160931145253,1,2
0.3070010935505617,0,2
0.39703287323552394,1,2
0.3836156025241504,0,2
0.3733160931145253,0,2
0.3836156025241504,0,2
0.2663296600511079,0,2
0.29778334777483584,0,2
0.2663296600511079,0,2
0.21112720145524944,0,2
0.29778334777483584,0,2
0.21112720145524944,1,2
0.29778334777483584,0,2
0.21112720145524944,0,2
0.21112720145524944,0,2
0.29778334777483584,0,2
0.3713287849861281,0,2
0.24971236508708083,0,2
0.35941017818924603,1,2
0.4212116899107713,0,2
0.3857932453739955,0,2
0.33669519729662845,0,2
0.3097443321218062,0,2
0.37326264027666556,0,2
0.22759687369642145,0,2
0.37326264027666556,0,2
0.3352528849851638,0,2
0.33669519729662845,0,2
0.37326264027666556,1,2
0.24613042085719672,0,2
0.3097443321218062,0,2
0.39999742886216005,1,2
0.22759687369642145,1,2
0.4313215727120929,0,2
0.268335586446819,0,2
0.34455152481767115,0,2
0.268335586446819,0,2
0.34455152481767115,1,2
0.37348963688978254,0,2
0.41610411573403827,0,2
0.37348963688978254,1,2
0.39267026959385465,0,2
0.37348963688978254,0,2
0.3941270062028177,1,2
0.4313215727120929,0,2
0.39267026959385465,0,2
0.39267026959385465,0,2
0.4313215727120929,1,2
0.3941270062028177,0,2
0.24884445561769608,0,2
0.24884445561769608,1,2
0.3891325502651063,1,2
0.15711568171473478,0,2
0.3891325502651063,0,2
0.34537999718653734,0,2
0.21833920437060517,0,2
0.21833920437060517,0,2
0.34537999718653734,0,2
0.34537999718653734,1,2
0.3832972790478246,0,2
0.34606422545060433,0,2
0.3891325502651063,0,2
0.2810849593261503,0,2
0.1678887571703208,0,2
0.3049785144540714,0,2
0.3049785144540714,0,2
0.36732935171150716,0,2
0.4300862203085559,1,2
0.36732935171150716,0,2
0.3049785144540714,0,2
0.3089813876065145,0,2
0.3733160931145253,0,2
0.4078865023964581,0,2
0.3089813876065145,0,2
0.31689542943105575,0,2
0.3089813876065145,1,2
0.1678887571703208,0,2
0.1678887571703208,0,2
0.31689542943105575,0,2
0.3162481862328844,1,2
0.3870621524197072,1,2
0.34455152481767115,1,2
0.34455152481767115,0,2
0.3870621524197072,0,2
0.3870621524197072,0,2
0.3733160931145253,0,2
0.3420629879133251,0,2
0.34455152481767115,0,2
0.3733160931145253,1,2
0.3162481862328844,0,2
0.3229123099403619,0,2
0.3162481862328844,1,2
0.3414776722224453,1,2
0.3414776722224453,1,2
0.3229123099403619,0,2
0.3414776722224453,1,2
0.3229123099403619,1,2
0.21610497882751267,0,2
0.2618929180618268,0,2
0.3063704796861567,0,2
0.26383926133655433,0,2
0.3063704796861567,0,2
0.26383926133655433,1,2
0.39175395150290737,0,2
0.24909617677900575,1,2
0.31709514430128083,0,2
0.42722430390532207,0,2
0.32883736958834053,0,2
0.428807054301914,1,2
0.428807054301914,0,2
0.24909617677900575,1,2
0.24909617677900575,0,2
0.428807054301914,1,2
0.3063704796861567,1,2
0.3318414116164816,0,2
0.2618929180618268,1,2
0.2551985248994785,0,2
0.4283430263634853,0,2
0.32883736958834053,1,2
0.3762510326605014,0,2
0.4283430263634853,1,2
0.4283430263634853,0,2
0.4021335489391962,1,2
0.3562482022262279,1,2
0.20194303454616735,0,2
0.3762510326605014,1,2
0.3562482022262279,0,2
0.3562482022262279,0,2
0.20194303454616735,0,2
0.3519188913409933,0,2
0.2551985248994785,0,2
0.2551985248994785,0,2
0.3519188913409933,0,2
0.3519188913409933,1,2
0.20194303454616735,0,2
0.2831698189290245,0,2
0.3964808335169291,0,2
0.438389475318969,0,2
0.33773174555947794,0,2
0.22010115172123845,0,2
0.3964808335169291,0,2
0.3839629309594127,1,2
0.31062807711857576,1,2
0.26506056209417894,0,2
0.31062807711857576,1,2
0.3362872441266094,1,2
0.34406968238939917,1,2
0.4572853174597217,1,2
0.24778868792204756,0,2
0.32856522081848005,0,2
0.22010115172123845,1,2
0.32856522081848005,0,2
0.4572853174597217,1,2
0.30999882870229056,0,2
0.2254734224048428,0,2
0.30999882870229056,0,2
0.30999882870229056,1,2
0.2254734224048428,0,2
0.33721518965465336,0,2
0.2254734224048428,0,2
0.3185044839849356,0,2
0.40568871163364284,0,2
0.3185044839849356,0,2
0.40568871163364284,1,2
0.32856522081848005,0,2
0.4237559094695744,0,2
0.40568871163364284,0,2
0.26681513092826525,1,2
0.2874294580871083,0,2
0.36242294658782714,1,2
0.36242294658782714,1,2
0.2874294580871083,0,2
0.2874294580871083,0,2
0.36242294658782714,0,2
0.39703287323552394,1,2
0.32856522081848005,0,2
0.410825028355691,0,2
0.3649505232160217,1,2
0.26681513092826525,1,2
0.3789864129490498,0,2
0.410825028355691,0,2
0.3789864129490498,0,2
0.3789864129490498,0,2
0.410825028355691,1,2
0.39703287323552394,1,2
0.3961972116839544,0,2
0.33472847975371045,1,2
0.3307028501517205,1,2
0.3307028501517205,0,2
0.3319314691692369,0,2
0.3319314691692369,0,2
0.3307028501517205,0,2
0.3211483311674608,0,2
0.25174140402673695,0,2
0.3961972116839544,0,2
0.3211483311674608,1,2
0.366455543477747,1,2
0.25174140402673695,0,2
0.3522422901600645,0,2
0.25174140402673695,0,2
0.3522422901600645,0,2
0.1629611012272082,0,2
0.31748455447484425,0,2
0.23121377258302267,0,2
0.23121377258302267,0,2
0.31748455447484425,1,2
0.31338947486950985,0,2
0.31338947486950985,0,2
0.2784676677402752,1,2
0.2963178600517491,1,2
0.3134226869633173,0,2
0.3776266418225336,0,2
0.2963178600517491,0,2
0.31902766902292,0,2
0.3104841413746138,1,2
0.1629611012272082,0,2
0.312942231970896,0,2
0.3104841413746138,0,2
0.312942231970896,0,2
0.3117642336477958,0,2
0.31902766902292,0,2
0.31902766902292,1,2
0.3117642336477958,0,2
0.3117642336477958,0,2
0.31902766902292,1,2
0.31902766902292,0,2
0.31902766902292,1,2
0.3134226869633173,0,2
0.15876873563383842,1,2
0.3105056848120824,1,2
0.4313215727120929,1,2
0.44777700347271354,1,2
0.3211483311674608,0,2
0.39703287323552394,1,2
0.3134226869633173,0,2
0.39703287323552394,0,2
0.2602518700450692,0,2
0.39703287323552394,0,2
0.32318299123929783,0,2
0.39724873853144504,1,2
0.32318299123929783,0,2
0.39724873853144504,0,2
0.4313215727120929,1,2
0.2729896328210746,0,2
0.4313215727120929,1,2
0.3211483311674608,1,2
0.2729896328210746,0,2
0.2729896328210746,1,2
0.190465102721865,0,2
0.3675221702717547,0,2
0.2629394590641785,0,2
0.33399352027731954,1,2
0.4461789283559451,1,2
0.2629394590641785,0,2
0.4150598776753729,1,2
0.1667789909330859,0,2
0.3308152699643281,0,2
0.4574438443508667,1,2
0.33399352027731954,0,2
0.14339116700846766,0,2
0.22426498913906734,0,2
0.31748455447484425,0,2
0.22426498913906734,0,2
0.22426498913906734,1,2
0.31748455447484425,0,2
0.19856273046595385,0,2
0.14339116700846766,0,2
0.19856273046595385,0,2
0.31902766902292,0,2
0.19664145228944951,1,3
0.29499970913567186,1,3
0.19664145228944951,1,3
0.28291384756929505,0,3
0.19664145228944951,1,3
0.3094861738313871,1,3
0.27152682050544485,0,3
0.3094861738313871,0,3
0.18750289638136497,0,3
0.15104548114743643,0,3
0.23728924400896623,1,3
0.30468586432339273,1,3
0.1742771509347868,0,3
0.3253968390814601,0,3
0.27732803203525513,0,3
0.34980544789565726,0,3
0.3253968390814601,0,3
0.34980544789565726,1,3
0.32811221123137335,1,3
0.28840124002221357,0,3
0.3947389551316546,1,3
0.1742771509347868,0,3
0.30468586432339273,1,3
0.3947389551316546,1,3
0.3947389551316546,0,3
0.30468586432339273,0,3
0.45576092149027614,0,3
0.2920570562571788,0,3
0.5400240884331966,1,3
0.16122372868718393,0,3
0.23728924400896623,1,3
0.47481039288106475,0,3
0.4549776207583969,1,3
0.40425825466485044,0,3
0.28556498251429474,1,3
0.40425825466485044,0,3
0.28556498251429474,1,3
0.3746621327361519,0,3
0.3746621327361519,0,3
0.37492480793571004,0,3
0.449325811813006,1,3
0.37492480793571004,1,3
0.3175566648396734,0,3
0.449325811813006,1,3
0.3628094581151816,1,3
0.4549776207583969,0,3
0.21743286682179208,1,3
0.4120794122403374,1,3
0.5911841712245549,0,3
0.21743286682179208,0,3
0.2976480664616854,0,3
0.4561340198848256,0,3
0.22839264497442224,0,3
0.4561340198848256,0,3
0.33618774894095105,1,3
0.33618774894095105,0,3
0.3521698478243863,0,3
0.4474247913195578,1,3
0.2778643355858801,0,3
0.4474247913195578,0,3
0.4474247913195578,0,3
0.2778643355858801,1,3
0.4561340198848256,0,3
0.37356502358584287,0,3
0.22839264497442224,0,3
0.3243812802003595,0,3
0.4120794122403374,1,3
0.5685957395760151,1,3
0.5685957395760151,1,3
0.26887254714834574,1,3
0.26887254714834574,0,3
0.5685957395760151,0,3
0.5685957395760151,1,3
0.26887254714834574,0,3
0.38126676544630855,0,3
0.4418525642657588,1,3
0.3444576938280439,0,3
0.3444576938280439,0,3
0.38126676544630855,0,3
0.3444576938280439,0,3
0.38126676544630855,1,3
0.21479045654362738,1,3
0.3240768820040826,0,3
0.21479045654362738,0,3
0.38200943238318474,1,3
0.22360773355136065,0,3
0.5195391628811091,1,3
0.22360773355136065,0,3
0.5195391628811091,0,3
0.2526145950492884,1,3
0.4038604561545529,0,3
0.2526145950492884,0,3
0.333647977267691,0,3
0.22616973488776204,0,3
0.46783499629080616,1,3
0.29965356087270856,1,3
0.3798791077899737,0,3
0.29965356087270856,0,3
0.333647977267691,1,3
0.5081260407947494,1,3
0.46783499629080616,1,3
0.4019059608591802,0,3
0.38347158683266835,0,3
0.38347158683266835,0,3
0.35785899712191105,1,3
0.37454227795018646,0,3
0.4677447216010957,0,3
0.4677447216010957,1,3
0.3617889040289952,0,3
0.36858112069577065,0,3
0.19237895217157996,0,3
0.19237895217157996,1,3
0.19237895217157996,0,3
0.36858112069577065,0,3
0.36858112069577065,1,3
0.19237895217157996,1,3
0.34910041693264493,0,3
0.38347158683266835,1,3
0.34910041693264493,0,3
0.36858112069577065,0,3
0.5038924867997653,0,3
0.23543647533975698,0,3
0.4195325284504815,1,3
0.331338455083105,0,3
0.4195325284504815,1,3
0.331338455083105,0,3
0.4139458395334028,0,3
0.4195325284504815,0,3
0.2476074185227215,0,3
0.33618774894095105,0,3
0.45464228534949425,0,3
0.33618774894095105,0,3
0.45464228534949425,0,3
0.2778643355858801,0,3
0.45464228534949425,0,3
0.41500409201068633,0,3
0.3659567425029978,0,3
0.3251556085575408,1,3
0.18495483830040793,0,3
0.18495483830040793,0,3
0.3251556085575408,0,3
0.3608076177602102,0,3
0.3608076177602102,0,3
0.35542245807756545,0,3
0.3902765417431394,0,3
0.3692658590208079,1,3
0.3251556085575408,0,3
0.3565897184151635,0,3
0.3902765417431394,1,3
0.18495483830040793,1,3
0.3659567425029978,0,3
0.3659567425029978,0,3
0.3902765417431394,1,3
0.3565897184151635,0,3
0.3535561664150755,1,3
0.33351505546791327,0,3
0.3535561664150755,0,3
0.4120794122403374,1,3
0.37356502358584287,0,3
0.5911841712245549,1,3
0.21743286682179208,0,3
0.32390009929644503,0,3
0.2639906111987125,1,3
0.2326379041997847,1,3
0.32390009929644503,0,3
0.3150167023182099,0,3
0.3830070395280153,0,3
0.3150167023182099,0,3
0.31740662483838755,0,3
0.32225455964666416,0,3
0.3830070395280153,1,3
0.19651514332844133,0,3
0.33351505546791327,1,3
0.31740662483838755,0,3
0.3132563326135356,0,3
0.31740662483838755,0,3
0.3047204481128948,0,3
0.31740662483838755,0,3
0.3047204481128948,0,3
0.31740662483838755,0,3
0.3535561664150755,0,3
0.33351505546791327,1,3
0.4391636020359243,0,3
0.3665656464733953,0,3
0.322098489968099,0,3
0.45600021255796164,0,3
0.322098489968099,1,3
0.45600021255796164,0,3
0.322098489968099,1,3
0.45600021255796164,1,3
0.32966900466939586,0,3
0.32966900466939586,0,3
0.4623724802949939,0,3
0.32966900466939586,1,3
0.4623724802949939,0,3
0.31276261832508845,0,3
0.4623724802949939,0,3
0.31276261832508845,0,3
0.4250375064050882,1,3
0.32811221123137335,0,3
0.3253968390814601,0,3
0.34980544789565726,0,3
0.3253968390814601,1,3
0.27732803203525513,0,3
0.34980544789565726,0,3
0.31276261832508845,0,3
0.4250375064050882,0,3
0.31276261832508845,1,3
0.47559141953768125,0,3
0.4250375064050882,0,3
0.31740662483838755,1,3
0.32225455964666416,1,3
0.31740662483838755,0,3
0.32225455964666416,0,3
0.41081004531934595,1,3
0.41081004531934595,1,3
0.4017776296146248,1,3
0.24558446023573022,0,3
0.41081004531934595,0,3
0.31740662483838755,0,3
0.24558446023573022,0,3
0.340132701910974,0,3
0.4561340198848256,0,3
0.18396554706484847,0,3
0.340132701910974,0,3
0.3047204481128948,0,3
0.31740662483838755,0,3
0.31740662483838755,0,3
0.3132563326135356,0,3
0.3132563326135356,0,3
0.31740662483838755,0,3
0.340132701910974,0,3
0.32225455964666416,0,3
0.19651514332844133,0,3
0.340132701910974,0,3
0.3132563326135356,0,3
0.22839264497442224,1,3
0.32225455964666416,1,3
0.3743087451962299,0,3
0.3055832326333908,0,3
0.3048005349090229,1,3
0.3048005349090229,0,3
0.3055832326333908,0,3
0.3048005349090229,1,3
0.3121122999827659,0,3
0.40266662231146566,1,3
0.40266662231146566,0,3
0.30760690925702383,1,3
0.40266662231146566,1,3
0.30760690925702383,0,3
0.351150663299839,0,3
0.3338520866532042,0,3
0.30760690925702383,0,3
0.2976480664616854,0,3
0.3596755719977057,1,3
0.41193456042325294,1,3
0.26208004014309894,0,3
0.26208004014309894,1,3
0.44753806608766067,0,3
0.26208004014309894,0,3
0.41193456042325294,1,3
0.4325514660201941,0,3
0.3596755719977057,0,3
0.3990152873167776,1,3
0.3990152873167776,0,3
0.44753806608766067,0,3
0.29461571733918823,0,3
0.5400240884331966,1,3
0.16289992785932106,0,3
0.45576092149027614,1,3
0.16289992785932106,0,3
0.3243426223563399,1,3
0.5387706298134456,1,3
0.3072466634181744,0,3
0.47125335013667313,0,3
0.2733782792923394,0,3
0.2733782792923394,0,3
0.45576092149027614,0,3
0.38837775647370676,0,3
0.3902765417431394,0,3
0.3243426223563399,1,3
0.36011955158353304,1,3
0.3251556085575408,0,3
0.3608076177602102,1,3
0.3251556085575408,1,3
0.3608076177602102,0,3
0.3251556085575408,0,3
0.3608076177602102,0,3
0.3565897184151635,1,3
0.19049156242933385,0,3
0.3354265581183965,0,3
0.19049156242933385,0,3
0.3902765417431394,0,3
0.3565897184151635,0,3
0.3902765417431394,1,3
0.3659567425029978,1,3
0.5197812044210726,0,3
0.45230994433919325,0,3
0.24782557460971122,1,3
0.3508048473454459,1,3
0.32821828282781207,1,3
0.3508048473454459,0,3
0.32821828282781207,0,3
0.3436372766753706,0,3
0.3508048473454459,1,3
0.2189795596399362,0,3
0.3920587200893908,0,3
0.3109039608288996,0,3
0.24782557460971122,0,3
0.3920587200893908,1,3
0.29625059944601784,0,3
0.3109039608288996,0,3
0.3205258326406034,0,3
0.4660426288522499,0,3
0.45230994433919325,0,3
0.45600021255796164,0,3
0.39650497846631505,0,3
0.45600021255796164,0,3
0.39650497846631505,1,3
0.39650497846631505,0,3
0.32966900466939586,1,3
0.45600021255796164,0,3
0.32966900466939586,0,3
0.4623724802949939,1,3
0.32966900466939586,0,3
0.5910295032984492,1,3
0.337781996759252,1,3
0.41569912586119917,0,3
0.337781996759252,1,3
0.4623724802949939,1,3
0.536190086720306,0,3
0.414548827535,0,3
0.22627439917133008,1,3
0.414548827535,1,3
0.6024111967779744,1,3
0.3146976355588591,0,3
0.1762469680997022,0,3
0.22627439917133008,0,3
0.536190086720306,1,3
0.27798432874322887,0,3
0.28840124002221357,0,3
0.27798432874322887,0,3
0.3947389551316546,0,3
0.3947389551316546,0,3
0.1762469680997022,0,3
0.22627439917133008,1,3
0.27798432874322887,1,3
0.3293971651496801,1,3
0.33558049102514964,0,3
0.3048005349090229,0,3
0.3055832326333908,0,3
0.3048005349090229,0,3
0.30760690925702383,0,3
0.40266662231146566,1,3
0.40266662231146566,0,3
0.3055832326333908,0,3
0.30760690925702383,0,3
0.40266662231146566,0,3
0.3293971651496801,0,3
0.351150663299839,0,3
0.351150663299839,0,3
0.3293971651496801,0,3
0.351150663299839,0,3
0.30760690925702383,0,3
0.44143217166160353,0,3
0.5037054328723825,1,3
0.34285308452635654,0,3
0.34285308452635654,0,3
0.5037054328723825,1,3
0.5545908672858237,1,3
0.34285308452635654,1,3
0.2886393571231689,0,3
0.2886393571231689,0,3
0.3080213938054953,0,3
0.44143217166160353,0,3
0.2691146098854388,0,3
0.36064293372981227,1,3
0.3080213938054953,0,3
0.3921140829523495,1,3
0.3080213938054953,0,3
0.3921140829523495,0,3
0.44143217166160353,1,3
0.43040346431496845,0,3
0.5400240884331966,0,3
0.2920570562571788,0,3
0.45576092149027614,1,3
0.16122372868718393,0,3
0.3665656464733953,0,3
0.16122372868718393,0,3
0.3665656464733953,1,3
0.30468586432339273,0,3
0.30468586432339273,0,3
0.28840124002221357,0,3
0.3947389551316546,1,3
0.30468586432339273,1,3
0.3947389551316546,0,3
0.30468586432339273,1,3
0.30468586432339273,0,3
0.32818965672014344,0,3
0.45576092149027614,0,3
0.3947389551316546,1,3
0.372739417931479,0,3
0.3164428545510811,0,3
0.22977166097768253,0,3
0.48212345994890005,1,3
0.48212345994890005,0,3
0.22977166097768253,0,3
0.5083272439720045,0,3
0.41704922757293805,0,3
0.5083272439720045,1,3
0.41704922757293805,1,3
0.41704922757293805,1,3
0.41704922757293805,0,3
0.5083272439720045,0,3
0.3164428545510811,0,3
0.372739417931479,0,3
0.3164428545510811,1,3
0.372739417931479,0,3
0.5083272439720045,1,3
0.5038924867997653,1,3
0.22627439917133008,1,3
0.414548827535,0,3
0.414548827535,0,3
0.22627439917133008,0,3
0.22627439917133008,1,3
0.4139458395334028,1,3
0.2476074185227215,0,3
0.41500409201068633,0,3
0.41500409201068633,0,3
0.2476074185227215,1,3
0.2476074185227215,0,3
0.41500409201068633,0,3
0.41500409201068633,1,3
0.22627439917133008,0,3
0.2476074185227215,1,3
0.414548827535,0,3
0.414548827535,0,3
0.22627439917133008,0,3
0.5468019773487287,0,3
0.4036533290948501,1,3
0.4036533290948501,0,3
0.407606078358276,0,3
0.318455290480936,0,3
0.318455290480936,0,3
0.39480923849541516,1,3
0.39480923849541516,1,3
0.4284408574748193,1,3
0.4284408574748193,0,3
0.38660955552562437,0,3
0.38660955552562437,1,3
0.4284408574748193,1,3
0.4284408574748193,0,3
0.38660955552562437,0,3
0.38660955552562437,1,3
0.33558049102514964,0,3
0.3153282213789822,0,3
0.3826244094499206,0,3
0.3078793711253477,0,3
0.3078793711253477,0,3
0.3826244094499206,0,3
0.5927735079041598,0,3
0.3153282213789822,0,3
0.22346157969730496,0,3
0.3012513950464333,0,3
0.22346157969730496,0,3
0.3012513950464333,0,3
0.3012513950464333,0,3
0.22346157969730496,0,3
0.5927735079041598,1,3
0.21743286682179208,0,3
0.4120794122403374,1,3
0.21743286682179208,0,3
0.4120794122403374,0,3
0.3516326071491168,0,3
0.3192364914343542,0,3
0.3192364914343542,0,3
0.3550937590245199,0,3
0.3550937590245199,0,3
0.3550937590245199,0,3
0.3192364914343542,0,3
0.3545095858822964,0,3
0.32084865407648244,0,3
0.3545095858822964,1,3
0.3159210462248161,1,3
0.3159210462248161,0,3
0.3545095858822964,0,3
0.21743286682179208,0,3
0.3192364914343542,0,3
0.4120794122403374,1,3
0.4120794122403374,0,3
0.37356502358584287,1,3
0.2767829390988703,0,3
0.2742471448943934,0,3
0.2767829390988703,0,3
0.2742471448943934,0,3
0.5099064510751674,1,3
0.3691523571542188,0,3
0.3691523571542188,0,3
0.5099064510751674,1,3
0.5008821513790989,1,3
0.4120794122403374,0,3
0.5008821513790989,1,3
0.3320092240167968,0,3
0.3255363300363393,0,3
0.3255363300363393,0,3
0.2970040461355863,1,3
0.32821828282781207,1,3
0.3255363300363393,0,3
0.3320092240167968,0,3
0.32821828282781207,1,3
0.30673165988884454,0,3
0.4139458395334028,0,3
0.41500409201068633,1,3
0.2476074185227215,0,3
0.41500409201068633,1,3
0.2476074185227215,0,3
0.2629106999933801,1,3
0.2629106999933801,0,3
0.29857329809759914,1,3
0.3235742398212407,0,3
0.2629106999933801,1,3
0.5038924867997653,1,3
0.3311920566089601,0,3
0.29857329809759914,1,3
0.3311920566089601,1,3
0.2719924140266492,0,3
0.30673165988884454,0,3
0.4334670480903895,1,3
0.4898711378304549,1,3
0.2955631025282428,1,3
0.4069809974180262,1,3
0.2955631025282428,1,3
0.2955631025282428,0,3
0.4069809974180262,0,3
0.4069809974180262,1,3
0.4898711378304549,0,3
0.2955631025282428,0,3
0.334014680181838,0,3
0.4570946425092465,1,3
0.360968384637556,0,3
0.334014680181838,0,3
0.4898711378304549,0,3
0.4334670480903895,1,3
0.4334670480903895,0,3
0.4898711378304549,0,3
0.4334670480903895,0,3
0.360968384637556,1,3
0.3297089600347035,0,3
0.3297089600347035,0,3
0.4743668590425837,1,3
0.3787912167259351,0,3
0.2594447699453901,0,3
0.4743668590425837,1,3
0.2594447699453901,0,3
0.3297089600347035,0,3
0.42793858735664636,1,3
0.3297089600347035,0,3
0.3787912167259351,0,3
0.34096396484896896,0,3
0.34096396484896896,0,3
0.43574924273874116,0,3
0.43574924273874116,0,3
0.34096396484896896,1,3
0.3787912167259351,0,3
0.43574924273874116,1,3
0.3108511568105553,1,3
0.3917234854606674,1,3
0.23661821080844525,0,3
0.3108511568105553,1,3
0.23661821080844525,0,3
0.37674703651854335,0,3
0.3917234854606674,1,3
0.37674703651854335,0,3
0.30658678038255105,0,3
0.30658678038255105,0,3
0.3330258246082404,0,3
0.30658678038255105,0,3
0.3330258246082404,0,3
0.22663815938221177,0,3
0.22657324180307936,0,3
0.23771019853866104,1,3
0.22657324180307936,0,3
0.3330258246082404,0,3
0.23661821080844525,0,3
0.3108511568105553,0,3
0.4288046624669317,0,3
0.6181242044841864,1,3
0.3951821013284099,1,3
0.2969191096933793,1,3
0.6181242044841864,0,3
0.6181242044841864,0,3
0.3951821013284099,0,3
0.3951821013284099,0,3
0.6181242044841864,1,3
0.20361873763980565,0,3
0.3951821013284099,0,3
0.33574120285815734,1,3
0.20361873763980565,1,3
0.20361873763980565,0,3
0.33574120285815734,0,3
0.4288046624669317,0,3
0.2969191096933793,0,3
0.4288046624669317,1,3
0.2969191096933793,1,3
0.33574120285815734,1,3
0.31707592931499895,0,3
0.5111495138593551,0,3
0.3761480181313287,0,3
0.39502918934845577,1,3
0.39502918934845577,0,3
0.3516326071491168,0,3
0.3516326071491168,0,3
0.31707592931499895,0,3
0.31707592931499895,0,3
0.3516326071491168,1,3
0.29984824531791854,0,3
0.3761480181313287,0,3
0.5111495138593551,0,3
0.5111495138593551,1,3
0.29984824531791854,0,3
0.29984824531791854,0,3
0.29852644636726244,1,3
0.3490005967738745,0,3
0.29852644636726244,1,3
0.3490005967738745,0,3
0.41295867365403993,0,3
0.46326302917274953,0,3
0.41295867365403993,0,3
0.46326302917274953,1,3
0.46326302917274953,0,3
0.41295867365403993,0,3
0.28556498251429474,1,3
0.40425825466485044,0,3
0.40425825466485044,0,3
0.28556498251429474,1,3
0.4549776207583969,0,3
0.3746621327361519,1,3
0.4549776207583969,0,3
0.4751661775352032,1,3
0.3149185880681322,0,3
0.3149185880681322,0,3
0.4751661775352032,0,3
0.3746621327361519,1,3
0.36858112069577065,0,3
0.6251293251547705,1,3
0.30569825314105115,0,3
0.6251293251547705,1,3
0.34910041693264493,0,3
0.19237895217157996,0,3
0.36858112069577065,0,3
0.19237895217157996,1,3
0.36858112069577065,1,3
0.3589766593749101,1,3
0.36858112069577065,0,3
0.19237895217157996,0,3
0.3589766593749101,1,3
0.4677447216010957,1,3
0.4677447216010957,0,3
0.3589766593749101,0,3
0.4677447216010957,1,3
0.1752788811678655,0,3
0.2671561528643073,0,3
0.3444576938280439,0,3
0.38126676544630855,1,3
0.38126676544630855,0,3
0.5225626792566715,1,3
0.37839157962572634,0,3
0.4771835725040128,1,3
0.37839157962572634,1,3
0.2671561528643073,1,3
0.26887254714834574,0,3
0.4771835725040128,0,3
0.21479045654362738,0,3
0.3243812802003595,1,3
0.3243812802003595,1,3
0.21479045654362738,0,3
0.4771835725040128,1,3
0.4288046624669317,1,3
0.2969191096933793,1,3
0.4288046624669317,0,3
0.2969191096933793,0,3
0.29852644636726244,0,3
0.3490005967738745,0,3
0.3490005967738745,0,3
0.4288046624669317,0,3
0.3490005967738745,0,3
0.29852644636726244,1,3
0.2969191096933793,0,3
0.29852644636726244,0,3
0.4288046624669317,1,3
0.2969191096933793,0,3
0.5083272439720045,0,3
0.2897647964036837,0,3
0.5083272439720045,0,3
0.2897647964036837,0,3
0.2897647964036837,0,3
0.41704922757293805,0,3
0.5083272439720045,1,3
0.2897647964036837,0,3
0.5083272439720045,0,3
0.5083272439720045,0,3
0.39650497846631505,0,3
0.39650497846631505,0,3
0.45600021255796164,1,3
0.45600021255796164,1,3
0.39650497846631505,1,3
0.39650497846631505,0,3
0.39650497846631505,1,3
0.45600021255796164,0,3
0.45600021255796164,1,3
0.4623724802949939,0,3
0.32966900466939586,0,3
0.32966900466939586,0,3
0.4623724802949939,1,3
0.46305388500463696,1,3
0.32966900466939586,1,3
0.4623724802949939,0,3
0.32966900466939586,0,3
0.5910295032984492,1,3
0.3443317075586957,0,3
0.3490005967738745,0,3
0.29779078760264244,0,3
0.3443317075586957,1,3
0.3443317075586957,1,3
0.29779078760264244,0,3
0.29779078760264244,1,3
0.3443317075586957,0,3
0.29852644636726244,1,3
0.3490005967738745,0,3
0.29779078760264244,0,3
0.29852644636726244,0,3
0.3490005967738745,0,3
0.29852644636726244,1,3
0.3243812802003595,0,3
0.3243812802003595,0,3
0.21479045654362738,0,3
0.3243812802003595,0,3
0.21479045654362738,0,3
0.3243812802003595,1,3
0.21479045654362738,1,3
0.21479045654362738,0,3
0.3243812802003595,1,3
0.21479045654362738,1,3
0.3235742398212407,0,3
0.26047711014278885,0,3
0.26047711014278885,0,3
0.32054965774937394,0,3
0.2629106999933801,0,3
0.3235742398212407,0,3
0.2629106999933801,0,3
0.2629106999933801,0,3
0.32054965774937394,0,3
0.39650497846631505,0,3
0.45600021255796164,1,3
0.39650497846631505,0,3
0.45600021255796164,1,3
0.45600021255796164,0,3
0.39650497846631505,0,3
0.39650497846631505,0,3
0.3235742398212407,0,3
0.45600021255796164,0,3
0.19680411886975835,0,3
0.2715628808656989,0,3
0.4902991300823303,1,3
0.2437224415858642,0,3
0.268834385507274,0,3
0.268834385507274,0,3
0.543688558276623,0,3
0.49985953504362135,0,3
0.543688558276623,0,3
0.43965414554648874,0,3
0.27412851417595596,0,3
0.1892695687427357,1,3
0.27412851417595596,1,3
0.27412851417595596,0,3
0.1892695687427357,1,3
0.27412851417595596,1,3
0.1892695687427357,0,3
0.2356437514175138,0,3
0.3335300470652768,0,3
0.23290839561055465,0,3
0.32668026889087787,1,3
0.1892695687427357,1,3
0.2188772276342693,0,3
0.46700976819366136,0,3
0.46111721445917764,1,3
0.2188772276342693,0,3
0.47654062876269965,0,3
0.15552567705278708,0,3
0.2489303294224946,0,3
0.4572039220970512,1,3
0.22510522294973445,0,3
0.4572039220970512,1,3
0.22510522294973445,0,3
0.4645940964434031,1,3
0.3441004927223058,0,3
0.3155670496459021,0,3
0.3155670496459021,1,3
0.37443432352040895,1,3
0.3220260636957115,0,3
0.37443432352040895,0,3
0.35278326093894297,0,3
0.41950780100350704,1,3
0.41950780100350704,0,3
0.32668026889087787,0,3
0.25324246877548184,1,3
0.25324246877548184,1,3
0.32668026889087787,1,3
0.32668026889087787,0,3
0.25175234408887626,1,3
0.32668026889087787,1,3
0.25175234408887626,1,3
0.33877304594355706,0,3
0.3409090324939924,0,3
0.45438685097002585,0,3
0.3409090324939924,0,3
0.45438685097002585,1,3
0.45438685097002585,0,3
0.3409090324939924,0,3
0.31416148147043055,1,3
0.3608076177602102,0,3
0.3608076177602102,1,3
0.4867924533814202,0,3
0.4013968918031915,1,3
0.45600021255796164,0,3
0.39650497846631505,0,3
0.45600021255796164,0,3
0.39650497846631505,1,3
0.31416148147043055,1,3
0.30372450204587964,0,3
0.48853862809091164,1,3
0.48853862809091164,0,3
0.30372450204587964,0,3
0.30372450204587964,1,3
0.5220573743906365,0,3
0.30372450204587964,0,3
0.5220573743906365,0,3
0.33669651407271073,0,3
0.33669651407271073,1,3
0.4677447216010957,1,3
0.45481237472113245,1,3
0.33669651407271073,0,3
0.4418525642657588,0,3
0.16823921732057923,0,3
0.16823921732057923,0,3
0.4418525642657588,1,3
0.4677447216010957,1,3
0.32020593778507567,1,3
0.318455290480936,0,3
0.439827623149625,0,3
0.407606078358276,0,3
0.318455290480936,1,3
0.20638673741419955,0,3
0.20638673741419955,1,3
0.20638673741419955,0,3
0.407606078358276,0,3
0.3513255021765225,1,3
0.407606078358276,0,3
0.32020593778507567,1,3
0.28988112138193345,0,3
0.372739417931479,0,3
0.28988112138193345,0,3
0.3606539415227118,0,3
0.3740515272340219,0,3
0.32020593778507567,0,3
0.3865169520657993,0,3
0.2941182804425333,0,3
0.2941182804425333,0,3
0.3742512907452835,0,3
0.2379625268178216,0,3
0.5598376291972509,1,3
0.2379625268178216,0,3
0.5598376291972509,0,3
0.40425825466485044,0,3
0.31187455844458356,1,3
0.31187455844458356,1,3
0.40425825466485044,0,3
0.28766111348363976,0,3
0.31657289225835883,0,3
0.28766111348363976,0,3
0.31657289225835883,0,3
0.26351173230537117,0,3
0.44143217166160353,1,3
0.44143217166160353,1,3
0.26351173230537117,1,3
0.2840597824473329,1,3
0.4286414462674427,0,3
0.4635981278385295,1,3
0.4635981278385295,0,3
0.2840597824473329,0,3
0.4635981278385295,1,3
0.4000171009209601,0,3
0.26351173230537117,0,3
0.21743286682179208,1,3
0.21743286682179208,0,3
0.4120794122403374,0,3
0.24344759407601035,0,3
0.4115654424986265,0,3
0.32818965672014344,0,3
0.36395537459024274,1,3
0.24344759407601035,1,3
0.34977644284324105,0,3
0.41081004531934595,0,3
0.41081004531934595,0,3
0.24344759407601035,0,3
0.41081004531934595,0,3
0.4120794122403374,0,3
0.28840124002221357,0,3
0.5395353649181298,0,3
0.36395537459024274,0,3
0.307786754081249,0,3
0.37356502358584287,0,3
0.4005723693791877,0,3
0.4334670480903895,1,3
0.4334670480903895,1,3
0.2864744252257019,1,3
0.557812363478819,1,3
0.4288046624669317,1,3
0.4005723693791877,0,3
0.4288046624669317,0,3
0.2864744252257019,1,3
0.31130253032033817,1,3
0.544291082621461,0,3
0.544291082621461,1,3
0.31130253032033817,0,3
0.44931046931451113,1,3
0.2864744252257019,1,3
0.3255363300363393,0,3
0.24551590760281028,0,3
0.41500409201068633,1,3
0.24551590760281028,0,3
0.4465560246149516,0,3
0.32821828282781207,0,3
0.32821828282781207,0,3
0.32821828282781207,0,3
0.44952239741988886,1,3
0.3180117627705593,0,3
0.32188023243598096,0,3
0.44952239741988886,0,3
0.24567555845147004,0,3
0.24567555845147004,0,3
0.44952239741988886,0,3
0.41500409201068633,0,3
0.24567555845147004,0,3
0.3255363300363393,0,3
0.4112172071579526,1,3
0.3604389979321655,0,3
0.5008821513790989,1,3
0.29984824531791854,0,3
0.23377781391847952,0,3
0.29984824531791854,0,3
0.5038924867997653,0,3
0.29984824531791854,1,3
0.23377781391847952,0,3
0.2839242748233909,0,3
0.3584313299864993,0,3
0.23377781391847952,1,3
0.29462340971380596,0,3
0.43509529721203066,0,3
0.29462340971380596,1,3
0.5008821513790989,0,3
0.3604389979321655,0,3
0.5008821513790989,0,3
0.3604389979321655,1,3
0.43509529721203066,0,3
0.5063914241304632,1,3
0.5872206538500162,0,3
0.30700946445798283,1,3
0.5101814526320094,1,3
0.5101814526320094,0,3
0.30700946445798283,1,3
0.30700946445798283,0,3
0.30700946445798283,0,3
0.20465025284256155,0,3
0.3596755719977057,0,3
0.3596755719977057,0,3
0.20465025284256155,0,3
0.3596755719977057,0,3
0.20465025284256155,0,3
0.3376543408001422,0,3
0.31252847102057424,0,3
0.4330772953182791,0,3
0.3376543408001422,0,3
0.4403098511596669,1,3
0.3204429737239348,0,3
0.4403098511596669,1,3
0.25534549444301724,0,3
0.6062108960327566,1,3
0.25534549444301724,0,3
0.5275533779362953,0,3
0.3204429737239348,0,3
0.3352800053560977,0,3
0.3352800053560977,1,3
0.35291384198038356,1,3
0.35291384198038356,0,3
0.3352800053560977,0,3
0.35291384198038356,0,3
0.3352800053560977,0,3
0.35291384198038356,1,3
0.28149190118074485,0,3
0.4750986531760424,0,3
0.4750986531760424,1,3
0.28149190118074485,1,3
0.337523565341471,0,3
0.433049967044304,0,3
0.4528549040739006,0,3
0.26245714384345964,0,3
0.26245714384345964,0,3
0.4528549040739006,0,3
0.4528549040739006,0,3
0.33558049102514964,0,3
0.3612344985239555,1,3
0.414548827535,0,3
0.28108110427816424,1,3
0.26245714384345964,0,3
0.39232544826418825,1,3
0.2527765894084191,1,3
0.39232544826418825,0,3
0.28108110427816424,0,3
0.2843055002374456,0,3
0.4410842486272074,1,3
0.2843055002374456,0,3
0.29852644636726244,1,3
0.34285308452635654,0,3
0.29852644636726244,0,3
0.34285308452635654,1,3
0.4743668590425837,0,3
0.34285308452635654,1,3
0.3185943166886348,0,3
0.501415773199974,0,3
0.37440736791379403,1,3
0.3185943166886348,0,3
0.37440736791379403,1,3
0.3185943166886348,1,3
0.29852644636726244,0,3
0.45464228534949425,1,3
0.4746080605374733,0,3
0.4746080605374733,0,3
0.288938953756985,0,3
0.37167568835497145,1,3
0.3289556925970023,0,3
0.3701793123972654,0,3
0.45334241312746193,1,3
0.3947389551316546,0,3
0.2857948370593888,0,3
0.4140714365830497,1,3
0.4140714365830497,1,3
0.2857948370593888,1,3
0.31623186238948886,0,3
0.25506114668820723,0,3
0.30597823598619156,0,3
0.31623186238948886,1,3
0.30597823598619156,0,3
0.4760632034641544,1,3
0.5232012575346991,0,3
0.36486230200213177,0,3
0.36486230200213177,0,3
0.2767829390988703,0,3
0.26887254714834574,0,3
0.2767829390988703,0,3
0.5232012575346991,1,3
0.2767829390988703,0,3
0.26887254714834574,0,3
0.6042481685604877,0,3
0.30597823598619156,0,3
0.4760632034641544,1,3
0.30597823598619156,1,3
0.4760632034641544,1,3
0.26887254714834574,0,3
0.47589698613468256,0,3
0.41842366722607516,0,3
0.3162900064574149,0,3
0.41842366722607516,0,3
0.3162900064574149,0,3
0.2816577123335515,0,3
0.47589698613468256,0,3
0.2816577123335515,1,3
0.2626871360618973,0,3
0.2816577123335515,0,3
0.48884492649148015,1,3
0.2626871360618973,0,3
0.48884492649148015,1,3
0.2626871360618973,0,3
0.46980849773718814,0,3
0.47589698613468256,0,3
0.36289423276324284,0,3
0.5838114022991171,1,3
0.36289423276324284,0,3
0.4549776207583969,1,3
0.36289423276324284,0,3
0.36289423276324284,0,3
0.4549776207583969,0,3
0.5838114022991171,0,3
0.46095451359374895,1,3
0.46095451359374895,0,3
0.3229375140016856,1,3
0.46095451359374895,1,3
0.3229375140016856,0,3
0.3229375140016856,0,3
0.31831066993614143,1,3
0.18783970236590386,0,3
0.18783970236590386,0,3
0.31831066993614143,0,3
0.4019059608591802,0,3
0.17457380868280215,0,3
0.536190086720306,0,3
0.17457380868280215,0,3
0.34292511625002975,0,3
0.32345466060757155,0,3
0.40129296689922134,1,3
0.3612344985239555,0,3
0.42382355022374085,0,3
0.40129296689922134,0,3
0.44753806608766067,0,3
0.31220827474649526,0,3
0.44753806608766067,1,3
0.2552446257497758,0,3
0.2552446257497758,0,3
0.44753806608766067,1,3
0.3617035014185638,0,3
0.22346157969730496,1,3
0.536190086720306,1,3
0.22346157969730496,0,3
0.3935007146319397,0,3
0.2955631025282428,0,3
0.41695380003781,1,3
0.3935007146319397,0,3
0.3935007146319397,0,3
0.41695380003781,0,3
0.41695380003781,1,3
0.3935007146319397,1,3
0.42379606894706945,0,3
0.41695380003781,0,3
0.5034694162462041,0,3
0.2957901120022931,0,3
0.5034694162462041,1,3
0.26667607656648507,0,3
0.2955631025282428,0,3
0.21050368110582574,0,3
0.2955631025282428,1,3
0.2957901120022931,0,3
0.3581349011958477,0,3
0.3586021390223404,0,3
0.35022401436343187,0,3
0.5395353649181298,0,3
0.33153710141862336,0,3
0.27108647548758635,0,3
0.18770715776232427,0,3
0.27108647548758635,0,3
0.18770715776232427,0,3
0.5395353649181298,1,3
0.33329818625588914,0,3
0.27108647548758635,0,3
0.46238084123495915,0,3
0.46238084123495915,0,3
0.35022401436343187,1,3
0.5395353649181298,1,3
0.24489778138391405,0,3
0.41909988929794817,0,3
0.30760690925702383,1,3
0.3801312413157748,0,3
0.45891400845816277,0,3
0.3354285420610741,0,3
0.3801312413157748,1,3
0.3354285420610741,0,3
0.5036133748449516,1,3
0.3801312413157748,0,3
0.5036133748449516,0,3
0.40266662231146566,0,3
0.29160193216371866,0,3
0.30760690925702383,0,3
0.40266662231146566,0,3
0.40266662231146566,0,3
0.41909988929794817,0,3
0.2776969140215547,0,3
0.32291759555969246,0,3
0.30700946445798283,0,3
0.5101814526320094,0,3
0.30700946445798283,0,3
0.5063914241304632,0,3
0.3352800053560977,0,3
0.32291759555969246,0,3
0.3352800053560977,0,3
0.3352800053560977,0,3
0.30597823598619156,0,3
0.4760632034641544,0,3
0.30597823598619156,0,3
0.4760632034641544,0,3
0.30597823598619156,0,3
0.6042481685604877,0,3
0.35291384198038356,0,3
0.1818980966174284,0,3
0.5400240884331966,1,3
0.18220067558981579,0,3
0.33174619899777924,1,3
0.25209880515552163,0,3
0.36704706643493323,0,3
0.29965356087270856,0,3
0.4528549040739006,0,3
0.3798791077899737,0,3
0.3311495661376461,0,3
0.3311495661376461,0,3
0.29965356087270856,0,3
0.3230470893607651,0,3
0.33174619899777924,0,3
0.45576092149027614,0,3
0.45576092149027614,1,3
0.2955631025282428,1,3
0.41842366722607516,0,3
0.3482483204600847,0,3
0.3162900064574149,0,3
0.3162900064574149,0,3
0.38618238688233864,1,3
0.3935007146319397,0,3
0.41695380003781,0,3
0.38618238688233864,0,3
0.3935007146319397,0,3
0.41695380003781,0,3
0.3935007146319397,0,3
0.21050368110582574,0,3
0.22346157969730496,0,3
0.2955631025282428,0,3
0.41695380003781,0,3
0.29965356087270856,0,3
0.39759254682721357,1,3
0.34977644284324105,0,3
0.33174619899777924,0,3
0.39759254682721357,1,3
0.3798791077899737,0,3
0.4528549040739006,0,3
0.5053118772532685,1,3
0.29965356087270856,0,3
0.5400240884331966,1,3
0.45576092149027614,0,3
0.3230470893607651,0,3
0.5400240884331966,0,3
0.1818980966174284,1,3
0.18220067558981579,0,3
0.5400240884331966,1,3
0.39759254682721357,0,3
0.18220067558981579,0,3
0.3400713211537648,0,3
0.33174619899777924,0,3
0.40266662231146566,0,3
0.25209880515552163,0,3
0.35796283629106385,0,3
0.2839242748233909,0,3
0.4345944767604305,0,3
0.2839242748233909,0,3
0.35796283629106385,1,3
0.33174619899777924,0,3
0.4005723693791877,0,3
0.4334670480903895,0,3
0.3603968138015866,0,3
0.2839242748233909,0,3
0.4005723693791877,0,3
0.3603968138015866,0,3
0.40266662231146566,1,3
0.29160193216371866,0,3
0.30760690925702383,0,3
0.30760690925702383,1,3
0.40266662231146566,1,3
0.4005723693791877,1,3
0.5598376291972509,1,3
0.3604389979321655,0,3
0.46739341340666196,1,3
0.46739341340666196,0,3
0.3604389979321655,0,3
0.5008821513790989,0,3
0.3604389979321655,0,3
0.5465681260736093,0,3
0.2379625268178216,0,3
0.5598376291972509,0,3
0.2379625268178216,0,3
0.3735745051596028,0,3
0.2894618019559394,1,3
0.32738750340586076,1,3
0.32738750340586076,0,3
0.32738750340586076,0,3
0.2379625268178216,0,3
0.2894618019559394,0,3
0.36395537459024274,0,3
0.24344759407601035,0,3
0.41081004531934595,0,3
0.41081004531934595,1,3
0.41081004531934595,1,3
0.24344759407601035,1,3
0.43040346431496845,0,3
0.36395537459024274,1,3
0.21743286682179208,0,3
0.5395353649181298,0,3
0.37356502358584287,0,3
0.28840124002221357,0,3
0.4120794122403374,0,3
0.4120794122403374,1,3
0.21743286682179208,0,3
0.21743286682179208,1,3
0.4120794122403374,0,3
0.34545183330935814,0,3
0.34027959289409626,0,3
0.24344759407601035,1,3
0.25534549444301724,0,3
0.6062108960327566,1,3
0.407606078358276,0,3
0.26141114071698035,0,3
0.26141114071698035,0,3
0.407606078358276,0,3
0.407606078358276,0,3
0.407606078358276,0,3
0.26141114071698035,0,3
0.20638673741419955,1,3
0.26141114071698035,0,3
0.20638673741419955,0,3
0.439827623149625,1,3
0.6062108960327566,0,3
0.6062108960327566,0,3
0.25534549444301724,0,3
0.25534549444301724,0,3
0.20638673741419955,0,3
0.318455290480936,0,3
0.318455290480936,0,3
0.46572802383129364,0,3
0.3180117627705593,0,3
0.24567555845147004,0,3
0.44952239741988886,0,3
0.24567555845147004,0,3
0.44952239741988886,0,3
0.32821828282781207,1,3
0.3427301443587083,0,3
0.32188023243598096,1,3
0.32821828282781207,0,3
0.3427301443587083,0,3
0.4112172071579526,0,3
0.24551590760281028,0,3
0.5038924867997653,1,3
0.41500409201068633,0,3
0.24551590760281028,0,3
0.41500409201068633,1,3
0.32821828282781207,0,3
0.3354285420610741,0,3
0.29852644636726244,0,3
0.34906956917922083,0,3
0.34906956917922083,1,3
0.34285308452635654,0,3
0.29852644636726244,0,3
0.29852644636726244,0,3
0.34285308452635654,0,3
0.47589698613468256,0,3
0.2816577123335515,0,3
0.47589698613468256,0,3
0.34285308452635654,0,3
0.2816577123335515,0,3
0.47589698613468256,0,3
0.45891400845816277,0,3
0.3801312413157748,0,3
0.34906956917922083,0,3
0.3354285420610741,1,3
0.3354285420610741,0,3
0.2816577123335515,1,3
0.30372450204587964,0,3
0.33624154035576626,0,3
0.45481237472113245,1,3
0.33624154035576626,1,3
0.45481237472113245,0,3
0.45481237472113245,0,3
0.5220573743906365,0,3
0.33624154035576626,0,3
0.30372450204587964,0,3
0.5220573743906365,0,3
0.30372450204587964,0,3
0.2626871360618973,1,3
0.48884492649148015,0,3
0.34277287537403167,1,3
0.46980849773718814,0,3
0.5220573743906365,0,3
0.36289423276324284,0,3
0.4549776207583969,0,3
0.36289423276324284,0,3
0.4549776207583969,0,3
0.5838114022991171,0,3
0.36289423276324284,0,3
0.26311642353218856,1,3
0.4286414462674427,0,3
0.4286414462674427,1,3
0.26311642353218856,0,3
0.4286414462674427,0,3
0.29984824531791854,0,3
0.18649881812901536,0,3
0.18649881812901536,0,3
0.29984824531791854,1,3
0.26311642353218856,0,3
0.3185943166886348,1,3
0.31130253032033817,0,3
0.544291082621461,0,3
0.32788831528904916,1,3
0.44931046931451113,0,3
0.44931046931451113,0,3
0.3102017162650478,0,3
0.32788831528904916,0,3
0.3102017162650478,1,3
0.26887254714834574,0,3
0.4304149590764462,0,3
0.3185943166886348,0,3
0.26887254714834574,0,3
0.2767829390988703,1,3
0.26887254714834574,0,3
0.2767829390988703,0,3
0.2767829390988703,0,3
0.3185943166886348,1,3
0.31831066993614143,1,3
0.3715142625638963,0,3
0.3240356440179246,0,3
0.2876524255748928,0,3
0.31270519348738557,1,3
0.31831066993614143,1,3
0.31270519348738557,0,3
0.2876524255748928,0,3
0.18783970236590386,1,3
0.18783970236590386,0,3
0.31831066993614143,0,3
0.18783970236590386,1,3
0.4000171009209601,0,3
0.38533774440458124,1,3
0.2840597824473329,1,3
0.4635981278385295,1,3
0.4635981278385295,0,3
0.18783970236590386,0,3
0.31831066993614143,0,3
0.2840597824473329,0,3
0.3289556925970023,0,3
0.4268116720746048,1,3
0.4465560246149516,0,3
0.31623186238948886,0,3
0.2857948370593888,0,3
0.4465560246149516,0,3
0.37167568835497145,0,3
0.4008203900998628,0,3
0.25506114668820723,0,3
0.25544742783997,0,3
0.45334241312746193,0,3
0.3947389551316546,1,3
0.4140714365830497,0,3
0.31623186238948886,1,3
0.45334241312746193,1,3
0.3229375140016856,0,3
0.31623186238948886,1,3
0.3229375140016856,0,3
0.3828219042122273,1,3
0.5036133748449516,0,3
0.41909988929794817,0,3
0.41909988929794817,1,3
0.5036133748449516,0,3
0.41909988929794817,0,3
0.3100591387335089,0,3
0.5036133748449516,1,3
0.3100591387335089,0,3
0.2936953668019624,0,3
0.3100591387335089,0,3
0.2936953668019624,0,3
0.3100591387335089,0,3
0.2936953668019624,0,3
0.46095451359374895,0,3
0.2936953668019624,0,3
0.23544046029726529,1,3
0.31657289225835883,0,3
0.28766111348363976,0,3
0.28766111348363976,0,3
0.31657289225835883,1,3
0.31657289225835883,0,3
0.42789320413177956,1,3
0.23544046029726529,1,3
0.28766111348363976,0,3
0.2843055002374456,0,3
0.4013968918031915,0,3
0.33173205993190324,0,3
0.31416148147043055,0,3
0.4677628096524772,0,3
0.33173205993190324,0,3
0.31416148147043055,1,3
0.4743668590425837,0,3
0.46100144331850545,1,3
0.26667607656648507,0,3
0.4157077120766708,1,3
0.2864744252257019,0,3
0.4157077120766708,0,3
0.557812363478819,0,3
0.2864744252257019,0,3
0.432430017945702,1,3
0.26667607656648507,0,3
0.2864744252257019,1,3
0.432430017945702,1,3
0.2583263010084711,0,3
0.31187455844458356,1,3
0.40425825466485044,0,3
0.40425825466485044,0,3
0.31187455844458356,0,3
0.39884423743017794,0,3
0.38602815877939944,0,3
0.432430017945702,0,3
0.44271642825083024,0,3
0.3376543408001422,0,3
0.3120907893783167,0,3
0.3120907893783167,1,3
0.3376543408001422,0,3
0.3376543408001422,1,3
0.43257701898676315,0,3
0.348419728997604,0,3
0.348419728997604,0,3
0.45600021255796164,0,3
0.16649096567318156,0,3
0.4418525642657588,0,3
0.16823921732057923,0,3
0.4418525642657588,0,3
0.44271642825083024,0,3
0.3254117230542414,0,3
0.39650497846631505,0,3
0.4418525642657588,1,3
0.49029251763085113,0,3
0.27987790295562454,0,3
0.27987790295562454,0,3
0.45438685097002585,0,3
0.3576630854948818,1,3
0.3635073274229219,0,3
0.3635073274229219,0,3
0.3635073274229219,0,3
0.3576630854948818,0,3
0.38660955552562437,0,3
0.4284408574748193,0,3
0.407406880316871,0,3
0.5232012575346991,0,3
0.3576630854948818,0,3
0.4470422930717761,1,3
0.28149190118074485,0,3
0.28149190118074485,0,3
0.3657511515774897,0,3
0.3657511515774897,1,3
0.28108110427816424,0,3
0.28108110427816424,0,3
0.3657511515774897,1,3
0.3990004927063655,0,3
0.41081004531934595,1,3
0.3990004927063655,1,3
0.3990004927063655,1,3
0.41081004531934595,0,3
0.28840124002221357,0,3
0.388966646264462,0,3
0.28840124002221357,0,3
0.34027959289409626,0,3
0.41081004531934595,0,3
0.44753806608766067,1,3
0.40506871469961114,0,3
0.24083156840791164,0,3
0.24083156840791164,0,3
0.44753806608766067,0,3
0.24083156840791164,0,3
0.44753806608766067,0,3
0.44753806608766067,0,3
0.24567555845147004,0,3
0.44952239741988886,0,3
0.24567555845147004,1,3
0.24567555845147004,0,3
0.44952239741988886,0,3
0.32188023243598096,1,3
0.24567555845147004,0,3
0.30896755092360484,0,3
0.32188023243598096,0,3
0.44952239741988886,1,3
0.4112172071579526,0,3
0.24551590760281028,0,3
0.41500409201068633,0,3
0.41500409201068633,0,3
0.24551590760281028,0,3
0.5038924867997653,1,3
0.27108647548758635,0,3
0.27108647548758635,0,3
0.4432323211834298,1,3
0.31634980361502973,0,3
0.31634980361502973,0,3
0.4432323211834298,1,3
0.27108647548758635,0,3
0.27108647548758635,0,3
0.3185943166886348,0,3
0.37440736791379403,1,3
0.3185943166886348,0,3
0.37440736791379403,1,3
0.3185943166886348,0,3
0.37440736791379403,0,3
0.26887254714834574,0,3
0.2661655448216006,0,3
0.26887254714834574,1,3
0.2661655448216006,1,3
0.26887254714834574,0,3
0.2661655448216006,0,3
0.26887254714834574,1,3
0.37440736791379403,0,3
0.26887254714834574,0,3
0.2661655448216006,0,3
0.5036133748449516,0,3
0.34696828102899624,0,3
0.5036133748449516,1,3
0.34696828102899624,1,3
0.34696828102899624,0,3
0.3185943166886348,0,3
0.5036133748449516,0,3
0.34696828102899624,1,3
0.34696828102899624,0,3
0.5036133748449516,0,3
0.2767829390988703,0,3
0.5036133748449516,0,3
0.407606078358276,0,3
0.32020593778507567,0,3
0.3947091802600253,0,3
0.32020593778507567,0,3
0.3947091802600253,0,3
0.32020593778507567,0,3
0.30597823598619156,1,3
0.4760632034641544,0,3
0.30597823598619156,1,3
0.30597823598619156,0,3
0.4760632034641544,0,3
0.4760632034641544,0,3
0.30597823598619156,0,3
0.4760632034641544,0,3
0.3185943166886348,0,3
0.37440736791379403,1,3
0.3185943166886348,0,3
0.37440736791379403,0,3
0.3185943166886348,1,3
0.37440736791379403,1,3
0.37440736791379403,1,3
0.3185943166886348,0,3
0.37440736791379403,1,3
0.3185943166886348,1,3
0.20638673741419955,1,3
0.20638673741419955,0,3
0.318455290480936,1,3
0.318455290480936,0,3
0.20638673741419955,0,3
0.318455290480936,0,3
0.20638673741419955,0,3
0.318455290480936,0,3
0.20638673741419955,0,3
0.318455290480936,0,3
0.3947091802600253,0,3
0.32020593778507567,1,3
0.32020593778507567,1,3
0.3947091802600253,1,3
0.407606078358276,0,3
0.3947091802600253,0,3
0.32020593778507567,0,3
0.32020593778507567,0,3
0.2123932711993165,0,3
0.3359843700225491,1,3
0.3169085545900501,0,3
0.2366061540149602,0,3
0.3344396027600878,0,3
0.3168147379794821,0,3
0.3701793123972654,0,3
0.41446219752513647,0,3
0.3344396027600878,0,3
0.3701793123972654,1,3
0.4140714365830497,1,3
0.3548164358579763,0,3
0.30903193314966715,0,3
0.30903193314966715,0,3
0.37737126559493184,0,3
0.2812671079640905,0,3
0.37737126559493184,0,3
0.4140714365830497,0,3
0.2601294738989893,1,3
0.2601294738989893,1,3
0.3947389551316546,0,3
0.3701793123972654,1,3
0.31814080082796736,0,3
0.362852151260167,1,3
0.362852151260167,0,3
0.24942901666727801,1,3
0.2340771889302895,0,3
0.4402154086809956,0,3
0.2525333467537536,0,3
0.3491892018155772,1,3
0.31814080082796736,1,3
0.2809941425668865,0,3
0.3612344985239555,0,3
0.2340771889302895,0,3
0.24261047778443534,0,3
0.32812339373669275,1,3
0.4140714365830497,1,3
0.24261047778443534,0,3
0.4140714365830497,0,3
0.3036887155088862,0,3
0.29056907955516953,1,3
0.20224246724696404,0,3
0.36125911785470854,1,3
0.35981659677807476,0,3
0.3612344985239555,0,3
0.32791805854879774,1,3
0.32791805854879774,0,3
0.34292511625002975,0,3
0.35217956089393276,0,3
0.31460476440125473,0,3
0.35217956089393276,1,3
0.2527765894084191,1,3
0.2527765894084191,0,3
0.3697409639794579,0,3
0.30871492593995375,0,3
0.3612344985239555,0,3
0.30871492593995375,0,3
0.31460476440125473,0,3
0.30432850517446763,0,3
0.30432850517446763,0,3
0.3697409639794579,0,3
0.17537963896668418,0,3
0.17537963896668418,0,3
0.38049931866332043,0,3
0.17537963896668418,0,3
0.30871492593995375,0,3
0.38049931866332043,0,3
0.32225455964666416,0,3
0.32225455964666416,0,3
0.32225455964666416,0,3
0.32225455964666416,1,3
0.31142645089003074,0,3
0.3204338594980253,0,3
0.32225455964666416,0,3
0.31142645089003074,1,3
0.32377419214089787,1,3
0.31142645089003074,0,3
0.38049931866332043,0,3
0.544291082621461,1,3
0.414548827535,0,3
0.544291082621461,1,3
0.22243394699796237,0,3
0.3133537817048433,0,3
0.4409279569485577,1,3
0.3133537817048433,0,3
0.3376008589827445,0,3
0.3207402482483558,0,3
0.3207402482483558,0,3
0.3376008589827445,0,3
0.3376008589827445,1,3
0.32549892039923967,0,3
0.3160959588523997,0,3
0.3160959588523997,1,3
0.32549892039923967,0,3
0.27108647548758635,0,3
0.3001867661857177,0,3
0.4409279569485577,1,3
0.27108647548758635,0,3
0.42461296089264566,0,3
0.3686041931296047,0,3
0.3192364914343542,0,3
0.3686041931296047,1,3
0.3192364914343542,0,3
0.318358353002665,1,3
0.3477740949555329,0,3
0.22243394699796237,0,3
0.3477740949555329,0,3
0.3181246339600682,0,3
0.3477740949555329,0,3
0.3181246339600682,0,3
0.31068147266187807,0,3
0.318358353002665,0,3
0.2311158571483266,0,3
0.31810749656577575,1,3
0.4140714365830497,1,3
0.2311158571483266,1,3
0.45977196451149027,1,3
0.3344396027600878,0,3
0.35217956089393276,0,3
0.35217956089393276,0,3
0.2981416318432075,1,3
0.31202295623935916,0,3
0.31202295623935916,1,3
0.4635981278385295,1,3
0.2981416318432075,0,3
0.35217956089393276,1,3
0.4635981278385295,1,3
0.409462987136622,1,3
0.3686041931296047,0,3
0.34902556011319197,1,3
0.3686041931296047,0,3
0.3686041931296047,1,3
0.34902556011319197,0,3
0.2142606070733748,0,3
0.38617975389596904,0,3
0.31932222902505814,0,3
0.3181246339600682,0,3
0.28280704377097454,0,3
0.31810749656577575,0,3
0.318358353002665,0,3
0.318358353002665,1,3
0.2981416318432075,1,3
0.34902556011319197,0,3
0.31202295623935916,0,3
0.4140714365830497,1,3
0.303869052999885,1,3
0.3199415294360608,0,3
0.40425825466485044,0,3
0.39884423743017794,1,3
0.31187455844458356,0,3
0.40425825466485044,0,3
0.3701793123972654,0,3
0.35981659677807476,0,3
0.28885053773325053,0,3
0.3415406551201249,0,3
0.34874224296978007,0,3
0.28885053773325053,1,3
0.3024688568275148,0,3
0.2700616026957724,1,3
0.5147959538204967,0,3
0.3024688568275148,0,3
0.3024688568275148,1,3
0.302924353570867,0,3
0.303869052999885,0,3
0.3199415294360608,0,3
0.3199415294360608,1,3
0.303869052999885,0,3
0.3199415294360608,0,3
0.5147959538204967,1,3
0.38032555150109393,0,3
0.303869052999885,1,3
0.38032555150109393,0,3
0.30240877636433294,0,3
0.3395470416224,0,3
0.318358353002665,0,3
0.3395470416224,0,3
0.3181246339600682,0,3
0.30240877636433294,0,3
0.3162811429610839,0,3
0.23578523091365322,1,3
0.3198291349923067,0,3
0.3198291349923067,0,3
0.3069605029001983,0,3
0.28063953700433375,0,3
0.37287761719453716,0,3
0.37287761719453716,0,3
0.30098540546933616,1,3
0.2684493646783481,0,3
0.23305992990112545,0,3
0.4810809702818615,0,3
0.23305992990112545,0,3
0.26917378779491075,0,3
0.4810809702818615,0,3
0.2888140678043323,1,3
0.25419322800174915,0,3
0.23436888931641187,0,3
0.25419322800174915,0,3
0.4056126212069828,0,3
0.4013968918031915,0,3
0.4013968918031915,0,3
0.28095501020738456,1,3
0.3231838716367901,1,3
0.2902069397811048,0,3
0.3231838716367901,0,3
0.24090091241198341,0,3
0.28579122985986893,0,3
0.24090091241198341,0,3
0.2952721609647728,0,3
0.24090091241198341,0,3
0.21184667245395783,0,3
0.26917378779491075,0,3
0.21184667245395783,0,3
0.26917378779491075,0,3
0.21184667245395783,0,3
0.23305992990112545,0,3
0.2902069397811048,0,3
0.4810809702818615,0,3
0.3967885466725136,0,3
0.41081004531934595,0,3
0.24344759407601035,0,3
0.4717621272041592,0,3
0.35416669783002186,0,3
0.35416669783002186,0,3
0.4717621272041592,1,3
0.4717621272041592,0,3
0.35416669783002186,0,3
0.4279043488202229,0,3
0.4083761597031489,1,3
0.288938953756985,1,3
0.288938953756985,0,3
0.4279043488202229,0,3
0.4279043488202229,0,3
0.28428795906749826,1,3
0.28950820911947284,0,3
0.24344759407601035,0,3
0.288938953756985,0,3
0.41081004531934595,1,3
0.34977644284324105,0,3
0.28840124002221357,0,3
0.3967885466725136,0,3
0.3352800053560977,0,3
0.3967885466725136,0,3
0.3352800053560977,0,3
0.31210847119730245,0,3
0.28950820911947284,1,3
0.31210847119730245,0,3
0.3352800053560977,0,3
0.1763686883306319,0,3
0.1763686883306319,0,3
0.2982082113014368,0,3
0.18171006224955544,0,3
0.2972350382385849,0,3
0.27108647548758635,1,3
0.42461296089264566,1,3
0.42461296089264566,0,3
0.27108647548758635,1,3
0.27108647548758635,1,3
0.42461296089264566,0,3
0.3774800407915945,0,3
0.42461296089264566,1,3
0.3774800407915945,1,3
0.17786746034527556,1,3
0.3083479043034397,1,3
0.3231838716367901,1,3
0.3083479043034397,0,3
0.3231838716367901,0,3
0.3083479043034397,0,3
0.283642505702396,0,3
0.2900996374848608,0,3
0.17035424274503064,0,3
0.1547560026047402,0,3
0.17718785375880974,0,3
0.1547560026047402,0,3
0.17786746034527556,0,3
0.15892998480063125,0,3
0.27108647548758635,0,3
0.3774800407915945,0,3
0.3001867661857177,1,3
0.17035424274503064,0,3
0.3229189821809576,1,3
0.15037246458444165,0,3
0.38049931866332043,0,3
0.38049931866332043,0,3
0.15037246458444165,0,3
0.3830611230046308,0,3
0.2526145950492884,0,3
0.2526145950492884,0,3
0.3830611230046308,0,3
0.27108647548758635,0,3
0.4283860278799557,0,3
0.2526145950492884,1,3
0.3632115416179267,0,3
0.5225626792566715,1,3
0.2803877477874407,0,3
0.34727258096386215,0,3
0.5225626792566715,1,3
0.2710014403302964,1,3
0.3231838716367901,0,3
0.3033495068919584,0,3
0.3033495068919584,0,3
0.3343543167143601,0,3
0.24376225898543413,0,3
0.3031806936645327,0,3
0.3031806936645327,0,3
0.33439625275142526,1,3
0.28950820911947284,0,3
0.318999547717811,1,3
0.318999547717811,0,3
0.28950820911947284,0,3
0.35672237145324026,0,3
0.33439625275142526,1,3
0.37240953905372753,0,3
0.41835713269067687,1,3
0.45481237472113245,0,3
0.41835713269067687,1,3
0.45481237472113245,0,3
0.31187455844458356,0,3
0.17537963896668418,0,3
0.39884423743017794,1,3
0.17537963896668418,0,3
0.17537963896668418,0,3
0.38049931866332043,1,3
0.38049931866332043,0,3
0.37240953905372753,0,3
0.2597935825662099,0,3
0.544291082621461,1,3
0.2597935825662099,0,3
0.4635981278385295,0,3
0.544291082621461,0,3
0.3160959588523997,0,3
0.32549892039923967,1,3
0.3160959588523997,0,3
0.32549892039923967,0,3
0.4635981278385295,1,3
0.29852644636726244,1,3
0.4013968918031915,1,3
0.2888140678043323,1,3
0.2888140678043323,0,3
0.4013968918031915,0,3
0.4056126212069828,1,3
0.4013968918031915,1,3
0.38049931866332043,1,3
0.38049931866332043,0,3
0.38049931866332043,0,3
0.29852644636726244,1,3
0.3092165761733421,0,3
0.29852644636726244,0,3
0.3293971651496801,1,3
0.20465025284256155,1,3
0.3293971651496801,1,3
0.20465025284256155,0,3
0.42928563639803374,0,3
0.4013968918031915,1,3
0.4013968918031915,1,3
0.3293971651496801,1,3
0.46095451359374895,0,3
0.42594616262140805,0,3
0.46095451359374895,0,3
0.26721722154575556,0,3
0.42594616262140805,0,3
0.42594616262140805,1,3
0.26721722154575556,0,3
0.26721722154575556,1,3
0.3704389735326915,0,3
0.35416669783002186,0,3
0.3704389735326915,0,3
0.35416669783002186,0,3
0.3704389735326915,0,3
0.32225455964666416,0,3
0.38547026351747704,1,3
0.32225455964666416,0,3
0.38547026351747704,0,3
0.35416669783002186,0,3
0.3480321393825754,0,3
0.4469377881399901,0,3
0.3480321393825754,0,3
0.4469377881399901,1,3
0.4075946565335079,0,3
0.4075946565335079,0,3
0.4469377881399901,0,3
0.4469377881399901,0,3
0.35416669783002186,1,3
0.4469377881399901,0,3
0.35416669783002186,0,3
0.35416669783002186,0,3
0.2773688405559759,0,3
0.5408529970223375,0,3
0.2773688405559759,0,3
0.5408529970223375,0,3
0.34702989466118106,1,3
0.23273244614160216,0,3
0.34702989466118106,0,3
0.23273244614160216,1,3
0.2325401434111749,0,3
0.24958400821026294,1,3
0.3099789230122799,1,3
0.2441681910144009,0,3
0.2441681910144009,0,3
0.36136567636006,0,3
0.47128710707468213,0,3
0.20863412365228917,0,3
0.5996579312457584,0,3
0.47128710707468213,0,3
0.2441681910144009,0,3
0.24958400821026294,0,3
0.24958400821026294,0,3
0.20863412365228917,0,3
0.1726132895446103,0,3
0.32607926479931104,0,3
0.4966801947892352,1,3
0.32607926479931104,0,3
0.48326410351291504,1,3
0.32607926479931104,1,3
0.4966801947892352,1,3
0.3773320662112698,1,3
0.1726132895446103,0,3
0.35416669783002186,0,3
0.24978310307286045,0,3
0.4416026347747485,0,3
0.24978310307286045,0,3
0.4416026347747485,0,3
0.32526538773351943,0,3
0.27527432054331546,0,3
0.27527432054331546,0,3
0.2604884156278251,0,3
0.38888528445085957,0,3
0.3033681642849505,0,3
0.3056033894059258,0,3
0.6016284151826747,1,3
0.17016027353210328,0,3
0.6016284151826747,0,3
0.38888528445085957,0,3
0.6016284151826747,0,3
0.3033681642849505,0,3
0.17016027353210328,0,3
0.38888528445085957,0,3
0.31458309636726156,0,3
0.34004432451874045,0,3
0.4140714365830497,1,3
0.2356019771788126,0,3
0.38404286685399835,0,3
0.3686041931296047,0,3
0.35012602025965234,0,3
0.3669554228846609,1,3
0.3669554228846609,0,3
0.28766111348363976,0,3
0.4288046624669317,0,3
0.2864744252257019,0,3
0.4157077120766708,1,3
0.557812363478819,0,3
0.2864744252257019,0,3
0.28766111348363976,0,3
0.31657289225835883,1,3
0.2864744252257019,0,3
0.31657289225835883,0,3
0.36128356470481315,1,3
0.32346465051862205,0,3
0.3181246339600682,0,3
0.18086630778018065,0,3
0.28795725174314546,0,3
0.28795725174314546,1,3
0.18086630778018065,0,3
0.318358353002665,0,3
0.36854247120289274,0,3
0.5101814526320094,1,3
0.5101814526320094,0,3
0.34277287537403167,1,3
0.34277287537403167,0,3
0.5101814526320094,0,3
0.36854247120289274,1,3
0.34277287537403167,1,3
0.3347078881679656,0,3
0.3347078881679656,0,3
0.4187075453619812,0,3
0.38318206412678146,0,3
0.3096626383478126,0,3
0.38318206412678146,0,3
0.2115604360279163,0,3
0.36854247120289274,0,3
0.25209880515552163,0,3
0.36704706643493323,1,3
0.33174619899777924,0,3
0.34977644284324105,0,3
0.37723938521199785,0,3
0.41230405437298123,0,3
0.2688433616992333,0,3
0.41230405437298123,0,3
0.2688433616992333,0,3
0.41230405437298123,0,3
0.45435916542075694,0,3
0.1846122763854463,0,3
0.1846122763854463,0,3
0.37723938521199785,0,3
0.34004432451874045,0,3
0.34004432451874045,1,3
0.2626203623574249,1,3
0.2626203623574249,0,3
0.34004432451874045,1,3
0.4063675613251132,1,3
0.26633551478408257,0,3
0.4063675613251132,1,3
0.26633551478408257,0,3
0.35416669783002186,0,3
0.27872619753573025,0,3
0.5243193227775527,0,3
0.544291082621461,0,3
0.27872619753573025,0,3
0.544291082621461,1,3
0.4635981278385295,0,3
0.4635981278385295,1,3
0.4000171009209601,0,3
0.2840597824473329,0,3
0.27872619753573025,0,3
0.27872619753573025,0,3
0.26918787877690875,0,3
0.21837274755447122,0,3
0.4216062395625557,1,3
0.3181246339600682,0,3
0.381241857003246,1,3
0.2046251776553658,0,3
0.2790468433145483,1,3
0.2790468433145483,0,3
0.2046251776553658,0,3
0.2790468433145483,0,3
0.544291082621461,0,3
0.24111407878374536,0,3
0.24111407878374536,0,3
0.5395353649181298,1,3
0.33400807663621446,0,3
0.3871528357168156,0,3
0.3871528357168156,0,3
0.33400807663621446,0,3
0.33400807663621446,1,3
0.5395353649181298,1,3
0.3871528357168156,0,3
0.4054409933726999,1,3
0.3117391786270045,0,3
0.3654775409847477,0,3
0.225601467958348,0,3
0.3206199723061012,0,3
0.30756777589162887,1,3
0.2508260259380076,0,3
0.5395353649181298,0,3
0.3654775409847477,1,3
0.3466324479533306,0,3
0.3466324479533306,1,3
0.3466324479533306,0,3
0.18563231675419278,0,3
0.2379625268178216,0,3
0.5465681260736093,1,3
0.2379625268178216,0,3
0.5598376291972509,0,3
0.18563231675419278,0,3
0.38049931866332043,1,3
0.3617665019486158,1,3
0.18563231675419278,0,3
0.38049931866332043,0,3
0.4140714365830497,1,3
0.24701024528981796,0,3
0.24701024528981796,0,3
0.4140714365830497,0,3
0.35416669783002186,0,3
0.4140714365830497,0,3
0.4434024509529835,1,3
0.22426771636486598,0,3
0.4434024509529835,1,3
0.2927468894414361,0,3
0.38071808579380273,0,3
0.4013968918031915,1,3
0.40651955603153844,0,3
0.26127286963088414,1,3
0.26127286963088414,0,3
0.26127286963088414,0,3
0.540950958539766,0,3
0.4013968918031915,0,3
0.540950958539766,0,3
0.38071808579380273,1,3
0.3181246339600682,1,3
0.4013968918031915,1,3
0.2285642535297201,0,3
0.2775814550759583,0,3
0.2775814550759583,0,3
0.2285642535297201,0,3
0.2978343634535736,0,3
0.2910622158723283,0,3
0.2487768901710946,0,3
0.5081284490823568,0,3
0.4013968918031915,0,3
0.3701793123972654,1,3
0.2943761209553917,0,3
0.2943761209553917,1,3
0.3701793123972654,1,3
0.34004432451874045,0,3
0.27626449340629966,0,3
0.34004432451874045,0,3
0.4013968918031915,0,3
0.4013968918031915,1,3
0.41212055694967586,1,3
0.41500409201068633,1,3
0.24551590760281028,1,3
0.24551590760281028,0,3
0.4112172071579526,0,3
0.5038924867997653,0,3
0.316171555278815,0,3
0.316171555278815,0,3
0.24372294361334879,0,3
0.24372294361334879,0,3
0.316171555278815,0,3
0.41500409201068633,0,3
0.3376543408001422,0,3
0.3536641499403672,0,3
0.3536641499403672,1,3
0.26030795741418267,0,3
0.26030795741418267,0,3
0.48326410351291504,0,3
0.4790239611615026,0,3
0.3376543408001422,0,3
0.3376543408001422,0,3
0.4966801947892352,0,3
0.4196625437892426,0,3
0.4538370195042535,0,3
0.3320279082539417,0,3
0.33009607510805783,1,3
0.33009607510805783,0,3
0.3320279082539417,0,3
0.508681102391489,0,3
0.35240520942154097,1,3
0.33009607510805783,0,3
0.35240520942154097,0,3
0.3311495661376461,0,3
0.30102069962504463,0,3
0.4155458543062742,0,3
0.4155458543062742,0,3
0.30102069962504463,0,3
0.30102069962504463,0,3
0.4286414462674427,0,3
0.29965356087270856,0,3
0.29965356087270856,0,3
0.3311495661376461,1,3
0.29965356087270856,0,3
0.4528549040739006,0,3
0.3798791077899737,0,3
0.3311495661376461,0,3
0.29732257205336443,0,3
0.3587446958898878,1,3
0.29732257205336443,0,3
0.3587446958898878,0,3
0.29732257205336443,1,3
0.3587446958898878,0,3
0.3587446958898878,0,3
0.29732257205336443,0,3
0.4966801947892352,0,3
0.29732257205336443,0,3
0.3033681642849505,0,3
0.3862129820325305,0,3
0.3862129820325305,0,3
0.3033681642849505,1,3
0.3862129820325305,0,3
0.38404286685399835,0,3
0.3862129820325305,0,3
0.3862129820325305,0,3
0.3033681642849505,0,3
0.3033681642849505,1,3
0.3253968390814601,0,3
0.4341513032257218,0,3
0.33153710141862336,0,3
0.4341513032257218,0,3
0.337523565341471,1,3
0.2634342823060771,0,3
0.2634342823060771,0,3
0.2634342823060771,0,3
0.3283580430801063,0,3
0.35538269008486023,0,3
0.31458251550067107,0,3
0.4341513032257218,0,3
0.3615668328981355,0,3
0.3253968390814601,1,3
0.36179590225941827,0,3
0.36179590225941827,0,3
0.2526145950492884,1,3
0.2526145950492884,0,3
0.36179590225941827,0,3
0.33352117899708866,0,3
0.2526145950492884,0,3
0.3701793123972654,1,3
0.33352117899708866,0,3
0.2043706332450399,0,3
0.5263274992737811,0,3
0.2043706332450399,1,3
0.5263274992737811,0,3
0.3701793123972654,1,3
0.3217953204684676,1,3
0.31114681400441435,0,3
0.3217953204684676,0,3
0.31114681400441435,0,3
0.31114681400441435,0,3
0.44233637055484454,0,3
0.3283580430801063,0,3
0.2958080578402007,1,3
0.2958080578402007,0,3
0.2958080578402007,1,3
0.3283580430801063,1,3
0.5263274992737811,0,3
0.16440210885472906,0,3
0.16440210885472906,0,3
0.5263274992737811,1,3
0.5263274992737811,0,3
0.16440210885472906,0,3
0.3283580430801063,0,3
0.44768496372823396,1,3
0.30325572131469036,0,3
0.39516122684354726,0,3
0.3701793123972654,0,3
0.2601294738989893,0,3
0.39516122684354726,0,3
0.2601294738989893,0,3
0.30325572131469036,0,3
0.39516122684354726,1,3
0.44768496372823396,0,3
0.16122372868718393,0,3
0.44768496372823396,0,3
0.45101500915626436,0,3
0.30896755092360484,0,3
0.442632476218617,1,3
0.16122372868718393,0,3
0.442632476218617,0,3
0.442632476218617,0,3
0.16122372868718393,0,3
0.30325572131469036,0,3
0.43445740003107336,0,3
0.23772088358917065,0,3
0.31830753580410354,0,3
0.3283580430801063,0,3
0.31830753580410354,0,3
0.3622375430962519,0,3
0.3516402775134143,0,3
0.22627439917133008,0,3
0.23772088358917065,0,3
0.4074330180316257,1,3
0.346597573367982,0,3
0.4009570733954485,0,3
0.3283580430801063,0,3
0.2210429270255566,0,3
0.43445740003107336,0,3
0.2210429270255566,1,3
0.43158139657274774,0,3
0.42225245472458384,0,3
0.295255586844417,0,3
0.295255586844417,0,3
0.35653935924295665,0,3
0.3535199470578334,0,3
0.42225245472458384,0,3
0.3535199470578334,0,3
0.3535199470578334,0,3
0.35653935924295665,0,3
0.2210429270255566,0,3
0.37070710528440953,0,3
0.43158139657274774,0,3
0.35653935924295665,0,3
0.288938953756985,0,3
0.34027959289409626,0,3
0.39516122684354726,1,3
0.391949145574775,1,3
0.23579080209287606,0,3
0.44233637055484454,0,3
0.26619894130240473,0,3
0.44233637055484454,1,3
0.490627465224984,1,3
0.23174860609032122,0,3
0.23174860609032122,0,3
0.48390904654985367,1,3
0.288938953756985,0,3
0.40131040181248445,0,3
0.26619894130240473,0,3
0.39424195748297997,1,3
0.32038420521020605,0,3
0.39424195748297997,0,3
0.32038420521020605,0,3
0.32038420521020605,0,3
0.39424195748297997,0,3
0.3248121641720566,0,3
0.4790867628821899,0,3
0.5424179816481298,0,3
0.3248121641720566,0,3
0.5424179816481298,0,3
0.26619894130240473,0,3
0.40131040181248445,0,3
0.3248121641720566,0,3
0.40131040181248445,1,3
0.37070710528440953,0,3
0.23862231901389352,0,3
0.2638363401568081,0,3
0.36042093641010653,1,3
0.2638363401568081,0,3
0.37070710528440953,0,3
0.36042093641010653,1,3
0.23862231901389352,0,3
0.3801312413157748,1,3
0.37070710528440953,0,3
0.37368000379458177,0,3
0.5006391261222648,1,3
0.3801312413157748,1,3
0.37368000379458177,0,3
0.3801312413157748,1,3
0.23862231901389352,0,3
0.26505418449211837,0,3
0.4224150367415289,1,3
0.2864744252257019,1,3
0.5513559687716709,0,3
0.2864744252257019,1,3
0.4224150367415289,0,3
0.2864744252257019,0,3
0.3591344557099728,0,3
0.26505418449211837,0,3
0.34696828102899624,0,3
0.26505418449211837,0,3
0.3591344557099728,1,3
0.4790867628821899,0,3
0.34696828102899624,1,3
0.34696828102899624,0,3
0.4790867628821899,0,3
0.4790867628821899,0,3
0.3591344557099728,0,3
0.5263274992737811,1,3
0.18770715776232427,0,3
0.18770715776232427,0,3
0.5263274992737811,0,3
0.18770715776232427,0,3
0.5263274992737811,0,3
0.35415470466931287,0,3
0.2911561142538508,1,3
0.35415470466931287,1,3
0.2920570562571788,1,3
0.3890986691719066,1,3
0.2920570562571788,1,3
0.3890986691719066,0,3
0.2920570562571788,1,3
0.44233637055484454,1,3
0.2976480664616854,0,3
0.2570425371558417,0,3
0.19026803386590874,0,3
0.2570425371558417,0,3
0.44233637055484454,0,3
0.4249723052498654,0,3
0.43954441175558934,0,3
0.4249723052498654,0,3
0.4116683171476895,0,3
0.3574338691697443,0,3
0.47420033894206115,0,3
0.43954441175558934,0,3
0.3574338691697443,1,3
0.47420033894206115,0,3
0.2911561142538508,0,3
0.19026803386590874,0,3
0.2911561142538508,0,3
0.19026803386590874,0,3
0.3574338691697443,0,3
0.16440210885472906,0,3
0.5229711044330898,1,3
0.36179590225941827,0,3
0.2526145950492884,0,3
0.2526145950492884,0,3
0.36179590225941827,0,3
0.4341513032257218,0,3
0.2526145950492884,0,3
0.337523565341471,0,3
0.33153710141862336,0,3
0.4341513032257218,0,3
0.4341513032257218,1,3
0.16440210885472906,0,3
0.33153710141862336,0,3
0.39703032827210527,0,3
0.5263274992737811,0,3
0.3402113552553536,0,3
0.16440210885472906,0,3
0.3376543408001422,0,3
0.3473919007636347,0,3
0.3376543408001422,1,3
0.3473919007636347,0,3
0.5263274992737811,0,3
0.47066707193009893,0,3
0.23645895723417054,0,3
0.47066707193009893,0,3
0.45684640625835715,0,3
0.45684640625835715,0,3
0.3402113552553536,0,3
0.3402113552553536,1,3
0.45684640625835715,0,3
0.23645895723417054,0,3
0.3551167459709128,0,3
0.38728047251193765,0,3
0.16707960369593744,0,3
0.35269036186200775,0,3
0.3217700461339872,0,3
0.3217700461339872,1,3
0.16707960369593744,0,3
0.38728047251193765,1,3
0.16707960369593744,0,3
0.3551167459709128,0,3
0.3603968138015866,0,3
0.3551167459709128,0,3
0.3603968138015866,0,3
0.3772885180019918,0,3
0.3772885180019918,0,3
0.3603968138015866,1,3
0.3603968138015866,0,3
0.3772885180019918,1,3
0.3772885180019918,0,3
0.38728047251193765,0,3
0.39516122684354726,0,3
0.2634342823060771,0,3
0.3283580430801063,1,3
0.2634342823060771,1,3
0.3253968390814601,0,3
0.3253968390814601,0,3
0.48390904654985367,0,3
0.23174860609032122,0,3
0.490627465224984,0,3
0.23174860609032122,0,3
0.3701793123972654,0,3
0.23174860609032122,0,3
0.48390904654985367,1,3
0.2634342823060771,0,3
0.39516122684354726,1,3
0.2601294738989893,0,3
0.4116491289872122,1,3
0.30597823598619156,0,3
0.3046347904824782,0,3
0.4901470570293105,0,3
0.5533871294405621,0,3
0.3046347904824782,0,3
0.3902132260684098,0,3
0.3735240487987118,0,3
0.3735240487987118,0,3
0.3735240487987118,0,3
0.3902132260684098,0,3
0.30597823598619156,0,3
0.4116491289872122,0,3
0.30597823598619156,0,3
0.4116491289872122,0,3
0.3902132260684098,0,3
0.439019160486809,1,3
0.3283580430801063,1,3
0.44233637055484454,1,3
0.2570425371558417,1,3
0.18770715776232427,1,3
0.2570425371558417,0,3
0.3786912432683246,0,4
0.339797641478783,1,4
0.23851446646973062,0,4
0.3786912432683246,0,4
0.339797641478783,0,4
0.19220167318770442,0,4
0.339797641478783,0,4
0.19220167318770442,0,4
0.3221102188843995,0,4
0.23851446646973062,1,4
0.23120723810634758,0,4
0.20067175432590756,0,4
0.23120723810634758,0,4
0.32714955970691706,0,4
0.16529992088736045,0,4
0.3111412120776228,0,4
0.19631908193874203,0,4
0.2903610038956852,0,4
0.28251055284121984,0,4
0.2903610038956852,0,4
0.3389132492197068,1,4
0.20067175432590756,0,4
0.18288394388609652,0,4
0.18288394388609652,0,4
0.20067175432590756,0,4
0.18288394388609652,1,4
0.19631908193874203,0,4
0.28251055284121984,0,4
0.47506595837084375,1,4
0.24210429356429763,0,4
0.24210429356429763,0,4
0.47506595837084375,1,4
0.23738508347073883,0,4
0.3910691704833319,1,4
0.23738508347073883,1,4
0.3910691704833319,0,4
0.3910691704833319,1,4
0.24286604315578797,0,4
0.1965974990700925,0,4
0.24286604315578797,1,4
0.1965974990700925,0,4
0.24286604315578797,0,4
0.1965974990700925,0,4
0.23738508347073883,0,4
0.36243984956855557,0,4
0.40095730102679794,0,4
0.2554876840489263,0,4
0.293349340817333,0,4
0.11135787281013798,0,4
0.293349340817333,0,4
0.34710523179657016,0,4
0.293349340817333,0,4
0.291946577096483,1,4
0.38497706223402395,0,4
0.23074610570074494,1,4
0.24429237258372205,0,4
0.2648452775820629,0,4
0.3058726657822255,0,4
0.2648452775820629,0,4
0.3058726657822255,0,4
0.4032863758926033,0,4
0.3688395560151536,0,4
0.18021107878192633,0,4
0.3688395560151536,0,4
0.18021107878192633,1,4
0.3688395560151536,0,4
0.18021107878192633,0,4
0.30319403260977096,0,4
0.27457852555357254,0,4
0.30319403260977096,1,4
0.27457852555357254,1,4
0.30319403260977096,1,4
0.4032863758926033,1,4
0.27457852555357254,0,4
0.2673116808321525,0,4
0.27485918401285503,0,4
0.31262271961331833,1,4
0.2673116808321525,0,4
0.2890065310410056,0,4
0.3425496599554477,0,4
0.2890065310410056,0,4
0.2890065310410056,0,4
0.31262271961331833,0,4
0.2890065310410056,1,4
0.27485918401285503,1,4
0.35188898694044235,1,4
0.09022082516641006,0,4
0.38997100673747453,0,4
0.22184767288920593,1,4
0.38997100673747453,0,4
0.22184767288920593,1,4
0.27485918401285503,1,4
0.11261386271535156,0,4
0.24417234547849953,0,4
0.24068276298167646,0,4
0.3659338032485393,0,4
0.3659338032485393,0,4
0.23534084996475768,0,4
0.24417234547849953,0,4
0.3659338032485393,0,4
0.2993056659772789,0,4
0.29366527028560996,1,4
0.4934791480241758,0,4
0.2999323892701481,0,4
0.29366527028560996,0,4
0.4934791480241758,1,4
0.21336183301825828,0,4
0.24068276298167646,1,4
0.24068276298167646,0,4
0.21336183301825828,1,4
0.21336183301825828,0,4
0.29366527028560996,0,4
0.30276601418384275,0,4
0.4076550222133547,0,4
0.30276601418384275,0,4
0.4076550222133547,0,4
0.23179746309484817,0,4
0.3962945025545489,0,4
0.43625822129489333,0,4
0.30276601418384275,0,4
0.43625822129489333,0,4
0.22606038754319402,0,4
0.24844107140112792,0,4
0.22606038754319402,0,4
0.24844107140112792,0,4
0.22606038754319402,0,4
0.24844107140112792,1,4
0.3962945025545489,0,4
0.19232335300584458,0,4
0.09043414091635349,0,4
0.19966022672277162,0,4
0.22229616116773754,0,4
0.22229616116773754,0,4
0.19966022672277162,0,4
0.18810077648111334,0,4
0.18810077648111334,0,4
0.3495689998385939,0,4
0.24477196244008037,0,4
0.1941194189331672,1,4
0.1941194189331672,1,4
0.3055735182634748,1,4
0.2559818075401713,0,4
0.19232335300584458,0,4
0.3495689998385939,1,4
0.19232335300584458,0,4
0.3055735182634748,0,4
0.19481130607651775,0,4
0.18512408965537952,0,4
0.19481130607651775,1,4
0.18512408965537952,1,4
0.19481130607651775,0,4
0.18512408965537952,0,4
0.19966022672277162,0,4
0.18324283884251158,0,4
0.3055735182634748,0,4
0.18324283884251158,0,4
0.3691183942125488,0,4
0.18324283884251158,0,4
0.3691183942125488,0,4
0.3691183942125488,1,4
0.155276966134274,0,4
0.19548978900209557,0,4
0.19548978900209557,1,4
0.32848959376797227,1,4
0.28613809739687046,1,4
0.29001881173832467,0,4
0.30247091960007944,0,4
0.28613809739687046,0,4
0.32848959376797227,0,4
0.24412764160252987,0,4
0.155276966134274,0,4
0.24412764160252987,0,4
0.155276966134274,0,4
0.38584509010694235,1,4
0.28613809739687046,0,4
0.30247091960007944,1,4
0.14541370476177018,1,4
0.2091902657257838,0,4
0.3211902023379627,1,4
0.3003989332820962,0,4
0.19548978900209557,0,4
0.3003989332820962,0,4
0.2747019427513152,0,4
0.3139372829972755,0,4
0.3139372829972755,0,4
0.5190442895685938,0,4
0.2747019427513152,0,4
0.3139372829972755,1,4
0.2249693364330303,0,4
0.2091902657257838,0,4
0.2249693364330303,0,4
0.2249693364330303,1,4
0.2747019427513152,0,4
0.2091902657257838,0,4
0.3659338032485393,0,4
0.29366527028560996,0,4
0.23534084996475768,0,4
0.23534084996475768,1,4
0.37830798745949656,1,4
0.3659338032485393,1,4
0.23534084996475768,1,4
0.4934791480241758,1,4
0.29366527028560996,0,4
0.21336183301825828,0,4
0.24068276298167646,0,4
0.21336183301825828,0,4
0.24068276298167646,0,4
0.21336183301825828,0,4
0.24068276298167646,0,4
0.4934791480241758,0,4
0.23332450695628637,0,4
0.47506595837084375,0,4
0.23332450695628637,1,4
0.23332450695628637,0,4
0.47506595837084375,0,4
0.23738508347073883,0,4
0.3910691704833319,1,4
0.4882885862358939,1,4
0.3910691704833319,0,4
0.3910691704833319,0,4
0.23738508347073883,0,4
0.24286604315578797,0,4
0.1965974990700925,0,4
0.1965974990700925,0,4
0.24286604315578797,0,4
0.23738508347073883,1,4
0.287354693878236,0,4
0.2736743450206782,0,4
0.2699108573572646,0,4
0.31637972579745943,0,4
0.2699108573572646,0,4
0.31637972579745943,0,4
0.1352796444119162,0,4
0.25272895019332353,0,4
0.15408930208513338,1,4
0.1352796444119162,0,4
0.30215029430124685,0,4
0.30215029430124685,0,4
0.25272895019332353,0,4
0.2813426869572705,0,4
0.15408930208513338,0,4
0.2515409499007235,1,4
0.30215029430124685,0,4
0.4032863758926033,0,4
0.3058726657822255,1,4
0.18021107878192633,0,4
0.20396091978998754,0,4
0.18021107878192633,0,4
0.18021107878192633,0,4
0.3688395560151536,0,4
0.30319403260977096,0,4
0.3688395560151536,1,4
0.27457852555357254,0,4
0.30319403260977096,0,4
0.30319403260977096,0,4
0.27457852555357254,0,4
0.3058726657822255,0,4
0.4032863758926033,0,4
0.27457852555357254,0,4
0.2699108573572646,0,4
0.27354213172416475,1,4
0.12420732081950725,0,4
0.27354213172416475,0,4
0.12420732081950725,0,4
0.2791187169973385,0,4
0.12420732081950725,0,4
0.27354213172416475,0,4
0.28100778500343515,1,4
0.12420732081950725,0,4
0.28100778500343515,0,4
0.27354213172416475,1,4
0.27354213172416475,1,4
0.13147345191635895,0,4
0.13147345191635895,0,4
0.28100778500343515,0,4
0.2699108573572646,0,4
0.28100778500343515,0,4
0.275441482095667,0,4
0.2699108573572646,0,4
0.16899000969350142,0,4
0.3923868875042753,1,4
0.16899000969350142,0,4
0.16899000969350142,0,4
0.3923868875042753,1,4
0.16899000969350142,1,4
0.3923868875042753,0,4
0.2206622003770523,0,4
0.2069328851518739,1,4
0.2847940577854513,0,4
0.2069328851518739,1,4
0.2847940577854513,0,4
0.2069328851518739,0,4
0.22398349109628934,0,4
0.26815069624496923,1,4
0.22398349109628934,0,4
0.26815069624496923,0,4
0.2847940577854513,1,4
0.2910165938567558,1,4
0.17879207792407859,0,4
0.29478946439286224,0,4
0.3758071658384238,1,4
0.17879207792407859,1,4
0.38584509010694235,0,4
0.17879207792407859,0,4
0.155276966134274,0,4
0.155276966134274,0,4
0.30231738492544435,0,4
0.2910165938567558,0,4
0.2763553608861232,0,4
0.24412764160252987,0,4
0.35542556789606083,0,4
0.29478946439286224,0,4
0.29478946439286224,0,4
0.34487637766464063,1,4
0.29478946439286224,0,4
0.29478946439286224,0,4
0.29478946439286224,1,4
0.28309152818152905,0,4
0.29478946439286224,1,4
0.28309152818152905,1,4
0.29478946439286224,0,4
0.28309152818152905,1,4
0.30231738492544435,1,4
0.155276966134274,0,4
0.2648452775820629,1,4
0.155276966134274,0,4
0.24412764160252987,1,4
0.24464762589720834,0,4
0.25371249078820135,0,4
0.44964184766499493,1,4
0.22359936396014157,0,4
0.23424596944026976,0,4
0.4109673660901779,0,4
0.22359936396014157,0,4
0.2632664235234803,0,4
0.20906013504499676,0,4
0.2632664235234803,1,4
0.20906013504499676,0,4
0.44964184766499493,1,4
0.11135787281013798,0,4
0.293349340817333,0,4
0.2648452775820629,0,4
0.293349340817333,0,4
0.2648452775820629,0,4
0.293349340817333,0,4
0.24412764160252987,1,4
0.2648452775820629,1,4
0.293349340817333,1,4
0.2648452775820629,0,4
0.293349340817333,0,4
0.293349340817333,0,4
0.3495689998385939,1,4
0.20379717163417532,0,4
0.3495689998385939,0,4
0.18810077648111334,0,4
0.18810077648111334,0,4
0.3495689998385939,0,4
0.18810077648111334,0,4
0.18810077648111334,0,4
0.3495689998385939,0,4
0.29478946439286224,0,4
0.20379717163417532,0,4
0.2096923844258961,1,4
0.30231738492544435,0,4
0.3434547536727086,0,4
0.30231738492544435,0,4
0.2659488636610622,0,4
0.27721234003578055,0,4
0.27721234003578055,0,4
0.2096923844258961,1,4
0.2096923844258961,1,4
0.35640698048313724,0,4
0.18810077648111334,0,4
0.29478946439286224,1,4
0.22229616116773754,0,4
0.3495689998385939,1,4
0.32672187999274904,1,4
0.22229616116773754,0,4
0.423751490492289,0,4
0.3168011017973009,0,4
0.3168011017973009,0,4
0.423751490492289,0,4
0.423751490492289,1,4
0.3168011017973009,0,4
0.3165080814949659,1,4
0.25467835691061924,0,4
0.3165080814949659,0,4
0.3165080814949659,1,4
0.25467835691061924,1,4
0.2727548150598711,1,4
0.22229616116773754,0,4
0.19966022672277162,1,4
0.25467835691061924,0,4
0.19966022672277162,0,4
0.09043414091635349,0,4
0.09043414091635349,0,4
0.3485922715459122,0,4
0.2727548150598711,1,4
0.3485922715459122,0,4
0.19966022672277162,0,4
0.22606038754319402,0,4
0.3691183942125488,0,4
0.24844107140112792,0,4
0.24844107140112792,0,4
0.22606038754319402,0,4
0.3691183942125488,0,4
0.18324283884251158,0,4
0.18324283884251158,1,4
0.3691183942125488,1,4
0.18324283884251158,0,4
0.3691183942125488,0,4
0.19481130607651775,0,4
0.3267108558383268,1,4
0.19481130607651775,1,4
0.3267108558383268,1,4
0.3267108558383268,1,4
0.19481130607651775,0,4
0.18324283884251158,0,4
0.29478946439286224,0,4
0.29478946439286224,0,4
0.26216149993708593,0,4
0.27918790835081253,0,4
0.29478946439286224,1,4
0.27918790835081253,1,4
0.27918790835081253,0,4
0.24574985769128344,0,4
0.28847370337689315,1,4
0.28847370337689315,0,4
0.24221589759256856,0,4
0.24221589759256856,0,4
0.2917233942480213,0,4
0.27645861559613893,0,4
0.2917233942480213,0,4
0.28589450769189073,1,4
0.29478946439286224,0,4
0.2589746676804815,0,4
0.29478946439286224,0,4
0.29478946439286224,0,4
0.2091902657257838,0,4
0.3211902023379627,0,4
0.5190442895685938,1,4
0.2809171843809568,0,4
0.3211902023379627,0,4
0.2809171843809568,0,4
0.3030521550679839,0,4
0.36364721784298293,0,4
0.36364721784298293,1,4
0.2809171843809568,0,4
0.36364721784298293,0,4
0.29478946439286224,0,4
0.3030521550679839,0,4
0.2091902657257838,1,4
0.2249693364330303,0,4
0.2091902657257838,0,4
0.2249693364330303,0,4
0.2249693364330303,1,4
0.3030521550679839,0,4
0.28398127217920854,0,4
0.29478946439286224,0,4
0.2936257835055289,1,4
0.3092284573501006,1,4
0.29478946439286224,0,4
0.29478946439286224,0,4
0.3034019126483325,0,4
0.2936257835055289,0,4
0.3034019126483325,0,4
0.29478946439286224,0,4
0.2936257835055289,0,4
0.29478946439286224,0,4
0.3057123865923743,1,4
0.29478946439286224,0,4
0.26521278517023716,0,4
0.29478946439286224,0,4
0.26521278517023716,0,4
0.2831928936387452,1,4
0.4076550222133547,0,4
0.13675364705290738,0,4
0.35130154210781495,0,4
0.35130154210781495,1,4
0.13675364705290738,0,4
0.28398127217920854,0,4
0.13675364705290738,0,4
0.43625822129489333,0,4
0.35130154210781495,0,4
0.43625822129489333,0,4
0.3962945025545489,1,4
0.23179746309484817,0,4
0.4076550222133547,0,4
0.2831928936387452,0,4
0.2831928936387452,1,4
0.3962945025545489,1,4
0.3989862766147393,0,4
0.44145789349630715,0,4
0.17657382231547203,0,4
0.44145789349630715,0,4
0.16963855215064938,0,4
0.3989862766147393,0,4
0.29687184884023454,0,4
0.29687184884023454,0,4
0.3304293245139932,0,4
0.4726057251813599,1,4
0.3072761937539419,0,4
0.3072761937539419,0,4
0.4726057251813599,0,4
0.4726057251813599,0,4
0.3072761937539419,0,4
0.3989862766147393,0,4
0.3280125892270854,0,4
0.38839629206247017,1,4
0.38839629206247017,0,4
0.3280125892270854,0,4
0.38839629206247017,0,4
0.3280125892270854,0,4
0.14621080693442445,0,4
0.3288852232169093,0,4
0.14621080693442445,1,4
0.15236403491837913,0,4
0.3288852232169093,0,4
0.22628598145501,0,4
0.32222318244906534,0,4
0.32222318244906534,1,4
0.22628598145501,0,4
0.3288852232169093,0,4
0.3895510374677039,0,4
0.19668626220522045,1,4
0.19668626220522045,1,4
0.1700986990234602,0,4
0.1700986990234602,0,4
0.324981110685037,0,4
0.324981110685037,0,4
0.32611156730780966,0,4
0.33346743260141853,1,4
0.32611156730780966,0,4
0.33346743260141853,0,4
0.33346743260141853,1,4
0.32611156730780966,0,4
0.21862088946965808,1,4
0.19444259544026787,0,4
0.3055735182634748,1,4
0.3055735182634748,0,4
0.19444259544026787,0,4
0.3055735182634748,0,4
0.17557218244244144,0,4
0.28251055284121984,0,4
0.2903610038956852,0,4
0.2903610038956852,1,4
0.28251055284121984,0,4
0.2903610038956852,0,4
0.32714955970691706,1,4
0.3111412120776228,0,4
0.3111412120776228,0,4
0.32714955970691706,0,4
0.32714955970691706,0,4
0.3111412120776228,0,4
0.32714955970691706,0,4
0.3216208003314974,0,4
0.28251055284121984,0,4
0.31887329937157327,1,4
0.23987418248724635,0,4
0.18196504515160605,0,4
0.34905605483161817,0,4
0.31887329937157327,0,4
0.34905605483161817,0,4
0.34905605483161817,1,4
0.18196504515160605,1,4
0.18196504515160605,0,4
0.23987418248724635,0,4
0.31887329937157327,1,4
0.2953012521314293,0,4
0.2697423230614745,0,4
0.2953012521314293,1,4
0.2953012521314293,0,4
0.2697423230614745,0,4
0.2697423230614745,0,4
0.2953012521314293,0,4
0.2697423230614745,0,4
0.23987418248724635,1,4
0.3197737487657125,0,4
0.3197737487657125,0,4
0.34897992081384277,0,4
0.4472011115043353,0,4
0.34897992081384277,0,4
0.34897992081384277,0,4
0.2550795205399492,0,4
0.34496135088142954,0,4
0.4472011115043353,0,4
0.31261182746040095,0,4
0.31261182746040095,0,4
0.48520073150519305,0,4
0.20776107257629184,1,4
0.20776107257629184,0,4
0.4826064472187892,0,4
0.4472011115043353,0,4
0.3280125892270854,0,4
0.38839629206247017,0,4
0.38839629206247017,0,4
0.3280125892270854,1,4
0.38839629206247017,0,4
0.4109673660901779,1,4
0.3280125892270854,0,4
0.38839629206247017,0,4
0.38839629206247017,1,4
0.3280125892270854,0,4
0.3165080814949659,0,4
0.3280125892270854,0,4
0.25467835691061924,1,4
0.4109673660901779,0,4
0.3165080814949659,0,4
0.4109673660901779,0,4
0.22359936396014157,0,4
0.22359936396014157,1,4
0.25467835691061924,0,4
0.22359936396014157,0,4
0.4109673660901779,0,4
0.3165080814949659,0,4
0.25467835691061924,0,4
0.25467835691061924,0,4
0.3165080814949659,0,4
0.22359936396014157,0,4
0.4032863758926033,1,4
0.33340120499231907,0,4
0.3058726657822255,0,4
0.33340120499231907,0,4
0.19484798931122316,0,4
0.2392037935729313,0,4
0.4032863758926033,0,4
0.3230476130978226,0,4
0.3230476130978226,1,4
0.2527163426132323,1,4
0.3230476130978226,0,4
0.2527163426132323,0,4
0.3058726657822255,0,4
0.2527163426132323,0,4
0.4032863758926033,0,4
0.34897992081384277,0,4
0.3058726657822255,0,4
0.4032863758926033,0,4
0.3197737487657125,0,4
0.34897992081384277,0,4
0.3197737487657125,0,4
0.3902145583962112,1,4
0.3197737487657125,0,4
0.34897992081384277,1,4
0.3197737487657125,1,4
0.34897992081384277,0,4
0.3058726657822255,0,4
0.4032863758926033,0,4
0.3058726657822255,0,4
0.34897992081384277,0,4
0.32611156730780966,0,4
0.26536649524586753,1,4
0.3668504909852629,0,4
0.26536649524586753,0,4
0.3668504909852629,1,4
0.3668504909852629,1,4
0.2942948373684644,0,4
0.2942948373684644,0,4
0.2946800737928357,0,4
0.2942948373684644,0,4
0.2946800737928357,0,4
0.33346743260141853,0,4
0.2946800737928357,0,4
0.26536649524586753,0,4
0.33346743260141853,1,4
0.33346743260141853,0,4
0.32611156730780966,0,4
0.24286604315578797,0,4
0.1965974990700925,0,4
0.1965974990700925,0,4
0.32611156730780966,1,4
0.1965974990700925,1,4
0.24286604315578797,0,4
0.24286604315578797,0,4
0.1965974990700925,0,4
0.24286604315578797,0,4
0.1965974990700925,0,4
0.32611156730780966,1,4
0.33346743260141853,0,4
0.24286604315578797,0,4
0.264525174793693,0,4
0.3249691038963598,0,4
0.3249691038963598,0,4
0.264525174793693,0,4
0.2582603987238625,0,4
0.3058726657822255,0,4
0.2582603987238625,0,4
0.29478946439286224,0,4
0.29478946439286224,1,4
0.2582603987238625,1,4
0.23759784465658174,0,4
0.29478946439286224,0,4
0.36345305599455013,0,4
0.4032863758926033,1,4
0.19031592733606562,1,4
0.36345305599455013,1,4
0.4032863758926033,0,4
0.3058726657822255,0,4
0.4032863758926033,0,4
0.23759784465658174,0,4
0.3058726657822255,1,4
0.3058726657822255,1,4
0.4032863758926033,0,4
0.4032863758926033,0,4
0.3058726657822255,0,4
0.28717355074302797,1,4
0.2946800737928357,0,4
0.28717355074302797,0,4
0.2946800737928357,0,4
0.28717355074302797,0,4
0.2955787576051311,0,4
0.2955787576051311,1,4
0.3334417078352254,0,4
0.3334417078352254,0,4
0.2955787576051311,0,4
0.2936057388800991,0,4
0.30097476151396485,0,4
0.3150277722957132,0,4
0.28124415905450006,0,4
0.28124415905450006,0,4
0.3150277722957132,1,4
0.2771536815840623,0,4
0.2771536815840623,0,4
0.30097476151396485,0,4
0.3367140656944416,0,4
0.28124415905450006,0,4
0.28124415905450006,0,4
0.3238778187510839,0,4
0.320163094985227,0,4
0.3238778187510839,0,4
0.22431616735048066,0,4
0.22431616735048066,0,4
0.30097476151396485,1,4
0.2771536815840623,0,4
0.30097476151396485,1,4
0.2771536815840623,0,4
0.2575063565403438,0,4
0.2575063565403438,0,4
0.3249691038963598,0,4
0.3249691038963598,0,4
0.2575063565403438,0,4
0.30097476151396485,0,4
0.36243979088751066,0,4
0.3108668018818981,0,4
0.25231960328085346,0,4
0.21155238807952303,0,4
0.3108668018818981,0,4
0.25231960328085346,1,4
0.25231960328085346,0,4
0.2538592926785823,0,4
0.36243979088751066,1,4
0.33346743260141853,0,4
0.36725936977758045,0,4
0.14222506225620468,0,4
0.23604314830646067,0,4
0.14222506225620468,0,4
0.3377448053550486,0,4
0.36725936977758045,0,4
0.33346743260141853,0,4
0.23604314830646067,0,4
0.2334171667025633,0,4
0.3999802492061437,1,4
0.1951565517277386,0,4
0.25965156676134904,1,4
0.1888036792173996,0,4
0.1951565517277386,0,4
0.1888036792173996,0,4
0.2334171667025633,0,4
0.32846210773539186,0,4
0.19157737601589886,0,4
0.19157737601589886,0,4
0.3150958035951288,0,4
0.3150958035951288,1,4
0.19157737601589886,0,4
0.32846210773539186,0,4
0.40407260098673303,1,4
0.40407260098673303,1,4
0.32846210773539186,0,4
0.3798560626672737,1,4
0.1649523243382227,0,4
0.31599837602802217,1,4
0.1649523243382227,0,4
0.26402056877706825,1,4
0.2066409442881041,0,4
0.39067533766573803,1,4
0.20426123778137828,0,4
0.40407260098673303,0,4
0.28412779416919043,1,4
0.39909481765178756,1,4
0.39909481765178756,0,4
0.28412779416919043,1,4
0.28412779416919043,0,4
0.39909481765178756,0,4
0.39909481765178756,0,4
0.3495689998385939,1,4
0.28412779416919043,0,4
0.39909481765178756,0,4
0.18810077648111334,0,4
0.18810077648111334,0,4
0.3495689998385939,1,4
0.28412779416919043,1,4
0.18393917219659472,0,4
0.43459659565215614,0,4
0.43459659565215614,1,4
0.43459659565215614,0,4
0.18393917219659472,0,4
0.27457852555357254,0,4
0.18393917219659472,1,4
0.27457852555357254,0,4
0.31515104093677115,1,4
0.28684735633249114,0,4
0.2632664235234803,0,4
0.28684735633249114,0,4
0.2632664235234803,0,4
0.31515104093677115,0,4
0.24844107140112792,0,4
0.23600577316154747,0,4
0.23600577316154747,0,4
0.24844107140112792,0,4
0.24844107140112792,0,4
0.23600577316154747,0,4
0.3919425188108624,1,4
0.149363677667387,0,4
0.149363677667387,1,4
0.149363677667387,0,4
0.3919425188108624,0,4
0.26998978465443246,0,4
0.423751490492289,1,4
0.423751490492289,0,4
0.26998978465443246,0,4
0.26998978465443246,0,4
0.423751490492289,0,4
0.3919425188108624,1,4
0.22359936396014157,0,4
0.4055497397900597,0,4
0.22359936396014157,0,4
0.4055497397900597,0,4
0.4055497397900597,0,4
0.22359936396014157,0,4
0.22359936396014157,0,4
0.49492889125913764,0,4
0.4055497397900597,0,4
0.24464762589720834,0,4
0.24464762589720834,1,4
0.49492889125913764,0,4
0.24464762589720834,0,4
0.37731756250515636,0,4
0.17226260681113525,0,4
0.37731756250515636,0,4
0.17226260681113525,0,4
0.17226260681113525,0,4
0.37731756250515636,1,4
0.49492889125913764,1,4
0.16963855215064938,1,4
0.3329414463788688,1,4
0.2955462994079643,0,4
0.2955462994079643,0,4
0.3329414463788688,0,4
0.3329414463788688,0,4
0.2955462994079643,0,4
0.4432806908299799,1,4
0.1793159309038903,0,4
0.44145789349630715,1,4
0.28243675434516335,0,4
0.4432806908299799,1,4
0.28243675434516335,0,4
0.43902614386382377,1,4
0.36725936977758045,0,4
0.42717741681554333,1,4
0.328501686176746,0,4
0.14621080693442445,0,4
0.36725936977758045,0,4
0.36725936977758045,0,4
0.328501686176746,0,4
0.328501686176746,1,4
0.14621080693442445,1,4
0.4058128316829319,0,4
0.14621080693442445,0,4
0.42717741681554333,0,4
0.16899000969350142,0,4
0.4058128316829319,0,4
0.4058128316829319,1,4
0.16899000969350142,0,4
0.16899000969350142,0,4
0.42476450800102483,0,4
0.21423730098688243,1,4
0.3173451560633139,1,4
0.3280125892270854,0,4
0.38839629206247017,0,4
0.38839629206247017,1,4
0.3173451560633139,1,4
0.3280125892270854,0,4
0.38839629206247017,0,4
0.21423730098688243,1,4
0.3280125892270854,0,4
0.21423730098688243,0,4
0.3173451560633139,0,4
0.2377466817552928,0,4
0.20568279318890847,0,4
0.2377466817552928,0,4
0.20568279318890847,0,4
0.20568279318890847,1,4
0.2377466817552928,0,4
0.20568279318890847,0,4
0.2377466817552928,1,4
0.33544200428855764,1,4
0.17586154148768252,0,4
0.17586154148768252,0,4
0.33544200428855764,0,4
0.17586154148768252,0,4
0.33544200428855764,0,4
0.20776107257629184,0,4
0.48520073150519305,0,4
0.48520073150519305,0,4
0.20776107257629184,0,4
0.48520073150519305,0,4
0.31491557450134156,0,4
0.34897992081384277,0,4
0.31491557450134156,0,4
0.34897992081384277,0,4
0.20776107257629184,1,4
0.29070104196519786,0,4
0.31887329937157327,0,4
0.23580907936221618,1,4
0.31887329937157327,0,4
0.23580907936221618,0,4
0.31887329937157327,0,4
0.23580907936221618,0,4
0.32874243649228585,0,4
0.29070104196519786,0,4
0.32874243649228585,0,4
0.2903610038956852,1,4
0.3746808409456389,0,4
0.2903610038956852,0,4
0.3746808409456389,0,4
0.2903610038956852,0,4
0.3746808409456389,0,4
0.3893798722894305,0,4
0.30701801859269573,0,4
0.3893798722894305,1,4
0.30701801859269573,1,4
0.3893798722894305,0,4
0.30701801859269573,0,4
0.3111412120776228,0,4
0.34828461956574763,0,4
0.34828461956574763,1,4
0.3111412120776228,0,4
0.34604812919148586,1,4
0.3111412120776228,1,4
0.34828461956574763,0,4
0.20623080403114158,0,4
0.2098029725374594,0,4
0.2098029725374594,0,4
0.20623080403114158,1,4
0.3111412120776228,0,4
0.4032863758926033,0,4
0.3457770976001706,0,4
0.3058726657822255,0,4
0.4032863758926033,0,4
0.3457770976001706,0,4
0.3457770976001706,0,4
0.4032863758926033,0,4
0.23534084996475768,0,4
0.4032863758926033,0,4
0.3130859558342989,0,4
0.2096221250078817,0,4
0.3130859558342989,0,4
0.23534084996475768,0,4
0.3130859558342989,0,4
0.26897930227308464,0,4
0.2096221250078817,0,4
0.26897930227308464,0,4
0.26897930227308464,0,4
0.2096221250078817,0,4
0.23534084996475768,1,4
0.3495689998385939,0,4
0.3448420229659348,0,4
0.2955328806463027,0,4
0.2551656049516783,0,4
0.30811899295319334,0,4
0.2551656049516783,0,4
0.2551656049516783,0,4
0.24164931020722447,0,4
0.19066118575042756,0,4
0.24164931020722447,0,4
0.19066118575042756,1,4
0.3786912432683246,1,4
0.24164931020722447,0,4
0.3448420229659348,0,4
0.30811899295319334,0,4
0.3495689998385939,0,4
0.3448420229659348,0,4
0.19459882982098653,0,4
0.4706977094757747,0,4
0.19459882982098653,0,4
0.4706977094757747,0,4
0.18021107878192633,0,4
0.4706977094757747,0,4
0.3910691704833319,0,4
0.19889227620992445,0,4
0.3910691704833319,0,4
0.25330879399756545,0,4
0.19307950647841532,0,4
0.19307950647841532,1,4
0.25330879399756545,0,4
0.19889227620992445,0,4
0.3495689998385939,0,4
0.339797641478783,0,4
0.3508832932173772,1,4
0.339797641478783,1,4
0.21927220762322053,0,4
0.4143426119287733,1,4
0.2634744999348968,0,4
0.3508832932173772,1,4
0.29001881173832467,1,4
0.23381019793095092,0,4
0.2634744999348968,0,4
0.23381019793095092,0,4
0.19480450994633758,1,4
0.19480450994633758,0,4
0.2955111589532611,0,4
0.3508832932173772,0,4
0.38497706223402395,1,4
0.30247091960007944,0,4
0.3508832932173772,0,4
0.5388584471361055,0,4
0.25689789345643654,1,4
0.4726057251813599,1,4
0.23332450695628637,0,4
0.23332450695628637,0,4
0.4726057251813599,0,4
0.5388584471361055,0,4
0.24620704247088943,0,4
0.24620704247088943,0,4
0.339797641478783,0,4
0.5388584471361055,0,4
0.24620704247088943,1,4
0.24620704247088943,0,4
0.25689789345643654,0,4
0.21927220762322053,0,4
0.25689789345643654,0,4
0.21927220762322053,0,4
0.5388584471361055,1,4
0.3175815970012136,0,4
0.43625822129489333,0,4
0.43625822129489333,1,4
0.18247383700592434,0,4
0.17833888869460934,0,4
0.3175815970012136,0,4
0.3962945025545489,0,4
0.44050911128578896,0,4
0.43625822129489333,0,4
0.19351543581097985,0,4
0.36163045665951865,0,4
0.19351543581097985,0,4
0.36163045665951865,0,4
0.3639116128578268,0,4
0.19351543581097985,0,4
0.3962945025545489,0,4
0.2976312420756827,0,4
0.2976312420756827,1,4
0.4528415598369212,1,4
0.2976312420756827,1,4
0.18314503139415084,0,4
0.09043414091635349,1,4
0.18314503139415084,0,4
0.3705989358728643,0,4
0.3223632923602495,0,4
0.35677669865193895,0,4
0.2423554587602479,0,4
0.3223632923602495,1,4
0.3223632923602495,0,4
0.3705989358728643,0,4
0.22229616116773754,0,4
0.2809171843809568,0,4
0.2423554587602479,1,4
0.5190442895685938,1,4
0.5190442895685938,1,4
0.2747019427513152,0,4
0.3469114350998552,0,4
0.2747019427513152,0,4
0.3469114350998552,0,4
0.2747019427513152,1,4
0.36416424053760243,0,4
0.14488236322455794,0,4
0.3469114350998552,0,4
0.14488236322455794,0,4
0.36188240168707564,0,4
0.14488236322455794,0,4
0.2809171843809568,0,4
0.5190442895685938,0,4
0.2809171843809568,0,4
0.36188240168707564,0,4
0.15747724188048373,1,4
0.32596171351213876,0,4
0.2713991655170347,1,4
0.3316169188755067,0,4
0.14541370476177018,1,4
0.32848959376797227,0,4
0.3316169188755067,0,4
0.24747847637736042,0,4
0.3316169188755067,0,4
0.17553997495991425,0,4
0.25876980181594467,1,4
0.17553997495991425,0,4
0.3552023034715778,0,4
0.25876980181594467,1,4
0.16071665670914725,0,4
0.32848959376797227,1,4
0.15747724188048373,0,4
0.3063830491224252,0,4
0.2055045735613078,0,4
0.26815069624496923,0,4
0.25096563262591376,0,4
0.25096563262591376,0,4
0.26815069624496923,1,4
0.25096563262591376,1,4
0.3888980605284591,0,4
0.2831928936387452,0,4
0.26815069624496923,1,4
0.2831928936387452,1,4
0.3888980605284591,0,4
0.2831928936387452,0,4
0.2055045735613078,0,4
0.3063830491224252,1,4
0.3888980605284591,1,4
0.16071665670914725,0,4
0.3457332770996303,0,4
0.26897930227308464,0,4
0.2096221250078817,1,4
0.26897930227308464,0,4
0.2096221250078817,1,4
0.26897930227308464,0,4
0.2096221250078817,0,4
0.3457332770996303,0,4
0.24764850414562467,1,4
0.24764850414562467,0,4
0.24764850414562467,0,4
0.18021107878192633,0,4
0.4706977094757747,0,4
0.4706977094757747,0,4
0.18021107878192633,0,4
0.18021107878192633,0,4
0.4706977094757747,0,4
0.3479688153604399,0,4
0.2559818075401713,0,4
0.26323961592315914,0,4
0.27006278449097054,0,4
0.27006278449097054,0,4
0.32936827319487383,0,4
0.27006278449097054,0,4
0.26323961592315914,0,4
0.2389863004092576,0,4
0.19215123153939295,0,4
0.19215123153939295,1,4
0.2389863004092576,0,4
0.3163229313990972,0,4
0.3163229313990972,0,4
0.17693768153717104,1,4
0.2389863004092576,1,4
0.17693768153717104,1,4
0.2389863004092576,0,4
0.21927220762322053,0,4
0.2559818075401713,0,4
0.3910691704833319,0,4
0.22350643034310314,0,4
0.3910691704833319,1,4
0.22350643034310314,0,4
0.3910691704833319,0,4
0.24620704247088943,0,4
0.22350643034310314,0,4
0.4934791480241758,1,4
0.24620704247088943,0,4
0.21927220762322053,0,4
0.25689789345643654,0,4
0.21927220762322053,0,4
0.25689789345643654,0,4
0.25689789345643654,0,4
0.4934791480241758,0,4
0.27171551265934146,0,4
0.2648452775820629,0,4
0.19631908193874203,0,4
0.23120723810634758,0,4
0.19631908193874203,0,4
0.3221102188843995,1,4
0.2901511387221829,1,4
0.3221102188843995,0,4
0.23120723810634758,0,4
0.24562615618372097,0,4
0.2901511387221829,1,4
0.24562615618372097,0,4
0.27171551265934146,1,4
0.23120723810634758,1,4
0.2648452775820629,0,4
0.23120723810634758,0,4
0.27171551265934146,0,4
0.19307950647841532,0,4
0.25330879399756545,0,4
0.25330879399756545,0,4
0.19307950647841532,1,4
0.25330879399756545,0,4
0.2455605757583561,0,4
0.47506595837084375,1,4
0.19307950647841532,0,4
0.4726057251813599,1,4
0.34681098074012773,0,4
0.3058726657822255,0,4
0.34681098074012773,0,4
0.3058726657822255,0,4
0.2455605757583561,0,4
0.2648452775820629,0,4
0.5190442895685938,1,4
0.13675364705290738,0,4
0.2809171843809568,1,4
0.2809171843809568,1,4
0.5190442895685938,0,4
0.5190442895685938,1,4
0.2809171843809568,1,4
0.36058197067074693,1,4
0.36058197067074693,1,4
0.2747019427513152,1,4
0.34104149615720714,1,4
0.34104149615720714,0,4
0.2747019427513152,0,4
0.13675364705290738,0,4
0.2945909572699923,0,4
0.24412764160252987,0,4
0.181709115748511,0,4
0.22482813746054164,0,4
0.181709115748511,0,4
0.22482813746054164,0,4
0.22482813746054164,0,4
0.3425496599554477,0,4
0.2890065310410056,0,4
0.2890065310410056,0,4
0.2890065310410056,1,4
0.27485918401285503,1,4
0.27485918401285503,0,4
0.2945909572699923,1,4
0.36489099173494455,0,4
0.24412764160252987,0,4
0.18324283884251158,0,4
0.36058197067074693,0,4
0.18247383700592434,0,4
0.18324283884251158,0,4
0.36163045665951865,1,4
0.18324283884251158,1,4
0.3639116128578268,0,4
0.3962945025545489,1,4
0.36163045665951865,1,4
0.43625822129489333,0,4
0.3962945025545489,0,4
0.3962945025545489,1,4
0.43625822129489333,0,4
0.36058197067074693,1,4
0.18247383700592434,0,4
0.43625822129489333,0,4
0.2890065310410056,0,4
0.181709115748511,0,4
0.181709115748511,0,4
0.22482813746054164,0,4
0.36489099173494455,0,4
0.22482813746054164,1,4
0.27485918401285503,0,4
0.24412764160252987,0,4
0.3425496599554477,0,4
0.2890065310410056,0,4
0.27485918401285503,0,4
0.2945909572699923,1,4
0.24412764160252987,0,4
0.22482813746054164,0,4
0.2945909572699923,0,4
0.2890065310410056,0,4
0.3063830491224252,0,4
0.3063830491224252,0,4
0.3063830491224252,0,4
0.24610737378174719,0,4
0.43902614386382377,0,4
0.43902614386382377,0,4
0.2055045735613078,1,4
0.43902614386382377,0,4
0.24610737378174719,0,4
0.324981110685037,0,4
0.24610737378174719,0,4
0.3888980605284591,1,4
0.324981110685037,1,4
0.3888980605284591,0,4
0.324981110685037,0,4
0.2055045735613078,0,4
0.2055045735613078,0,4
0.3888980605284591,0,4
0.2955462994079643,0,4
0.3271894639983547,0,4
0.3271894639983547,0,4
0.4726057251813599,1,4
0.3271894639983547,0,4
0.4726057251813599,0,4
0.3271894639983547,0,4
0.44145789349630715,0,4
0.4726057251813599,0,4
0.16963855215064938,0,4
0.40332131881393374,1,4
0.16963855215064938,0,4
0.40332131881393374,0,4
0.28243675434516335,0,4
0.4472011115043353,1,4
0.28243675434516335,0,4
0.4472011115043353,0,4
0.16963855215064938,0,4
0.24562615618372097,0,4
0.24562615618372097,0,4
0.2901511387221829,0,4
0.19631908193874203,0,4
0.2924835123626228,0,4
0.19631908193874203,0,4
0.23120723810634758,0,4
0.27171551265934146,0,4
0.3221102188843995,0,4
0.27171551265934146,1,4
0.2648452775820629,0,4
0.2780040715454818,0,4
0.2648452775820629,1,4
0.2648452775820629,0,4
0.27171551265934146,0,4
0.23120723810634758,0,4
0.24562615618372097,0,4
0.2901511387221829,1,4
0.32611156730780966,1,4
0.328501686176746,0,4
0.4044545944503801,0,4
0.16899000969350142,1,4
0.4044545944503801,0,4
0.14621080693442445,0,4
0.42717741681554333,1,4
0.14621080693442445,0,4
0.42717741681554333,0,4
0.16899000969350142,0,4
0.42717741681554333,1,4
0.328501686176746,0,4
0.32611156730780966,0,4
0.328501686176746,1,4
0.32611156730780966,1,4
0.328501686176746,0,4
0.32611156730780966,1,4
0.14621080693442445,1,4
0.2389863004092576,0,4
0.2389863004092576,0,4
0.19215123153939295,0,4
0.3163229313990972,0,4
0.2389863004092576,0,4
0.26323961592315914,0,4
0.27006278449097054,0,4
0.24477196244008037,0,4
0.27006278449097054,0,4
0.17693768153717104,0,4
0.2559818075401713,0,4
0.17693768153717104,0,4
0.2948665404154628,0,4
0.2559818075401713,0,4
0.19215123153939295,0,4
0.26323961592315914,0,4
0.3280125892270854,0,4
0.22566394294603587,0,4
0.3280125892270854,1,4
0.2047635525507242,0,4
0.2377466817552928,0,4
0.2047635525507242,0,4
0.2377466817552928,1,4
0.36163045665951865,1,4
0.36163045665951865,0,4
0.20910587992531515,1,4
0.21423730098688243,0,4
0.20910587992531515,0,4
0.36163045665951865,0,4
0.3280125892270854,0,4
0.38839629206247017,1,4
0.38839629206247017,1,4
0.36163045665951865,0,4
0.38839629206247017,0,4
0.24844107140112792,0,4
0.2028361544509869,0,4
0.23499110486883168,1,4
0.24844107140112792,0,4
0.23499110486883168,0,4
0.24844107140112792,0,4
0.23499110486883168,0,4
0.44964184766499493,1,4
0.44964184766499493,1,4
0.4636958619988987,0,4
0.3001065546985088,1,4
0.3001065546985088,0,4
0.4636958619988987,0,4
0.4636958619988987,0,4
0.23799909253016915,0,4
0.2028361544509869,0,4
0.2423554587602479,0,4
0.4528415598369212,1,4
0.2976312420756827,0,4
0.4528415598369212,1,4
0.18314503139415084,0,4
0.22229616116773754,0,4
0.22229616116773754,0,4
0.22229616116773754,0,4
0.30368458800882514,0,4
0.25876980181594467,0,4
0.17553997495991425,0,4
0.17553997495991425,0,4
0.25876980181594467,1,4
0.2976312420756827,0,4
0.18314503139415084,0,4
0.2423554587602479,0,4
0.30129157752980706,0,4
0.22359936396014157,1,4
0.2976312420756827,0,4
0.19438081537600427,0,4
0.42476450800102483,1,4
0.19438081537600427,0,4
0.149363677667387,0,4
0.37704414499341266,0,4
0.149363677667387,0,4
0.37704414499341266,0,4
0.42476450800102483,0,4
0.149363677667387,0,4
0.22359936396014157,0,4
0.4055497397900597,0,4
0.4055497397900597,0,4
0.22359936396014157,1,4
0.4055497397900597,0,4
0.37704414499341266,0,4
0.32848959376797227,0,4
0.32848959376797227,1,4
0.3316169188755067,0,4
0.16071665670914725,0,4
0.15747724188048373,0,4
0.16071665670914725,0,4
0.15747724188048373,0,4
0.3705989358728643,0,4
0.2713991655170347,1,4
0.3223632923602495,0,4
0.3705989358728643,1,4
0.3223632923602495,0,4
0.3223632923602495,1,4
0.3316169188755067,0,4
0.3705989358728643,1,4
0.32596171351213876,0,4
0.3316169188755067,0,4
0.18393917219659472,1,4
0.419194629697049,0,4
0.2632664235234803,0,4
0.32848959376797227,1,4
0.2632664235234803,0,4
0.28684735633249114,1,4
0.26750835068583223,0,4
0.24998870889802838,0,4
0.26750835068583223,0,4
0.28684735633249114,0,4
0.26750835068583223,0,4
0.3139359230793096,0,4
0.18393917219659472,0,4
0.419194629697049,0,4
0.419194629697049,0,4
0.18393917219659472,0,4
0.3139359230793096,0,4
0.32749997467157654,0,4
0.25467835691061924,0,4
0.25467835691061924,1,4
0.32749997467157654,0,4
0.3296681717117793,0,4
0.3296681717117793,0,4
0.18572515265837797,0,4
0.1983311254794583,0,4
0.3747291645631261,1,4
0.18572515265837797,0,4
0.25467835691061924,0,4
0.25467835691061924,0,4
0.32749997467157654,0,4
0.20776107257629184,0,4
0.4463048092051627,1,4
0.4463048092051627,1,4
0.20776107257629184,1,4
0.20776107257629184,0,4
0.4463048092051627,0,4
0.4463048092051627,0,4
0.20776107257629184,0,4
0.32797439408351237,0,4
0.24164931020722447,0,4
0.24164931020722447,0,4
0.3786912432683246,0,4
0.2551656049516783,0,4
0.2955328806463027,1,4
0.30811899295319334,1,4
0.3448420229659348,0,4
0.3495689998385939,0,4
0.3448420229659348,0,4
0.19066118575042756,0,4
0.3495689998385939,0,4
0.3495689998385939,0,4
0.3448420229659348,1,4
0.32014733888452584,0,4
0.24164931020722447,0,4
0.19066118575042756,0,4
0.2859058373963793,0,4
0.23580907936221618,0,4
0.30384006208382597,1,4
0.25562454751907626,0,4
0.25562454751907626,0,4
0.32714955970691706,0,4
0.3111412120776228,1,4
0.3111412120776228,0,4
0.3746808409456389,0,4
0.3111412120776228,0,4
0.32714955970691706,0,4
0.23580907936221618,0,4
0.2859058373963793,0,4
0.2859058373963793,0,4
0.23580907936221618,0,4
0.32714955970691706,0,4
0.30247091960007944,1,4
0.23381019793095092,1,4
0.23381019793095092,0,4
0.29001881173832467,0,4
0.2634744999348968,0,4
0.2634744999348968,1,4
0.30247091960007944,1,4
0.19480450994633758,1,4
0.3508832932173772,1,4
0.4143426119287733,0,4
0.3508832932173772,1,4
0.339797641478783,1,4
0.3508832932173772,1,4
0.339797641478783,0,4
0.2634744999348968,0,4
0.19480450994633758,0,4
0.38497706223402395,1,4
0.3893798722894305,0,4
0.20887015998761205,0,4
0.2020049877381649,0,4
0.20887015998761205,1,4
0.2020049877381649,1,4
0.20887015998761205,0,4
0.20887015998761205,1,4
0.2020049877381649,0,4
0.2020049877381649,0,4
0.3102971438075507,0,4
0.31491557450134156,0,4
0.3102971438075507,1,4
0.3893798722894305,0,4
0.2955111589532611,0,4
0.2697423230614745,0,4
0.2697423230614745,1,4
0.31491557450134156,0,4
0.3425496599554477,0,4
0.2890065310410056,1,4
0.2890065310410056,0,4
0.27485918401285503,0,4
0.2890065310410056,0,4
0.2890065310410056,0,4
0.27485918401285503,1,4
0.27485918401285503,0,4
0.2890065310410056,1,4
0.27485918401285503,0,4
0.2713991655170347,1,4
0.16071665670914725,0,4
0.15747724188048373,0,4
0.16071665670914725,1,4
0.15747724188048373,0,4
0.2713991655170347,0,4
0.2713991655170347,0,4
0.32596171351213876,0,4
0.32596171351213876,0,4
0.32596171351213876,0,4
0.24164931020722447,1,4
0.24164931020722447,0,4
0.3786912432683246,0,4
0.3786912432683246,0,4
0.24164931020722447,0,4
0.24164931020722447,0,4
0.3786912432683246,0,4
0.19066118575042756,0,4
0.24164931020722447,0,4
0.23120723810634758,0,4
0.3221102188843995,0,4
0.23120723810634758,0,4
0.3221102188843995,0,4
0.23120723810634758,0,4
0.2924835123626228,0,4
0.19631908193874203,0,4
0.19631908193874203,0,4
0.2924835123626228,0,4
0.19066118575042756,0,4
0.19480450994633758,1,4
0.38497706223402395,1,4
0.23381019793095092,0,4
0.2955111589532611,0,4
0.38497706223402395,0,4
0.23381019793095092,1,4
0.38497706223402395,1,4
0.23381019793095092,1,4
0.2955111589532611,0,4
0.27485918401285503,0,4
0.2890065310410056,0,4
0.2890065310410056,1,4
0.27485918401285503,0,4
0.3425496599554477,0,4
0.2890065310410056,1,4
0.2890065310410056,0,4
0.3425496599554477,0,4
0.19480450994633758,0,4
0.2632664235234803,0,4
0.3878182550189724,0,4
0.3878182550189724,1,4
0.3962945025545489,0,4
0.3962945025545489,1,4
0.28684735633249114,0,4
0.2632664235234803,0,4
0.28684735633249114,1,4
0.3962945025545489,0,4
0.2632664235234803,0,4
0.28684735633249114,1,4
0.3937523553095753,0,4
0.3878182550189724,0,4
0.3937523553095753,0,4
0.3962945025545489,0,4
0.4044545944503801,0,4
0.16899000969350142,0,4
0.4044545944503801,0,4
0.4044545944503801,1,4
0.16899000969350142,0,4
0.16899000969350142,1,4
0.16899000969350142,0,4
0.4044545944503801,0,4
0.4044545944503801,1,4
0.16899000969350142,1,4
0.3962945025545489,1,4
0.3746808409456389,0,4
0.3746808409456389,0,4
0.2509105693345226,0,4
0.2509105693345226,1,4
0.3746808409456389,0,4
0.25562454751907626,0,4
0.3746808409456389,0,4
0.2509105693345226,0,4
0.25562454751907626,1,4
0.23499110486883168,0,4
0.23499110486883168,0,4
0.24844107140112792,1,4
0.23499110486883168,0,4
0.24844107140112792,0,4
0.23499110486883168,1,4
0.24844107140112792,0,4
0.24844107140112792,0,4
0.23499110486883168,0,4
0.24844107140112792,0,4
0.3893798722894305,1,4
0.3893798722894305,0,4
0.2697423230614745,0,4
0.2697423230614745,0,4
0.3893798722894305,1,4
0.3893798722894305,0,4
0.2697423230614745,0,4
0.2697423230614745,1,4
0.2697423230614745,0,4
0.32749997467157654,1,4
0.25467835691061924,0,4
0.25467835691061924,1,4
0.32749997467157654,0,4
0.25467835691061924,1,4
0.3893798722894305,0,4
0.32749997467157654,0,4
0.32749997467157654,0,4
0.25467835691061924,1,4
0.25562454751907626,0,4
0.3746808409456389,0,4
0.3746808409456389,0,4
0.2509105693345226,1,4
0.3746808409456389,0,4
0.2509105693345226,1,4
0.3746808409456389,0,4
0.2509105693345226,0,4
0.37872789319458044,0,4
0.20017000131745022,0,4
0.23873749674006584,0,4
0.23251326814345408,0,4
0.20017000131745022,0,4
0.24164931020722447,0,4
0.2948665404154628,0,4
0.2559818075401713,1,4
0.17693768153717104,1,4
0.24477196244008037,0,4
0.17693768153717104,0,4
0.2559818075401713,0,4
0.21313748784125286,0,4
0.3670905189768521,0,4
0.3756656731477559,0,4
0.21313748784125286,0,4
0.3756656731477559,0,4
0.2932841927064954,0,4
0.21313748784125286,0,4
0.2918119612557165,1,4
0.2918119612557165,0,4
0.2932841927064954,0,4
0.2932841927064954,0,4
0.21313748784125286,0,4
0.3670905189768521,0,4
0.29941975108137975,0,4
0.29941975108137975,0,4
0.31296682117369123,1,4
0.24214120084425517,0,4
0.2624569323196859,0,4
0.24853534425183865,0,4
0.318433805101333,0,4
0.24853534425183865,1,4
0.2624569323196859,0,4
0.30464118178962685,0,4
0.2871584412240429,0,4
0.12955674812987672,0,4
0.29013668578158003,0,4
0.31296682117369123,0,4
0.12955674812987672,0,4
0.3100524816160706,1,4
0.13630626165878446,0,4
0.23488252849092883,0,4
0.29615307990228934,0,4
0.2970623214568988,0,4
0.2970623214568988,0,4
0.29615307990228934,0,4
0.37266493719674765,0,4
0.21003802215601464,0,4
0.21003802215601464,0,4
0.2679314440793956,0,4
0.30556177063606693,0,4
0.2679314440793956,0,4
0.30556177063606693,0,4
0.3457382268843072,0,4
0.2937473285601375,0,4
0.24358978280930088,0,4
0.3528707894215404,0,4
0.24358978280930088,0,4
0.13630626165878446,0,4
0.14378916176173773,0,4
0.2871584412240429,0,4
0.2871584412240429,0,4
0.2714374599416415,1,4
0.3528707894215404,0,4
0.3528707894215404,1,4
0.2714374599416415,1,4
0.14378916176173773,0,4
0.26375579082094625,0,4
0.26375579082094625,1,4
0.29478946439286224,0,4
0.29478946439286224,0,4
0.26375579082094625,0,4
0.2664605564529886,0,4
0.26805074602223433,0,4
0.2882049078355259,1,4
0.32469544121504124,1,4
0.2882049078355259,0,4
0.2811253976942619,0,4
0.29478946439286224,0,4
0.2882049078355259,0,4
0.20490217944032052,0,4
0.3555188895940856,0,4
0.2937473285601375,0,4
0.2937473285601375,0,4
0.3555188895940856,0,4
0.298666931649726,1,4
0.3555188895940856,0,4
0.2544352574547373,0,4
0.20490217944032052,0,4
0.2544352574547373,0,4
0.20490217944032052,0,4
0.2544352574547373,0,4
0.2882049078355259,0,4
0.33925243607187894,1,4
0.23118551778324958,0,4
0.2882049078355259,0,4
0.23118551778324958,0,4
0.3174664424736412,0,4
0.24562615618372097,0,4
0.3305483604459264,0,4
0.24562615618372097,0,4
0.300962378106439,0,4
0.24562615618372097,1,4
0.29615307990228934,0,4
0.30556177063606693,0,4
0.30556177063606693,0,4
0.29615307990228934,0,4
0.30556177063606693,0,4
0.29615307990228934,0,4
0.3131814910606434,0,4
0.14177183896238166,0,4
0.1935145880913327,0,4
0.1935145880913327,0,4
0.23118551778324958,0,4
0.1935145880913327,0,4
0.23118551778324958,0,4
0.1935145880913327,0,4
0.2867275355730944,0,4
0.3543093421227519,0,4
0.2505426441524481,0,4
0.28224061389385824,0,4
0.29478946439286224,1,4
0.2731506571744958,0,4
0.14177183896238166,0,4
0.2505426441524481,0,4
0.3502193805938012,0,4
0.3366169900354722,0,4
0.2172479934112479,0,4
0.3756656731477559,0,4
0.2172479934112479,0,4
0.22229616116773754,0,4
0.2131168699611471,1,4
0.22229616116773754,0,4
0.2131168699611471,0,4
0.2172479934112479,0,4
0.32498388213948315,0,4
0.32498388213948315,0,4
0.3215874235239181,0,4
0.36819770300794485,0,4
0.2658996480316086,1,4
0.2658996480316086,0,4
0.36819770300794485,0,4
0.36819770300794485,0,4
0.25523708993315697,1,4
0.19291847455584532,0,4
0.19291847455584532,0,4
0.31608010974706635,0,4
0.19291847455584532,0,4
0.3920696536118795,0,4
0.2658996480316086,0,4
0.3215874235239181,1,4
0.29478946439286224,0,4
0.31675868052399647,0,4
0.32981939727587495,0,4
0.28524160049579506,0,4
0.2920249592662806,0,4
0.32013840666819493,0,4
0.28524160049579506,0,4
0.2577236869863768,1,4
0.3215874235239181,1,4
0.2890903612108703,0,4
0.28426456528589117,0,4
0.27933856285187264,0,4
0.28426456528589117,0,4
0.29478946439286224,0,4
0.31675868052399647,1,4
0.29478946439286224,0,4
0.2577236869863768,0,4
0.297922881610718,0,4
0.309194854184076,0,4
0.297922881610718,0,4
0.3128904420898595,1,4
0.23164359337024965,0,4
0.3385828087692966,0,4
0.29478946439286224,0,4
0.28586499845354285,0,4
0.28586499845354285,0,4
0.24244520924978508,1,4
0.29478946439286224,0,4
0.29478946439286224,0,4
0.32981939727587495,0,4
0.2890471543349521,0,4
0.29478946439286224,1,4
0.2890471543349521,1,4
0.29478946439286224,0,4
0.28586499845354285,1,4
0.24244520924978508,0,4
0.29478946439286224,0,4
0.29478946439286224,0,4
0.3128904420898595,0,4
0.32981939727587495,0,4
0.297922881610718,0,4
0.297922881610718,0,4
0.3694130069455861,1,4
0.3694130069455861,0,4
0.309194854184076,1,4
0.32981939727587495,0,4
0.14748065821085288,0,4
0.3241134990241852,0,4
0.29478946439286224,0,4
0.29478946439286224,0,4
0.3305781886272754,0,4
0.3694130069455861,0,4
0.33686496918905795,0,4
0.3015259983208234,1,4
0.338064270354436,0,4
0.3916794421841103,1,4
0.3916794421841103,1,4
0.2658996480316086,0,4
0.3916794421841103,0,4
0.28524160049579506,0,4
0.3301276074922497,1,4
0.338064270354436,0,4
0.32446399259370906,0,4
0.2658996480316086,0,4
0.3015259983208234,0,4
0.2771709766685867,0,4
0.2916025352972994,0,4
0.2916025352972994,0,4
0.13883610702654603,0,4
0.2965012981864861,0,4
0.29434415953716586,0,4
0.3089335039449217,1,4
0.2771709766685867,0,4
0.3089335039449217,0,4
0.3089335039449217,0,4
0.2771709766685867,0,4
0.3301276074922497,0,4
0.13883610702654603,0,4
0.32446399259370906,0,4
0.3385828087692966,0,4
0.22343134354323146,0,4
0.18728204521616287,0,4
0.3100524816160706,0,4
0.18728204521616287,0,4
0.28559026579015623,0,4
0.297922881610718,1,4
0.2890471543349521,0,4
0.2890471543349521,0,4
0.297922881610718,1,4
0.46130039877778883,1,4
0.46130039877778883,0,4
0.22519856349168177,0,4
0.22519856349168177,0,4
0.2771709766685867,0,4
0.2377862256754334,1,4
0.22343134354323146,0,4
0.28586499845354285,0,4
0.2132383990814325,0,4
0.2771709766685867,1,4
0.26838333311933993,0,4
0.2771709766685867,0,4
0.29160808643504355,0,4
0.28586499845354285,0,4
0.2771709766685867,0,4
0.29160808643504355,1,4
0.30543249940250905,0,4
0.36750461340981966,0,4
0.19701370385694983,0,4
0.360669988230473,0,4
0.19701370385694983,0,4
0.360669988230473,0,4
0.19918733646851372,0,4
0.16900830187859606,1,4
0.1618786609908801,0,4
0.16900830187859606,0,4
0.2788537197769234,0,4
0.16900830187859606,0,4
0.33484908851823814,0,4
0.33484908851823814,0,4
0.36058197067074693,0,4
0.1618786609908801,0,4
0.2788537197769234,1,4
0.18754334735626144,0,4
0.43902614386382377,1,4
0.23075164619152622,0,4
0.4214708528168444,1,4
0.4214708528168444,1,4
0.1787378287077176,0,4
0.1787378287077176,0,4
0.1787378287077176,0,4
0.3747291645631261,0,4
0.4239817704557646,0,4
0.18754334735626144,0,4
0.24152474422481796,0,4
0.43902614386382377,0,4
0.3747291645631261,0,4
0.35972660465820105,0,4
0.2563990577442913,0,4
0.2727548150598711,1,4
0.3067728659328378,0,4
0.3067728659328378,0,4
0.19438081537600427,0,4
0.37731756250515636,0,4
0.2862727497748895,0,4
0.37731756250515636,0,4
0.3543093421227519,0,4
0.27933856285187264,0,4
0.2563990577442913,0,4
0.3543093421227519,0,4
0.19438081537600427,0,4
0.3279942043432519,1,4
0.2389863004092576,0,4
0.2389863004092576,0,4
0.3163566187047454,0,4
0.2389863004092576,0,4
0.15006854206656728,0,4
0.15006854206656728,0,4
0.2908570538602602,1,4
0.27723585926616723,0,4
0.29368737258564415,0,4
0.27723585926616723,0,4
0.2908570538602602,0,4
0.2831897511531851,1,4
0.3163566187047454,0,4
0.2908570538602602,0,4
0.2831897511531851,0,4
0.3279942043432519,1,4
0.2389863004092576,0,4
0.3163566187047454,0,4
0.2389863004092576,0,4
0.20171583854593966,0,4
0.355125089838218,0,4
0.355125089838218,0,4
0.355125089838218,0,4
0.22482813746054164,0,4
0.21150681074630362,0,4
0.22205966310405323,0,4
0.37700802358999774,1,4
0.21150681074630362,0,4
0.37700802358999774,1,4
0.22205966310405323,0,4
0.20826759312006238,0,4
0.23024735524956008,0,4
0.23024735524956008,0,4
0.20826759312006238,0,4
0.22205966310405323,0,4
0.20171583854593966,0,4
0.3552023034715778,0,4
0.3552023034715778,0,4
0.25876980181594467,0,4
0.25876980181594467,0,4
0.25876980181594467,0,4
0.17553997495991425,1,4
0.17553997495991425,0,4
0.3457332770996303,0,4
0.3552023034715778,0,4
0.2664019568871344,0,4
0.29764198816325604,0,4
0.2664019568871344,0,4
0.361072329106059,0,4
0.361072329106059,0,4
0.2664019568871344,0,4
0.29764198816325604,0,4
0.31734239155136734,0,4
0.31734239155136734,0,4
0.34230945136374624,0,4
0.24747847637736042,0,4
0.31734239155136734,1,4
0.26815069624496923,0,4
0.2885756607258372,0,4
0.24610737378174719,0,4
0.14621080693442445,0,4
0.42476450800102483,0,4
0.14621080693442445,0,4
0.42476450800102483,0,4
0.42476450800102483,1,4
0.14621080693442445,0,4
0.18582107260407676,0,4
0.3131814910606434,0,4
0.18582107260407676,0,4
0.24610737378174719,0,4
0.17693768153717104,0,4
0.24477196244008037,0,4
0.2559818075401713,0,4
0.17693768153717104,1,4
0.2948665404154628,1,4
0.2559818075401713,0,4
0.26815069624496923,0,4
0.24610737378174719,0,4
0.26815069624496923,0,4
0.2885756607258372,1,4
0.3462283552091707,0,4
0.3462283552091707,1,4
0.3462283552091707,0,4
0.3325024266422367,1,4
0.1872634476452708,0,4
0.1872634476452708,0,4
0.36163045665951865,0,4
0.1872634476452708,0,4
0.3279942043432519,0,4
0.1618786609908801,0,4
0.3279942043432519,0,4
0.1618786609908801,0,4
0.36163045665951865,0,4
0.49010558412115723,0,4
0.25689789345643654,0,4
0.2148514948476422,0,4
0.2148514948476422,1,4
0.25689789345643654,0,4
0.25689789345643654,0,4
0.2148514948476422,0,4
0.20205289109182156,0,4
0.20205289109182156,0,4
0.2727548150598711,0,4
0.43902614386382377,1,4
0.20205289109182156,0,4
0.332777529139606,0,4
0.2727548150598711,0,4
0.3457332770996303,0,4
0.3457332770996303,0,4
0.23534084996475768,0,4
0.43902614386382377,0,4
0.2865426799218673,1,4
0.19448797675327056,0,4
0.2865426799218673,0,4
0.14621080693442445,0,4
0.14621080693442445,1,4
0.42476450800102483,1,4
0.14621080693442445,0,4
0.42476450800102483,0,4
0.42476450800102483,0,4
0.2865426799218673,0,4
0.19448797675327056,0,4
0.16963855215064938,0,4
0.19448797675327056,0,4
0.21478392810495828,0,4
0.36163045665951865,0,4
0.36163045665951865,0,4
0.21478392810495828,0,4
0.43902614386382377,0,4
0.36163045665951865,0,4
0.16963855215064938,0,4
0.21478392810495828,0,4
0.43902614386382377,0,4
0.41029113376729387,1,4
0.21757553721348044,0,4
0.36163045665951865,0,4
0.21757553721348044,0,4
0.36163045665951865,0,4
0.3936873517086291,1,4
0.14956767481737399,0,4
0.3936873517086291,0,4
0.14956767481737399,0,4
0.21757553721348044,0,4
0.24844107140112792,0,4
0.2353784189922027,0,4
0.24844107140112792,0,4
0.2353784189922027,0,4
0.24788207187390188,0,4
0.20845395193297156,0,4
0.20845395193297156,0,4
0.24788207187390188,0,4
0.2353784189922027,0,4
0.3173451560633139,0,4
0.22979156704294101,0,4
0.22979156704294101,0,4
0.3173451560633139,0,4
0.3063830491224252,0,4
0.3063830491224252,1,4
0.2055045735613078,0,4
0.2055045735613078,0,4
0.3063830491224252,0,4
0.3910691704833319,0,4
0.21363535088369445,0,4
0.21363535088369445,0,4
0.3910691704833319,1,4
0.3910691704833319,1,4
0.2872788163985883,0,4
0.23448901546967693,0,4
0.33234974304216847,0,4
0.33234974304216847,1,4
0.33234974304216847,0,4
0.2599705784959834,0,4
0.33234974304216847,0,4
0.2599705784959834,0,4
0.3034019126483325,1,4
0.2872788163985883,0,4
0.30556177063606693,1,4
0.23448901546967693,1,4
0.15866428962826096,0,4
0.2429044732743687,0,4
0.2429044732743687,0,4
0.2140383244514823,0,4
0.3747291645631261,0,4
0.2140383244514823,0,4
0.3747291645631261,0,4
0.2862607890940435,0,4
0.25749224409938576,0,4
0.15866428962826096,0,4
0.15866428962826096,0,4
0.2140383244514823,0,4
0.4347337512079833,1,4
0.2520824389208085,0,4
0.283601669362779,0,4
0.283601669362779,0,4
0.2520824389208085,0,4
0.07662146611024823,0,4
0.4347337512079833,0,4
0.07662146611024823,0,4
0.13481498495407285,0,4
0.346912433866405,1,4
0.13481498495407285,0,4
0.1668359757645247,0,4
0.3544841239195293,1,4
0.3544841239195293,0,4
0.1668359757645247,0,4
0.346912433866405,0,4
0.2804790285360089,0,4
0.2804790285360089,0,4
0.21463724314495058,0,4
0.21463724314495058,1,4
0.2804790285360089,1,4
0.2631046023273831,0,4
0.4231593239776279,0,4
0.2631046023273831,0,4
0.4231593239776279,0,4
0.4231593239776279,0,4
0.2631046023273831,0,4
0.21463724314495058,0,4
0.3677590081552631,0,4
0.21542945521328105,0,4
0.403631123543817,0,4
0.3137840777667279,0,4
0.3137840777667279,0,4
0.3677590081552631,0,4
0.3677590081552631,0,4
0.4370004375307909,1,4
0.21542945521328105,0,4
0.4370004375307909,0,4
0.21542945521328105,0,4
0.23431216804723243,0,4
0.30974888225277786,0,4
0.15675198991309702,0,4
0.36019691799510767,0,4
0.15675198991309702,0,4
0.4347337512079833,1,4
0.08187734499171184,0,4
0.4347337512079833,0,4
0.08187734499171184,0,4
0.36019691799510767,0,4
0.2470072819699778,1,4
0.2470072819699778,0,4
0.30974888225277786,0,4
0.32661918633300757,0,4
0.17592592802734341,0,4
0.19953117103552687,0,4
0.17592592802734341,0,4
0.19953117103552687,0,4
0.19953117103552687,0,4
0.17592592802734341,0,4
0.2470072819699778,0,4
0.324981110685037,0,4
0.355125089838218,1,4
0.36725936977758045,0,4
0.277626468528273,0,4
0.277626468528273,0,4
0.36725936977758045,0,4
0.355125089838218,0,4
0.277626468528273,0,4
0.324981110685037,0,4
0.36725936977758045,1,4
0.355125089838218,0,4
0.23332450695628637,1,4
0.4231593239776279,0,4
0.23332450695628637,1,4
0.4231593239776279,0,4
0.324981110685037,0,4
0.47054204368358477,1,4
0.16465586194880644,0,4
0.47054204368358477,0,4
0.16465586194880644,0,4
0.4347337512079833,0,4
0.18457839027757228,0,4
0.18457839027757228,0,4
0.21966901574871056,0,4
0.2881335339334056,0,4
0.4347337512079833,0,4
0.08871531155900858,0,4
0.4347337512079833,0,4
0.21966901574871056,0,4
0.08871531155900858,0,4
0.31690865095230847,0,4
0.17835143104023332,0,4
0.31690865095230847,0,4
0.3131814910606434,0,4
0.19480450994633758,0,4
0.19480450994633758,0,4
0.3131814910606434,0,4
0.17835143104023332,0,4
0.24646043033577036,0,4
0.24646043033577036,0,4
0.4231593239776279,1,4
0.2415431328344807,0,4
0.4359170764694361,1,4
0.2415431328344807,0,4
0.4231593239776279,1,4
0.4551281091504725,0,4
0.48504466466722607,1,4
0.3747291645631261,0,4
0.1903800823204358,0,4
0.48504466466722607,0,4
0.1763322259420148,0,4
0.3747291645631261,0,4
0.1763322259420148,0,4
0.3747291645631261,0,4
0.1763322259420148,0,4
0.1903800823204358,0,4
0.2727548150598711,0,4
0.30556177063606693,1,4
0.2727548150598711,0,4
0.2727548150598711,0,4
0.2274853280853183,0,4
0.2274853280853183,0,4
0.319579294406796,0,4
0.30556177063606693,0,4
0.319579294406796,0,4
0.30556177063606693,0,4
0.30556177063606693,0,4
0.2727548150598711,0,4
0.41194229170662233,0,4
0.18539296922544635,0,4
0.18539296922544635,0,4
0.194181661008606,0,4
0.194181661008606,0,4
0.18539296922544635,0,4
0.41194229170662233,0,4
0.24368037206754867,0,4
0.324981110685037,0,4
0.41194229170662233,0,4
0.194181661008606,0,4
0.324981110685037,0,4
0.3131814910606434,0,4
0.15979784155286036,0,4
0.3131814910606434,0,4
0.3390136513445382,0,4
0.15979784155286036,0,4
0.2765442111131655,0,4
0.2765442111131655,0,4
0.40407260098673303,1,4
0.3131814910606434,1,4
0.23695695480588475,1,4
0.40407260098673303,1,4
0.2911470951731725,0,4
0.2911470951731725,0,4
0.13963931400518614,0,4
0.13963931400518614,0,4
0.38425983458626345,0,4
0.38425983458626345,0,4
0.38425983458626345,0,4
0.38425983458626345,0,4
0.4053713781310473,0,4
0.23695695480588475,0,4
0.4053713781310473,0,4
0.2632664235234803,0,4
0.2727548150598711,1,4
0.2632664235234803,0,4
0.28684735633249114,0,4
0.2632664235234803,0,4
0.28684735633249114,0,4
0.2872788163985883,0,4
0.2727548150598711,1,4
0.2872788163985883,0,4
0.28684735633249114,1,4
0.2192391544502471,0,4
0.419194629697049,0,4
0.18393917219659472,0,4
0.419194629697049,0,4
0.18393917219659472,0,4
0.3278086161124667,1,4
0.18393917219659472,0,4
0.3278086161124667,0,4
0.2192391544502471,0,4
0.419194629697049,0,4
0.3137840777667279,0,4
0.1801728689687072,0,4
0.1801728689687072,0,4
0.340335378593393,0,4
0.28550468112574323,0,4
0.38839629206247017,1,4
0.38839629206247017,1,4
0.28550468112574323,0,4
0.3230965429578255,1,4
0.2727548150598711,0,4
0.3137840777667279,0,4
0.2621854896696493,0,4
0.21871742882349865,0,4
0.21871742882349865,1,4
0.2621854896696493,0,4
0.21871742882349865,0,4
0.2621854896696493,0,4
0.2727548150598711,0,4
0.34681098074012773,0,4
0.34681098074012773,0,4
0.3457770976001706,0,4
0.3457770976001706,0,4
0.11707216338365656,0,4
0.11707216338365656,0,4
0.2647405299261436,0,4
0.3457770976001706,1,4
0.34681098074012773,1,4
0.14621080693442445,0,4
0.2647405299261436,0,4
0.42476450800102483,1,4
0.14621080693442445,0,4
0.30561615061419145,0,4
0.30561615061419145,0,4
0.2581355055755771,0,4
0.2581355055755771,0,4
0.30561615061419145,0,4
0.14621080693442445,0,4
0.42476450800102483,0,4
0.2581355055755771,0,4
0.2952410356897798,0,4
0.2952410356897798,0,4
0.42105807265967843,0,4
0.42105807265967843,0,4
0.2952410356897798,0,4
0.2952410356897798,0,4
0.14759535241423827,0,4
0.14759535241423827,0,4
0.2952410356897798,1,4
0.3307316817551783,0,4
0.2098570591890635,0,4
0.42476450800102483,1,4
0.2098570591890635,0,4
0.42476450800102483,1,4
0.2098570591890635,0,4
0.42476450800102483,0,4
0.2098570591890635,0,4
0.25989631376143874,1,4
0.4069566900767029,0,4
0.25989631376143874,0,4
0.1404308374313733,0,4
0.25989631376143874,0,4
0.1404308374313733,0,4
0.3437226557030614,0,4
0.24060902307834986,1,4
0.24060902307834986,1,4
0.3437226557030614,0,4
0.24060902307834986,0,4
0.43902614386382377,0,4
0.24060902307834986,0,4
0.43902614386382377,0,4
0.24060902307834986,0,4
0.3437226557030614,0,4
0.24704940466233039,0,4
0.2785480635740101,0,4
0.14562643600701786,1,4
0.14562643600701786,0,4
0.204733384434298,1,4
0.30603732569538455,0,4
0.204733384434298,0,4
0.32626930394053444,0,4
0.30603732569538455,1,4
0.24704940466233039,0,4
0.2323740441574179,1,4
0.3034641918389789,1,4
0.10629109309139206,1,4
0.4347337512079833,0,4
0.10629109309139206,1,4
0.4347337512079833,0,4
0.32626930394053444,0,4
0.2443507538961841,0,4
0.18298912611519447,0,4
0.28512533473536983,0,4
0.28512533473536983,1,4
0.18298912611519447,1,4
0.33182099304482315,0,4
0.2819021084004576,1,4
0.4528415598369212,1,4
0.2819021084004576,0,4
0.4528415598369212,0,4
0.2423554587602479,1,4
0.0854733842090436,1,4
0.0854733842090436,0,4
0.2423554587602479,0,4
0.20676455545278705,0,4
0.3877733930738605,0,4
0.32349600571639103,1,4
0.3478263638449207,0,4
0.1780568661727514,0,4
0.20676455545278705,0,4
0.2385719028836868,0,4
0.1780568661727514,0,4
0.2385719028836868,0,4
0.29646297852078674,1,4
0.3478263638449207,0,4
0.27937864813350577,0,4
0.2385719028836868,1,4
0.4007890893972599,0,4
0.27760092397503544,1,4
0.3687548140584881,0,4
0.27760092397503544,0,4
0.3687548140584881,0,4
0.30561615061419145,0,4
0.4007890893972599,0,4
0.3337626455357321,0,4
0.3337626455357321,0,4
0.5982375611909334,0,4
0.30701801859269573,1,4
0.3337626455357321,0,4
0.30701801859269573,0,4
0.30561615061419145,1,4
0.27313898758783983,1,4
0.36464943764049684,1,4
0.27313898758783983,1,4
0.36464943764049684,1,4
0.27307075585218976,1,4
0.3403017059516711,0,4
0.3403017059516711,0,4
0.27307075585218976,0,4
0.32848959376797227,0,4
0.32848959376797227,1,4
0.13294029035542998,1,4
0.3917285209330388,0,4
0.23930610569401178,1,4
0.14682837902656043,0,4
0.29067685491535955,0,4
0.14682837902656043,0,4
0.24316995356972482,0,4
0.25080449873644173,0,4
0.27313898758783983,0,4
0.13294029035542998,0,4
0.1815541611379572,0,4
0.21460414283000206,0,4
0.1815541611379572,0,4
0.23351859618279902,0,4
0.16733418547039303,0,4
0.16733418547039303,0,4
0.3893798722894305,0,4
0.3893798722894305,0,4
0.40313609169920006,0,4
0.40313609169920006,0,4
0.3893798722894305,0,4
0.31755322376508577,1,4
0.16529992088736045,0,4
0.3893798722894305,0,4
0.31755322376508577,0,4
0.16529992088736045,1,4
0.4826064472187892,1,4
0.43646942501754304,1,4
0.20776107257629184,0,4
0.20776107257629184,0,4
0.324981110685037,0,4
0.31755322376508577,0,4
0.16529992088736045,0,4
0.43646942501754304,0,4
0.22791865524841182,0,4
0.24412764160252987,0,4
0.29068117203413646,0,4
0.3294503215204658,1,4
0.27809087262802346,0,4
0.29068117203413646,0,4
0.0902467833373446,0,4
0.25330382596724066,0,4
0.24412764160252987,0,4
0.38584509010694235,1,4
0.2941174058606283,0,4
0.3332427256407521,0,4
0.3813644793753873,1,4
0.25330382596724066,0,4
0.3569600383550253,0,4
0.0902467833373446,0,4
0.17665221618515414,0,4
0.16425990616032293,0,4
0.22791865524841182,1,4
0.2987044625776415,0,4
0.368169944897191,0,4
0.368169944897191,0,4
0.2987044625776415,0,4
0.22791865524841182,0,4
0.23573920756447098,0,4
0.23573920756447098,0,4
0.16425990616032293,0,4
0.23573920756447098,0,4
0.24620704247088943,0,4
0.49246229500041494,0,4
0.49246229500041494,1,4
0.24620704247088943,0,4
0.17665221618515414,0,4
0.16425990616032293,0,4
0.28052374679878467,0,4
0.2465065301633954,1,4
0.24139198859008248,0,4
0.24139198859008248,1,4
0.2465065301633954,0,4
0.2465065301633954,0,4
0.24139198859008248,0,4
0.17523312252240986,0,4
0.28052374679878467,0,4
0.17523312252240986,1,4
0.17523312252240986,0,4
0.324981110685037,0,4
0.3111412120776228,0,4
0.324981110685037,0,4
0.2727548150598711,0,4
0.28052374679878467,1,4
0.35677669865193895,1,4
0.10554482650646813,0,4
0.10554482650646813,0,4
0.4062263589643724,0,4
0.34377358484833287,0,4
0.22262238140064639,0,4
0.24484925851486428,0,4
0.25887646679264076,0,4
0.2237436325900456,0,4
0.1841702237360865,0,4
0.30956498313159764,0,4
0.30956498313159764,0,4
0.1841702237360865,0,4
0.34377358484833287,0,4
0.21178634600339996,0,4
0.22262238140064639,0,4
0.2237436325900456,1,4
0.21178634600339996,0,4
0.30561615061419145,0,4
0.43998089039466926,0,4
0.30561615061419145,0,4
0.11468593960306805,0,5
0.34806596914028687,0,5
0.34806596914028687,0,5
0.30614988571420154,1,5
0.11468593960306805,0,5
0.34806596914028687,0,5
0.16726328936580293,0,5
0.10077782404251368,0,5
0.16726328936580293,0,5
0.10077782404251368,0,5
0.11468593960306805,1,5
0.3451405521862192,1,5
0.16213439036515598,0,5
0.18547894605213344,0,5
0.16213439036515598,0,5
0.3061145928435449,0,5
0.2506594498074419,0,5
0.22840796742044245,0,5
0.1630715814287822,0,5
0.22840796742044245,0,5
0.3451405521862192,0,5
0.29900909914101703,0,5
0.17706402342165917,0,5
0.328602756293049,0,5
0.3072006757273569,1,5
0.3060603024503292,0,5
0.3060603024503292,1,5
0.3060603024503292,0,5
0.18547894605213344,1,5
0.2011159623682539,0,5
0.22445957650028425,0,5
0.1630715814287822,0,5
0.3742202055052519,0,5
0.42801632293125547,0,5
0.33745654909834055,1,5
0.09790802695919787,0,5
0.33745654909834055,0,5
0.09790802695919787,0,5
0.2553721936248039,0,5
0.22667252035688334,0,5
0.2553721936248039,0,5
0.4675111871289104,0,5
0.22667252035688334,0,5
0.17912650128504481,0,5
0.087221527453478,0,5
0.2553721936248039,1,5
0.3742202055052519,0,5
0.24136311233486707,0,5
0.087221527453478,1,5
0.18779915382286627,0,5
0.2986908922653134,1,5
0.18779915382286627,0,5
0.17912650128504481,0,5
0.18750882279346315,0,5
0.15899497196437817,1,5
0.25805853326104333,0,5
0.15899497196437817,0,5
0.25805853326104333,0,5
0.25805853326104333,0,5
0.15899497196437817,0,5
0.2074549896823733,0,5
0.18342546555324302,1,5
0.18750882279346315,0,5
0.2889074341545065,0,5
0.22796283049116106,0,5
0.17679779101015225,0,5
0.22796283049116106,0,5
0.17679779101015225,0,5
0.2074549896823733,0,5
0.3004044713845079,0,5
0.2679842453064918,0,5
0.19416699142535554,0,5
0.33061742664621596,1,5
0.2679842453064918,0,5
0.09201073559746242,0,5
0.44428441940621066,0,5
0.46263250690536506,1,5
0.09201073559746242,0,5
0.23484553462025692,0,5
0.13178414415964623,0,5
0.2416611006486068,0,5
0.13178414415964623,0,5
0.2416611006486068,1,5
0.13259895499125962,0,5
0.42006185638446814,1,5
0.15236635075592586,0,5
0.17993158279990362,0,5
0.22619312844704897,0,5
0.22619312844704897,0,5
0.3141077964153589,0,5
0.16728930239801787,0,5
0.3141077964153589,1,5
0.16728930239801787,0,5
0.08613466359660626,0,5
0.08613466359660626,0,5
0.20187898994622033,0,5
0.15845576519338,0,5
0.15845576519338,0,5
0.23247574770067558,0,5
0.2941671442339576,0,5
0.3217158358118869,1,5
0.15236635075592586,0,5
0.23247574770067558,0,5
0.46263250690536506,1,5
0.22619312844704897,1,5
0.2416611006486068,0,5
0.13178414415964623,0,5
0.13178414415964623,0,5
0.2416611006486068,1,5
0.15236635075592586,0,5
0.33061742664621596,0,5
0.22619312844704897,0,5
0.3004044713845079,1,5
0.13259895499125962,0,5
0.19416699142535554,0,5
0.2679842453064918,1,5
0.2679842453064918,1,5
0.23484553462025692,1,5
0.15236635075592586,0,5
0.42006185638446814,1,5
0.1373494838328717,0,5
0.09201073559746242,0,5
0.09201073559746242,0,5
0.2227142475929086,0,5
0.2227142475929086,0,5
0.1373494838328717,0,5
0.10621742218125774,0,5
0.31624485129619095,0,5
0.10621742218125774,1,5
0.31624485129619095,1,5
0.23693461324144738,1,5
0.10597986284192218,0,5
0.19288050990620642,1,5
0.19288050990620642,1,5
0.12022937146273727,0,5
0.44428441940621066,0,5
0.31624485129619095,1,5
0.15179659497899511,0,5
0.15179659497899511,0,5
0.16380685899906267,0,5
0.15179659497899511,1,5
0.16380685899906267,1,5
0.15179659497899511,0,5
0.16380685899906267,0,5
0.18535567005257914,0,5
0.16380685899906267,0,5
0.15918273950840156,0,5
0.18535567005257914,0,5
0.23384608036015253,1,5
0.29948402865320944,0,5
0.23384608036015253,1,5
0.17968349352851776,0,5
0.17968349352851776,1,5
0.23384608036015253,1,5
0.16528265641892836,0,5
0.3252826623811639,0,5
0.29650028272457796,1,5
0.25195279887610356,0,5
0.1910842362306311,0,5
0.17455479838689514,0,5
0.25195279887610356,0,5
0.27980934886752684,0,5
0.3252826623811639,0,5
0.21147830197392126,0,5
0.4433336530784746,0,5
0.23926949108283435,1,5
0.4433336530784746,1,5
0.18572227816905007,0,5
0.0940748251459228,0,5
0.2879033693758285,0,5
0.2879033693758285,1,5
0.0940748251459228,0,5
0.37261185435455946,0,5
0.3677796586239447,0,5
0.21147830197392126,0,5
0.3507380840891512,1,5
0.18668120721320003,0,5
0.09739511722845295,0,5
0.20156416036821656,0,5
0.1924996323667415,0,5
0.20156416036821656,0,5
0.1924996323667415,0,5
0.3974427014384444,1,5
0.1924996323667415,0,5
0.2584109738501127,0,5
0.18668120721320003,0,5
0.2584109738501127,0,5
0.09739511722845295,0,5
0.18668120721320003,0,5
0.17419379734113538,0,5
0.1375753007773185,0,5
0.17419379734113538,0,5
0.1375753007773185,1,5
0.17419379734113538,0,5
0.17998891410597817,0,5
0.3507380840891512,0,5
0.40479942845527916,1,5
0.32047510627276055,0,5
0.12476138839893947,0,5
0.19702435647521,0,5
0.15346440389164984,0,5
0.15346440389164984,0,5
0.12476138839893947,0,5
0.19702435647521,1,5
0.5181159615101731,0,5
0.1416169482750116,0,5
0.3015524831014931,1,5
0.5181159615101731,0,5
0.26637989521941374,0,5
0.1416169482750116,0,5
0.26637989521941374,0,5
0.42670591954754045,1,5
0.2653399204915672,0,5
0.3836478005725892,0,5
0.3015524831014931,0,5
0.12981072735227928,0,5
0.5181159615101731,0,5
0.1492339767973725,0,5
0.17734910658502112,0,5
0.28045708032808825,0,5
0.28045708032808825,0,5
0.17734910658502112,0,5
0.17151434393471643,0,5
0.10966512087743563,0,5
0.17151434393471643,0,5
0.11140302993337248,0,5
0.44546961590130363,1,5
0.24674017307859086,1,5
0.13405321550367755,0,5
0.13405321550367755,0,5
0.2875914741342116,1,5
0.13084848340285804,0,5
0.2875914741342116,0,5
0.3662969572059783,0,5
0.1492339767973725,0,5
0.2875914741342116,0,5
0.3662969572059783,0,5
0.22551388496637992,0,5
0.1485467372637761,1,5
0.2637245723825614,1,5
0.1550622589706231,1,5
0.22551388496637992,1,5
0.22551388496637992,0,5
0.2637245723825614,0,5
0.18528749718069737,0,5
0.1485467372637761,0,5
0.18182981539130294,1,5
0.20753030474757006,0,5
0.20024524070848548,0,5
0.13905596467585746,0,5
0.20024524070848548,0,5
0.13905596467585746,0,5
0.18528749718069737,0,5
0.10781085936092705,0,5
0.2610357683968384,1,5
0.19211399049315847,0,5
0.24700787230093058,0,5
0.24700787230093058,0,5
0.13932679469656273,0,5
0.2877864844277136,0,5
0.3969417783344501,0,5
0.13932679469656273,0,5
0.2877864844277136,0,5
0.3358253511390191,1,5
0.20919718542348986,0,5
0.3358253511390191,0,5
0.20919718542348986,0,5
0.30463600334011653,0,5
0.154678564474242,0,5
0.30463600334011653,0,5
0.271439903638121,0,5
0.3565912141454306,0,5
0.38287355418161795,1,5
0.10781085936092705,0,5
0.3969417783344501,0,5
0.154678564474242,0,5
0.2323421140778703,0,5
0.2323421140778703,0,5
0.15561927693862132,0,5
0.28403861725843227,0,5
0.15561927693862132,0,5
0.15561927693862132,1,5
0.28403861725843227,0,5
0.11850439566958415,0,5
0.16699817836233688,1,5
0.11850439566958415,0,5
0.16699817836233688,0,5
0.28403861725843227,0,5
0.16699817836233688,0,5
0.22403433076319745,0,5
0.11850439566958415,1,5
0.17084095026015922,0,5
0.17394505733995624,0,5
0.17394505733995624,0,5
0.16901891068693464,0,5
0.17394505733995624,0,5
0.11850439566958415,0,5
0.16699817836233688,0,5
0.16901891068693464,0,5
0.3104830740873259,0,5
0.3009436394148778,0,5
0.14603696559306345,0,5
0.3104830740873259,1,5
0.3265524870331107,1,5
0.3009436394148778,0,5
0.2122852952532115,0,5
0.14603696559306345,0,5
0.3018511002309634,0,5
0.3710589743475139,0,5
0.34122261729959624,0,5
0.16418510347640225,0,5
0.3018511002309634,0,5
0.16418510347640225,0,5
0.14314332791028106,0,5
0.1588388338882707,0,5
0.35108040644189553,1,5
0.2122852952532115,0,5
0.3112800246022037,0,5
0.1261193106600521,0,5
0.18065650081830265,0,5
0.18424896948788727,0,5
0.23213608873791047,0,5
0.23213608873791047,0,5
0.26663793541569525,0,5
0.4035334933182899,0,5
0.23213608873791047,0,5
0.287981843190233,0,5
0.11430235568038882,0,5
0.18424896948788727,0,5
0.11430235568038882,0,5
0.4403207723712319,1,5
0.4403207723712319,1,5
0.1261193106600521,0,5
0.18065650081830265,0,5
0.19840256168124037,0,5
0.19840256168124037,1,5
0.287981843190233,0,5
0.23842728803856428,0,5
0.14323797080501122,0,5
0.1924996323667415,0,5
0.1924996323667415,1,5
0.20156416036821656,0,5
0.1924996323667415,0,5
0.20156416036821656,1,5
0.20156416036821656,0,5
0.15918273950840156,0,5
0.15918273950840156,0,5
0.18535567005257914,0,5
0.15669693194251888,0,5
0.23384608036015253,0,5
0.23384608036015253,1,5
0.15669693194251888,1,5
0.23384608036015253,0,5
0.15669693194251888,0,5
0.18535567005257914,0,5
0.19489380425764402,0,5
0.28637961116411925,0,5
0.18483916850308868,0,5
0.4373684892843108,1,5
0.18483916850308868,0,5
0.13415116733303778,0,5
0.3495397098123888,1,5
0.13415116733303778,1,5
0.5241564364464169,1,5
0.3193923987616909,0,5
0.09956675012482286,1,5
0.19318313554613964,0,5
0.26388235604656174,0,5
0.24515637047662542,1,5
0.19318313554613964,0,5
0.23054204328895234,1,5
0.278514114415528,1,5
0.3495397098123888,0,5
0.21457030548011957,0,5
0.4373684892843108,0,5
0.09956675012482286,0,5
0.21457030548011957,0,5
0.18668120721320003,0,5
0.2584109738501127,1,5
0.2584109738501127,0,5
0.18668120721320003,0,5
0.40741473405921524,1,5
0.17151434393471643,0,5
0.11140302993337248,0,5
0.11140302993337248,1,5
0.2584109738501127,0,5
0.24674017307859086,1,5
0.17151434393471643,1,5
0.2875914741342116,1,5
0.2875914741342116,0,5
0.13405321550367755,0,5
0.13405321550367755,0,5
0.2875914741342116,0,5
0.17151434393471643,0,5
0.13405321550367755,0,5
0.2557949084050227,0,5
0.1630715814287822,0,5
0.17304905723657849,0,5
0.10191567269882518,0,5
0.3742202055052519,0,5
0.3742202055052519,1,5
0.10191567269882518,1,5
0.42801632293125547,0,5
0.3061145928435449,0,5
0.328602756293049,0,5
0.3072006757273569,0,5
0.17706402342165917,0,5
0.3451405521862192,1,5
0.3060603024503292,0,5
0.1630715814287822,0,5
0.22840796742044245,1,5
0.22840796742044245,1,5
0.17706402342165917,0,5
0.17304905723657849,0,5
0.15460489518471243,0,5
0.28045708032808825,0,5
0.3061145928435449,1,5
0.1375753007773185,0,5
0.19280898635815624,0,5
0.19280898635815624,0,5
0.17998891410597817,0,5
0.17419379734113538,0,5
0.16624256853962616,0,5
0.15179659497899511,0,5
0.1375753007773185,0,5
0.15179659497899511,0,5
0.3739198635017744,0,5
0.15179659497899511,1,5
0.28045708032808825,1,5
0.29201193221999255,0,5
0.15460489518471243,1,5
0.28045708032808825,0,5
0.16624256853962616,0,5
0.17394505733995624,0,5
0.28403861725843227,0,5
0.15561927693862132,0,5
0.28403861725843227,0,5
0.15561927693862132,0,5
0.32502443816942217,0,5
0.1545564568732578,0,5
0.28403861725843227,0,5
0.17394505733995624,0,5
0.11562174831706162,0,5
0.17394505733995624,1,5
0.1545564568732578,0,5
0.16699817836233688,0,5
0.11562174831706162,1,5
0.16699817836233688,0,5
0.16699817836233688,1,5
0.11562174831706162,0,5
0.1545564568732578,0,5
0.1485467372637761,0,5
0.1550622589706231,0,5
0.22551388496637992,0,5
0.22551388496637992,0,5
0.1550622589706231,0,5
0.1550622589706231,0,5
0.22551388496637992,0,5
0.18263387305556422,0,5
0.18528749718069737,0,5
0.29891846028950253,0,5
0.18528749718069737,1,5
0.18107315557738557,0,5
0.19930849589411737,0,5
0.15319280931233759,0,5
0.20024524070848548,1,5
0.14182391884306378,0,5
0.20024524070848548,0,5
0.1485467372637761,1,5
0.287981843190233,0,5
0.11430235568038882,0,5
0.287981843190233,0,5
0.11430235568038882,0,5
0.357541186944229,0,5
0.10230610616092672,1,5
0.28728690518534117,0,5
0.1261193106600521,0,5
0.28728690518534117,0,5
0.1800938048341203,0,5
0.23213608873791047,0,5
0.1800938048341203,0,5
0.23213608873791047,0,5
0.1800938048341203,0,5
0.23213608873791047,0,5
0.1261193106600521,0,5
0.4207953637797589,1,5
0.2494127652998127,0,5
0.13178414415964623,0,5
0.4207953637797589,0,5
0.3112800246022037,0,5
0.13178414415964623,0,5
0.2416611006486068,0,5
0.13178414415964623,0,5
0.2416611006486068,0,5
0.154678564474242,0,5
0.26663793541569525,0,5
0.30463600334011653,0,5
0.154678564474242,0,5
0.271439903638121,0,5
0.3565912141454306,0,5
0.30463600334011653,1,5
0.3565912141454306,0,5
0.3565912141454306,0,5
0.30463600334011653,0,5
0.3565912141454306,0,5
0.30463600334011653,0,5
0.26663793541569525,0,5
0.30463600334011653,0,5
0.3112800246022037,0,5
0.3112800246022037,1,5
0.18770253315202357,0,5
0.18770253315202357,0,5
0.12019662893114313,0,5
0.12019662893114313,0,5
0.18770253315202357,0,5
0.15224225536161606,1,5
0.285624741515216,1,5
0.285624741515216,0,5
0.15224225536161606,0,5
0.12019662893114313,0,5
0.285624741515216,1,5
0.22762780963953366,0,5
0.2003442496083302,0,5
0.2003442496083302,0,5
0.22762780963953366,0,5
0.18065650081830265,0,5
0.19840256168124037,0,5
0.19840256168124037,1,5
0.18065650081830265,1,5
0.26663793541569525,0,5
0.15224225536161606,0,5
0.14603696559306345,0,5
0.14603696559306345,0,5
0.2122852952532115,0,5
0.38287355418161795,1,5
0.38287355418161795,1,5
0.3969417783344501,1,5
0.2122852952532115,0,5
0.3969417783344501,0,5
0.3710589743475139,1,5
0.25427629995442846,0,5
0.34122261729959624,0,5
0.3710589743475139,0,5
0.19791324562359502,0,5
0.19791324562359502,0,5
0.25427629995442846,1,5
0.4373684892843108,1,5
0.17344591516129104,0,5
0.38287355418161795,1,5
0.34122261729959624,0,5
0.3969417783344501,0,5
0.2323421140778703,0,5
0.22403433076319745,1,5
0.30614988571420154,0,5
0.2323421140778703,0,5
0.30614988571420154,1,5
0.09055168951462345,0,5
0.34806596914028687,0,5
0.10959475006904673,0,5
0.3205402209683782,0,5
0.10959475006904673,0,5
0.10959475006904673,0,5
0.09055168951462345,0,5
0.21500430079018573,1,5
0.16726328936580293,0,5
0.16726328936580293,1,5
0.10077782404251368,0,5
0.21354774591631553,0,5
0.09005667436587295,1,5
0.22403433076319745,0,5
0.34806596914028687,0,5
0.1630715814287822,0,5
0.1630715814287822,1,5
0.22840796742044245,0,5
0.29900909914101703,0,5
0.2011159623682539,1,5
0.2011159623682539,0,5
0.29900909914101703,0,5
0.154678564474242,0,5
0.271439903638121,0,5
0.29900909914101703,0,5
0.30463600334011653,0,5
0.30463600334011653,0,5
0.154678564474242,0,5
0.3565912141454306,0,5
0.22840796742044245,0,5
0.2011159623682539,0,5
0.2553721936248039,1,5
0.18779915382286627,0,5
0.22667252035688334,0,5
0.4675111871289104,0,5
0.33745654909834055,0,5
0.09790802695919787,0,5
0.3103703802004991,0,5
0.3103703802004991,0,5
0.09790802695919787,0,5
0.17912650128504481,0,5
0.09790802695919787,0,5
0.18779915382286627,0,5
0.24136311233486707,1,5
0.16156790570745394,1,5
0.22667252035688334,0,5
0.2553721936248039,0,5
0.2553721936248039,0,5
0.17912650128504481,0,5
0.20748492066777036,1,5
0.27611250559068734,1,5
0.3217229771827128,0,5
0.1367060085149181,1,5
0.1367060085149181,0,5
0.27611250559068734,0,5
0.25356091702759365,0,5
0.27611250559068734,1,5
0.20748492066777036,1,5
0.20957423304011047,0,5
0.09656650305248349,0,5
0.09656650305248349,0,5
0.25356091702759365,1,5
0.3712509073948512,0,5
0.25356091702759365,0,5
0.20957423304011047,1,5
0.3252860394386342,1,5
0.2260569581376073,0,5
0.10585877567449264,0,5
0.259467560332972,0,5
0.259467560332972,0,5
0.10585877567449264,0,5
0.15294590385081352,0,5
0.2260569581376073,0,5
0.21455669375652675,0,5
0.15294590385081352,1,5
0.2260569581376073,0,5
0.1359332450609284,0,5
0.3175474410234115,0,5
0.1359332450609284,1,5
0.29135655401005345,0,5
0.1359332450609284,0,5
0.3175474410234115,0,5
0.15294590385081352,0,5
0.2591017779456243,0,5
0.265165348129518,1,5
0.12135009591509627,0,5
0.2591017779456243,0,5
0.2591017779456243,0,5
0.12135009591509627,0,5
0.15298808722503687,0,5
0.15298808722503687,0,5
0.2710516453939025,0,5
0.2710516453939025,0,5
0.2864778731769093,0,5
0.17086691764174178,1,5
0.26186626730437457,0,5
0.2710516453939025,0,5
0.2710516453939025,0,5
0.2894501581554796,0,5
0.15298808722503687,0,5
0.17086691764174178,0,5
0.08613466359660626,1,5
0.20290665861836232,1,5
0.18750882279346315,0,5
0.18750882279346315,0,5
0.18750882279346315,0,5
0.20290665861836232,0,5
0.18750882279346315,0,5
0.3319256470720875,0,5
0.19904580150412576,0,5
0.20290665861836232,0,5
0.20187898994622033,0,5
0.08613466359660626,0,5
0.25805853326104333,0,5
0.15899497196437817,1,5
0.25805853326104333,1,5
0.15899497196437817,0,5
0.3306359466103588,1,5
0.08613466359660626,0,5
0.20187898994622033,0,5
0.25805853326104333,1,5
0.2941671442339576,0,5
0.15845576519338,0,5
0.23247574770067558,0,5
0.15845576519338,0,5
0.23247574770067558,1,5
0.15845576519338,1,5
0.10145908745151644,0,5
0.31624485129619095,1,5
0.10145908745151644,1,5
0.08308127952259792,0,5
0.31624485129619095,0,5
0.16728930239801787,0,5
0.3141077964153589,0,5
0.28808085072948353,1,5
0.16728930239801787,1,5
0.16728930239801787,0,5
0.5080779154664057,0,5
0.31624485129619095,0,5
0.22796283049116106,0,5
0.36869735461578645,0,5
0.2519947108457612,0,5
0.2519947108457612,1,5
0.17679779101015225,1,5
0.22796283049116106,0,5
0.17679779101015225,0,5
0.36869735461578645,0,5
0.22796283049116106,0,5
0.1373494838328717,0,5
0.2179233562691475,0,5
0.1373494838328717,1,5
0.326315655459416,0,5
0.2179233562691475,0,5
0.1373494838328717,0,5
0.2179233562691475,0,5
0.2003442496083302,0,5
0.22762780963953366,1,5
0.22762780963953366,0,5
0.2003442496083302,0,5
0.22762780963953366,0,5
0.22762780963953366,0,5
0.36104176122589704,0,5
0.18779915382286627,0,5
0.2003442496083302,0,5
0.17912650128504481,1,5
0.24136311233486707,0,5
0.17912650128504481,1,5
0.24136311233486707,0,5
0.17912650128504481,0,5
0.18779915382286627,0,5
0.17912650128504481,0,5
0.18779915382286627,0,5
0.2986908922653134,0,5
0.1924996323667415,0,5
0.1924996323667415,0,5
0.20156416036821656,1,5
0.27611250559068734,0,5
0.1367060085149181,0,5
0.1367060085149181,0,5
0.3217229771827128,0,5
0.1367060085149181,0,5
0.27611250559068734,0,5
0.3217229771827128,0,5
0.27611250559068734,0,5
0.27611250559068734,0,5
0.20156416036821656,0,5
0.27611250559068734,0,5
0.20156416036821656,0,5
0.2889074341545065,0,5
0.1924996323667415,0,5
0.326315655459416,0,5
0.22796283049116106,0,5
0.1924996323667415,0,5
0.17679779101015225,0,5
0.17679779101015225,0,5
0.2889074341545065,0,5
0.22796283049116106,0,5
0.17679779101015225,0,5
0.2889074341545065,0,5
0.20156416036821656,0,5
0.1924996323667415,0,5
0.20156416036821656,0,5
0.17679779101015225,1,5
0.09055168951462345,0,5
0.30614988571420154,0,5
0.09055168951462345,0,5
0.09055168951462345,0,5
0.30614988571420154,0,5
0.09055168951462345,1,5
0.30614988571420154,0,5
0.4675111871289104,0,5
0.30614988571420154,0,5
0.2553721936248039,0,5
0.2553721936248039,0,5
0.4675111871289104,0,5
0.22667252035688334,1,5
0.2553721936248039,0,5
0.2553721936248039,0,5
0.22667252035688334,0,5
0.4361348316320869,0,5
0.22667252035688334,0,5
0.25805853326104333,0,5
0.15899497196437817,0,5
0.15899497196437817,0,5
0.25805853326104333,0,5
0.25805853326104333,0,5
0.15899497196437817,1,5
0.15899497196437817,0,5
0.25805853326104333,0,5
0.25805853326104333,0,5
0.15899497196437817,0,5
0.2864778731769093,0,5
0.5459959688075477,0,5
0.17086691764174178,0,5
0.17086691764174178,0,5
0.2864778731769093,0,5
0.2864778731769093,1,5
0.17086691764174178,0,5
0.17086691764174178,1,5
0.2864778731769093,0,5
0.17086691764174178,0,5
0.1367060085149181,1,5
0.1367060085149181,0,5
0.27611250559068734,1,5
0.27611250559068734,1,5
0.27611250559068734,0,5
0.1367060085149181,0,5
0.27611250559068734,0,5
0.27611250559068734,0,5
0.1367060085149181,0,5
0.1367060085149181,0,5
0.1305028020000376,0,5
0.08115979756383196,0,5
0.3682588087659743,0,5
0.3682588087659743,1,5
0.08115979756383196,0,5
0.2074112598380532,0,5
0.1305028020000376,0,5
0.2074112598380532,0,5
0.2074112598380532,1,5
0.1305028020000376,0,5
0.2568826944142867,0,5
0.30808164067541965,1,5
0.14560227574556894,1,5
0.28900470647236887,0,5
0.28900470647236887,0,5
0.14560227574556894,0,5
0.0804676039061788,0,5
0.44311939201471306,1,5
0.44311939201471306,1,5
0.0804676039061788,0,5
0.42472246753783427,0,5
0.07535769785975177,0,5
0.11360104443099672,0,5
0.2649363560060608,0,5
0.42472246753783427,1,5
0.11283131684278558,0,5
0.2649363560060608,0,5
0.2649363560060608,0,5
0.11360104443099672,0,5
0.07535769785975177,0,5
0.30463600334011653,0,5
0.09374535790843763,0,5
0.09374535790843763,0,5
0.29737543684904744,1,5
0.271439903638121,0,5
0.3565912141454306,1,5
0.154678564474242,0,5
0.154678564474242,1,5
0.30463600334011653,0,5
0.29737543684904744,1,5
0.18898277076114345,1,5
0.18898277076114345,0,5
0.1389100921424714,0,5
0.23099261094843693,0,5
0.23099261094843693,0,5
0.23099261094843693,1,5
0.1389100921424714,0,5
0.07194007110133815,0,5
0.07194007110133815,0,5
0.20134084508740968,0,5
0.07194007110133815,0,5
0.2445655153074232,0,5
0.09851059336343071,0,5
0.09851059336343071,0,5
0.42472246753783427,0,5
0.42472246753783427,0,5
0.42472246753783427,0,5
0.2445655153074232,0,5
0.07683749030549414,0,5
0.07683749030549414,0,5
0.09851059336343071,0,5
0.2445655153074232,1,5
0.18898277076114345,0,5
0.1653918280997968,0,5
0.1389100921424714,0,5
0.1653918280997968,0,5
0.1389100921424714,0,5
0.1653918280997968,0,5
0.1389100921424714,0,5
0.18898277076114345,1,5
0.1259329930769989,0,5
0.18967024626623397,0,5
0.18967024626623397,1,5
0.1259329930769989,0,5
0.28276641195972474,1,5
0.2784222166351701,0,5
0.10061345534175348,0,5
0.23862551644802854,0,5
0.10061345534175348,0,5
0.23862551644802854,0,5
0.10061345534175348,0,5
0.23862551644802854,0,5
0.16444914942581057,0,5
0.16444914942581057,0,5
0.3217229771827128,0,5
0.4653051632310141,0,5
0.16444914942581057,1,5
0.2784222166351701,0,5
0.27881635678157857,0,5
0.27881635678157857,0,5
0.1367060085149181,0,5
0.1367060085149181,1,5
0.27881635678157857,1,5
0.16080671346374187,0,5
0.5032970300923905,1,5
0.16080671346374187,0,5
0.252774476693604,0,5
0.08735333188770489,0,5
0.195521796179697,1,5
0.08735333188770489,0,5
0.195521796179697,0,5
0.18820150893837273,1,5
0.24136311233486707,0,5
0.18779915382286627,0,5
0.18820150893837273,0,5
0.18779915382286627,0,5
0.18820150893837273,0,5
0.10820848447480991,1,5
0.20213190522496616,0,5
0.10820848447480991,1,5
0.1554898051717407,1,5
0.1554898051717407,0,5
0.10820848447480991,1,5
0.2894501581554796,1,5
0.2842264995686449,0,5
0.2842264995686449,0,5
0.15298808722503687,0,5
0.26964233507245583,0,5
0.18750882279346315,0,5
0.18750882279346315,0,5
0.15906850927338267,0,5
0.15906850927338267,0,5
0.18750882279346315,0,5
0.1375753007773185,0,5
0.20547482744687806,0,5
0.20547482744687806,0,5
0.17998891410597817,0,5
0.23839572642701512,0,5
0.2579453155126272,0,5
0.2579453155126272,0,5
0.23839572642701512,0,5
0.2579453155126272,0,5
0.29303881375568475,0,5
0.09927517425698817,0,5
0.29303881375568475,0,5
0.09927517425698817,0,5
0.23839572642701512,1,5
0.1564978481881526,1,5
0.18815477100927835,1,5
0.13918240187131048,0,5
0.18815477100927835,1,5
0.13918240187131048,0,5
0.1564978481881526,1,5
0.11132396967962543,0,5
0.11132396967962543,0,5
0.1261193106600521,0,5
0.1564978481881526,0,5
0.1261193106600521,0,5
0.43348515086218065,1,5
0.28163154040556104,0,5
0.28163154040556104,1,5
0.1261193106600521,0,5
0.11132396967962543,0,5
0.408053098308209,1,5
0.18668120721320003,0,5
0.40741473405921524,0,5
0.18668120721320003,0,5
0.2610039820605512,0,5
0.1715390440577037,1,5
0.1373494838328717,0,5
0.1373494838328717,1,5
0.1715390440577037,0,5
0.2610039820605512,1,5
0.1373494838328717,0,5
0.1715390440577037,0,5
0.18821743024455273,0,5
0.16387609158210337,0,5
0.18821743024455273,1,5
0.16387609158210337,0,5
0.18821743024455273,1,5
0.18821743024455273,0,5
0.16387609158210337,0,5
0.16387609158210337,1,5
0.25380366711088387,1,5
0.2969752639024844,0,5
0.16991071194209528,0,5
0.23489094068466232,0,5
0.3800814482402606,0,5
0.16991071194209528,0,5
0.23489094068466232,0,5
0.09307481805269169,0,5
0.15704995129194865,1,5
0.25380366711088387,1,5
0.17250813068388782,0,5
0.15704995129194865,0,5
0.3198075882788365,0,5
0.15704995129194865,0,5
0.17250813068388782,0,5
0.09307481805269169,0,5
0.18227062299149355,1,5
0.17664281217505895,0,5
0.17664281217505895,0,5
0.2622893103101921,0,5
0.2251952132432068,0,5
0.139410745319545,1,5
0.4450219708055392,0,5
0.2251952132432068,0,5
0.18821966857950723,0,5
0.08613466359660626,0,5
0.2251952132432068,0,5
0.18821966857950723,0,5
0.139410745319545,0,5
0.08613466359660626,1,5
0.1676020725557461,0,5
0.10307480005622516,0,5
0.10307480005622516,0,5
0.1676020725557461,0,5
0.10307480005622516,0,5
0.1676020725557461,0,5
0.3283617658992368,0,5
0.23454883134810833,0,5
0.23454883134810833,1,5
0.14031675852415104,0,5
0.23454883134810833,0,5
0.2667225184923179,0,5
0.2458065534056152,1,5
0.1570885086440319,0,5
0.2458065534056152,0,5
0.1570885086440319,0,5
0.2458065534056152,0,5
0.3283617658992368,0,5
0.26538106550369944,0,5
0.26538106550369944,1,5
0.1359332450609284,0,5
0.16943509264757295,0,5
0.17394505733995624,1,5
0.17394505733995624,0,5
0.16943509264757295,0,5
0.1359332450609284,0,5
0.1359332450609284,0,5
0.30258992256596184,0,5
0.26538106550369944,0,5
0.23973208238705224,0,5
0.34401395784564603,0,5
0.18865766498547132,0,5
0.23973208238705224,0,5
0.18865766498547132,0,5
0.29390477488938205,1,5
0.15499220484729748,0,5
0.307703354281441,1,5
0.30027964179579947,0,5
0.09055168951462345,0,5
0.29262431800282884,0,5
0.30027964179579947,1,5
0.1727861458817439,0,5
0.4828532688485364,0,5
0.2376382733422836,0,5
0.1727861458817439,0,5
0.09055168951462345,0,5
0.09790802695919787,0,5
0.2833776101361891,0,5
0.2833776101361891,0,5
0.09790802695919787,0,5
0.18449855385164837,0,5
0.1701051413576561,0,5
0.14120525548463525,0,5
0.1701051413576561,1,5
0.1701051413576561,0,5
0.12019662893114313,0,5
0.1747923363875994,0,5
0.1747923363875994,1,5
0.12019662893114313,0,5
0.1747923363875994,0,5
0.12019662893114313,0,5
0.14120525548463525,0,5
0.154678564474242,0,5
0.30463600334011653,0,5
0.10152318724855236,0,5
0.10152318724855236,0,5
0.3507380840891512,1,5
0.25195279887610356,0,5
0.16372427110422416,0,5
0.18065650081830265,0,5
0.25195279887610356,0,5
0.30463600334011653,0,5
0.19840256168124037,1,5
0.26663793541569525,0,5
0.18065650081830265,0,5
0.19571445057126913,0,5
0.26663793541569525,0,5
0.16372427110422416,0,5
0.154678564474242,1,5
0.3507380840891512,1,5
0.20748492066777036,0,5
0.4145295410465045,1,5
0.2857834230365295,0,5
0.1385317184195174,1,5
0.1385317184195174,1,5
0.28838463285252247,1,5
0.1385317184195174,0,5
0.28838463285252247,0,5
0.1385317184195174,0,5
0.28838463285252247,0,5
0.2541645358248159,0,5
0.11361673532866001,0,5
0.2541645358248159,0,5
0.2661960698878846,1,5
0.3712509073948512,0,5
0.20748492066777036,0,5
0.2661960698878846,0,5
0.11361673532866001,0,5
0.3193923987616909,0,5
0.19778223430329445,1,5
0.13415116733303778,0,5
0.3495397098123888,0,5
0.3495397098123888,0,5
0.13415116733303778,0,5
0.37227840675434887,0,5
0.16509483524928148,0,5
0.1630715814287822,0,5
0.3104830740873259,0,5
0.16509483524928148,1,5
0.31072902973487515,0,5
0.2897518287548505,0,5
0.1630715814287822,0,5
0.22840796742044245,0,5
0.22840796742044245,1,5
0.19702435647521,0,5
0.3104830740873259,0,5
0.19702435647521,0,5
0.23490982041007502,0,5
0.14371463106357252,0,5
0.1552398762625884,0,5
0.08854669934998172,0,5
0.1552398762625884,0,5
0.08854669934998172,0,5
0.22551388496637992,0,5
0.22551388496637992,0,5
0.1550622589706231,0,5
0.22551388496637992,0,5
0.1550622589706231,0,5
0.3075543130176419,0,5
0.09182657220707946,0,5
0.32448136779951586,0,5
0.09182657220707946,0,5
0.14371463106357252,0,5
0.19778223430329445,0,5
0.19702435647521,0,5
0.1550622589706231,0,5
0.301709305895943,0,5
0.17150065801100245,0,5
0.23938512819468305,0,5
0.23938512819468305,0,5
0.17150065801100245,0,5
0.3182707355960622,0,5
0.23938512819468305,0,5
0.12259426893106418,0,5
0.2389717155910328,0,5
0.15354128650120058,1,5
0.12259426893106418,0,5
0.2389717155910328,0,5
0.15354128650120058,0,5
0.15452759935198712,0,5
0.15354128650120058,0,5
0.3537799098303067,1,5
0.15452759935198712,0,5
0.12259426893106418,0,5
0.09507304650057813,1,5
0.42801632293125547,0,5
0.28191848807174713,1,5
0.1416169482750116,0,5
0.2653399204915672,1,5
0.26239190883803887,0,5
0.09507304650057813,0,5
0.2653399204915672,0,5
0.3742202055052519,1,5
0.19791324562359502,0,5
0.24139783260405068,0,5
0.25427629995442846,1,5
0.19791324562359502,0,5
0.4373684892843108,1,5
0.24700787230093058,0,5
0.14494672356010607,0,5
0.14494672356010607,0,5
0.24700787230093058,0,5
0.3742202055052519,0,5
0.1416169482750116,0,5
0.28191848807174713,1,5
0.20099344791974394,0,5
0.26239190883803887,0,5
0.22551388496637992,0,5
0.22551388496637992,0,5
0.1550622589706231,0,5
0.22551388496637992,1,5
0.1550622589706231,1,5
0.2637245723825614,1,5
0.22551388496637992,0,5
0.29262431800282884,0,5
0.29127415404721746,0,5
0.1550622589706231,0,5
0.15499220484729748,0,5
0.307703354281441,0,5
0.15499220484729748,0,5
0.1701051413576561,0,5
0.15456315752533156,0,5
0.1701051413576561,0,5
0.15456315752533156,1,5
0.1701051413576561,0,5
0.307703354281441,1,5
0.19672949604753776,1,5
0.2836019093480301,0,5
0.2323421140778703,0,5
0.22403433076319745,0,5
0.2323421140778703,1,5
0.3969417783344501,0,5
0.3969417783344501,0,5
0.15236635075592586,0,5
0.2031833260774052,0,5
0.15236635075592586,0,5
0.2031833260774052,1,5
0.44428441940621066,1,5
0.09593484611152081,0,5
0.09593484611152081,0,5
0.2836019093480301,0,5
0.44428441940621066,0,5
0.25039158084345414,0,5
0.19672949604753776,0,5
0.10820848447480991,1,5
0.2836019093480301,1,5
0.18821743024455273,0,5
0.16387609158210337,0,5
0.18821743024455273,0,5
0.16387609158210337,0,5
0.10061677364722954,0,5
0.408053098308209,0,5
0.40741473405921524,1,5
0.18668120721320003,0,5
0.18668120721320003,0,5
0.408053098308209,0,5
0.1554898051717407,0,5
0.1554898051717407,0,5
0.10820848447480991,0,5
0.3312671584495036,0,5
0.10061677364722954,1,5
0.408053098308209,1,5
0.20489441671757946,1,5
0.2842264995686449,0,5
0.15298808722503687,0,5
0.15298808722503687,0,5
0.2842264995686449,0,5
0.13918240187131048,0,5
0.20489441671757946,0,5
0.19110632384703508,1,5
0.24136311233486707,1,5
0.19110632384703508,0,5
0.18779915382286627,0,5
0.18779915382286627,0,5
0.19110632384703508,1,5
0.13918240187131048,0,5
0.27980934886752684,0,5
0.4207953637797589,0,5
0.21147830197392126,0,5
0.21147830197392126,1,5
0.27980934886752684,0,5
0.24918250089064387,1,5
0.23882032720031665,0,5
0.20046943936560724,0,5
0.24918250089064387,0,5
0.0940748251459228,0,5
0.0940748251459228,0,5
0.2494127652998127,0,5
0.2879033693758285,0,5
0.37261185435455946,0,5
0.23926949108283435,0,5
0.37261185435455946,0,5
0.23926949108283435,0,5
0.2879033693758285,0,5
0.2494127652998127,0,5
0.4207953637797589,0,5
0.27881635678157857,0,5
0.1676020725557461,0,5
0.1676020725557461,0,5
0.10307480005622516,0,5
0.10307480005622516,0,5
0.3297918917089143,1,5
0.1367060085149181,0,5
0.2494127652998127,1,5
0.27881635678157857,0,5
0.3217229771827128,1,5
0.1367060085149181,0,5
0.27881635678157857,1,5
0.17150065801100245,0,5
0.23938512819468305,0,5
0.23938512819468305,0,5
0.17150065801100245,0,5
0.17150065801100245,0,5
0.23938512819468305,0,5
0.2416611006486068,1,5
0.10307480005622516,0,5
0.19489380425764402,0,5
0.21457030548011957,0,5
0.19489380425764402,0,5
0.19489380425764402,0,5
0.15387803799327104,0,5
0.21457030548011957,0,5
0.28637961116411925,0,5
0.20604927162663444,0,5
0.32047510627276055,0,5
0.5181159615101731,1,5
0.12476138839893947,0,5
0.18388092235744946,0,5
0.328602756293049,1,5
0.3072006757273569,1,5
0.18388092235744946,0,5
0.3018511002309634,1,5
0.12476138839893947,0,5
0.15387803799327104,0,5
0.1359332450609284,0,5
0.20604927162663444,0,5
0.35108040644189553,0,5
0.20547482744687806,0,5
0.1375753007773185,0,5
0.1375753007773185,0,5
0.20547482744687806,1,5
0.17998891410597817,0,5
0.26538106550369944,0,5
0.20547482744687806,0,5
0.1359332450609284,0,5
0.1359332450609284,0,5
0.26538106550369944,0,5
0.08735333188770489,0,5
0.20604927162663444,1,5
0.08735333188770489,0,5
0.26538106550369944,0,5
0.08735333188770489,0,5
0.23384608036015253,0,5
0.23862551644802854,0,5
0.2544777347882795,0,5
0.23384608036015253,0,5
0.1570885086440319,0,5
0.2544777347882795,0,5
0.11062605131470726,0,5
0.23384608036015253,0,5
0.11062605131470726,1,5
0.23973208238705224,1,5
0.11062605131470726,0,5
0.23862551644802854,1,5
0.30258992256596184,0,5
0.18865766498547132,0,5
0.34401395784564603,0,5
0.21053684838854947,0,5
0.18865766498547132,0,5
0.2561069938405812,0,5
0.18238847140831305,0,5
0.3061145928435449,0,5
0.14603696559306345,0,5
0.3061145928435449,0,5
0.2506594498074419,0,5
0.3141757554767767,1,5
0.18238847140831305,0,5
0.18547894605213344,0,5
0.34369660005240177,0,5
0.15518147252594805,0,5
0.15518147252594805,0,5
0.3662969572059783,0,5
0.14603696559306345,0,5
0.3710589743475139,1,5
0.3710589743475139,1,5
0.2679842453064918,0,5
0.18547894605213344,1,5
0.15354128650120058,0,5
0.15354128650120058,0,5
0.16213439036515598,0,5
0.2622893103101921,1,5
0.15357871360138065,0,5
0.4683232569005319,0,5
0.30027964179579947,0,5
0.09055168951462345,0,5
0.30027964179579947,0,5
0.17664281217505895,0,5
0.30027964179579947,1,5
0.09055168951462345,0,5
0.15452759935198712,0,5
0.15354128650120058,0,5
0.3537799098303067,0,5
0.15452759935198712,1,5
0.09055168951462345,0,5
0.3061145928435449,0,5
0.2679842453064918,0,5
0.18238847140831305,0,5
0.1975559752912296,1,5
0.2679842453064918,0,5
0.18547894605213344,0,5
0.16213439036515598,0,5
0.18547894605213344,0,5
0.34122261729959624,0,5
0.2506594498074419,0,5
0.3710589743475139,0,5
0.14603696559306345,0,5
0.3710589743475139,0,5
0.14603696559306345,0,5
0.3710589743475139,0,5
0.18238847140831305,1,5
0.3061145928435449,1,5
0.3141757554767767,0,5
0.11361673532866001,0,5
0.3662969572059783,0,5
0.17394505733995624,0,5
0.16943509264757295,0,5
0.16943509264757295,0,5
0.17394505733995624,0,5
0.20931843024330032,0,5
0.15518147252594805,0,5
0.43945440717330486,1,5
0.4838962157482162,1,5
0.2579453155126272,0,5
0.2579453155126272,0,5
0.2541645358248159,0,5
0.11361673532866001,0,5
0.2541645358248159,0,5
0.34369660005240177,1,5
0.15518147252594805,0,5
0.23839572642701512,0,5
0.12019662893114313,1,5
0.16080671346374187,1,5
0.252774476693604,0,5
0.16080671346374187,1,5
0.252774476693604,0,5
0.16080671346374187,0,5
0.279517638218967,0,5
0.252774476693604,0,5
0.1747923363875994,0,5
0.09590910123140262,0,5
0.29303881375568475,1,5
0.09590910123140262,0,5
0.3128684973000312,0,5
0.09927517425698817,0,5
0.2904127558923064,0,5
0.12019662893114313,0,5
0.09593484611152081,1,5
0.42006185638446814,0,5
0.15236635075592586,0,5
0.15236635075592586,0,5
0.22619312844704897,0,5
0.13259895499125962,0,5
0.3004044713845079,0,5
0.22403433076319745,0,5
0.2323421140778703,1,5
0.3969417783344501,0,5
0.09593484611152081,1,5
0.3358253511390191,0,5
0.10061677364722954,1,5
0.10061677364722954,0,5
0.2877864844277136,0,5
0.2877864844277136,0,5
0.19672949604753776,0,5
0.2323421140778703,0,5
0.44428441940621066,0,5
0.22619312844704897,0,5
0.42006185638446814,0,5
0.09593484611152081,0,5
0.18821966857950723,1,5
0.18821966857950723,0,5
0.08613466359660626,0,5
0.08613466359660626,0,5
0.18821966857950723,0,5
0.21114579465509709,0,5
0.13488761022648255,0,5
0.17664233920825623,0,5
0.08613466359660626,0,5
0.21327051070160963,0,5
0.13488761022648255,0,5
0.15360564301246982,0,5
0.23454883134810833,0,5
0.23454883134810833,0,5
0.15360564301246982,0,5
0.15360564301246982,0,5
0.23454883134810833,0,5
0.21327051070160963,0,5
0.14371463106357252,0,5
0.19702435647521,0,5
0.2897518287548505,0,5
0.23490982041007502,0,5
0.31072902973487515,0,5
0.3495397098123888,0,5
0.14371463106357252,0,5
0.13415116733303778,0,5
0.22840796742044245,0,5
0.13415116733303778,1,5
0.3495397098123888,0,5
0.1630715814287822,0,5
0.1630715814287822,0,5
0.22840796742044245,0,5
0.29900909914101703,0,5
0.3104830740873259,0,5
0.2011159623682539,1,5
0.31072902973487515,1,5
0.14270122714957634,0,5
0.16509483524928148,0,5
0.2897518287548505,0,5
0.2389717155910328,0,5
0.12259426893106418,0,5
0.301709305895943,1,5
0.12259426893106418,0,5
0.14270122714957634,0,5
0.2784222166351701,0,5
0.2784222166351701,0,5
0.16444914942581057,0,5
0.28576651340949455,0,5
0.18750882279346315,1,5
0.18750882279346315,0,5
0.28576651340949455,0,5
0.2989131939423404,1,5
0.18750882279346315,1,5
0.2784222166351701,1,5
0.10595924492168707,0,5
0.15704995129194865,0,5
0.16824688869739313,0,5
0.16824688869739313,0,5
0.136121138565496,0,5
0.25380366711088387,0,5
0.1385317184195174,0,5
0.25380366711088387,0,5
0.1385317184195174,0,5
0.2857834230365295,1,5
0.2857834230365295,0,5
0.10595924492168707,0,5
0.1727861458817439,0,5
0.09182657220707946,0,5
0.32448136779951586,0,5
0.3075543130176419,0,5
0.09182657220707946,0,5
0.25507165601535275,0,5
0.1727861458817439,1,5
0.1373494838328717,1,5
0.1373494838328717,0,5
0.1929741687201676,1,5
0.1929741687201676,0,5
0.1373494838328717,1,5
0.1929741687201676,1,5
0.2376382733422836,0,5
0.28191848807174713,0,5
0.26408719942524617,0,5
0.14494672356010607,0,5
0.22910666073953911,0,5
0.14494672356010607,0,5
0.24700787230093058,0,5
0.09507304650057813,0,5
0.42801632293125547,0,5
0.17344591516129104,0,5
0.3742202055052519,0,5
0.09507304650057813,0,5
0.24139783260405068,0,5
0.19791324562359502,0,5
0.25427629995442846,0,5
0.19791324562359502,0,5
0.25427629995442846,0,5
0.4373684892843108,0,5
0.14083636984746084,0,5
0.3742202055052519,0,5
0.26239190883803887,0,5
0.12425425735928175,0,5
0.26239190883803887,0,5
0.14083636984746084,1,5
0.20748492066777036,0,5
0.23477320736719098,0,5
0.20748492066777036,1,5
0.20748492066777036,1,5
0.39919322233407406,0,5
0.11132396967962543,0,5
0.1564978481881526,0,5
0.23477320736719098,0,5
0.12425425735928175,0,5
0.1564978481881526,1,5
0.1693383313829241,1,5
0.23489094068466232,0,5
0.23489094068466232,0,5
0.1693383313829241,0,5
0.2969752639024844,0,5
0.1564978481881526,0,5
0.1693383313829241,0,5
0.154678564474242,1,5
0.198310833828219,0,5
0.3240919411019969,1,5
0.3460829506255131,0,5
0.10152318724855236,0,5
0.3240919411019969,1,5
0.19571445057126913,0,5
0.30463600334011653,1,5
0.10152318724855236,0,5
0.30463600334011653,0,5
0.25195279887610356,1,5
0.271439903638121,0,5
0.3565912141454306,0,5
0.16372427110422416,1,5
0.29650028272457796,0,5
0.25195279887610356,0,5
0.16372427110422416,0,5
0.30859632910886203,0,5
0.25195279887610356,0,5
0.26663793541569525,0,5
0.154678564474242,1,5
0.19840256168124037,1,5
0.30859632910886203,0,5
0.26663793541569525,0,5
0.18065650081830265,0,5
0.28163154040556104,0,5
0.1261193106600521,0,5
0.41794816743201757,1,5
0.1261193106600521,0,5
0.10087401505382387,0,5
0.1552398762625884,0,5
0.10087401505382387,1,5
0.17228213233044487,1,5
0.10087401505382387,0,5
0.1552398762625884,0,5
0.17228213233044487,0,5
0.2833776101361891,0,5
0.09790802695919787,0,5
0.09790802695919787,0,5
0.2833776101361891,0,5
0.09790802695919787,0,5
0.2833776101361891,1,5
0.09790802695919787,0,5
0.2833776101361891,0,5
0.18065650081830265,0,5
0.10087401505382387,1,5
0.09956675012482286,1,5
0.21113473387476955,0,5
0.19489380425764402,0,5
0.2822073870349342,0,5
0.15387803799327104,0,5
0.3018511002309634,0,5
0.3018511002309634,0,5
0.15387803799327104,0,5
0.1339455135042238,0,5
0.09956675012482286,0,5
0.35108040644189553,0,5
0.21113473387476955,0,5
0.32047510627276055,0,5
0.3015524831014931,0,5
0.5181159615101731,0,5
0.3072006757273569,1,5
0.18388092235744946,0,5
0.328602756293049,0,5
0.12476138839893947,0,5
0.18388092235744946,0,5
0.5181159615101731,0,5
0.12476138839893947,0,5
0.3015524831014931,0,5
0.5181159615101731,0,5
0.18572227816905007,1,5
0.21147830197392126,0,5
0.27980934886752684,0,5
0.27980934886752684,0,5
0.21147830197392126,0,5
0.23117207313125743,0,5
0.20046943936560724,0,5
0.20046943936560724,0,5
0.23117207313125743,1,5
0.24918250089064387,1,5
0.23882032720031665,0,5
0.30010473234590973,1,5
0.41580589085435005,0,5
0.41580589085435005,1,5
0.13178414415964623,0,5
0.13178414415964623,0,5
0.23792316292407312,0,5
0.37261185435455946,1,5
0.23926949108283435,1,5
0.0940748251459228,0,5
0.2879033693758285,0,5
0.2879033693758285,1,5
0.0940748251459228,0,5
0.2494127652998127,0,5
0.179282565189273,0,5
0.28576651340949455,0,5
0.18750882279346315,0,5
0.18750882279346315,0,5
0.179282565189273,0,5
0.18750882279346315,1,5
0.179282565189273,0,5
0.18750882279346315,0,5
0.18750882279346315,0,5
0.28576651340949455,0,5
0.18865766498547132,0,5
0.18865766498547132,1,5
0.18865766498547132,0,5
0.23973208238705224,0,5
0.30258992256596184,1,5
0.30258992256596184,0,5
0.18865766498547132,0,5
0.18865766498547132,0,5
0.2286167036548974,0,5
0.21053684838854947,0,5
0.18865766498547132,0,5
0.23973208238705224,0,5
0.17695226338523562,0,5
0.23938512819468305,0,5
0.23938512819468305,0,5
0.17695226338523562,0,5
0.17695226338523562,0,5
0.22828100599244883,0,5
0.17695226338523562,0,5
0.17695226338523562,0,5
0.21022046391447313,0,5
0.23938512819468305,0,5
0.18572227816905007,0,5
0.30010473234590973,0,5
0.30010473234590973,0,5
0.18572227816905007,0,5
0.21147830197392126,0,5
0.27980934886752684,0,5
0.27980934886752684,0,5
0.3742202055052519,0,5
0.24139783260405068,0,5
0.24139783260405068,0,5
0.3742202055052519,0,5
0.21147830197392126,0,5
0.09507304650057813,0,5
0.3742202055052519,0,5
0.13178414415964623,0,5
0.23792316292407312,0,5
0.13178414415964623,0,5
0.41580589085435005,0,5
0.23792316292407312,0,5
0.41580589085435005,0,5
0.2494127652998127,0,5
0.09507304650057813,0,5
0.42801632293125547,0,5
0.2494127652998127,0,5
0.26239190883803887,0,5
0.3565912141454306,0,5
0.271439903638121,0,5
0.3565912141454306,0,5
0.271439903638121,0,5
0.1416169482750116,0,5
0.2653399204915672,0,5
0.26239190883803887,0,5
0.28191848807174713,0,5
0.2653399204915672,0,5
0.28191848807174713,0,5
0.3565912141454306,0,5
0.1416169482750116,0,5
0.271439903638121,1,5
0.10061677364722954,0,5
0.3565912141454306,0,5
0.3312671584495036,0,5
0.2836019093480301,0,5
0.10061677364722954,0,5
0.2836019093480301,0,5
0.19672949604753776,0,5
0.271439903638121,0,5
0.19672949604753776,0,5
0.30463600334011653,0,5
0.154678564474242,0,5
0.30463600334011653,0,5
0.154678564474242,0,5
0.2836019093480301,0,5
0.30463600334011653,0,5
0.271439903638121,1,5
0.3565912141454306,0,5
0.3565912141454306,0,5
0.271439903638121,0,5
0.271439903638121,0,5
0.3565912141454306,0,5
0.3565912141454306,0,5
0.271439903638121,0,5
0.154678564474242,0,5
0.154678564474242,0,5
0.30463600334011653,0,5
0.29900909914101703,1,5
0.19784155088640676,0,5
0.19784155088640676,0,5
0.29900909914101703,0,5
0.1630715814287822,0,5
0.2248142528632452,0,5
0.1630715814287822,0,5
0.2248142528632452,0,5
0.09790802695919787,0,5
0.252774476693604,0,5
0.12457372601764727,0,5
0.12457372601764727,0,5
0.252774476693604,1,5
0.252774476693604,1,5
0.12457372601764727,0,5
0.12457372601764727,1,5
0.2833776101361891,1,5
0.252774476693604,1,5
0.252774476693604,0,5
0.09790802695919787,0,5
0.12457372601764727,0,5
0.09790802695919787,0,5
0.2833776101361891,0,5
0.14120525548463525,0,5
0.1701051413576561,0,5
0.14120525548463525,0,5
0.1701051413576561,0,5
0.1701051413576561,0,5
0.1701051413576561,0,5
0.2071481570864684,1,5
0.1701051413576561,1,5
0.15958006305379824,0,5
0.2833776101361891,0,5
0.2071481570864684,0,5
0.18821743024455273,0,5
0.16387609158210337,0,5
0.18821743024455273,0,5
0.18821743024455273,0,5
0.16387609158210337,0,5
0.18821743024455273,1,5
0.16387609158210337,0,5
0.18821743024455273,0,5
0.16387609158210337,1,5
0.16387609158210337,0,5
0.20547482744687806,0,5
0.20547482744687806,0,5
0.17998891410597817,1,5
0.20547482744687806,0,5
0.17998891410597817,0,5
0.20547482744687806,1,5
0.1375753007773185,0,5
0.20547482744687806,1,5
0.1375753007773185,0,5
0.1375753007773185,0,5
0.13428587253774926,0,5
0.2376382733422836,0,5
0.13428587253774926,0,5
0.2376382733422836,0,5
0.2376382733422836,0,5
0.13428587253774926,0,5
0.2376382733422836,0,5
0.13428587253774926,0,5
0.13428587253774926,0,5
0.2376382733422836,0,5
0.1693383313829241,0,5
0.1693383313829241,0,5
0.23879113959800935,1,5
0.1693383313829241,0,5
0.23879113959800935,1,5
0.1693383313829241,0,5
0.18565827568671966,0,5
0.1693383313829241,0,5
0.18565827568671966,0,5
0.18565827568671966,0,5
0.16387609158210337,0,5
0.18821743024455273,0,5
0.18821743024455273,0,5
0.16387609158210337,1,5
0.16387609158210337,0,5
0.16387609158210337,0,5
0.18821743024455273,0,5
0.16387609158210337,0,5
0.18821743024455273,0,5
0.18821743024455273,0,5
0.3387276674788495,0,5
0.48624032293500985,0,5
0.09743115274885306,1,5
0.09735749211356937,0,5
0.48624032293500985,0,5
0.09735749211356937,0,5
0.254197915492428,1,5
0.21053888948869315,0,5
0.21053888948869315,0,5
0.2482759996621241,1,5
0.254197915492428,0,5
0.22741730134481775,0,5
0.1800962088586212,0,5
0.32756227031143736,0,5
0.32756227031143736,1,5
0.1800962088586212,0,5
0.2359866430387133,0,5
0.14034201378649802,0,5
0.14034201378649802,0,5
0.1899252937818191,0,5
0.20228119411451273,0,5
0.1899252937818191,0,5
0.2483004883367399,0,5
0.14034201378649802,1,5
0.24087426084069974,0,5
0.14034201378649802,0,5
0.26258059210200213,0,5
0.26258059210200213,0,5
0.2526749389068027,0,5
0.26258059210200213,0,5
0.2483004883367399,0,5
0.20676262552790048,0,5
0.20676262552790048,1,5
0.26258059210200213,0,5
0.2343119977920064,0,5
0.25228643619693214,0,5
0.2432808178044179,0,5
0.25228643619693214,1,5
0.20676262552790048,0,5
0.24798634260424712,1,5
0.1899252937818191,0,5
0.23181052398171365,1,5
0.24493906259050346,1,5
0.24500248381146095,0,5
0.1774854399793565,0,5
0.19498118042409185,0,5
0.3059712005421239,0,5
0.20902362458267199,0,5
0.20902362458267199,0,5
0.25228643619693214,0,5
0.20902362458267199,0,5
0.25228643619693214,1,5
0.2855897181530218,0,5
0.25228643619693214,0,5
0.322862639520505,0,5
0.26053348934481946,0,5
0.2608309049766957,0,5
0.24798634260424712,1,5
0.25228643619693214,0,5
0.24558962993372957,0,5
0.24558962993372957,0,5
0.25228643619693214,0,5
0.24558962993372957,0,5
0.1915486265226376,0,5
0.25228643619693214,1,5
0.24306131452589486,1,5
0.24306131452589486,0,5
0.22528899263335056,0,5
0.22528899263335056,0,5
0.24306131452589486,0,5
0.2526749389068027,0,5
0.25825318580681345,0,5
0.2526749389068027,0,5
0.25825318580681345,0,5
0.2526749389068027,0,5
0.276994240826681,0,5
0.2608309049766957,0,5
0.25825318580681345,0,5
0.2484279857734818,1,5
0.24306131452589486,0,5
0.37916419002165913,0,5
0.2415420746061604,0,5
0.2416956148061986,0,5
0.37916419002165913,1,5
0.2526749389068027,1,5
0.24550293608932416,0,5
0.24550293608932416,0,5
0.2526749389068027,1,5
0.21909882754486165,0,5
0.24306131452589486,0,5
0.26987830245930533,0,5
0.21909882754486165,0,5
0.24306131452589486,0,5
0.14795262797449504,0,5
0.2415420746061604,0,5
0.2265890793495856,0,5
0.2440785339791679,0,5
0.25228643619693214,0,5
0.19979348467471347,0,5
0.2923548102015333,0,5
0.2440785339791679,0,5
0.19979348467471347,0,5
0.19979348467471347,0,5
0.1742666944352501,0,5
0.2319284057480978,1,5
0.2319284057480978,0,5
0.1742666944352501,0,5
0.15200209241645757,1,5
0.2608309049766957,1,5
0.15200209241645757,0,5
0.16708365053588004,0,5
0.24500248381146095,0,5
0.16708365053588004,0,5
0.3104681228057654,0,5
0.24558962993372957,0,5
0.24558962993372957,0,5
0.25228643619693214,0,5
0.18058533470375804,0,5
0.24558962993372957,0,5
0.23857581727765553,0,5
0.25228643619693214,0,5
0.24195278068322001,0,5
0.23566432760759548,0,5
0.23566432760759548,0,5
0.24195278068322001,0,5
0.24500248381146095,0,5
0.2510463079726809,0,5
0.19607437792547422,0,5
0.19566755630918908,0,5
0.19566755630918908,1,5
0.09027260988309249,0,5
0.19566755630918908,0,5
0.23203317110026533,0,5
0.23203317110026533,0,5
0.09027260988309249,0,5
0.20653707840452606,0,5
0.11684210166855435,0,5
0.11684210166855435,0,5
0.20653707840452606,0,5
0.1754402828897702,0,5
0.11684210166855435,0,5
0.19607437792547422,0,5
0.23938512819468305,1,5
0.16871955631587032,1,5
0.31401164412538574,0,5
0.08233788114577101,0,5
0.27016097630267666,1,5
0.08233788114577101,0,5
0.3052728404227907,0,5
0.27075173897434046,0,5
0.22828100599244883,0,5
0.26306665751887015,0,5
0.27147419769157755,1,5
0.1885194559831591,0,5
0.1885194559831591,0,5
0.25157020151993725,1,5
0.26306665751887015,0,5
0.25228643619693214,0,5
0.27075173897434046,0,5
0.25157020151993725,1,5
0.16806203021207045,0,5
0.2544777347882795,0,5
0.24311767046448707,0,5
0.16806203021207045,1,5
0.2544777347882795,1,5
0.1733019116178547,0,5
0.1733019116178547,0,5
0.2544777347882795,1,5
0.3433478928544006,0,5
0.10255541204730967,0,5
0.3433478928544006,0,5
0.10255541204730967,0,5
0.3433478928544006,1,5
0.2001079626783817,0,5
0.2001079626783817,1,5
0.3433478928544006,1,5
0.24311767046448707,1,5
0.1733019116178547,0,5
0.24311767046448707,0,5
0.2617419294805311,0,5
0.24579612273675777,0,5
0.13000384988436609,0,5
0.3020285543728398,0,5
0.3020285543728398,0,5
0.13000384988436609,0,5
0.15105617723437215,0,5
0.15105617723437215,0,5
0.16370630718151213,1,5
0.24815552687240172,0,5
0.17975657803625145,0,5
0.4027502609698823,0,5
0.19475734783092336,0,5
0.4027502609698823,1,5
0.09824420406065915,0,5
0.35050448001122214,1,5
0.09824420406065915,0,5
0.35050448001122214,1,5
0.254197915492428,0,5
0.17975657803625145,0,5
0.2511914106667744,1,5
0.23343288909497617,0,5
0.27841985335490593,1,5
0.2836017751264436,0,5
0.25228643619693214,0,5
0.27841985335490593,0,5
0.27841985335490593,0,5
0.2265890793495856,0,5
0.2511914106667744,0,5
0.2836017751264436,0,5
0.23343288909497617,0,5
0.24785932012979084,0,5
0.2741575707867353,1,5
0.13162031482474956,0,5
0.2413810722878167,0,5
0.23046611515019122,0,5
0.2355925382450893,0,5
0.1931164233934375,0,5
0.36283499373740113,0,5
0.2511914106667744,1,5
0.2511914106667744,1,5
0.24785932012979084,0,5
0.13162031482474956,0,5
0.27991269965184307,1,5
0.25157020151993725,0,5
0.27991269965184307,1,5
0.25228643619693214,0,5
0.25157020151993725,0,5
0.17583068105192912,0,5
0.17583068105192912,0,5
0.18213926985339957,0,5
0.25157020151993725,1,5
0.14901678650162042,0,5
0.19101743931381,0,5
0.15704995129194865,0,5
0.39919322233407406,0,5
0.34748471009764736,0,5
0.2508167320296285,0,5
0.24785932012979084,1,5
0.2508167320296285,0,5
0.24785932012979084,0,5
0.2508167320296285,0,5
0.24785932012979084,0,5
0.24154363426611314,0,5
0.24542850411061778,0,5
0.24154363426611314,1,5
0.19101743931381,1,5
0.1953427259962327,0,5
0.2531223703420944,0,5
0.25228643619693214,0,5
0.2531223703420944,0,5
0.2599321835104893,0,5
0.201581528198013,0,5
0.27936909305133895,0,5
0.254197915492428,0,5
0.24726969519035846,0,5
0.25228643619693214,1,5
0.31532511289013254,1,5
0.25228643619693214,0,5
0.20001565648648245,0,5
0.09629110959172038,0,5
0.28210323937201554,0,5
0.09629110959172038,0,5
0.28210323937201554,0,5
0.189140771503849,0,5
0.1361004323185948,0,5
0.20001565648648245,0,5
0.20001565648648245,0,5
0.1361004323185948,1,5
0.201581528198013,0,5
0.3296325031215652,0,5
0.24726969519035846,1,5
0.3020285543728398,0,5
0.14669211022476902,0,5
0.15120792290571206,0,5
0.133949378459149,0,5
0.1340024219981717,0,5
0.3020285543728398,0,5
0.2769156580893496,0,5
0.35050448001122214,0,5
0.09927517425698817,0,5
0.2502651835812024,0,5
0.09927517425698817,0,5
0.09927517425698817,0,5
0.133949378459149,0,5
0.14990504254294346,0,5
0.2502651835812024,1,5
0.14669211022476902,0,5
0.26663793541569525,0,5
0.32756227031143736,0,5
0.1770028966943329,1,5
0.25045024319818565,1,5
0.14990504254294346,0,5
0.25045024319818565,0,5
0.25045024319818565,0,5
0.1770028966943329,0,5
0.20799102990603047,1,5
0.17571101123455035,0,5
0.20799102990603047,1,5
0.08613466359660626,0,5
0.23381676364968806,1,5
0.19606240946376619,0,5
0.3033860308007338,0,5
0.19606240946376619,1,5
0.3033860308007338,1,5
0.19606240946376619,0,5
0.3033860308007338,1,5
0.08613466359660626,0,5
0.3033860308007338,0,5
0.2608309049766957,1,5
0.25700872688719034,0,5
0.2608309049766957,0,5
0.16665352790988341,0,5
0.26306665751887015,0,5
0.27991269965184307,0,5
0.26306665751887015,1,5
0.27147419769157755,1,5
0.31401164412538574,1,5
0.27991269965184307,0,5
0.23938512819468305,0,5
0.16871955631587032,1,5
0.25228643619693214,0,5
0.16665352790988341,0,5
0.23938512819468305,0,5
0.12259426893106418,0,5
0.20389213962794206,0,5
0.12259426893106418,1,5
0.20389213962794206,1,5
0.12259426893106418,0,5
0.20389213962794206,0,5
0.20389213962794206,0,5
0.15878278495502196,0,5
0.25700872688719034,0,5
0.24154363426611314,0,5
0.20847028826469394,0,5
0.15878278495502196,1,5
0.20847028826469394,0,5
0.20847028826469394,0,5
0.12259426893106418,0,5
0.24154363426611314,0,5
0.3969417783344501,0,5
0.1511148129941673,0,5
0.3969417783344501,0,5
0.2233488542229728,0,5
0.15105617723437215,1,5
0.15105617723437215,0,5
0.1726686413234757,1,5
0.2544777347882795,1,5
0.1726686413234757,0,5
0.2544777347882795,0,5
0.2544777347882795,0,5
0.32756227031143736,0,5
0.2067112040770549,0,5
0.2067112040770549,0,5
0.3969417783344501,0,5
0.3969417783344501,0,5
0.2233488542229728,0,5
0.1726686413234757,0,5
0.2233488542229728,0,5
0.139410745319545,1,5
0.3020285543728398,1,5
0.1373494838328717,0,5
0.18416283517425547,0,5
0.1373494838328717,0,5
0.18416283517425547,0,5
0.139410745319545,0,5
0.18416283517425547,0,5
0.21114579465509709,1,5
0.41401233885681066,1,5
0.3433478928544006,0,5
0.41401233885681066,0,5
0.11557618410185078,0,5
0.22244438216722617,1,5
0.41401233885681066,0,5
0.41401233885681066,0,5
0.22244438216722617,0,5
0.22244438216722617,0,5
0.1373494838328717,0,5
0.21114579465509709,0,5
0.22262296280997362,1,5
0.11557618410185078,0,5
0.22262296280997362,1,5
0.14463491281167462,0,5
0.2741575707867353,0,5
0.14463491281167462,0,5
0.2741575707867353,0,5
0.2741575707867353,0,5
0.1500279817681225,0,5
0.2544777347882795,0,5
0.16776700130339928,0,5
0.16783084136098814,0,5
0.2039171285413659,0,5
0.23200435509079698,0,5
0.2039171285413659,0,5
0.2039171285413659,0,5
0.22262296280997362,1,5
0.24272734342336466,1,5
0.22262296280997362,0,5
0.24017540611307886,0,5
0.16776700130339928,0,5
0.2544777347882795,0,5
0.2039171285413659,0,5
0.38442277740888997,1,5
0.26306665751887015,1,5
0.2455943546638425,0,5
0.19383663160028453,0,5
0.2455943546638425,0,5
0.2455943546638425,0,5
0.19383663160028453,0,5
0.14902614096123956,0,5
0.16310957914423818,1,5
0.39919322233407406,0,5
0.28313556209158,0,5
0.16781125834700739,0,5
0.25157020151993725,0,5
0.16781125834700739,0,5
0.19383663160028453,0,5
0.25157020151993725,0,5
0.25157020151993725,0,5
0.16781125834700739,0,5
0.301979224737876,0,5
0.39919322233407406,0,5
0.16094826799236717,0,5
0.16094826799236717,0,5
0.39919322233407406,0,5
0.39919322233407406,0,5
0.27991269965184307,0,5
0.26306665751887015,0,5
0.27991269965184307,1,5
0.27991269965184307,0,5
0.15298808722503687,1,5
0.2842264995686449,0,5
0.15298808722503687,0,5
0.2842264995686449,0,5
0.2894501581554796,1,5
0.2842264995686449,0,5
0.26306665751887015,0,5
0.23664659133055055,1,5
0.16822414995772283,0,5
0.16822414995772283,0,5
0.23664659133055055,0,5
0.17457978990330159,0,5
0.17457978990330159,1,5
0.21934122281024815,0,5
0.21934122281024815,0,5
0.18369353431923352,0,5
0.3878851082517122,0,5
0.23664659133055055,0,5
0.16822414995772283,0,5
0.09038606556737272,0,5
0.25157020151993725,0,5
0.16947095972719595,0,5
0.16947095972719595,0,5
0.20056420073462167,1,5
0.41794816743201757,1,5
0.20056420073462167,0,5
0.41794816743201757,1,5
0.09038606556737272,0,5
0.16947095972719595,0,5
0.45644678191704313,0,5
0.09576899232301961,0,5
0.17228213233044487,0,5
0.09576899232301961,0,5
0.17228213233044487,1,5
0.09576899232301961,0,5
0.17228213233044487,0,5
0.17228213233044487,0,5
0.09576899232301961,0,5
0.09709669484890704,0,5
0.09709669484890704,0,5
0.15315936242954753,0,5
0.27300629506824803,1,5
0.27300629506824803,0,5
0.15315936242954753,0,5
0.11151810632950931,0,5
0.35050448001122214,0,5
0.35050448001122214,0,5
0.11151810632950931,0,5
0.35050448001122214,0,5
0.11151810632950931,0,5
0.45644678191704313,0,5
0.2483004883367399,0,5
0.19656280603891996,0,5
0.2483004883367399,1,5
0.19764519468918818,0,5
0.13117182346922274,0,5
0.19764519468918818,0,5
0.13117182346922274,0,5
0.13117182346922274,0,5
0.19764519468918818,0,5
0.24841027220340406,0,5
0.19764519468918818,0,5
0.23438542524302763,0,5
0.3020285543728398,1,5
0.12009124782904013,0,5
0.2074112598380532,0,5
0.13944132370609985,0,5
0.24412915168417837,0,5
0.13944132370609985,0,5
0.13944132370609985,0,5
0.12009124782904013,0,5
0.2074112598380532,0,5
0.12009124782904013,0,5
0.2074112598380532,0,5
0.24412915168417837,1,5
0.12804244715951874,0,5
0.17278822000078575,0,5
0.38442277740888997,0,5
0.17278822000078575,1,5
0.38442277740888997,0,5
0.39919322233407406,0,5
0.32023428399847587,0,5
0.19005988490056458,0,5
0.19005988490056458,1,5
0.4311045697771909,0,5
0.09103534248892076,0,5
0.4311045697771909,1,5
0.09103534248892076,0,5
0.20097055256527163,0,5
0.16410563846759152,0,5
0.20097055256527163,0,5
0.16410563846759152,0,5
0.12804244715951874,0,5
0.19235810630181727,1,5
0.1924042782470602,0,5
0.07683749030549414,0,5
0.2445655153074232,0,5
0.2445655153074232,0,5
0.07683749030549414,0,5
0.07683749030549414,0,5
0.19235810630181727,0,5
0.2445655153074232,0,5
0.1924042782470602,0,5
0.12582630618606028,0,5
0.08477160778493942,0,5
0.12582630618606028,0,5
0.20270230222179997,0,5
0.12582630618606028,0,5
0.20270230222179997,0,5
0.08477160778493942,1,5
0.248252193700232,0,5
0.08477160778493942,1,5
0.248252193700232,0,5
0.2924011343821131,0,5
0.20270230222179997,1,5
0.13359956784639349,0,5
0.2741575707867353,0,5
0.13359956784639349,0,5
0.11633665908726187,0,5
0.2741575707867353,1,5
0.11633665908726187,0,5
0.3433478928544006,0,5
0.11633665908726187,0,5
0.3433478928544006,0,5
0.26145650950717336,0,5
0.3433478928544006,1,5
0.26145650950717336,0,5
0.2526749389068027,0,5
0.1969062262772573,0,5
0.2034935553969558,0,5
0.1969062262772573,0,5
0.2034935553969558,0,5
0.1969062262772573,0,5
0.2034935553969558,0,5
0.24726969519035846,0,5
0.2034935553969558,0,5
0.2526749389068027,0,5
0.170273781033362,0,5
0.170273781033362,1,5
0.18895789433274157,0,5
0.350749872318327,0,5
0.1932477748815432,0,5
0.22732378224075434,0,5
0.350749872318327,0,5
0.18895789433274157,0,5
0.22732378224075434,0,5
0.22572830565730506,0,5
0.23839572642701512,1,5
0.07194007110133815,0,5
0.20547482744687806,0,5
0.1375753007773185,1,5
0.20547482744687806,0,5
0.1375753007773185,0,5
0.170273781033362,0,5
0.20547482744687806,0,5
0.22609387639938994,0,5
0.07194007110133815,0,5
0.22609387639938994,0,5
0.1375753007773185,0,5
0.09640877271396653,0,5
0.14444608639877954,0,5
0.14444608639877954,0,5
0.15452852861947441,0,5
0.15452852861947441,0,5
0.14444608639877954,0,5
0.44311939201471306,1,5
0.09640877271396653,0,5
0.44311939201471306,1,5
0.15452852861947441,0,5
0.3052728404227907,1,5
0.083647430949216,0,5
0.3052728404227907,0,5
0.2725039646309275,1,5
0.13782963127424153,0,5
0.2725039646309275,0,5
0.15823454946621118,0,5
0.3341579077065462,0,5
0.15823454946621118,0,5
0.083647430949216,0,5
0.13487232802917482,0,5
0.2445967624508728,0,5
0.13487232802917482,0,5
0.15478395568753978,0,5
0.15478395568753978,0,5
0.15478395568753978,0,5
0.308328780906847,0,5
0.2445967624508728,0,5
0.308328780906847,0,5
0.2445967624508728,0,5
0.308328780906847,0,5
0.2164043023867207,0,5
0.1352959554275518,0,5
0.2621028573941958,0,5
0.22109916270247543,0,5
0.1352959554275518,0,5
0.13487232802917482,0,5
0.1352959554275518,1,5
0.12092554064965622,0,5
0.2164043023867207,0,5
0.12092554064965622,0,5
0.22109916270247543,0,5
0.21445051708731677,1,5
0.4088947657170886,0,5
0.19074546214633792,0,5
0.4088947657170886,0,5
0.19074546214633792,1,5
0.1859242936153609,0,5
0.19074546214633792,0,5
0.1859242936153609,0,5
0.21445051708731677,1,5
0.07997629000641426,0,5
0.07997629000641426,0,5
0.19074546214633792,0,5
0.21445051708731677,0,5
0.07997629000641426,0,5
0.15616267069045986,0,5
0.15616267069045986,1,5
0.23072830051406001,0,5
0.39541101367561426,0,5
0.23072830051406001,0,5
0.39541101367561426,0,5
0.16780697059661642,0,5
0.17664281217505895,0,5
0.2247979294086555,0,5
0.16780697059661642,0,5
0.12786980358034128,1,5
0.12954288573558592,0,5
0.12786980358034128,0,5
0.12954288573558592,0,5
0.12954288573558592,0,5
0.12786980358034128,0,5
0.169561653880818,0,5
0.10915334179921776,0,5
0.169561653880818,0,5
0.1259329930769989,0,5
0.1259329930769989,0,5
0.1510618208209824,1,5
0.17434085597701032,0,5
0.169561653880818,0,5
0.12098149504343658,0,5
0.12098149504343658,0,5
0.27411721741323514,0,5
0.27411721741323514,0,5
0.27411721741323514,1,5
0.1510618208209824,0,5
0.17434085597701032,0,5
0.17434085597701032,0,5
0.29421688544877145,0,5
0.18416283517425547,1,5
0.1373494838328717,0,5
0.1373494838328717,0,5
0.18416283517425547,0,5
0.18416283517425547,0,5
0.1373494838328717,0,5
0.18416283517425547,0,5
0.1373494838328717,0,5
0.13551892654604591,0,5
0.1373494838328717,0,5
0.24539984049280272,0,5
0.24539984049280272,0,5
0.13551892654604591,0,5
0.28923669070908464,0,5
0.13551892654604591,0,5
0.18416283517425547,0,5
0.1341129455364849,0,5
0.34742734091937333,1,5
0.1341129455364849,0,5
0.19562038828052586,0,5
0.1341129455364849,0,5
0.19562038828052586,0,5
0.1341129455364849,0,5
0.19562038828052586,0,5
0.1394492926647677,0,5
0.20171011984353437,0,5
0.1394492926647677,0,5
0.20171011984353437,1,5
0.1394492926647677,0,5
0.1394492926647677,0,5
0.22905963547828345,0,5
0.1394492926647677,0,5
0.22905963547828345,0,5
0.18821743024455273,1,5
0.13782369984324694,0,5
0.18821743024455273,0,5
0.13782369984324694,0,5
0.18821743024455273,0,5
0.13782369984324694,0,5
0.13782369984324694,0,5
0.18821743024455273,0,5
0.1520063260193295,0,5
0.1520063260193295,0,5
0.1701051413576561,1,5
0.1701051413576561,0,5
0.1701051413576561,0,5
0.1520063260193295,0,5
0.1520063260193295,0,5
0.1701051413576561,0,5
0.1701051413576561,1,5
0.11361673532866001,1,5
0.11361673532866001,0,5
0.2541645358248159,1,5
0.11361673532866001,0,5
0.2541645358248159,0,5
0.11361673532866001,0,5
0.2541645358248159,0,5
0.10870258948992961,0,5
0.10870258948992961,0,5
0.10870258948992961,0,5
0.20358316552219125,0,5
0.20358316552219125,0,5
0.10870258948992961,0,5
0.20358316552219125,0,5
0.10870258948992961,0,5
0.20358316552219125,1,5
0.2541645358248159,1,5
0.20358316552219125,1,5
0.2541645358248159,0,5
