p_surv_win,actual_win,fold
0.4271455166529513,1,1
0.27140235068993757,0,1
0.4822544697126492,0,1
0.4964343054949648,0,1
0.4964343054949648,0,1
0.2699000617781876,1,1
0.5166212392861695,0,1
0.4271455166529513,0,1
0.2699000617781876,0,1
0.5166212392861695,1,1
0.4271455166529513,1,1
0.2548704559126609,0,1
0.35392426691094003,0,1
0.2548704559126609,1,1
0.35392426691094003,0,1
0.2548704559126609,0,1
0.40002460504271065,1,1
0.5166212392861695,0,1
0.14103727064621652,0,1
0.5715931167143102,1,1
0.26088915436808513,0,1
0.6005622760537804,0,1
0.26235931098176124,0,1
0.6005622760537804,0,1
0.6005622760537804,0,1
0.5715931167143102,0,1
0.30050776593490214,1,1
0.14103727064621652,0,1
0.14103727064621652,0,1
0.5715931167143102,0,1
0.43632183922254963,1,1
0.43632183922254963,1,1
0.49311610293946173,1,1
0.618549626563926,1,1
0.43632183922254963,1,1
0.5715931167143102,0,1
0.14103727064621652,1,1
0.618549626563926,0,1
0.47696543072088016,1,1
0.4144658606014585,0,1
0.29646266859091264,0,1
0.29646266859091264,1,1
0.4144658606014585,1,1
0.29646266859091264,0,1
0.4144658606014585,0,1
0.25279551834890335,0,1
0.43316875737491867,1,1
0.47696543072088016,0,1
0.47696543072088016,1,1
0.25279551834890335,0,1
0.43316875737491867,1,1
0.264042852491303,0,1
0.264042852491303,0,1
0.25279551834890335,1,1
0.33107254599721736,1,1
0.27824919650858526,0,1
0.33107254599721736,1,1
0.27824919650858526,0,1
0.31356652587315725,0,1
0.33793793016531826,0,1
0.31356652587315725,0,1
0.34630316746409673,0,1
0.34630316746409673,0,1
0.3478335114697271,0,1
0.34181349315402887,0,1
0.258505124717054,0,1
0.34630316746409673,1,1
0.258505124717054,0,1
0.27824919650858526,0,1
0.33793793016531826,1,1
0.33107254599721736,0,1
0.3478335114697271,1,1
0.5028936159140398,0,1
0.2213893784341252,1,1
0.4622806715807716,1,1
0.419192244756896,0,1
0.4622806715807716,0,1
0.4641729849316949,0,1
0.419192244756896,1,1
0.4641729849316949,0,1
0.419192244756896,0,1
0.419192244756896,0,1
0.398063691709731,0,1
0.398063691709731,0,1
0.26852440462258176,0,1
0.26852440462258176,0,1
0.398063691709731,1,1
0.5028936159140398,0,1
0.18416996035596,1,1
0.495090104695209,0,1
0.34630316746409673,0,1
0.3479518128857526,0,1
0.34630316746409673,0,1
0.34630316746409673,0,1
0.34630316746409673,0,1
0.3479518128857526,1,1
0.2915478983094645,0,1
0.3479518128857526,0,1
0.34630316746409673,0,1
0.34955754205856326,0,1
0.2915478983094645,0,1
0.34630316746409673,0,1
0.34630316746409673,0,1
0.34955754205856326,0,1
0.34955754205856326,0,1
0.34630316746409673,0,1
0.34630316746409673,0,1
0.34630316746409673,0,1
0.2915478983094645,0,1
0.34630316746409673,0,1
0.34630316746409673,0,1
0.34630316746409673,0,1
0.41947928411962265,0,1
0.514570951003894,0,1
0.41947928411962265,0,1
0.2841066452105746,0,1
0.41947928411962265,0,1
0.34630316746409673,1,1
0.40078494000397247,0,1
0.5590912643177502,0,1
0.40078494000397247,0,1
0.2727071994060388,0,1
0.28340509907597455,0,1
0.6674009019172445,1,1
0.6674009019172445,0,1
0.32493974642603196,0,1
0.34630316746409673,0,1
0.34630316746409673,0,1
0.34630316746409673,1,1
0.5590912643177502,1,1
0.5152679880640694,1,1
0.3846778070783686,0,1
0.33303714776441795,0,1
0.439058420828616,1,1
0.3846778070783686,0,1
0.3347297444921937,0,1
0.4555767464276431,1,1
0.33303714776441795,0,1
0.5152679880640694,0,1
0.5798900470179736,0,1
0.5152679880640694,0,1
0.4422278981084805,0,1
0.1901201453483845,0,1
0.5798900470179736,1,1
0.5798900470179736,1,1
0.1901201453483845,0,1
0.4422278981084805,0,1
0.1901201453483845,0,1
0.34630316746409673,0,1
0.34630316746409673,0,1
0.34630316746409673,1,1
0.34630316746409673,0,1
0.34630316746409673,0,1
0.34630316746409673,1,1
0.34630316746409673,1,1
0.34630316746409673,0,1
0.3197767025264523,0,1
0.34630316746409673,1,1
0.34630316746409673,1,1
0.34630316746409673,0,1
0.34630316746409673,0,1
0.3197767025264523,1,1
0.3882720011394575,1,1
0.271790513857039,0,1
0.3882720011394575,0,1
0.5606766613658789,1,1
0.5037170165055311,1,1
0.5473443361562877,1,1
0.5606766613658789,0,1
0.5037170165055311,1,1
0.5526391031154476,1,1
0.12866551117705538,0,1
0.4681253355711842,0,1
0.12866551117705538,1,1
0.12866551117705538,0,1
0.4681253355711842,0,1
0.6289932416759596,0,1
0.4681253355711842,0,1
0.34630316746409673,1,1
0.34630316746409673,0,1
0.34636468690063515,1,1
0.34630316746409673,0,1
0.34630316746409673,0,1
0.34630316746409673,0,1
0.34636468690063515,0,1
0.34949575874878036,0,1
0.34630316746409673,0,1
0.34630316746409673,0,1
0.34949575874878036,0,1
0.34630316746409673,0,1
0.34949575874878036,0,1
0.34630316746409673,0,1
0.34630316746409673,1,1
0.6178356676160679,1,1
0.34636468690063515,0,1
0.4366026089005137,0,1
0.12451508313139559,0,1
0.12451508313139559,0,1
0.40556191537208275,0,1
0.12451508313139559,0,1
0.4366026089005137,1,1
0.381522003704416,0,1
0.4485774437524658,0,1
0.381522003704416,0,1
0.3615845764668102,0,1
0.3770449307446838,0,1
0.3615845764668102,1,1
0.4485774437524658,1,1
0.34949575874878036,0,1
0.2915478983094645,0,1
0.34949575874878036,1,1
0.2915478983094645,0,1
0.34949575874878036,0,1
0.2915478983094645,0,1
0.33107254599721736,1,1
0.27960743884253636,0,1
0.27960743884253636,1,1
0.33107254599721736,0,1
0.271572143741338,0,1
0.33107254599721736,0,1
0.258505124717054,0,1
0.2982795206072989,0,1
0.2891361725258348,1,1
0.3064901570059484,1,1
0.34630316746409673,0,1
0.3155909944276569,0,1
0.258505124717054,0,1
0.34630316746409673,0,1
0.258505124717054,1,1
0.34630316746409673,0,1
0.258505124717054,0,1
0.34630316746409673,0,1
0.34630316746409673,1,1
0.3114864747207765,0,1
0.3114864747207765,0,1
0.34630316746409673,0,1
0.34630316746409673,0,1
0.3114864747207765,0,1
0.3478335114697271,0,1
0.34630316746409673,0,1
0.3478335114697271,0,1
0.3478335114697271,0,1
0.34630316746409673,1,1
0.34630316746409673,0,1
0.34181349315402887,0,1
0.46351340137001096,0,1
0.46351340137001096,0,1
0.3518770383624623,0,1
0.3518770383624623,0,1
0.46351340137001096,0,1
0.3518770383624623,0,1
0.46351340137001096,1,1
0.25990197386858005,0,1
0.26473312204259436,1,1
0.25990197386858005,0,1
0.34181349315402887,0,1
0.25990197386858005,0,1
0.3374772595956883,1,1
0.26473312204259436,0,1
0.3374772595956883,0,1
0.26473312204259436,0,1
0.3374772595956883,1,1
0.34181349315402887,0,1
0.3518770383624623,1,1
0.46351340137001096,1,1
0.29646266859091264,0,1
0.3518770383624623,0,1
0.2841066452105746,0,1
0.41947928411962265,0,1
0.2841066452105746,0,1
0.2841066452105746,0,1
0.41947928411962265,1,1
0.41947928411962265,1,1
0.2841066452105746,0,1
0.41947928411962265,0,1
0.29646266859091264,0,1
0.4590443763736983,0,1
0.29646266859091264,0,1
0.4590443763736983,0,1
0.29646266859091264,0,1
0.4590443763736983,0,1
0.29646266859091264,1,1
0.4590443763736983,0,1
0.4456770991924913,1,1
0.5606766613658789,0,1
0.5037170165055311,1,1
0.5606766613658789,0,1
0.5526391031154476,1,1
0.5606766613658789,0,1
0.33107254599721736,0,1
0.271107536089661,0,1
0.271107536089661,0,1
0.271107536089661,0,1
0.33107254599721736,1,1
0.34630316746409673,0,1
0.34949575874878036,1,1
0.34630316746409673,0,1
0.34949575874878036,0,1
0.5037170165055311,1,1
0.33107254599721736,0,1
0.2640013123939432,1,1
0.2652421694679361,0,1
0.2640013123939432,0,1
0.2652421694679361,1,1
0.4271455166529513,0,1
0.4271455166529513,0,1
0.46733413990224837,0,1
0.4271455166529513,1,1
0.5166212392861695,0,1
0.46733413990224837,0,1
0.4539280275008345,1,1
0.46733413990224837,0,1
0.4271455166529513,1,1
0.2652421694679361,0,1
0.2815250857185304,0,1
0.2652421694679361,1,1
0.2640013123939432,1,1
0.4271455166529513,0,1
0.34630316746409673,0,1
0.3479518128857526,0,1
0.3291504420803837,0,1
0.34630316746409673,0,1
0.3479518128857526,0,1
0.34630316746409673,1,1
0.3291504420803837,1,1
0.2968350005384165,0,1
0.2968350005384165,1,1
0.3291504420803837,0,1
0.31444666900078344,0,1
0.4590443763736983,0,1
0.3479518128857526,0,1
0.29646266859091264,1,1
0.4590443763736983,1,1
0.29646266859091264,1,1
0.4590443763736983,0,1
0.5723479292879141,1,1
0.40078494000397247,1,1
0.5723479292879141,0,1
0.45724551245034994,0,1
0.40078494000397247,1,1
0.45724551245034994,0,1
0.5723479292879141,0,1
0.29646266859091264,0,1
0.29646266859091264,0,1
0.4590443763736983,0,1
0.5723479292879141,0,1
0.33107254599721736,0,1
0.3476098368928303,0,1
0.31356652587315725,0,1
0.31356652587315725,0,1
0.33107254599721736,1,1
0.2811390843341035,0,1
0.2811390843341035,0,1
0.33107254599721736,1,1
0.2811390843341035,1,1
0.3476098368928303,1,1
0.31601697188847677,0,1
0.34630316746409673,0,1
0.34630316746409673,0,1
0.34630316746409673,0,1
0.34630316746409673,1,1
0.3291504420803837,1,1
0.31601697188847677,0,1
0.3291504420803837,1,1
0.2983556295033877,1,1
0.3291504420803837,1,1
0.34630316746409673,0,1
0.2794088405773377,1,1
0.3479518128857526,0,1
0.34630316746409673,0,1
0.3479518128857526,0,1
0.3479518128857526,0,1
0.34630316746409673,0,1
0.34630316746409673,0,1
0.3479518128857526,0,1
0.2517086189099761,1,1
0.299116872139798,1,1
0.299116872139798,0,1
0.2713771027772949,1,1
0.3291504420803837,0,1
0.31444666900078344,0,1
0.31444666900078344,1,1
0.3291504420803837,1,1
0.3291504420803837,1,1
0.2968350005384165,0,1
0.2794088405773377,1,1
0.3151344538812416,0,1
0.34949575874878036,0,1
0.34630316746409673,0,1
0.3476098368928303,1,1
0.34949575874878036,1,1
0.34636468690063515,0,1
0.34630316746409673,0,1
0.34630316746409673,0,1
0.3151344538812416,0,1
0.34630316746409673,0,1
0.3151344538812416,0,1
0.34630316746409673,0,1
0.34949575874878036,1,1
0.34949575874878036,0,1
0.3476098368928303,1,1
0.34949575874878036,0,1
0.3476098368928303,0,1
0.34630316746409673,1,1
0.34630316746409673,0,1
0.34630316746409673,0,1
0.34630316746409673,1,1
0.34630316746409673,1,1
0.34630316746409673,1,1
0.34630316746409673,0,1
0.34630316746409673,0,1
0.26421415770577517,0,1
0.26421415770577517,0,1
0.4115332178964545,1,1
0.35107435789981545,1,1
0.34630316746409673,0,1
0.34630316746409673,0,1
0.4767496595507291,0,1
0.4767496595507291,0,1
0.4115332178964545,1,1
0.4767496595507291,0,1
0.4168348841987811,0,1
0.35107435789981545,0,1
0.28016207104085356,0,1
0.2553812487202499,0,1
0.2553812487202499,1,1
0.4168348841987811,0,1
0.27919297039032853,0,1
0.28016207104085356,0,1
0.26311052358113285,0,1
0.28016207104085356,0,1
0.28016207104085356,1,1
0.31660348663275006,0,1
0.31660348663275006,0,1
0.3476098368928303,0,1
0.3476098368928303,1,1
0.31660348663275006,0,1
0.2571868058267943,1,1
0.26814707542872795,0,1
0.3476098368928303,0,1
0.4396183899018219,1,1
0.38928708847436944,0,1
0.34630316746409673,0,1
0.34630316746409673,1,1
0.34630316746409673,0,1
0.34630316746409673,0,1
0.33969716826378915,0,1
0.34630316746409673,0,1
0.2868004220357383,0,1
0.34630316746409673,0,1
0.2794088405773377,0,1
0.2794088405773377,1,1
0.2893785001931569,0,1
0.2893785001931569,0,1
0.2713771027772949,1,1
0.29729783838783586,0,1
0.33969716826378915,0,1
0.3156911864623665,1,1
0.29729783838783586,0,1
0.3156911864623665,0,1
0.130326142657898,0,1
0.5117688915396204,0,1
0.130326142657898,0,1
0.4144658606014585,0,1
0.130326142657898,0,1
0.12515807248387611,0,1
0.4527291290208264,1,1
0.4527291290208264,1,1
0.28651709265575165,0,1
0.4456770991924913,0,1
0.39904215497251627,1,1
0.4969601327651586,0,1
0.4969601327651586,1,1
0.29080751000403016,0,1
0.29080751000403016,0,1
0.40016497424696007,0,1
0.30511708997948206,0,1
0.29080751000403016,0,1
0.23003153912664154,1,1
0.3090374354237492,0,1
0.4094555443167178,0,1
0.3090374354237492,1,1
0.4094555443167178,0,1
0.4094555443167178,0,1
0.3090374354237492,0,1
0.4100581192118945,1,1
0.27821251906506883,1,1
0.3945746708140778,0,1
0.287488567709017,0,1
0.287488567709017,0,1
0.307207267626047,0,1
0.13179023550767077,0,1
0.23214074125775974,1,1
0.307207267626047,0,1
0.14706099468588607,0,1
0.23214074125775974,0,1
0.3261313059438101,0,1
0.48491898402488476,1,1
0.2231219462544628,0,1
0.5443013128674135,1,1
0.2315556085001491,0,1
0.23214074125775974,0,1
0.5330403303189188,1,1
0.3033755270679306,1,1
0.3033755270679306,0,1
0.5330403303189188,1,1
0.30430973072063106,0,1
0.4371513768294978,0,1
0.35396166953403685,1,1
0.15875419365144205,0,1
0.4144658606014585,1,1
0.15875419365144205,1,1
0.4144658606014585,0,1
0.15875419365144205,0,1
0.2616152130418329,0,1
0.2616152130418329,0,1
0.18281567752178796,1,1
0.18281567752178796,0,1
0.2616152130418329,0,1
0.45468898223567433,1,1
0.22902088432693846,1,1
0.3767186040127193,0,1
0.3767186040127193,1,1
0.18281567752178796,1,1
0.4094555443167178,1,1
0.3090374354237492,0,1
0.3090374354237492,0,1
0.4094555443167178,1,1
0.4094555443167178,1,1
0.3090374354237492,0,1
0.23214074125775974,0,1
0.23214074125775974,1,1
0.13179023550767077,1,1
0.23214074125775974,0,1
0.2987795294665043,1,1
0.13179023550767077,0,1
0.2627408387991178,1,1
0.43340918374952353,0,1
0.2681733952359405,0,1
0.43340918374952353,0,1
0.43340918374952353,0,1
0.2681733952359405,0,1
0.6012526139113669,1,1
0.2681733952359405,0,1
0.2627408387991178,0,1
0.4456770991924913,0,1
0.29646266859091264,1,1
0.4456770991924913,0,1
0.47495923591058054,0,1
0.47495923591058054,0,1
0.2627408387991178,0,1
0.29646266859091264,1,1
0.2927967431895523,0,1
0.5526391031154476,0,1
0.2927967431895523,0,1
0.4970953699212345,1,1
0.2927967431895523,0,1
0.4970953699212345,0,1
0.47921952810381385,1,1
0.5526391031154476,0,1
0.4970953699212345,0,1
0.47921952810381385,1,1
0.4657705974221924,1,1
0.43474225078293227,1,1
0.41802910297310314,1,1
0.419192244756896,1,1
0.43474225078293227,1,1
0.43474225078293227,1,1
0.419192244756896,1,1
0.419192244756896,1,1
0.4148207636523005,1,1
0.5526391031154476,1,1
0.2616152130418329,0,1
0.36280300122021925,1,1
0.34321600247269557,0,1
0.23267895082060963,0,1
0.36280300122021925,0,1
0.36280300122021925,1,1
0.34321600247269557,0,1
0.34321600247269557,1,1
0.2616152130418329,0,1
0.4540470975024028,0,1
0.2869570506491079,1,1
0.23267895082060963,0,1
0.3587574145966447,1,1
0.4540470975024028,1,1
0.3587574145966447,0,1
0.4540470975024028,1,1
0.3587574145966447,0,1
0.23267895082060963,0,1
0.13648088345995668,0,1
0.49992735259685994,1,1
0.49992735259685994,0,1
0.12715239567522696,0,1
0.12715239567522696,0,1
0.4681253355711842,0,1
0.37662795290519224,1,1
0.5717588192638694,0,1
0.254667484729577,1,1
0.5717588192638694,1,1
0.35559789155825094,0,1
0.618549626563926,1,1
0.49311610293946173,1,1
0.35559789155825094,0,1
0.379895933595491,0,1
0.7119874263054622,0,1
0.379895933595491,1,1
0.6721892251902042,1,1
0.6721892251902042,1,1
0.4028455009342369,1,1
0.30125175835660234,1,1
0.30125175835660234,1,1
0.36726866409885617,0,1
0.30125175835660234,0,1
0.3894926053650256,0,1
0.2668932548119375,1,1
0.2668932548119375,1,1
0.42483593331326874,0,1
0.42483593331326874,1,1
0.42483593331326874,0,1
0.2668932548119375,0,1
0.41370678843637754,0,1
0.2251314942397682,1,1
0.38329420581113494,0,1
0.3844245410939835,1,1
0.37819063235582606,1,1
0.3592137462183458,0,1
0.39397767608762346,0,1
0.37819063235582606,0,1
0.2251314942397682,1,1
0.5935476479603055,0,1
0.2251314942397682,1,1
0.5456580981114201,0,1
0.5456580981114201,0,1
0.2251314942397682,0,1
0.5346020846620996,0,1
0.42106911599385044,1,1
0.5346020846620996,0,1
0.2914458718727966,1,1
0.5935476479603055,1,1
0.4361326801789337,1,1
0.3747049792945002,0,1
0.3747049792945002,0,1
0.43504685964281653,0,1
0.43504685964281653,1,1
0.4158737369471195,1,1
0.22649372748229613,1,1
0.43504685964281653,1,1
0.22234963014052733,0,1
0.5083082959227763,0,1
0.3187543341249478,1,1
0.31663221274245335,0,1
0.4682928048349818,0,1
0.520171540050797,0,1
0.5214732494003633,1,1
0.520171540050797,1,1
0.31663221274245335,1,1
0.520171540050797,0,1
0.3967468598217756,1,1
0.32618712176836606,0,1
0.3350808092773617,1,1
0.2829303018890056,1,1
0.3967468598217756,1,1
0.3350808092773617,1,1
0.14103727064621652,0,1
0.47476972202346757,1,1
0.14103727064621652,0,1
0.31663221274245335,0,1
0.41772602056695596,1,1
0.29288551915617655,0,1
0.5234503522442675,0,1
0.3057735961865684,1,1
0.5485102410223097,0,1
0.5340967256860054,0,1
0.4437580951764837,1,1
0.3042241759178098,0,1
0.5340967256860054,1,1
0.2955814870418443,0,1
0.3083338014732879,1,1
0.40321280471700693,0,1
0.3042241759178098,1,1
0.29288551915617655,0,1
0.5234503522442675,1,1
0.4271455166529513,0,1
0.29288551915617655,0,1
0.2708040771937833,1,1
0.2708040771937833,0,1
0.2815250857185304,0,1
0.2815250857185304,0,1
0.2815250857185304,0,1
0.45495375443924924,0,1
0.4271455166529513,1,1
0.4271455166529513,0,1
0.45495375443924924,0,1
0.48153500768649293,0,1
0.2708040771937833,0,1
0.36725210189816326,0,1
0.4892494918877306,1,1
0.20089202021628083,1,1
0.23978807831743532,0,1
0.3405770047215687,0,1
0.3405770047215687,0,1
0.23978807831743532,0,1
0.38353028628004593,1,1
0.36725210189816326,1,1
0.38353028628004593,0,1
0.33171585746844967,0,1
0.35437885671837654,0,1
0.4289776318388038,0,1
0.4289776318388038,1,1
0.33171585746844967,1,1
0.38353028628004593,0,1
0.4289776318388038,1,1
0.38353028628004593,1,1
0.35437885671837654,1,1
0.350033597243801,0,1
0.47215925775693857,1,1
0.6438010650632916,1,1
0.19652036460066058,0,1
0.19652036460066058,1,1
0.6438010650632916,1,1
0.33426774909226653,1,1
0.19652036460066058,0,1
0.42453176468078613,0,1
0.48073264809958394,0,1
0.31420584671169205,0,1
0.31420584671169205,1,1
0.4969457385173317,1,1
0.2874395629888217,1,1
0.4969457385173317,1,1
0.2874395629888217,1,1
0.2874395629888217,0,1
0.4969457385173317,0,1
0.35566855202345526,1,1
0.2874395629888217,1,1
0.36683431930784116,1,1
0.2939540440065511,0,1
0.18445920194151033,0,1
0.4158112526761182,0,1
0.18445920194151033,0,1
0.4158112526761182,1,1
0.4221731401613744,1,1
0.35909532954417833,0,1
0.6618610424620976,0,1
0.669509930493448,0,1
0.4221731401613744,0,1
0.4545841637933783,1,1
0.24948932204992502,0,1
0.2748727212231292,1,1
0.31212771549734697,0,1
0.4545841637933783,0,1
0.36456355699147525,1,1
0.1715612598352355,0,1
0.36456355699147525,0,1
0.15770747562398857,0,1
0.16526518753320385,0,1
0.36456355699147525,1,1
0.2748727212231292,0,1
0.2006390081806425,0,1
0.2006390081806425,0,1
0.5224863714761063,0,1
0.2748727212231292,1,1
0.4545841637933783,1,1
0.5224863714761063,0,1
0.486337732777246,1,1
0.28734406819205516,0,1
0.486337732777246,1,1
0.28734406819205516,0,1
0.45344523622816635,0,1
0.1980504000391632,0,1
0.452350891317172,1,1
0.1980504000391632,0,1
0.2663074031335382,1,1
0.5264528930369029,0,1
0.34190810631330415,0,1
0.20752241026336915,0,1
0.6415832287428868,0,1
0.452350891317172,1,1
0.4632613193494538,1,1
0.18387442213986382,0,1
0.263834955577139,0,1
0.3234547333927196,0,1
0.33378939507174554,0,1
0.4566239989831752,0,1
0.4566239989831752,1,1
0.33378939507174554,0,1
0.4566239989831752,0,1
0.5938253846702364,0,1
0.33378939507174554,0,1
0.5938253846702364,0,1
0.45724551245034994,1,1
0.263834955577139,0,1
0.3018037684347662,0,1
0.3018037684347662,0,1
0.263834955577139,1,1
0.45724551245034994,1,1
0.3261190254732381,0,1
0.7149760604013959,1,1
0.2878259626670291,0,1
0.085543671840843,0,1
0.4560803770848024,0,1
0.3261190254732381,0,1
0.44476015081280496,1,1
0.085543671840843,0,1
0.3187164976514102,1,1
0.18532871069302226,0,1
0.3020110531490128,1,1
0.2878259626670291,0,1
0.3020110531490128,0,1
0.3020110531490128,1,1
0.5632756622316109,1,1
0.4096079484128179,0,1
0.7149760604013959,0,1
0.5894616487911034,1,1
0.20797134384234717,1,1
0.6326731600457398,1,1
0.24011147578408354,0,1
0.6326731600457398,0,1
0.24011147578408354,0,1
0.6326731600457398,1,1
0.19783496610394402,0,1
0.24011147578408354,0,1
0.40002460504271065,0,1
0.19783496610394402,0,1
0.37662795290519224,1,1
0.5894616487911034,1,1
0.5894616487911034,1,1
0.38937898363503154,1,1
0.38937898363503154,0,1
0.40002460504271065,0,1
0.232197877872919,0,1
0.232197877872919,1,1
0.4589265114979375,0,1
0.4589265114979375,0,1
0.232197877872919,1,1
0.4589265114979375,0,1
0.24713739448462257,0,1
0.24713739448462257,0,1
0.6228911505176633,1,1
0.4765194519087643,1,1
0.2850514489230672,0,1
0.26872833557959486,0,1
0.4765194519087643,1,1
0.5780772208841563,1,1
0.3623412939961932,0,1
0.32594352876991206,0,1
0.34801089385932527,1,1
0.34687644432578146,1,1
0.34630316746409673,0,1
0.32870108127175346,0,1
0.32870108127175346,0,1
0.34630316746409673,0,1
0.4396183899018219,0,1
0.35318725946736507,0,1
0.34630316746409673,1,1
0.32875786828156683,1,1
0.34630316746409673,0,1
0.4396183899018219,0,1
0.4396183899018219,0,1
0.34624809231097864,0,1
0.2868004220357383,1,1
0.3172355148272482,0,1
0.35318725946736507,1,1
0.4366026089005137,0,1
0.3623412939961932,0,1
0.32493974642603196,1,1
0.546891932798804,0,1
0.32493974642603196,1,1
0.5152679880640694,0,1
0.43588219280898044,1,1
0.5152679880640694,1,1
0.43588219280898044,1,1
0.5152679880640694,0,1
0.5913078425391243,0,1
0.43588219280898044,0,1
0.43588219280898044,1,1
0.5152679880640694,1,1
0.14596132775440407,0,1
0.4366026089005137,0,1
0.14596132775440407,0,1
0.4366026089005137,1,1
0.14596132775440407,0,1
0.3887360345559352,1,1
0.3485958204180165,0,1
0.36414548773277367,0,1
0.3747263318751851,1,1
0.3485958204180165,0,1
0.3485958204180165,0,1
0.3747263318751851,0,1
0.25462589588238294,0,1
0.25462589588238294,0,1
0.3833737197243724,0,1
0.27880590536731276,0,1
0.34630316746409673,0,1
0.27880590536731276,0,1
0.34630316746409673,0,1
0.27880590536731276,0,1
0.36757135605737823,0,1
0.300672765950074,0,1
0.38476141927024754,1,1
0.300672765950074,0,1
0.3325386960018095,0,1
0.3325386960018095,0,1
0.649401966912195,0,1
0.369524031791036,0,1
0.6483130669499422,1,1
0.37095545399310537,0,1
0.649401966912195,1,1
0.37095545399310537,0,1
0.12439847551785033,1,1
0.3442888370365804,0,1
0.37095545399310537,0,1
0.12439847551785033,0,1
0.12439847551785033,0,1
0.3442888370365804,1,1
0.3325386960018095,0,1
0.3322908731094911,0,1
0.3322908731094911,0,1
0.3322908731094911,1,1
0.3442888370365804,0,1
0.31688381294721657,0,1
0.369524031791036,0,1
0.369524031791036,0,1
0.31688381294721657,0,1
0.369524031791036,1,1
0.31210077731727726,0,1
0.31336159556737375,0,1
0.25462589588238294,0,1
0.31210077731727726,0,1
0.25462589588238294,0,1
0.31663221274245335,1,1
0.25462589588238294,0,1
0.520171540050797,1,1
0.31688381294721657,1,1
0.31663221274245335,1,1
0.14103727064621652,0,1
0.5715931167143102,1,1
0.14103727064621652,1,1
0.5715931167143102,1,1
0.14103727064621652,0,1
0.2829303018890056,0,1
0.5715931167143102,1,1
0.520171540050797,0,1
0.32618712176836606,1,1
0.2829303018890056,0,1
0.32618712176836606,1,1
0.2829303018890056,1,1
0.32618712176836606,0,1
0.19652036460066058,1,1
0.19652036460066058,0,1
0.6438010650632916,0,1
0.19652036460066058,1,1
0.6438010650632916,0,1
0.2874395629888217,0,1
0.28898533908706736,0,1
0.3115743353640428,0,1
0.2874395629888217,0,1
0.3115743353640428,0,1
0.3131763494755252,0,1
0.20707514256048287,0,1
0.29288551915617655,0,1
0.5218432890176509,1,1
0.5218432890176509,1,1
0.21969959631678615,0,1
0.3125684620576976,1,1
0.21969959631678615,0,1
0.35371896894615884,0,1
0.48153500768649293,0,1
0.3125684620576976,0,1
0.4271455166529513,0,1
0.48153500768649293,1,1
0.4271455166529513,1,1
0.29288551915617655,1,1
0.48153500768649293,0,1
0.25424675211541403,0,1
0.3860025491547905,0,1
0.18727076051482283,0,1
0.3860025491547905,0,1
0.3860025491547905,0,1
0.4808172868225007,0,1
0.2400199437870375,1,1
0.2400199437870375,0,1
0.4793530703680995,1,1
0.4793530703680995,0,1
0.2400199437870375,0,1
0.18727076051482283,1,1
0.2400199437870375,0,1
0.20089202021628083,1,1
0.4808172868225007,0,1
0.364950167549253,1,1
0.364950167549253,0,1
0.4289776318388038,0,1
0.350033597243801,0,1
0.42780733755878364,1,1
0.3966758853493073,1,1
0.38353028628004593,0,1
0.350033597243801,0,1
0.3966758853493073,0,1
0.38353028628004593,0,1
0.3966758853493073,0,1
0.20089202021628083,0,1
0.364950167549253,0,1
0.20089202021628083,1,1
0.38353028628004593,1,1
0.2748727212231292,0,1
0.22901169813124966,0,1
0.44631858748453446,0,1
0.43504685964281653,1,1
0.33745825811057506,0,1
0.46513541335632613,1,1
0.34467660123381694,0,1
0.4632613193494538,1,1
0.4485774437524658,0,1
0.22901169813124966,0,1
0.2748727212231292,0,1
0.4485774437524658,0,1
0.2748727212231292,0,1
0.4029056251026727,1,1
0.21854957642285877,1,1
0.5224863714761063,1,1
0.48793169509256795,0,1
0.21854957642285877,0,1
0.36456355699147525,0,1
0.18319126607769387,0,1
0.36456355699147525,0,1
0.18319126607769387,1,1
0.263834955577139,0,1
0.39129285939990677,1,1
0.3057735961865684,1,1
0.39129285939990677,0,1
0.3057735961865684,0,1
0.3057735961865684,0,1
0.4396183899018219,0,1
0.4396183899018219,1,1
0.27880590536731276,0,1
0.26330289498372783,0,1
0.341141403519596,1,1
0.26330289498372783,0,1
0.4396183899018219,0,1
0.38366982590005194,0,1
0.341141403519596,1,1
0.33378939507174554,1,1
0.263834955577139,0,1
0.4566239989831752,1,1
0.263834955577139,1,1
0.4566239989831752,1,1
0.33378939507174554,0,1
0.4566239989831752,1,1
0.45724551245034994,0,1
0.33378939507174554,0,1
0.45724551245034994,0,1
0.5123208935476578,1,1
0.45724551245034994,1,1
0.5123208935476578,0,1
0.341141403519596,0,1
0.5123208935476578,0,1
0.5894616487911034,1,1
0.3083338014732879,1,1
0.40321280471700693,1,1
0.3083338014732879,0,1
0.2955814870418443,0,1
0.3037265355019011,0,1
0.5542506806764966,0,1
0.2558974906579292,0,1
0.3037265355019011,0,1
0.38937898363503154,1,1
0.5530973713363512,0,1
0.5894616487911034,0,1
0.24011147578408354,0,1
0.24011147578408354,0,1
0.5530973713363512,1,1
0.38937898363503154,0,1
0.19783496610394402,0,1
0.3810320051785604,1,1
0.19783496610394402,0,1
0.3810320051785604,0,1
0.6228911505176633,1,1
0.4589265114979375,1,1
0.232197877872919,1,1
0.4589265114979375,0,1
0.232197877872919,0,1
0.4589265114979375,0,1
0.232197877872919,0,1
0.24713739448462257,0,1
0.24713739448462257,0,1
0.24713739448462257,1,1
0.6228911505176633,1,1
0.49523958800347534,0,1
0.26751512758512674,0,1
0.26751512758512674,0,1
0.49523958800347534,0,1
0.4964343054949648,0,1
0.26751512758512674,0,1
0.6228911505176633,1,1
0.40556191537208275,0,1
0.14596132775440407,0,1
0.4105149627937833,1,1
0.22119518460960397,0,1
0.22119518460960397,1,1
0.4105149627937833,1,1
0.486337732777246,0,1
0.20752241026336915,0,1
0.28734406819205516,0,1
0.486337732777246,0,1
0.28734406819205516,0,1
0.40556191537208275,1,1
0.17265739218648213,0,1
0.14596132775440407,0,1
0.5152679880640694,0,1
0.40556191537208275,0,1
0.14596132775440407,1,1
0.5913078425391243,0,1
0.32493974642603196,0,1
0.5913078425391243,1,1
0.5913078425391243,1,1
0.32493974642603196,0,1
0.32493974642603196,1,1
0.5152679880640694,0,1
0.4555767464276431,0,1
0.5152679880640694,0,1
0.4555767464276431,0,1
0.4555767464276431,1,1
0.33039537766717086,0,1
0.46464880256438046,0,1
0.46464880256438046,0,1
0.2039645129406038,1,1
0.274891518101125,0,1
0.46464880256438046,0,1
0.41563806422945615,0,1
0.4560803770848024,1,1
0.3261190254732381,0,1
0.41563806422945615,1,1
0.5632756622316109,0,1
0.5632756622316109,0,1
0.3325386960018095,0,1
0.274891518101125,0,1
0.2980084158779732,0,1
0.12439847551785033,0,1
0.3325386960018095,1,1
0.3325386960018095,0,1
0.649401966912195,1,1
0.3507268560638591,1,1
0.6483130669499422,1,1
0.6483130669499422,0,1
0.3507268560638591,0,1
0.3507268560638591,0,1
0.12439847551785033,0,1
0.31612863107562217,1,1
0.31612863107562217,1,1
0.12439847551785033,0,1
0.2980084158779732,0,1
0.31612863107562217,0,1
0.4506481086788351,0,1
0.49992735259685994,1,1
0.49873255442253994,1,1
0.13648088345995668,0,1
0.251119619073939,0,1
0.20642451312161447,1,1
0.5610434931617683,1,1
0.375040443854572,0,1
0.3552811055029613,0,1
0.4506481086788351,0,1
0.5610434931617683,0,1
0.5610434931617683,1,1
0.20642451312161447,1,1
0.13648088345995668,0,1
0.254667484729577,0,1
0.4896320141146594,0,1
0.4896320141146594,0,1
0.49311610293946173,1,1
0.34644337527465585,0,1
0.34644337527465585,0,1
0.34644337527465585,1,1
0.49311610293946173,0,1
0.254667484729577,0,1
0.4896320141146594,0,1
0.254667484729577,1,1
0.4896320141146594,1,1
0.254667484729577,0,1
0.49311610293946173,1,1
0.5083082959227763,0,1
0.22649372748229613,0,1
0.22234963014052733,1,1
0.3187543341249478,0,1
0.29661992818475924,0,1
0.379895933595491,0,1
0.24734361162338436,0,1
0.24734361162338436,0,1
0.3734544654394555,1,1
0.3734544654394555,1,1
0.24734361162338436,0,1
0.7119874263054622,1,1
0.41979347847066795,0,1
0.7119874263054622,1,1
0.379895933595491,0,1
0.303816677668605,0,1
0.303816677668605,1,1
0.30125175835660234,0,1
0.383664364890104,0,1
0.43316875737491867,0,1
0.30125175835660234,1,1
0.43316875737491867,0,1
0.30125175835660234,0,1
0.43316875737491867,0,1
0.3444115439577242,0,1
0.2474218286597777,0,1
0.39476287687733236,0,1
0.3444115439577242,1,1
0.39476287687733236,0,1
0.39476287687733236,1,1
0.33180096335916553,1,1
0.26687801095802366,0,1
0.26687801095802366,0,1
0.33180096335916553,1,1
0.2673382999056261,0,1
0.26687801095802366,0,1
0.34201710158856446,0,1
0.38329420581113494,1,1
0.38329420581113494,1,1
0.3302359354357288,1,1
0.2673382999056261,1,1
0.3844245410939835,0,1
0.2251314942397682,0,1
0.5914820173742927,1,1
0.2251314942397682,0,1
0.5547034123290744,1,1
0.4521769687662647,0,1
0.3302359354357288,0,1
0.4521769687662647,0,1
0.2673382999056261,0,1
0.3302359354357288,0,1
0.4521769687662647,1,1
0.4197911441365224,0,1
0.3095741046648549,0,1
0.4152928341903186,0,1
0.4401690597656749,0,1
0.4152928341903186,1,1
0.4152928341903186,1,1
0.3095741046648549,0,1
0.4401690597656749,0,1
0.3095741046648549,0,1
0.4401690597656749,1,1
0.47921952810381385,1,1
0.5526391031154476,1,1
0.5526391031154476,1,1
0.4197911441365224,1,1
0.5526391031154476,0,1
0.47921952810381385,0,1
0.4197911441365224,1,1
0.49668132081430316,1,1
0.36280300122021925,1,1
0.38370071858460975,0,1
0.2841066452105746,0,1
0.2841066452105746,1,1
0.38370071858460975,0,1
0.3488104446539543,1,1
0.2841066452105746,0,1
0.2940318524147094,0,1
0.2940318524147094,0,1
0.3791108331321493,0,1
0.2940318524147094,0,1
0.4309865459384957,1,1
0.29646266859091264,1,1
0.29646266859091264,1,1
0.4309865459384957,0,1
0.29646266859091264,0,1
0.4590443763736983,0,1
0.36280300122021925,0,1
0.20691078654018424,0,1
0.20691078654018424,1,1
0.20691078654018424,0,1
0.264278934736767,0,1
0.264278934736767,0,1
0.264278934736767,0,1
0.39394593291642566,0,1
0.3873801586493639,0,1
0.39394593291642566,0,1
0.22120497101609304,1,1
0.4540470975024028,0,1
0.3873801586493639,0,1
0.4540470975024028,1,1
0.22120497101609304,1,1
0.452350891317172,1,1
0.2663074031335382,1,1
0.1980504000391632,1,1
0.452350891317172,1,1
0.45344523622816635,0,1
0.1980504000391632,1,1
0.4437580951764837,0,1
0.4437580951764837,0,1
0.40321280471700693,1,1
0.2955814870418443,0,1
0.3083338014732879,1,1
0.40321280471700693,0,1
0.4437580951764837,0,1
0.40321280471700693,0,1
0.4437580951764837,0,1
0.40321280471700693,0,1
0.4437580951764837,0,1
0.2955814870418443,1,1
0.40321280471700693,0,1
0.28932659538585126,0,1
0.3020110531490128,0,1
0.3083338014732879,1,1
0.28932659538585126,0,1
0.3020110531490128,0,1
0.3020110531490128,0,1
0.18532871069302226,0,1
0.14596132775440407,0,1
0.4366026089005137,0,1
0.14596132775440407,0,1
0.40887968109046446,1,1
0.14596132775440407,0,1
0.40887968109046446,0,1
0.14596132775440407,1,1
0.47921952810381385,0,1
0.40887968109046446,0,1
0.14596132775440407,1,1
0.5526391031154476,1,1
0.40887968109046446,0,1
0.5526391031154476,1,1
0.49668132081430316,0,1
0.5526391031154476,1,1
0.47921952810381385,1,1
0.5526391031154476,0,1
0.3095741046648549,0,1
0.4970953699212345,0,1
0.3095741046648549,0,1
0.4970953699212345,1,1
0.47921952810381385,0,1
0.3095741046648549,0,1
0.4970953699212345,1,1
0.38937898363503154,0,1
0.5894616487911034,0,1
0.5894616487911034,1,1
0.38937898363503154,0,1
0.38937898363503154,0,1
0.5894616487911034,0,1
0.3810339024631646,0,1
0.38937898363503154,1,1
0.5346020846620996,0,1
0.2864472395720351,0,1
0.3302359354357288,0,1
0.5346020846620996,1,1
0.3302359354357288,0,1
0.5346020846620996,1,1
0.3302359354357288,0,1
0.5346020846620996,0,1
0.5894616487911034,0,1
0.4366026089005137,1,1
0.4366026089005137,0,1
0.14596132775440407,1,1
0.14596132775440407,0,1
0.4366026089005137,1,1
0.4366026089005137,1,1
0.14596132775440407,0,1
0.14596132775440407,0,1
0.4366026089005137,0,1
0.2815250857185304,0,1
0.3125684620576976,0,1
0.2815250857185304,1,1
0.3125684620576976,1,1
0.2815250857185304,0,1
0.3125684620576976,1,1
0.3125684620576976,1,1
0.2815250857185304,1,1
0.14596132775440407,0,1
0.4590443763736983,0,1
0.29646266859091264,1,1
0.4590443763736983,0,1
0.29646266859091264,1,1
0.29646266859091264,0,1
0.4590443763736983,0,1
0.29646266859091264,1,1
0.4590443763736983,0,1
0.4335522221035354,1,1
0.4335522221035354,1,1
0.347547370129653,0,1
0.3688488554790579,0,1
0.3373805834908934,0,1
0.34630316746409673,1,1
0.34630316746409673,1,1
0.3373805834908934,1,1
0.3373805834908934,0,1
0.34630316746409673,0,1
0.34630316746409673,0,1
0.34630316746409673,0,1
0.3434116635913468,0,1
0.3430910681142292,1,1
0.34630316746409673,0,1
0.29701209068363654,0,1
0.22951608231160447,0,1
0.29701209068363654,0,1
0.3434116635913468,1,1
0.29701209068363654,1,1
0.22951608231160447,0,1
0.34630316746409673,1,1
0.34630316746409673,1,1
0.3430910681142292,0,1
0.3430910681142292,0,1
0.22951608231160447,0,1
0.3373805834908934,0,1
0.34728078222168535,1,1
0.3373805834908934,0,1
0.34630316746409673,0,1
0.3373805834908934,1,1
0.36460131726726486,0,1
0.34728078222168535,1,1
0.34630316746409673,0,1
0.36757135605737823,0,1
0.34728078222168535,0,1
0.34630316746409673,1,1
0.3434116635913468,0,1
0.34630316746409673,0,1
0.34630316746409673,1,1
0.34630316746409673,1,1
0.34630316746409673,0,1
0.34630316746409673,1,1
0.34630316746409673,0,1
0.34630316746409673,0,1
0.34630316746409673,0,1
0.34630316746409673,1,1
0.34728078222168535,1,1
0.34630316746409673,0,1
0.34630316746409673,0,1
0.34630316746409673,1,1
0.34630316746409673,0,1
0.22951608231160447,0,1
0.29701209068363654,0,1
0.22951608231160447,0,1
0.29701209068363654,0,1
0.22951608231160447,0,1
0.29704028345772937,0,1
0.34630316746409673,0,1
0.34630316746409673,1,1
0.34630316746409673,0,1
0.34630316746409673,0,1
0.34630316746409673,0,1
0.34630316746409673,0,1
0.33157168728910413,0,1
0.2732244144161783,0,1
0.34090967050604026,0,1
0.2732244144161783,1,1
0.34090967050604026,0,1
0.34090967050604026,0,1
0.2732244144161783,0,1
0.3043376539374194,0,1
0.33157168728910413,0,1
0.3332234351985821,0,1
0.34630316746409673,0,1
0.33018788083127004,1,1
0.33018788083127004,1,1
0.34630316746409673,0,1
0.3332234351985821,1,1
0.34630316746409673,0,1
0.34630316746409673,0,1
0.3043376539374194,0,1
0.34630316746409673,0,1
0.34630316746409673,0,1
0.34630316746409673,0,1
0.34630316746409673,0,1
0.21700287456340617,0,1
0.3366057167666996,1,1
0.3366057167666996,0,1
0.34630316746409673,0,1
0.34630316746409673,1,1
0.34630316746409673,0,1
0.34630316746409673,0,1
0.34630316746409673,0,1
0.2915478983094645,0,1
0.2915478983094645,0,1
0.34630316746409673,0,1
0.28741663337651013,0,1
0.31444666900078344,0,1
0.31444666900078344,1,1
0.28741663337651013,1,1
0.31444666900078344,0,1
0.28741663337651013,1,1
0.2915478983094645,0,1
0.34630316746409673,0,1
0.34630316746409673,0,1
0.34630316746409673,0,1
0.34630316746409673,0,1
0.20603808651007494,1,1
0.34630316746409673,0,1
0.2952845211401919,0,1
0.33018788083127004,0,1
0.34630316746409673,0,1
0.34630316746409673,0,1
0.33018788083127004,0,1
0.2952845211401919,0,1
0.34630316746409673,0,1
0.20603808651007494,0,1
0.30522476235041107,1,1
0.33018788083127004,0,1
0.34966520331409034,0,1
0.33018788083127004,1,1
0.21700287456340617,0,1
0.34966520331409034,0,1
0.33018788083127004,0,1
0.34966520331409034,1,1
0.2921346026992232,0,1
0.5423703295708957,0,1
0.33157168728910413,1,1
0.21579830324751414,0,1
0.30522476235041107,1,1
0.33157168728910413,1,1
0.3080725251053439,1,1
0.343756968248475,0,1
0.31499242732569877,1,1
0.343756968248475,0,1
0.343756968248475,0,1
0.414386113801962,0,1
0.23474398083636872,1,1
0.23474398083636872,1,1
0.6037799366199544,1,1
0.5947899533739653,1,1
0.23474398083636872,0,1
0.6037799366199544,1,1
0.43234277912027963,0,1
0.274891518101125,1,1
0.34630316746409673,1,1
0.3396359080435888,0,1
0.33312138951671477,1,1
0.426961249433779,0,1
0.25366000331343574,1,1
0.25366000331343574,0,1
0.44631858748453446,1,1
0.4035666248599711,0,1
0.3616849066177542,1,1
0.305838982131427,1,1
0.40573491046990784,0,1
0.3967410498815347,0,1
0.29670450592423814,1,1
0.3616849066177542,1,1
0.22382940118290573,1,1
0.4226455961784932,0,1
0.22382940118290573,1,1
0.22382940118290573,1,1
0.5389879970167848,0,1
0.3300558929785934,1,1
0.5389879970167848,0,1
0.24251299698396456,0,1
0.22382940118290573,0,1
0.24251299698396456,0,1
0.44631858748453446,1,1
0.5389879970167848,0,1
0.2490512108974744,0,1
0.34630316746409673,1,1
0.37739605194608916,0,1
0.32870836611334153,0,1
0.47302689053288194,0,1
0.3936609246556644,0,1
0.2490512108974744,0,1
0.33445904394132653,1,1
0.32026673200734057,1,1
0.2490512108974744,1,1
0.2810261638872722,0,1
0.3600577266721744,0,1
0.2810261638872722,0,1
0.2810261638872722,1,1
0.375040443854572,0,1
0.3399573085346661,0,1
0.375040443854572,0,1
0.3399573085346661,0,1
0.4948677049803143,0,1
0.5029336470013297,0,1
0.3399573085346661,0,1
0.3577817235204729,0,1
0.40591384429418254,0,1
0.3054120699190127,0,1
0.5872416293255834,1,1
0.3054120699190127,0,1
0.5872416293255834,1,1
0.4948677049803143,0,1
0.3399573085346661,0,1
0.5020963328132801,1,1
0.3399573085346661,0,1
0.5029336470013297,0,1
0.3577817235204729,1,1
0.40591384429418254,1,1
0.47407531629710153,1,1
0.2400199437870375,1,1
0.2400199437870375,1,1
0.38476141927024754,0,1
0.25462589588238294,0,1
0.47407531629710153,1,1
0.32414924395557276,1,1
0.34610494400072234,0,1
0.34610494400072234,0,1
0.22496081317975847,1,1
0.32414924395557276,0,1
0.22496081317975847,0,1
0.4197931047337875,1,1
0.22496081317975847,0,1
0.4197931047337875,0,1
0.3095741046648549,1,1
0.4197931047337875,0,1
0.4970953699212345,0,1
0.3095741046648549,0,1
0.4970953699212345,0,1
0.34630316746409673,0,1
0.3361967368021801,1,1
0.34630316746409673,0,1
0.3361967368021801,0,1
0.34630316746409673,1,1
0.3095741046648549,0,1
0.4970953699212345,1,1
0.3095741046648549,1,1
0.4970953699212345,1,1
0.34630316746409673,0,1
0.30522496620940653,0,1
0.36169380160653075,0,1
0.3741255115637806,0,1
0.3445269818105918,1,1
0.3741255115637806,1,1
0.3445269818105918,0,1
0.3741255115637806,0,1
0.48319702429071865,1,1
0.42106911599385044,1,1
0.30522496620940653,0,1
0.33194110538537835,1,1
0.4678388605028664,0,1
0.4678388605028664,0,1
0.33194110538537835,1,1
0.37108538176440464,0,1
0.33432853584187194,1,1
0.33432853584187194,1,1
0.37108538176440464,0,1
0.4545841637933783,0,1
0.4545841637933783,1,1
0.35101707178682295,1,1
0.5375851816970061,0,1
0.30356163085319954,0,1
0.30356163085319954,0,1
0.5375851816970061,0,1
0.35101707178682295,0,1
0.5375851816970061,1,1
0.30356163085319954,0,1
0.35101707178682295,0,1
0.4422278981084805,1,1
0.3161379884616039,0,1
0.4545841637933783,0,1
0.2654663343305457,0,1
0.41173111585272437,0,1
0.366837834594694,0,1
0.2654663343305457,1,1
0.3161379884616039,1,1
0.36704126712154383,0,1
0.366837834594694,1,1
0.3161379884616039,0,1
0.34630316746409673,0,1
0.36350940837214785,0,1
0.36350940837214785,1,1
0.3246637675518428,1,1
0.3246637675518428,1,1
0.34630316746409673,0,1
0.3459884013896011,1,1
0.3246637675518428,1,1
0.34630316746409673,0,1
0.20959216059633445,0,1
0.4287841185957272,1,1
0.4287841185957272,1,1
0.20959216059633445,0,1
0.23053103361700888,0,1
0.5807468044220994,1,1
0.5807468044220994,1,1
0.23053103361700888,0,1
0.35150951437473155,1,1
0.43316875737491867,1,1
0.2926828734108641,1,1
0.43316875737491867,0,1
0.3042310776087217,0,1
0.4285696357576557,1,1
0.20078364525359305,0,1
0.4285696357576557,0,1
0.193593920435,0,1
0.4287841185957272,0,1
0.22265247864761428,0,1
0.5807468044220994,1,1
0.22265247864761428,0,1
0.5807468044220994,1,1
0.20078364525359305,1,1
0.504402386628221,0,1
0.4418792001640497,1,1
0.2940318524147094,1,1
0.2940318524147094,0,1
0.504402386628221,0,1
0.3555701431560835,1,1
0.2940318524147094,0,1
0.3741255115637806,0,1
0.33194110538537835,1,1
0.47354874715304396,0,1
0.33194110538537835,1,1
0.3741255115637806,0,1
0.3385398173739035,1,1
0.47354874715304396,0,1
0.3577919024915569,0,1
0.3844245410939835,1,1
0.3488104446539543,0,1
0.3844245410939835,1,1
0.2841066452105746,0,1
0.3488104446539543,1,1
0.3488104446539543,1,1
0.2841066452105746,0,1
0.2841066452105746,1,1
0.3577919024915569,0,1
0.4592651331623311,1,1
0.4592651331623311,0,1
0.3818846026028879,0,1
0.3444167924413605,0,1
0.2980084158779732,1,1
0.3444167924413605,0,1
0.2980084158779732,0,1
0.4094555443167178,1,1
0.2980084158779732,0,1
0.3818846026028879,0,1
0.224471823967609,0,1
0.224471823967609,0,1
0.224471823967609,0,1
0.6326731600457398,0,1
0.6326731600457398,1,1
0.6326731600457398,1,1
0.6968508599318077,1,1
0.6968508599318077,0,1
0.2193591538237044,0,1
0.26751512758512674,0,1
0.4964343054949648,1,1
0.26751512758512674,0,1
0.4964343054949648,1,1
0.2193591538237044,0,1
0.4094302089469156,1,1
0.13098117476562454,0,1
0.13098117476562454,0,1
0.4094302089469156,1,1
0.41716313692250284,0,1
0.6102870002949285,0,1
0.6102870002949285,1,1
0.4930471453008166,1,1
0.41716313692250284,0,1
0.41716313692250284,1,1
0.4326684745910576,1,1
0.3230680810057963,0,1
0.4326684745910576,1,1
0.618549626563926,1,1
0.34644337527465585,0,1
0.618549626563926,1,1
0.34644337527465585,1,1
0.34644337527465585,0,1
0.618549626563926,0,1
0.1453170047706399,0,1
0.30762570253841015,0,1
0.2711363913649548,0,1
0.30762570253841015,0,1
0.3328588268545687,0,1
0.5889544546342114,1,1
0.5889544546342114,1,1
0.3234647850344081,0,1
0.3234647850344081,0,1
0.27688833480782016,1,1
0.3234647850344081,0,1
0.30762570253841015,0,1
0.1979126329141282,0,1
0.6031288055909896,1,1
0.23129746379525862,0,1
0.6031288055909896,0,1
0.23129746379525862,0,1
0.23129746379525862,0,1
0.5807468044220994,1,1
0.4287841185957272,1,1
0.1979126329141282,0,1
0.4287841185957272,1,1
0.27688833480782016,0,1
0.4688127698465132,0,1
0.4688127698465132,1,1
0.09614833953760082,0,1
0.09614833953760082,0,1
0.22993688149691804,1,1
0.4558237033044552,1,1
0.4558237033044552,1,1
0.30840118950699813,0,1
0.7170787282250806,1,1
0.36891298607505785,1,1
0.30840118950699813,0,1
0.3144961865358089,1,1
0.36891298607505785,0,1
0.3144961865358089,0,1
0.3476098368928303,0,1
0.5569868923092967,0,1
0.30168718843873465,0,1
0.5569868923092967,0,1
0.4859297564202337,1,1
0.30168718843873465,1,1
0.43846610370557604,0,1
0.30168718843873465,0,1
0.42106911599385044,1,1
0.2514269078762196,0,1
0.42106911599385044,1,1
0.2815250857185304,1,1
0.3125684620576976,1,1
0.2815250857185304,0,1
0.2815250857185304,1,1
0.3125684620576976,1,1
0.3125684620576976,0,1
0.29017272012635176,0,1
0.3125684620576976,0,1
0.48319702429071865,1,1
0.2815250857185304,0,1
0.34562003420721377,0,1
0.2926828734108641,0,1
0.43316875737491867,0,1
0.2926828734108641,0,1
0.2926828734108641,0,1
0.43316875737491867,0,1
0.43316875737491867,1,1
0.34562003420721377,0,1
0.34562003420721377,0,1
0.4186541168635143,0,1
0.4186541168635143,1,1
0.4265267523984455,0,1
0.29017272012635176,1,1
0.2315556085001491,0,1
0.3150273129094575,0,1
0.5443013128674135,0,1
0.5443013128674135,1,1
0.2315556085001491,0,1
0.2315556085001491,0,1
0.5443013128674135,0,1
0.3150273129094575,0,1
0.2202193281576449,0,1
0.2202193281576449,1,1
0.4522510948024263,0,1
0.4632613193494538,1,1
0.33896466753339094,0,1
0.11060079808168322,1,1
0.507418785245624,1,1
0.507418785245624,1,1
0.11060079808168322,0,1
0.507418785245624,0,1
0.25874273886938126,0,1
0.4632613193494538,1,1
0.6528080674751648,0,1
0.25160088550061865,1,1
0.2614311021957695,0,1
0.6528080674751648,0,1
0.383664364890104,0,1
0.383664364890104,0,1
0.2668932548119375,0,1
0.383664364890104,0,1
0.2668932548119375,1,1
0.2614311021957695,0,1
0.3187996421740499,1,1
0.3956741224860235,1,1
0.46867270993825383,1,1
0.46867270993825383,0,1
0.13081606598340478,0,1
0.41898995237495884,1,1
0.41115669092920004,0,1
0.6103713362829248,1,1
0.41115669092920004,0,1
0.6103713362829248,1,1
0.4456770991924913,0,1
0.13081606598340478,0,1
0.13081606598340478,0,1
0.6103713362829248,1,1
0.4197931047337875,0,1
0.2751851851907866,0,1
0.232197877872919,1,1
0.4197931047337875,0,1
0.4197931047337875,1,1
0.232197877872919,0,1
0.4651948938036503,0,1
0.2751851851907866,0,1
0.4651948938036503,0,1
0.4422278981084805,1,1
0.232197877872919,0,1
0.22120497101609304,0,1
0.22120497101609304,1,1
0.6012526139113669,1,1
0.5332585553508098,0,1
0.33432853584187194,1,1
0.47579490723091666,1,1
0.5336671224361236,0,1
0.47579490723091666,1,1
0.41545501237399207,0,1
0.6012526139113669,0,1
0.5152679880640694,1,1
0.4555767464276431,0,1
0.4555767464276431,0,1
0.5152679880640694,1,1
0.14596132775440407,1,1
0.14596132775440407,0,1
0.4366026089005137,0,1
0.14596132775440407,0,1
0.4366026089005137,1,1
0.4366026089005137,0,1
0.5152679880640694,0,1
0.4418792001640497,0,1
0.2940318524147094,0,1
0.4555767464276431,0,1
0.34190810631330415,1,1
0.6415832287428868,1,1
0.15618290334151042,1,1
0.5264528930369029,0,1
0.15618290334151042,0,1
0.2940318524147094,0,1
0.504402386628221,1,1
0.6415832287428868,1,1
0.29646266859091264,1,1
0.29646266859091264,1,1
0.29646266859091264,0,1
0.4590443763736983,1,1
0.29646266859091264,1,1
0.4590443763736983,0,1
0.4590443763736983,0,1
0.46985573571333505,1,1
0.42135958446641875,1,1
0.13492769592016995,0,1
0.46985573571333505,1,1
0.13492769592016995,0,1
0.46985573571333505,1,1
0.13492769592016995,1,1
0.3601254391885237,1,1
0.5300758376407699,0,1
0.24211139372094248,1,1
0.24211139372094248,1,1
0.5300758376407699,1,1
0.5300758376407699,0,1
0.24211139372094248,0,1
0.5300758376407699,0,1
0.47276870202889465,1,1
0.35392426691094003,0,1
0.40002460504271065,0,1
0.19783496610394402,0,1
0.19783496610394402,0,1
0.40002460504271065,0,1
0.40002460504271065,1,1
0.19783496610394402,0,1
0.19783496610394402,0,1
0.5485917393953625,1,1
0.21320768141936974,0,1
0.40002460504271065,0,1
0.21320768141936974,0,1
0.40002460504271065,1,1
0.5485917393953625,0,1
0.373965228336555,0,1
0.373965228336555,0,1
0.4271455166529513,0,1
0.5485917393953625,0,1
0.393116306149794,0,1
0.393116306149794,0,1
0.4271455166529513,1,1
0.393116306149794,1,1
0.4271455166529513,1,1
0.373965228336555,0,1
0.15170653636133502,0,1
0.09505605189362998,1,1
0.5289028332229078,1,1
0.5289028332229078,0,1
0.2267373026014846,0,1
0.2224330276711285,1,1
0.5341710167262281,0,1
0.3545503813804376,0,1
0.21546556474124934,0,1
0.09505605189362998,1,1
0.6651133842766783,1,1
0.09505605189362998,0,1
0.6651133842766783,0,1
0.5863100758540385,0,1
0.3545503813804376,0,1
0.31861114704875004,0,1
0.26547581651035335,0,1
0.39097016718757427,1,1
0.4681432346969546,1,1
0.4650618627511014,1,1
0.26751512758512674,0,1
0.4650618627511014,1,1
0.26751512758512674,1,1
0.4650618627511014,1,1
0.25998585519515227,0,1
0.26751512758512674,1,1
0.25998585519515227,0,1
0.39818596699342534,1,1
0.5576898099722538,0,1
0.39097016718757427,0,1
0.5576898099722538,0,1
0.39097016718757427,1,1
0.5576898099722538,1,1
0.39818596699342534,1,1
0.2982910962167825,0,1
0.5525619372986581,0,1
0.4690436066397282,0,1
0.5525619372986581,0,1
0.5525619372986581,1,1
0.4690436066397282,0,1
0.33118719662932616,0,1
0.13984647036996645,0,1
0.6618610424620976,0,1
0.3790240087142849,0,1
0.1431288312070429,0,1
0.33753593792945025,0,1
0.35122395397938866,1,1
0.6618610424620976,0,1
0.45067040769528754,1,1
0.3542713705113171,0,1
0.45067040769528754,1,1
0.33118719662932616,0,1
0.4366026089005137,1,1
0.15395163524959976,0,1
0.4366026089005137,0,1
0.3507268560638591,0,1
0.649401966912195,0,1
0.649401966912195,0,1
0.15395163524959976,1,1
0.649401966912195,1,1
0.3507268560638591,0,1
0.3791108331321493,0,1
0.32843030794049255,0,1
0.3507268560638591,0,1
0.38484460193417647,0,1
0.34292434826022866,0,1
0.32843030794049255,0,1
0.4366026089005137,0,1
0.15395163524959976,0,1
0.4366026089005137,0,1
0.15395163524959976,0,1
0.32843030794049255,0,1
0.5436172418130465,0,1
0.4626643703142531,0,1
0.5436172418130465,0,1
0.29796274937311973,1,1
0.5436172418130465,0,1
0.29796274937311973,1,1
0.616262449957102,1,1
0.29796274937311973,0,1
0.4626643703142531,0,1
0.616262449957102,0,1
0.4626643703142531,0,1
0.4321718441068939,0,1
0.473607800067547,1,1
0.4321718441068939,0,1
0.473607800067547,0,1
0.473607800067547,0,1
0.4321718441068939,0,1
0.616262449957102,0,1
0.2667822020343339,1,1
0.5620620575500264,1,1
0.42040764661454033,0,1
0.28138978783590674,0,1
0.18649942719796586,0,1
0.43099669255815665,1,1
0.42657367350370035,0,1
0.3591771334160746,0,1
0.26197528104795265,0,1
0.3591771334160746,0,1
0.43099669255815665,1,1
0.22032200175284133,0,1
0.42040764661454033,0,1
0.42040764661454033,0,1
0.42460915071669814,1,1
0.5152679880640694,1,1
0.3442888370365804,0,1
0.14297071167063358,1,1
0.14297071167063358,0,1
0.3442888370365804,0,1
0.3716830890804702,1,1
0.24356267515440222,0,1
0.3716830890804702,1,1
0.5152679880640694,1,1
0.42460915071669814,1,1
0.5152679880640694,1,1
0.42460915071669814,0,1
0.24356267515440222,0,1
0.3591771334160746,0,1
0.6358380162467998,0,1
0.24003637445789494,1,1
0.39355075855566723,1,1
0.22449902832336943,0,1
0.39355075855566723,0,1
0.4251393784291789,1,1
0.39355075855566723,0,1
0.39355075855566723,0,1
0.3535080740111135,1,1
0.21110238206303,0,1
0.21601222153085464,0,1
0.24003637445789494,1,1
0.3535080740111135,1,1
0.32565195952017567,0,1
0.4251393784291789,0,1
0.3869229748331202,1,1
0.49992735259685994,0,1
0.12646781190164735,0,1
0.40050851617003047,0,1
0.49992735259685994,0,1
0.12646781190164735,1,1
0.12646781190164735,0,1
0.508053330101101,0,1
0.49992735259685994,0,1
0.508053330101101,0,1
0.3679095080522957,0,1
0.3869229748331202,0,1
0.40050851617003047,1,1
0.3869229748331202,1,1
0.40050851617003047,0,1
0.4035263579324163,0,1
0.5894616487911034,1,1
0.40438510835898267,0,1
0.5894616487911034,0,1
0.5894616487911034,0,1
0.40438510835898267,1,1
0.40438510835898267,0,1
0.432825621112648,1,1
0.20393743890550642,0,1
0.4539514440592842,1,1
0.38866707001069223,0,1
0.41241624695892376,0,1
0.38866707001069223,1,1
0.41241624695892376,0,1
0.20393743890550642,0,1
0.4790970777315473,1,1
0.19724544289906143,0,1
0.4790970777315473,0,1
0.08590306905355072,0,1
0.328777745593955,0,1
0.24927611247687365,1,1
0.42329216831737737,0,1
0.5455695602493782,0,1
0.31311311451354473,1,1
0.328777745593955,0,1
0.5455695602493782,1,1
0.4547266563353032,0,1
0.42329216831737737,0,1
0.4547266563353032,1,1
0.4547266563353032,0,1
0.328777745593955,1,1
0.4230607633240062,0,1
0.46672290177342035,1,1
0.4230607633240062,0,1
0.25050986667182096,0,1
0.30456511863782776,0,1
0.2592444604895632,1,1
0.2592444604895632,1,1
0.30456511863782776,1,1
0.2592444604895632,0,1
0.46672290177342035,0,1
0.30456511863782776,0,1
0.26289849734073845,1,1
0.46672290177342035,1,1
0.26289849734073845,0,1
0.25050986667182096,1,1
0.4230607633240062,0,1
0.25050986667182096,0,1
0.26289849734073845,0,1
0.328777745593955,0,1
0.09884788586565318,0,1
0.4790970777315473,1,1
0.09884788586565318,0,1
0.5070396118900706,0,1
0.5144330825281905,0,1
0.4790970777315473,0,1
0.328777745593955,0,1
0.5144330825281905,0,1
0.328777745593955,0,1
0.4547266563353032,0,1
0.34728836716350653,0,1
0.4547266563353032,1,1
0.46141487362009714,1,1
0.09884788586565318,0,1
0.5526391031154476,1,1
0.22287762126678268,1,1
0.4790970777315473,1,1
0.3146114650336602,0,1
0.4025979563608293,0,1
0.4025979563608293,0,1
0.5027534188735727,0,1
0.5526391031154476,1,1
0.3146114650336602,1,1
0.5761421108358227,1,1
0.4331186231433448,0,1
0.5761421108358227,1,1
0.4331186231433448,0,1
0.4790970777315473,0,1
0.5027534188735727,0,1
0.34630316746409673,0,1
0.34630316746409673,0,1
0.34630316746409673,0,1
0.3434116635913468,0,1
0.34630316746409673,0,1
0.34630316746409673,0,1
0.34630316746409673,0,1
0.22772051530770154,0,1
0.34630316746409673,0,1
0.34630316746409673,1,1
0.3089554063827913,0,1
0.22772051530770154,0,1
0.3089554063827913,1,1
0.34630316746409673,0,1
0.34630316746409673,0,1
0.34630316746409673,0,1
0.3434116635913468,1,1
0.34630316746409673,1,1
0.34630316746409673,0,1
0.4443991816587748,1,1
0.3303467442637157,0,1
0.4443991816587748,1,1
0.22791187642090538,1,1
0.28612466616657295,0,1
0.22791187642090538,1,1
0.28612466616657295,0,1
0.3303467442637157,0,1
0.29646266859091264,0,1
0.29646266859091264,0,1
0.4590443763736983,1,1
0.29646266859091264,0,1
0.4590443763736983,0,1
0.4590443763736983,0,1
0.34630316746409673,0,1
0.34630316746409673,1,1
0.34630316746409673,0,1
0.3389592954617514,0,1
0.34630316746409673,0,1
0.2089767388497582,0,1
0.3046971601275219,0,1
0.3046971601275219,0,1
0.34630316746409673,0,1
0.3497012852432373,1,1
0.33840639004750017,0,1
0.34630316746409673,1,1
0.34630316746409673,0,1
0.34630316746409673,1,1
0.3430910681142292,0,1
0.34630316746409673,0,1
0.3430910681142292,0,1
0.34630316746409673,0,1
0.34630316746409673,0,1
0.3430910681142292,0,1
0.34630316746409673,0,1
0.34630316746409673,0,1
0.34630316746409673,0,1
0.5533079880786522,0,1
0.34630316746409673,0,1
0.5533079880786522,0,1
0.2961828242344713,0,1
0.4362438649451398,0,1
0.46521744602454584,0,1
0.5111435478090958,0,1
0.5111435478090958,0,1
0.3037550176327516,0,1
0.5111435478090958,1,1
0.46521744602454584,1,1
0.2961828242344713,0,1
0.31347360129723656,0,1
0.4114818735691459,0,1
0.31347360129723656,0,1
0.2961828242344713,0,1
0.46521744602454584,0,1
0.3555701431560835,1,1
0.45940284037663126,1,1
0.3037550176327516,0,1
0.10729967325037326,0,1
0.5766308255655863,1,1
0.5766308255655863,0,1
0.3555701431560835,1,1
0.45940284037663126,0,1
0.3555701431560835,0,1
0.45940284037663126,1,1
0.239120310669804,0,1
0.33840639004750017,0,1
0.2089767388497582,0,1
0.3046971601275219,0,1
0.3046971601275219,0,1
0.33840639004750017,0,1
0.3046971601275219,0,1
0.3037550176327516,1,1
0.239120310669804,0,1
0.5594371833393673,0,1
0.3037550176327516,1,1
0.5766308255655863,1,1
0.5766308255655863,1,1
0.10729967325037326,0,1
0.3372878803342567,0,1
0.44091392414344965,0,1
0.28572077142062546,1,1
0.3971347355709891,0,1
0.3372878803342567,1,1
0.36456355699147525,0,1
0.16512326481237116,1,1
0.16512326481237116,0,1
0.36456355699147525,0,1
0.16512326481237116,1,1
0.4095020339055233,0,1
0.36456355699147525,0,1
0.4095020339055233,1,1
0.3971347355709891,1,1
0.4095020339055233,1,1
0.28572077142062546,0,1
0.3372878803342567,0,1
0.28572077142062546,1,1
0.3971347355709891,0,1
0.34630316746409673,0,1
0.3434116635913468,0,1
0.34630316746409673,1,1
0.3434116635913468,0,1
0.22951608231160447,0,1
0.3089554063827913,1,1
0.3389592954617514,1,1
0.3430910681142292,0,1
0.34630316746409673,0,1
0.3389592954617514,1,1
0.34630316746409673,0,1
0.3430910681142292,0,1
0.34630316746409673,0,1
0.3434116635913468,0,1
0.34630316746409673,0,1
0.34630316746409673,0,1
0.3089554063827913,0,1
0.29582148363122684,1,1
0.362416221713605,0,1
0.6105568644765751,1,1
0.6105568644765751,1,1
0.3707179392206793,0,1
0.4297973200365355,0,1
0.3278186771499054,0,1
0.4297973200365355,0,1
0.3707179392206793,1,1
0.4297973200365355,1,1
0.3278186771499054,0,1
0.29582148363122684,0,1
0.362416221713605,0,1
0.362416221713605,0,1
0.3278186771499054,1,1
0.29582148363122684,1,1
0.34630316746409673,0,1
0.35148018220131816,0,1
0.34630316746409673,0,1
0.35148018220131816,0,1
0.34630316746409673,0,1
0.3089554063827913,0,1
0.22701104760149438,0,1
0.22701104760149438,0,1
0.3089554063827913,0,1
0.35148018220131816,0,1
0.3430910681142292,1,1
0.3089554063827913,0,1
0.34630316746409673,0,1
0.2888737118946063,0,1
0.35811378271953953,0,1
0.34630316746409673,0,1
0.34630316746409673,0,1
0.344696825561538,0,1
0.34630316746409673,0,1
0.344696825561538,0,1
0.33501877244396894,0,1
0.2888737118946063,0,1
0.33501877244396894,0,1
0.2888737118946063,0,1
0.32180454217622434,1,1
0.3389592954617514,0,1
0.35811378271953953,1,1
0.3430910681142292,0,1
0.43511503691066555,0,1
0.3089554063827913,1,1
0.14792829239001015,0,1
0.2869570506491079,0,1
0.14792829239001015,0,1
0.2718540776125582,1,1
0.3389592954617514,0,1
0.14792829239001015,0,1
0.5709562762488738,0,1
0.618549626563926,0,1
0.618549626563926,1,1
0.5709562762488738,1,1
0.5709562762488738,0,1
0.618549626563926,1,1
0.34787367866676866,1,1
0.2869570506491079,0,1
0.34787367866676866,1,1
0.34630316746409673,0,1
0.3089554063827913,0,1
0.14241089099361304,1,1
0.3722860132980461,1,1
0.14241089099361304,0,1
0.22951608231160447,0,1
0.3248547293594999,0,1
0.30273837697012274,0,1
0.34787367866676866,1,1
0.43511503691066555,1,1
0.43511503691066555,1,1
0.3248547293594999,1,1
0.32657496942807285,0,1
0.34630316746409673,0,1
0.34630316746409673,0,1
0.34630316746409673,0,1
0.34630316746409673,0,1
0.34630316746409673,0,1
0.340032808886915,1,1
0.3961754407463074,0,1
0.34630316746409673,0,1
0.32657496942807285,0,1
0.3961754407463074,0,1
0.34630316746409673,0,1
0.34610494400072234,0,1
0.34610494400072234,1,1
0.34630316746409673,0,1
0.5519234949131886,0,1
0.34630316746409673,1,1
0.32657496942807285,1,1
0.34630316746409673,0,1
0.3670129866460957,0,1
0.34630316746409673,0,1
0.49311610293946173,1,1
0.3836413448776692,0,1
0.3836413448776692,1,1
0.49311610293946173,0,1
0.49311610293946173,0,1
0.36316321844592325,0,1
0.34630316746409673,0,1
0.3670129866460957,0,1
0.3836413448776692,0,1
0.4643137706006928,1,1
0.16200864724530561,0,1
0.42031752775510967,1,1
0.16200864724530561,0,1
0.34630316746409673,1,1
0.34630316746409673,0,1
0.34630316746409673,1,1
0.36316321844592325,1,1
0.616262449957102,1,1
0.4321718441068939,0,1
0.473607800067547,0,1
0.4321718441068939,0,1
0.473607800067547,0,1
0.4321718441068939,0,1
0.4560526085845621,1,1
0.473607800067547,1,1
0.4560526085845621,0,1
0.49992735259685994,0,1
0.616262449957102,1,1
0.12646781190164735,0,1
0.49992735259685994,0,1
0.12646781190164735,0,1
0.49992735259685994,0,1
0.1399588178550495,0,1
0.33501877244396894,0,1
0.28741663337651013,0,1
0.34630316746409673,0,1
0.34630316746409673,0,1
0.35811378271953953,0,1
0.35811378271953953,0,1
0.28741663337651013,0,1
0.4842098988524526,1,1
0.5477741114923174,1,1
0.33501877244396894,0,1
0.34630316746409673,0,1
0.32180454217622434,1,1
0.34630316746409673,1,1
0.34630316746409673,1,1
0.34630316746409673,0,1
0.3577817235204729,0,1
0.32638240021186926,0,1
0.3577817235204729,0,1
0.5299783504224704,0,1
0.3577817235204729,0,1
0.5610434931617683,1,1
0.28741663337651013,1,1
0.5610434931617683,1,1
0.21546556474124934,1,1
0.37385048662559006,0,1
0.36830078639020025,1,1
0.3716830890804702,1,1
0.24356267515440222,1,1
0.3716830890804702,0,1
0.24356267515440222,1,1
0.3716830890804702,0,1
0.4984148950902445,0,1
0.3041065208444198,0,1
0.3041065208444198,1,1
0.4984148950902445,0,1
0.24356267515440222,0,1
0.4984148950902445,1,1
0.3041065208444198,0,1
0.09505605189362998,0,1
0.6834189946468067,1,1
0.37385048662559006,0,1
0.09505605189362998,0,1
0.14297071167063358,0,1
0.4456770991924913,1,1
0.14297071167063358,0,1
0.4456770991924913,0,1
0.2996234437243641,1,1
0.48894269310648164,1,1
0.3261190254732381,0,1
0.15618290334151042,1,1
0.6063739529818708,1,1
0.15618290334151042,0,1
0.2996234437243641,0,1
0.32180454217622434,0,1
0.32180454217622434,0,1
0.5030913716130043,1,1
0.3558457283461698,1,1
0.3577817235204729,0,1
0.3558457283461698,0,1
0.3577817235204729,0,1
0.34251796057271466,0,1
0.3697623764029463,0,1
0.32657496942807285,1,1
0.3697623764029463,0,1
0.32657496942807285,0,1
0.3043376539374194,0,1
0.2267373026014846,0,1
0.6063739529818708,0,1
0.4990010901204861,1,1
0.5152679880640694,0,1
0.42460915071669814,0,1
0.5152679880640694,1,1
0.42460915071669814,0,1
0.5152679880640694,1,1
0.42460915071669814,0,1
0.40050851617003047,1,1
0.40050851617003047,1,1
0.3869229748331202,0,1
0.4628093417014264,1,1
0.3869229748331202,1,1
0.4628093417014264,0,1
0.3971351029428777,0,1
0.45067040769528754,1,1
0.669509930493448,1,1
0.26547581651035335,0,1
0.669509930493448,0,1
0.33753593792945025,1,1
0.35909532954417833,0,1
0.3971351029428777,0,1
0.45067040769528754,0,1
0.5485917393953625,0,1
0.39818596699342534,1,1
0.28449699646093096,0,1
0.28449699646093096,1,1
0.39818596699342534,0,1
0.28449699646093096,0,1
0.39818596699342534,0,1
0.4118454181068725,0,1
0.4118454181068725,1,1
0.4118454181068725,0,1
0.5485917393953625,1,1
0.27309625668005333,1,1
0.4230607633240062,0,1
0.27309625668005333,0,1
0.4230607633240062,0,1
0.27309625668005333,0,1
0.4230607633240062,0,1
0.5485917393953625,0,1
0.20397913788497124,1,1
0.6450769841796484,0,1
0.6450769841796484,1,1
0.24003637445789494,1,1
0.22449902832336943,1,1
0.39355075855566723,0,1
0.39355075855566723,1,1
0.3535080740111135,0,1
0.43383634766438595,1,1
0.3535080740111135,0,1
0.24802645315382343,1,1
0.43383634766438595,0,1
0.24802645315382343,0,1
0.24802645315382343,0,1
0.43383634766438595,1,1
0.3345241085567361,0,1
0.39355075855566723,0,1
0.18347849959132045,0,1
0.24003637445789494,0,1
0.4643137706006928,1,1
0.42031752775510967,1,1
0.39097016718757427,1,1
0.4515784125872747,1,1
0.39097016718757427,1,1
0.4515784125872747,1,1
0.39097016718757427,0,1
0.39097016718757427,0,1
0.5576898099722538,0,1
0.4575424380790577,0,1
0.4515784125872747,0,1
0.4575424380790577,0,1
0.5526391031154476,0,1
0.4575424380790577,0,1
0.5526391031154476,0,1
0.4575424380790577,1,1
0.5526391031154476,1,1
0.18347849959132045,0,1
0.5526391031154476,0,1
0.3591771334160746,0,1
0.43099669255815665,1,1
0.3591771334160746,0,1
0.3535080740111135,0,1
0.43099669255815665,0,1
0.22032200175284133,0,1
0.28355076060704343,0,1
0.18649942719796586,0,1
0.4364159497182727,1,1
0.21463672992275906,0,2
0.46653706082539814,0,2
0.26489678734956446,0,2
0.3768204081419029,1,2
0.46653706082539814,1,2
0.40494943349209467,0,2
0.3760666879181308,0,2
0.46653706082539814,0,2
0.3696449890655541,0,2
0.3637241074821105,0,2
0.3145799475508747,0,2
0.3637241074821105,1,2
0.37449714410064405,1,2
0.3340879224795166,0,2
0.37449714410064405,0,2
0.3340879224795166,1,2
0.5358689862847639,1,2
0.3340879224795166,1,2
0.3145799475508747,0,2
0.4041238059392882,0,2
0.37449714410064405,0,2
0.3145799475508747,1,2
0.3145799475508747,0,2
0.4041238059392882,0,2
0.4041238059392882,0,2
0.3637241074821105,0,2
0.5358689862847639,1,2
0.5358689862847639,1,2
0.39868267916775424,1,2
0.2091517015553045,1,2
0.27042749958997325,0,2
0.47243831082564036,1,2
0.47243831082564036,1,2
0.27042749958997325,0,2
0.3216683828013638,0,2
0.2091517015553045,0,2
0.3216683828013638,1,2
0.35995183253044816,0,2
0.2091517015553045,0,2
0.28653636589320997,1,2
0.35995183253044816,0,2
0.28653636589320997,0,2
0.35995183253044816,0,2
0.28653636589320997,1,2
0.3216683828013638,1,2
0.4111526029457031,1,2
0.30966482015461017,0,2
0.21235469237911142,1,2
0.39537967116454376,0,2
0.3114851301042749,0,2
0.39537967116454376,1,2
0.4770813681672931,1,2
0.39537967116454376,0,2
0.30966482015461017,0,2
0.2748128080052723,1,2
0.4770813681672931,0,2
0.15506929296865113,0,2
0.4770813681672931,0,2
0.15506929296865113,1,2
0.3114851301042749,0,2
0.4111526029457031,1,2
0.6387388993196066,1,2
0.40649089933822,1,2
0.3276040545053931,1,2
0.5599953690065511,1,2
0.258386649490299,1,2
0.5599953690065511,1,2
0.258386649490299,0,2
0.3432811255906878,0,2
0.3432811255906878,1,2
0.19193321315598155,0,2
0.19193321315598155,0,2
0.3432811255906878,0,2
0.43913421192587765,1,2
0.40649089933822,0,2
0.40649089933822,1,2
0.43913421192587765,0,2
0.43913421192587765,0,2
0.19193321315598155,0,2
0.25049060581397176,1,2
0.2821475010027925,0,2
0.265713768156871,0,2
0.4323213325607914,0,2
0.4323213325607914,1,2
0.265713768156871,0,2
0.3748254514216295,0,2
0.4987693553921255,1,2
0.35930248707766266,0,2
0.35930248707766266,0,2
0.3748254514216295,1,2
0.4987693553921255,1,2
0.22970475366765652,0,2
0.126195764504619,0,2
0.3748254514216295,0,2
0.4323213325607914,0,2
0.5231987764835353,1,2
0.17999090945237617,0,2
0.17999090945237617,0,2
0.4259124298401681,1,2
0.2881410926245451,0,2
0.4259124298401681,1,2
0.4259124298401681,0,2
0.2881410926245451,0,2
0.2881410926245451,1,2
0.29493393620260855,0,2
0.6609828515225374,0,2
0.2841031602690839,0,2
0.2841031602690839,0,2
0.6609828515225374,1,2
0.5231987764835353,0,2
0.6609828515225374,1,2
0.2692047975628167,1,2
0.35628815133161096,1,2
0.2692047975628167,0,2
0.2692047975628167,0,2
0.35628815133161096,0,2
0.36903473800819586,0,2
0.35628815133161096,1,2
0.555238223996501,1,2
0.36903473800819586,0,2
0.18689871981027784,0,2
0.4272232247426573,1,2
0.4272232247426573,1,2
0.18689871981027784,0,2
0.555238223996501,1,2
0.3372584856375762,1,2
0.3372584856375762,1,2
0.3109319736576147,0,2
0.3109319736576147,1,2
0.3109319736576147,0,2
0.3109319736576147,0,2
0.3109319736576147,0,2
0.3109319736576147,0,2
0.3109319736576147,0,2
0.3109319736576147,0,2
0.2994091753718502,0,2
0.2994091753718502,1,2
0.2994091753718502,0,2
0.3109319736576147,1,2
0.3109319736576147,1,2
0.2994091753718502,1,2
0.3516539527617475,0,2
0.3109319736576147,0,2
0.3109319736576147,0,2
0.3109319736576147,0,2
0.3526927270474991,0,2
0.3526927270474991,0,2
0.3054177200874334,1,2
0.3516539527617475,0,2
0.3109319736576147,0,2
0.3109319736576147,0,2
0.3109319736576147,0,2
0.6387740008188288,1,2
0.4402828420231075,0,2
0.6387740008188288,1,2
0.4402828420231075,0,2
0.2593042116094044,1,2
0.33035652092425216,0,2
0.2593042116094044,0,2
0.33035652092425216,1,2
0.33035652092425216,0,2
0.2593042116094044,0,2
0.32148659406319213,1,2
0.2785213384786006,0,2
0.3054177200874334,0,2
0.2785213384786006,1,2
0.32148659406319213,0,2
0.2785213384786006,1,2
0.32148659406319213,0,2
0.2785213384786006,1,2
0.34516295373012695,0,2
0.0997506307672964,0,2
0.34516295373012695,0,2
0.0997506307672964,0,2
0.33966441345341225,0,2
0.0997506307672964,0,2
0.32148659406319213,1,2
0.3054177200874334,0,2
0.3054177200874334,0,2
0.3372584856375762,0,2
0.2916356690306965,0,2
0.3109319736576147,1,2
0.3109319736576147,0,2
0.2916356690306965,0,2
0.2916356690306965,0,2
0.24074773820538664,0,2
0.3372584856375762,0,2
0.3057241535844988,0,2
0.3017586819144744,0,2
0.3516539527617475,0,2
0.4237155914497437,1,2
0.30396286100780023,0,2
0.3109319736576147,0,2
0.30356938887201135,1,2
0.30356938887201135,1,2
0.3507034560386647,0,2
0.30356938887201135,0,2
0.3507034560386647,0,2
0.2994091753718502,0,2
0.3507034560386647,0,2
0.3372584856375762,1,2
0.3017586819144744,0,2
0.3109319736576147,0,2
0.4237155914497437,0,2
0.3002620132687084,0,2
0.3372584856375762,1,2
0.2651265386898317,1,2
0.39485812914041607,0,2
0.2651265386898317,1,2
0.39485812914041607,1,2
0.2651265386898317,0,2
0.1809621292708754,0,2
0.45364244091416506,1,2
0.45364244091416506,0,2
0.1809621292708754,0,2
0.1809621292708754,0,2
0.45364244091416506,0,2
0.37558992403251856,0,2
0.39485812914041607,1,2
0.564337465798292,1,2
0.2916356690306965,0,2
0.2916356690306965,0,2
0.3002620132687084,0,2
0.2916356690306965,0,2
0.2916356690306965,0,2
0.3054177200874334,0,2
0.564337465798292,1,2
0.36774706426870996,0,2
0.564337465798292,0,2
0.36774706426870996,0,2
0.2360517847214164,0,2
0.5126285067036658,0,2
0.3270410419286186,1,2
0.5126285067036658,0,2
0.3270410419286186,1,2
0.32357632585833074,0,2
0.2765530791137307,1,2
0.3068588946046742,0,2
0.7073006273791564,1,2
0.24206613500261243,0,2
0.24206613500261243,0,2
0.7073006273791564,1,2
0.2765530791137307,0,2
0.31611036885394717,0,2
0.2574942498782795,1,2
0.2185667073145,1,2
0.27160442013536645,0,2
0.27160442013536645,0,2
0.30008268330560683,1,2
0.3126787358290226,0,2
0.3126787358290226,0,2
0.3331759593282013,1,2
0.3126787358290226,0,2
0.34752557684404817,0,2
0.31611036885394717,0,2
0.34752557684404817,1,2
0.4303927488946653,1,2
0.2574942498782795,1,2
0.2574942498782795,0,2
0.3251144880087462,1,2
0.3251144880087462,1,2
0.4303927488946653,1,2
0.3251144880087462,0,2
0.4303927488946653,0,2
0.3022386262724236,0,2
0.3022386262724236,0,2
0.4998993870769418,1,2
0.34752557684404817,0,2
0.4998993870769418,1,2
0.2716559453764842,0,2
0.3567701174040201,1,2
0.2716559453764842,0,2
0.3560804442153229,0,2
0.3560804442153229,1,2
0.2716559453764842,1,2
0.27160442013536645,1,2
0.27160442013536645,0,2
0.22301636177336492,1,2
0.30554298585214723,0,2
0.27160442013536645,1,2
0.30554298585214723,0,2
0.3560804442153229,0,2
0.3560804442153229,1,2
0.3626458004942009,0,2
0.36637646478657937,1,2
0.30899646766553557,1,2
0.38956343921679637,1,2
0.38956343921679637,0,2
0.36637646478657937,1,2
0.405763138979397,1,2
0.3226865342506491,1,2
0.405763138979397,0,2
0.30899646766553557,0,2
0.405763138979397,0,2
0.3226865342506491,0,2
0.3626458004942009,0,2
0.30899646766553557,1,2
0.3626458004942009,1,2
0.3226865342506491,0,2
0.2593042116094044,0,2
0.6387740008188288,1,2
0.4402828420231075,0,2
0.6387740008188288,0,2
0.4402828420231075,1,2
0.6387740008188288,0,2
0.6387740008188288,0,2
0.4402828420231075,0,2
0.33035652092425216,1,2
0.4402828420231075,1,2
0.2593042116094044,0,2
0.33035652092425216,0,2
0.2593042116094044,1,2
0.33035652092425216,0,2
0.2574942498782795,1,2
0.2574942498782795,0,2
0.3301747801860495,0,2
0.2574942498782795,1,2
0.34752557684404817,1,2
0.3301747801860495,1,2
0.2574942498782795,0,2
0.2593042116094044,1,2
0.33035652092425216,0,2
0.3301747801860495,1,2
0.41897342348289834,0,2
0.1800373355065108,0,2
0.41897342348289834,1,2
0.267551662031415,0,2
0.41897342348289834,1,2
0.3119429029130282,1,2
0.31451658540537997,1,2
0.42791807647818514,0,2
0.42791807647818514,1,2
0.526593932900283,1,2
0.31451658540537997,0,2
0.31628081670210817,0,2
0.1082916537443872,0,2
0.31628081670210817,1,2
0.1082916537443872,0,2
0.3109319736576147,0,2
0.31451658540537997,1,2
0.3109319736576147,0,2
0.3109319736576147,0,2
0.267551662031415,0,2
0.1800373355065108,0,2
0.126195764504619,0,2
0.4488954734464107,1,2
0.126195764504619,1,2
0.4987693553921255,1,2
0.5260216469661623,0,2
0.3015990463546806,0,2
0.5260216469661623,0,2
0.3015990463546806,0,2
0.5260216469661623,0,2
0.5260216469661623,0,2
0.3015990463546806,0,2
0.47551142400898627,1,2
0.4488954734464107,0,2
0.3015990463546806,1,2
0.4488954734464107,1,2
0.47551142400898627,0,2
0.22970475366765652,0,2
0.4987693553921255,0,2
0.4488954734464107,0,2
0.4987693553921255,1,2
0.47551142400898627,0,2
0.4488954734464107,0,2
0.47551142400898627,0,2
0.47551142400898627,0,2
0.3748254514216295,1,2
0.30966482015461017,0,2
0.4111526029457031,1,2
0.30966482015461017,1,2
0.25049060581397176,1,2
0.3748254514216295,0,2
0.3748254514216295,1,2
0.35930248707766266,0,2
0.35930248707766266,1,2
0.31333941379775243,0,2
0.4111526029457031,0,2
0.2838592472800532,0,2
0.2951719032142267,0,2
0.3121344259226244,0,2
0.2838592472800532,1,2
0.20103392849558077,0,2
0.2951719032142267,0,2
0.2951719032142267,0,2
0.20103392849558077,0,2
0.20103392849558077,0,2
0.2838592472800532,0,2
0.30966482015461017,0,2
0.3121344259226244,0,2
0.3276040545053931,1,2
0.4111526029457031,1,2
0.3216683828013638,0,2
0.2091517015553045,0,2
0.3216683828013638,1,2
0.3216683828013638,0,2
0.2091517015553045,0,2
0.2091517015553045,0,2
0.3216683828013638,0,2
0.2593042116094044,0,2
0.33035652092425216,0,2
0.2091517015553045,0,2
0.2593042116094044,0,2
0.33035652092425216,1,2
0.4111526029457031,0,2
0.24123463876443385,0,2
0.24123463876443385,0,2
0.4014372186697609,0,2
0.33035652092425216,1,2
0.33035652092425216,1,2
0.2593042116094044,0,2
0.4014372186697609,0,2
0.4385343509753704,1,2
0.3186653782655632,0,2
0.31670266504992417,1,2
0.4385343509753704,1,2
0.299094844565426,0,2
0.4385343509753704,1,2
0.299094844565426,0,2
0.3079432445155752,1,2
0.2444451202859761,1,2
0.3079432445155752,0,2
0.3079432445155752,1,2
0.3186653782655632,1,2
0.30307990450737987,0,2
0.2444451202859761,1,2
0.24379482264973162,1,2
0.3217117415005575,1,2
0.3186653782655632,0,2
0.35355011718100815,1,2
0.3217117415005575,1,2
0.3217117415005575,1,2
0.3270292423911543,1,2
0.4303927488946653,1,2
0.3251144880087462,0,2
0.3251144880087462,0,2
0.4303927488946653,0,2
0.4303927488946653,1,2
0.3251144880087462,0,2
0.4303927488946653,0,2
0.3251144880087462,0,2
0.4303927488946653,1,2
0.32306417963601175,0,2
0.3217117415005575,0,2
0.3270292423911543,0,2
0.3217117415005575,0,2
0.3270292423911543,1,2
0.3251144880087462,1,2
0.2976440388489088,0,2
0.2982301243226405,0,2
0.10505486871690983,0,2
0.10505486871690983,0,2
0.2982301243226405,1,2
0.21173029284163292,1,2
0.2976440388489088,0,2
0.21173029284163292,0,2
0.3512908079904955,1,2
0.2976440388489088,1,2
0.3186653782655632,0,2
0.3512908079904955,0,2
0.3186653782655632,0,2
0.3512908079904955,1,2
0.3186653782655632,0,2
0.2316048700812502,0,2
0.21173029284163292,0,2
0.2316048700812502,0,2
0.3640533522295123,0,2
0.3119173399189118,0,2
0.39537967116454376,0,2
0.20822849150084333,0,2
0.39537967116454376,1,2
0.3061815171939426,0,2
0.39537967116454376,0,2
0.3640533522295123,1,2
0.36824489129045057,0,2
0.3640533522295123,0,2
0.20822849150084333,0,2
0.3492360859834093,0,2
0.3492360859834093,1,2
0.21851417691367192,0,2
0.3492360859834093,0,2
0.3119173399189118,1,2
0.45983980004451497,0,2
0.3492360859834093,0,2
0.45983980004451497,1,2
0.10873617543374936,0,2
0.22059263915183502,0,2
0.10873617543374936,0,2
0.10873617543374936,0,2
0.22059263915183502,0,2
0.2976440388489088,0,2
0.2233226839771354,1,2
0.2976440388489088,0,2
0.22225786976520656,0,2
0.30409095311000267,0,2
0.30409095311000267,1,2
0.29711300136273155,0,2
0.29711300136273155,0,2
0.22059263915183502,1,2
0.30409095311000267,1,2
0.29711300136273155,0,2
0.15506929296865113,0,2
0.4770813681672931,1,2
0.4770813681672931,1,2
0.4141545556637093,1,2
0.3609127477832177,1,2
0.3942548327002331,0,2
0.3942548327002331,0,2
0.4865532047320017,0,2
0.3942548327002331,0,2
0.4865532047320017,1,2
0.4770813681672931,1,2
0.2748128080052723,0,2
0.4770813681672931,0,2
0.15506929296865113,0,2
0.4770813681672931,1,2
0.15506929296865113,1,2
0.4865532047320017,1,2
0.2976440388489088,0,2
0.23671224024113557,0,2
0.33592884361874487,0,2
0.3186653782655632,1,2
0.33592884361874487,0,2
0.3237173096660798,1,2
0.20494805285458906,1,2
0.25446699562825326,1,2
0.20494805285458906,0,2
0.25446699562825326,1,2
0.20494805285458906,0,2
0.33695468967570785,1,2
0.2500961232568032,1,2
0.33695468967570785,0,2
0.4975924493700442,0,2
0.2976440388489088,0,2
0.4975924493700442,0,2
0.30966482015461017,0,2
0.23671224024113557,0,2
0.4111526029457031,0,2
0.3276040545053931,1,2
0.4111526029457031,0,2
0.30966482015461017,1,2
0.4111526029457031,1,2
0.4111526029457031,0,2
0.30966482015461017,0,2
0.23671224024113557,1,2
0.30966482015461017,0,2
0.3903724358193692,1,2
0.518245604866607,0,2
0.23671224024113557,0,2
0.4975924493700442,1,2
0.4975924493700442,1,2
0.4111526029457031,1,2
0.32681766298739123,0,2
0.32681766298739123,1,2
0.3186653782655632,0,2
0.32681766298739123,0,2
0.11442265329889811,1,2
0.2982301243226405,0,2
0.11504726218961236,1,2
0.2982301243226405,0,2
0.3186653782655632,1,2
0.3512908079904955,0,2
0.32243863953405905,1,2
0.3512908079904955,0,2
0.3186653782655632,0,2
0.3186653782655632,1,2
0.3512908079904955,0,2
0.32268404209668544,1,2
0.1118028028729745,1,2
0.1118028028729745,1,2
0.1118028028729745,1,2
0.32268404209668544,0,2
0.3186653782655632,1,2
0.2514889839825032,1,2
0.330180712925531,0,2
0.330180712925531,0,2
0.2514889839825032,0,2
0.4769735178272445,1,2
0.23381295696936455,0,2
0.4769735178272445,0,2
0.5509080416650558,1,2
0.14753894167330583,0,2
0.263279480704522,1,2
0.5509080416650558,1,2
0.23381295696936455,0,2
0.1637787960719317,0,2
0.3121915144728479,1,2
0.3121915144728479,1,2
0.46683960946951775,1,2
0.34675777151503384,1,2
0.33020710808299225,1,2
0.21548171447267095,1,2
0.46683960946951775,1,2
0.1860040050655538,0,2
0.4785465158115013,0,2
0.2927021143293477,0,2
0.2927021143293477,0,2
0.21548171447267095,1,2
0.32057200660278407,0,2
0.4132698915870243,0,2
0.4785465158115013,0,2
0.3810048695536161,0,2
0.2109259533194412,0,2
0.2109259533194412,1,2
0.3810048695536161,0,2
0.4006781852005721,0,2
0.2109259533194412,0,2
0.5049204808378289,1,2
0.331409060783427,0,2
0.5049204808378289,1,2
0.10315428363377444,0,2
0.40889846215919246,1,2
0.40889846215919246,1,2
0.10499626307198295,0,2
0.33578335546784044,0,2
0.10499626307198295,0,2
0.5058057205383681,0,2
0.4155598543567488,0,2
0.3453976472359642,0,2
0.3453976472359642,0,2
0.4155598543567488,0,2
0.4155598543567488,0,2
0.3453976472359642,1,2
0.33757819877258854,1,2
0.44116663780897114,0,2
0.44116663780897114,0,2
0.33757819877258854,0,2
0.4616297036069964,1,2
0.5230401892515577,0,2
0.29623591133998206,0,2
0.3034280132750673,0,2
0.5230401892515577,1,2
0.33757819877258854,0,2
0.5832512057547832,1,2
0.31852018771663604,0,2
0.5832512057547832,0,2
0.31852018771663604,0,2
0.23671224024113557,0,2
0.4975924493700442,0,2
0.23671224024113557,0,2
0.4975924493700442,1,2
0.3903724358193692,1,2
0.4488954734464107,1,2
0.4484053496991046,1,2
0.4488954734464107,0,2
0.4484053496991046,0,2
0.4488954734464107,0,2
0.4484053496991046,0,2
0.518245604866607,0,2
0.33757819877258854,0,2
0.5049204808378289,1,2
0.5058057205383681,1,2
0.331409060783427,0,2
0.5049204808378289,1,2
0.331409060783427,0,2
0.44116663780897114,1,2
0.5049204808378289,0,2
0.33757819877258854,1,2
0.1860040050655538,0,2
0.4616297036069964,1,2
0.33757819877258854,1,2
0.21548171447267095,1,2
0.1860040050655538,0,2
0.21548171447267095,0,2
0.4132698915870243,1,2
0.32057200660278407,1,2
0.44116663780897114,0,2
0.399717693271597,0,2
0.2441381342707556,1,2
0.2441381342707556,1,2
0.399717693271597,0,2
0.399717693271597,0,2
0.40009205732239106,1,2
0.23671224024113557,0,2
0.4975924493700442,0,2
0.4975924493700442,1,2
0.23671224024113557,0,2
0.3903724358193692,1,2
0.518245604866607,1,2
0.28806152429841847,0,2
0.3779353680978904,1,2
0.3779353680978904,0,2
0.28806152429841847,0,2
0.28806152429841847,1,2
0.3779353680978904,1,2
0.36020470719575615,0,2
0.3340879224795166,0,2
0.3340879224795166,1,2
0.36020470719575615,0,2
0.36020470719575615,1,2
0.29507192248280834,0,2
0.34411737450478286,0,2
0.29507192248280834,0,2
0.34411737450478286,0,2
0.29507192248280834,1,2
0.3340879224795166,0,2
0.34411737450478286,1,2
0.1972463730745484,0,2
0.30056481878464036,0,2
0.1972463730745484,0,2
0.30056481878464036,0,2
0.30056481878464036,0,2
0.1972463730745484,0,2
0.17544671148281876,0,2
0.3147230224763846,0,2
0.3147230224763846,1,2
0.3015990463546806,1,2
0.46025654012861505,0,2
0.46025654012861505,1,2
0.3015990463546806,0,2
0.46025654012861505,1,2
0.3015990463546806,1,2
0.46025654012861505,0,2
0.3015990463546806,1,2
0.17544671148281876,0,2
0.2881410926245451,0,2
0.17936858308685177,0,2
0.6115908607748249,1,2
0.17936858308685177,0,2
0.17936858308685177,0,2
0.6115908607748249,1,2
0.39233367819342946,1,2
0.6115908607748249,0,2
0.2881410926245451,1,2
0.2881410926245451,0,2
0.39233367819342946,1,2
0.5790366353874652,1,2
0.39233367819342946,1,2
0.36903473800819586,0,2
0.36903473800819586,1,2
0.5790366353874652,1,2
0.3612798701345663,0,2
0.49882346226481633,1,2
0.49882346226481633,0,2
0.3612798701345663,0,2
0.3612798701345663,0,2
0.4226162732729055,1,2
0.18423482776609545,0,2
0.4226162732729055,0,2
0.49882346226481633,0,2
0.4226162732729055,0,2
0.18423482776609545,0,2
0.4632494621535759,0,2
0.355270566339714,0,2
0.355270566339714,0,2
0.4632494621535759,0,2
0.4632494621535759,1,2
0.355270566339714,1,2
0.18423482776609545,0,2
0.23671224024113557,0,2
0.4975924493700442,1,2
0.4975924493700442,1,2
0.3431880634985063,0,2
0.23671224024113557,0,2
0.2530507996436463,1,2
0.35859238280820205,0,2
0.11063705851074446,0,2
0.11063705851074446,0,2
0.35859238280820205,1,2
0.36205082197963623,0,2
0.4069122444129495,1,2
0.4069122444129495,1,2
0.3903724358193692,1,2
0.35859238280820205,0,2
0.518245604866607,1,2
0.36911403756362826,1,2
0.3126406676578073,0,2
0.29433127087622735,0,2
0.2091517015553045,0,2
0.2941030677573476,1,2
0.2091517015553045,0,2
0.2941030677573476,0,2
0.2091517015553045,1,2
0.2941030677573476,0,2
0.2651265386898317,0,2
0.2651265386898317,1,2
0.36911403756362826,1,2
0.2651265386898317,0,2
0.29433127087622735,0,2
0.3126406676578073,1,2
0.36911403756362826,1,2
0.17369577995576957,1,2
0.4770813681672931,0,2
0.15506929296865113,0,2
0.3640533522295123,0,2
0.39730064817499555,0,2
0.3776886602202909,0,2
0.17369577995576957,0,2
0.3760666879181308,1,2
0.3249253792094162,1,2
0.2887757174787533,0,2
0.3760666879181308,0,2
0.3249253792094162,0,2
0.35443057055302396,0,2
0.2748128080052723,0,2
0.3776886602202909,1,2
0.4770813681672931,1,2
0.2654141328319394,0,2
0.25785351755745856,0,2
0.47287426778606667,0,2
0.4774970148120259,0,2
0.4774970148120259,0,2
0.30899646766553557,0,2
0.3378294367084075,0,2
0.3378294367084075,0,2
0.47287426778606667,1,2
0.30899646766553557,1,2
0.3378294367084075,1,2
0.48452966320514934,1,2
0.48452966320514934,1,2
0.48452966320514934,1,2
0.25785351755745856,1,2
0.30899646766553557,1,2
0.33887318687625445,0,2
0.48324654000685996,1,2
0.3270410419286186,0,2
0.3270410419286186,0,2
0.48324654000685996,1,2
0.33887318687625445,1,2
0.4700937893685456,1,2
0.4700937893685456,0,2
0.33887318687625445,0,2
0.4700937893685456,0,2
0.2999798621502484,0,2
0.18804485790760916,0,2
0.18804485790760916,0,2
0.2999798621502484,0,2
0.2999798621502484,0,2
0.18804485790760916,1,2
0.2864364713724675,0,2
0.2864364713724675,0,2
0.14536612796854642,1,2
0.27373202172515776,1,2
0.31611036885394717,0,2
0.3106720952987274,0,2
0.3609127477832177,0,2
0.3609127477832177,1,2
0.3998215006274758,0,2
0.3165712251928664,1,2
0.38016356654614747,1,2
0.4865532047320017,0,2
0.38016356654614747,0,2
0.27373202172515776,0,2
0.21456130320382583,0,2
0.43913421192587765,1,2
0.3974475133798375,1,2
0.3974475133798375,0,2
0.31011948959192326,0,2
0.1758498327215854,1,2
0.1758498327215854,0,2
0.1758498327215854,1,2
0.31011948959192326,0,2
0.31011948959192326,1,2
0.40649089933822,0,2
0.43913421192587765,1,2
0.3974475133798375,1,2
0.21456130320382583,0,2
0.21456130320382583,1,2
0.40649089933822,0,2
0.23606399627109986,1,2
0.25049060581397176,0,2
0.35120736050674506,1,2
0.10190594956549959,0,2
0.11368727336582085,0,2
0.35120736050674506,1,2
0.3610147479851312,0,2
0.3162509671632344,0,2
0.3610147479851312,1,2
0.4385343509753704,0,2
0.3343869313855923,1,2
0.4323213325607914,1,2
0.3162509671632344,1,2
0.4323213325607914,0,2
0.35698773069932066,0,2
0.25049060581397176,0,2
0.3231703823070433,0,2
0.4488954734464107,1,2
0.37859012454491003,0,2
0.4484053496991046,1,2
0.4488954734464107,0,2
0.4484053496991046,1,2
0.4484053496991046,0,2
0.32148659406319213,1,2
0.25696232125009877,0,2
0.4488954734464107,0,2
0.25696232125009877,1,2
0.32148659406319213,0,2
0.25696232125009877,0,2
0.37859012454491003,1,2
0.3231703823070433,1,2
0.3989918674599222,0,2
0.32148659406319213,1,2
0.37859012454491003,0,2
0.2765530791137307,0,2
0.3023785644244278,0,2
0.23890882795826673,1,2
0.3023785644244278,0,2
0.23890882795826673,1,2
0.3023785644244278,0,2
0.23890882795826673,0,2
0.2839697405998637,0,2
0.36444040217558393,0,2
0.2839697405998637,1,2
0.2765530791137307,0,2
0.36443667107922495,0,2
0.18965542574827987,1,2
0.18965542574827987,0,2
0.36443667107922495,0,2
0.2765530791137307,1,2
0.5709625676023212,0,2
0.38725335764365065,1,2
0.23362191064898385,1,2
0.23362191064898385,0,2
0.3812735067791624,0,2
0.3812735067791624,0,2
0.36638405051430234,0,2
0.18062188864067397,0,2
0.31279235746585776,1,2
0.42791807647818514,0,2
0.18062188864067397,1,2
0.21548171447267095,1,2
0.21548171447267095,0,2
0.18062188864067397,1,2
0.19604366475350843,0,2
0.42791807647818514,1,2
0.17612643838849196,0,2
0.638928306387901,0,2
0.47270690141641913,1,2
0.29493393620260855,0,2
0.29493393620260855,0,2
0.638928306387901,0,2
0.638928306387901,1,2
0.29493393620260855,0,2
0.3732315275895586,1,2
0.3564069758888543,0,2
0.5709625676023212,0,2
0.3732315275895586,1,2
0.30623679978021556,0,2
0.39899058991248726,0,2
0.3564069758888543,0,2
0.39899058991248726,0,2
0.3251144880087462,1,2
0.3251144880087462,0,2
0.2802080563003797,0,2
0.3569780026632212,1,2
0.2802080563003797,0,2
0.45178917913972527,1,2
0.256867530689156,0,2
0.5050876638679833,0,2
0.14339710393811855,0,2
0.4987693553921255,1,2
0.1591253113296731,0,2
0.29396534561115095,0,2
0.3278126653653525,0,2
0.4199364519133647,1,2
0.12656444831666314,1,2
0.4199364519133647,1,2
0.14184189869049357,0,2
0.4987693553921255,1,2
0.2829573172452614,0,2
0.4245683435026951,0,2
0.4245683435026951,1,2
0.258386649490299,0,2
0.5599953690065511,0,2
0.258386649490299,1,2
0.5599953690065511,1,2
0.29396534561115095,0,2
0.258386649490299,0,2
0.258386649490299,0,2
0.5599953690065511,0,2
0.5599953690065511,0,2
0.2716268021734267,0,2
0.2716268021734267,1,2
0.4924373224052483,1,2
0.7073006273791564,1,2
0.2716268021734267,1,2
0.29396534561115095,1,2
0.4245683435026951,1,2
0.4924373224052483,0,2
0.47309750505568904,0,2
0.3559085225615989,0,2
0.3559085225615989,1,2
0.47309750505568904,1,2
0.47309750505568904,1,2
0.3559085225615989,0,2
0.12587436541275654,0,2
0.12587436541275654,0,2
0.34048909067158395,0,2
0.34048909067158395,0,2
0.34048909067158395,0,2
0.27266106464992057,0,2
0.47265592483464225,1,2
0.47265592483464225,1,2
0.34048909067158395,1,2
0.12587436541275654,0,2
0.12587436541275654,0,2
0.27634111299383746,0,2
0.4245943690148325,0,2
0.3412998701809635,0,2
0.2005997997389295,0,2
0.2702584581523051,0,2
0.2645844616709163,0,2
0.3756258042914039,0,2
0.3756258042914039,0,2
0.38328100154247624,1,2
0.4111526029457031,0,2
0.3263340610451275,0,2
0.4111526029457031,1,2
0.3084324700938832,0,2
0.3547439018285653,1,2
0.35995183253044816,0,2
0.34997763674212445,1,2
0.35995183253044816,1,2
0.2645844616709163,0,2
0.24671226235581079,0,2
0.3271870789385368,0,2
0.3271870789385368,0,2
0.2572779450535858,0,2
0.19037299621306514,0,2
0.4245943690148325,1,2
0.5137749163134652,0,2
0.19037299621306514,0,2
0.5137749163134652,1,2
0.19037299621306514,1,2
0.35995183253044816,0,2
0.2645844616709163,1,2
0.5137749163134652,0,2
0.4111526029457031,0,2
0.4111526029457031,1,2
0.3084324700938832,0,2
0.3084324700938832,1,2
0.4111526029457031,1,2
0.4111526029457031,0,2
0.3084324700938832,1,2
0.3442500056457837,1,2
0.2702584581523051,0,2
0.38328100154247624,0,2
0.3412998701809635,1,2
0.4245943690148325,0,2
0.3263340610451275,0,2
0.2005997997389295,0,2
0.34997763674212445,1,2
0.4245943690148325,0,2
0.3829449605285816,1,2
0.2875703738465185,0,2
0.2875703738465185,0,2
0.4245683435026951,0,2
0.2574942498782795,0,2
0.2574942498782795,0,2
0.34669018361252457,0,2
0.2574942498782795,0,2
0.4402828420231075,0,2
0.34669018361252457,0,2
0.5760444664143877,1,2
0.4402828420231075,1,2
0.5760444664143877,1,2
0.4402828420231075,0,2
0.3829449605285816,0,2
0.2875703738465185,1,2
0.3829449605285816,1,2
0.5760444664143877,1,2
0.4730409784772335,1,2
0.43913421192587765,0,2
0.4244049573958165,0,2
0.43913421192587765,0,2
0.4244049573958165,0,2
0.2960661595318098,0,2
0.4730409784772335,1,2
0.2050799136364604,0,2
0.30826261795624654,0,2
0.30826261795624654,0,2
0.2050799136364604,0,2
0.2050799136364604,0,2
0.30826261795624654,0,2
0.2960661595318098,0,2
0.4987693553921255,1,2
0.14339710393811855,0,2
0.2802080563003797,0,2
0.3569780026632212,0,2
0.45178917913972527,0,2
0.45178917913972527,1,2
0.42697158911270816,1,2
0.31279235746585776,0,2
0.42791807647818514,1,2
0.21548171447267095,1,2
0.5050876638679833,1,2
0.2802080563003797,0,2
0.256867530689156,0,2
0.18062188864067397,0,2
0.4700937893685456,0,2
0.2881410926245451,1,2
0.39233367819342946,1,2
0.39233367819342946,1,2
0.2881410926245451,1,2
0.39233367819342946,0,2
0.2881410926245451,0,2
0.33778656978724586,0,2
0.33778656978724586,0,2
0.2645061187377098,1,2
0.33887318687625445,0,2
0.4700937893685456,1,2
0.2645061187377098,1,2
0.33887318687625445,0,2
0.3812735067791624,0,2
0.12656444831666314,0,2
0.23362191064898385,1,2
0.38725335764365065,1,2
0.23362191064898385,0,2
0.19604366475350843,0,2
0.30623679978021556,1,2
0.47270690141641913,1,2
0.5709625676023212,1,2
0.17612643838849196,0,2
0.5709625676023212,1,2
0.4199364519133647,1,2
0.3812735067791624,0,2
0.3278126653653525,1,2
0.36638405051430234,0,2
0.36474245582660003,0,2
0.1758498327215854,1,2
0.3991509768292677,0,2
0.3991509768292677,0,2
0.1758498327215854,0,2
0.38732784477962656,0,2
0.38732784477962656,0,2
0.19580719661423984,1,2
0.19580719661423984,1,2
0.38732784477962656,0,2
0.36474245582660003,0,2
0.555238223996501,1,2
0.5790366353874652,1,2
0.19580719661423984,0,2
0.2829573172452614,0,2
0.2962407859535525,0,2
0.4109469213418161,1,2
0.275512188431953,0,2
0.21456130320382583,0,2
0.4109469213418161,1,2
0.37859012454491003,1,2
0.3691904802472532,0,2
0.46025654012861505,0,2
0.3173623168571774,1,2
0.46025654012861505,0,2
0.3173623168571774,1,2
0.37859012454491003,1,2
0.23606399627109986,0,2
0.35120736050674506,0,2
0.10190594956549959,0,2
0.3446515662177322,0,2
0.25049060581397176,0,2
0.24940866721410515,0,2
0.3446515662177322,0,2
0.4385343509753704,0,2
0.3446515662177322,1,2
0.30767407604996366,0,2
0.4323213325607914,0,2
0.29035491978170946,1,2
0.4323213325607914,0,2
0.3162509671632344,1,2
0.35120736050674506,0,2
0.24940866721410515,1,2
0.35698773069932066,1,2
0.2116032936736293,0,2
0.18118093593454077,0,2
0.4488954734464107,1,2
0.40331968854810685,0,2
0.40331968854810685,0,2
0.4488954734464107,1,2
0.30056481878464036,0,2
0.27175914139895085,0,2
0.2116032936736293,1,2
0.23606399627109986,0,2
0.30056481878464036,1,2
0.30056481878464036,1,2
0.3147230224763846,0,2
0.17544671148281876,1,2
0.18118093593454077,0,2
0.3147230224763846,1,2
0.3147230224763846,0,2
0.38016356654614747,0,2
0.3609127477832177,1,2
0.36342609427465844,0,2
0.31611036885394717,0,2
0.27373202172515776,0,2
0.3094375334748317,0,2
0.27373202172515776,0,2
0.3094375334748317,0,2
0.2864364713724675,1,2
0.3094375334748317,1,2
0.27373202172515776,0,2
0.3609127477832177,0,2
0.3012726953919489,0,2
0.2864364713724675,0,2
0.1366864759920281,1,2
0.2864364713724675,0,2
0.1366864759920281,1,2
0.27373202172515776,0,2
0.3998215006274758,1,2
0.3609127477832177,1,2
0.34411737450478286,1,2
0.36020470719575615,0,2
0.35069658156889516,1,2
0.4291879976959372,0,2
0.36020470719575615,0,2
0.4291879976959372,1,2
0.36020470719575615,0,2
0.3779353680978904,0,2
0.28806152429841847,0,2
0.28806152429841847,1,2
0.28806152429841847,0,2
0.3871800493584002,1,2
0.29507192248280834,0,2
0.34411737450478286,1,2
0.34411737450478286,0,2
0.29507192248280834,1,2
0.29507192248280834,0,2
0.3871800493584002,1,2
0.12587436541275654,1,2
0.3559085225615989,0,2
0.47309750505568904,1,2
0.47309750505568904,1,2
0.32693077135343407,0,2
0.12587436541275654,0,2
0.3559085225615989,0,2
0.32693077135343407,0,2
0.12587436541275654,0,2
0.427019581799695,0,2
0.27634111299383746,1,2
0.27634111299383746,0,2
0.427019581799695,0,2
0.32693077135343407,0,2
0.5045787906754738,0,2
0.3734342529397219,0,2
0.5045787906754738,0,2
0.3316897289662697,0,2
0.2530507996436463,0,2
0.11007047508875545,0,2
0.3316897289662697,0,2
0.3903724358193692,1,2
0.3316897289662697,0,2
0.3431880634985063,0,2
0.518245604866607,1,2
0.4975924493700442,1,2
0.23671224024113557,0,2
0.23671224024113557,0,2
0.4975924493700442,1,2
0.11007047508875545,0,2
0.5045787906754738,1,2
0.3734342529397219,0,2
0.4069122444129495,0,2
0.36205082197963623,1,2
0.3139063327895272,1,2
0.2572779450535858,0,2
0.38909791451490705,0,2
0.3139063327895272,0,2
0.2572779450535858,0,2
0.19037299621306514,0,2
0.5137749163134652,1,2
0.2572779450535858,0,2
0.5137749163134652,1,2
0.35995183253044816,0,2
0.2645844616709163,0,2
0.2722700320808418,1,2
0.35995183253044816,0,2
0.35995183253044816,0,2
0.2645844616709163,1,2
0.19037299621306514,0,2
0.3249253792094162,0,2
0.35443057055302396,1,2
0.1543146487634054,0,2
0.3640533522295123,1,2
0.3691654029468434,1,2
0.3640533522295123,0,2
0.3501354158993466,1,2
0.4770813681672931,1,2
0.17369577995576957,1,2
0.2748128080052723,1,2
0.4770813681672931,1,2
0.1543146487634054,0,2
0.4770813681672931,0,2
0.3747135205063271,1,2
0.3501354158993466,1,2
0.3249253792094162,1,2
0.3747135205063271,1,2
0.2574942498782795,0,2
0.4402828420231075,0,2
0.5760444664143877,0,2
0.4402828420231075,1,2
0.5760444664143877,1,2
0.5760444664143877,1,2
0.4402828420231075,1,2
0.36882515344118216,0,2
0.2887757174787533,1,2
0.36882515344118216,1,2
0.3829449605285816,1,2
0.3829449605285816,1,2
0.36882515344118216,0,2
0.4245683435026951,1,2
0.2574942498782795,0,2
0.4245683435026951,1,2
0.3829449605285816,0,2
0.18965542574827987,0,2
0.36443667107922495,0,2
0.18965542574827987,0,2
0.36443667107922495,0,2
0.23890882795826673,0,2
0.23890882795826673,1,2
0.28967126376562224,0,2
0.28967126376562224,1,2
0.28967126376562224,0,2
0.2919948322837096,0,2
0.23890882795826673,1,2
0.2919948322837096,0,2
0.2919948322837096,1,2
0.2765530791137307,0,2
0.2765530791137307,1,2
0.2765530791137307,1,2
0.2919948322837096,1,2
0.2765530791137307,0,2
0.3159592280683925,0,2
0.3211059891328506,0,2
0.3211059891328506,1,2
0.3109319736576147,0,2
0.3054376468309443,1,2
0.3054376468309443,1,2
0.3109319736576147,0,2
0.3109319736576147,0,2
0.10142412286845948,1,2
0.3109319736576147,0,2
0.3109319736576147,0,2
0.3173676157076384,0,2
0.10142412286845948,1,2
0.3173676157076384,1,2
0.20238246147469807,0,2
0.3109319736576147,1,2
0.3173676157076384,1,2
0.3211059891328506,0,2
0.3109319736576147,1,2
0.3844607330321407,0,2
0.3251144880087462,1,2
0.45324588444252045,1,2
0.3693669294468437,0,2
0.3693669294468437,1,2
0.45324588444252045,0,2
0.3693669294468437,0,2
0.45324588444252045,1,2
0.2694206538608195,0,2
0.5996931112814505,1,2
0.3159592280683925,0,2
0.2694206538608195,1,2
0.3844607330321407,0,2
0.3251144880087462,0,2
0.3251144880087462,0,2
0.5996931112814505,1,2
0.2694206538608195,0,2
0.5996931112814505,1,2
0.3844607330321407,0,2
0.3109319736576147,1,2
0.10142412286845948,0,2
0.3173676157076384,0,2
0.3173676157076384,0,2
0.10142412286845948,0,2
0.20238246147469807,0,2
0.3173676157076384,0,2
0.3071051348112297,1,2
0.3054376468309443,0,2
0.3054376468309443,1,2
0.3054376468309443,0,2
0.3109319736576147,0,2
0.3173676157076384,0,2
0.10142412286845948,0,2
0.10142412286845948,1,2
0.3173676157076384,0,2
0.20238246147469807,0,2
0.3173676157076384,0,2
0.3109319736576147,0,2
0.3109319736576147,0,2
0.3054376468309443,0,2
0.3071051348112297,0,2
0.258386649490299,0,2
0.4944133889835547,0,2
0.4944133889835547,1,2
0.3109319736576147,0,2
0.258386649490299,0,2
0.4944133889835547,1,2
0.3691904802472532,1,2
0.44841273002869864,0,2
0.258386649490299,0,2
0.3691904802472532,1,2
0.44841273002869864,0,2
0.3054376468309443,0,2
0.4924373224052483,0,2
0.2716268021734267,0,2
0.4924373224052483,0,2
0.4924373224052483,1,2
0.2716268021734267,0,2
0.2716268021734267,1,2
0.32496646950546115,1,2
0.3378294367084075,0,2
0.32496646950546115,1,2
0.3378294367084075,0,2
0.32496646950546115,0,2
0.3378294367084075,0,2
0.5808120172059457,0,2
0.3612798701345663,1,2
0.3612798701345663,1,2
0.5808120172059457,0,2
0.3126406676578073,0,2
0.2913669858369031,1,2
0.3126406676578073,1,2
0.5808120172059457,1,2
0.2913669858369031,1,2
0.3126406676578073,0,2
0.3612798701345663,1,2
0.2913669858369031,0,2
0.16344075194440433,1,2
0.31090808585380825,1,2
0.30516611572253605,0,2
0.31090808585380825,0,2
0.3109319736576147,1,2
0.2965712107310703,0,2
0.30554298585214723,0,2
0.3288850308866951,0,2
0.30554298585214723,0,2
0.3227695077146896,1,2
0.3227695077146896,0,2
0.30554298585214723,0,2
0.2965712107310703,0,2
0.25785351755745856,0,2
0.16344075194440433,1,2
0.48452966320514934,1,2
0.4774970148120259,0,2
0.48452966320514934,1,2
0.5598962635696991,1,2
0.47287426778606667,1,2
0.5598962635696991,0,2
0.47287426778606667,1,2
0.2216163832951188,1,2
0.47287426778606667,0,2
0.2816031576508784,0,2
0.2216163832951188,0,2
0.2816031576508784,1,2
0.2216163832951188,0,2
0.2654141328319394,0,2
0.2816031576508784,0,2
0.34997763674212445,1,2
0.2702584581523051,1,2
0.3442500056457837,0,2
0.3547439018285653,1,2
0.3442500056457837,0,2
0.3173676157076384,1,2
0.09909948149206893,1,2
0.20238246147469807,1,2
0.3173676157076384,0,2
0.4632494621535759,1,2
0.3547439018285653,0,2
0.355270566339714,0,2
0.09909948149206893,1,2
0.4632494621535759,1,2
0.355270566339714,0,2
0.36911403756362826,0,2
0.2389140277721714,0,2
0.44857077483155483,1,2
0.2389140277721714,1,2
0.31349760547908156,1,2
0.2389140277721714,0,2
0.4078098445671763,0,2
0.18423482776609545,0,2
0.36911403756362826,0,2
0.4078098445671763,0,2
0.18423482776609545,0,2
0.30554298585214723,0,2
0.30554298585214723,1,2
0.2965712107310703,0,2
0.30554298585214723,0,2
0.29284600349698375,0,2
0.31886439539471223,0,2
0.2965712107310703,1,2
0.30554298585214723,0,2
0.3045449934815274,0,2
0.3045449934815274,1,2
0.4385343509753704,1,2
0.4385343509753704,1,2
0.3045449934815274,1,2
0.32232611547911794,0,2
0.4385343509753704,0,2
0.4385343509753704,1,2
0.3109319736576147,0,2
0.10190594956549959,1,2
0.36495554119948626,0,2
0.10190594956549959,0,2
0.35120736050674506,0,2
0.35120736050674506,1,2
0.23606399627109986,1,2
0.23606399627109986,1,2
0.3084324700938832,0,2
0.35698773069932066,1,2
0.4111526029457031,1,2
0.4111526029457031,0,2
0.3084324700938832,0,2
0.3263340610451275,0,2
0.4111526029457031,1,2
0.3812735067791624,1,2
0.3384146699180691,1,2
0.23362191064898385,1,2
0.3812735067791624,0,2
0.3812735067791624,0,2
0.23362191064898385,0,2
0.23362191064898385,1,2
0.4975924493700442,1,2
0.38725335764365065,0,2
0.4975924493700442,1,2
0.4975924493700442,1,2
0.23671224024113557,0,2
0.23671224024113557,0,2
0.4975924493700442,0,2
0.518245604866607,0,2
0.3903724358193692,0,2
0.23671224024113557,1,2
0.23671224024113557,1,2
0.5050876638679833,1,2
0.14339710393811855,0,2
0.4987693553921255,1,2
0.14339710393811855,0,2
0.4987693553921255,0,2
0.14339710393811855,0,2
0.4987693553921255,0,2
0.256867530689156,0,2
0.4865532047320017,1,2
0.38016356654614747,0,2
0.4865532047320017,1,2
0.3609127477832177,0,2
0.38016356654614747,0,2
0.3998215006274758,0,2
0.3609127477832177,0,2
0.38016356654614747,0,2
0.5760444664143877,1,2
0.4402828420231075,0,2
0.33778656978724586,0,2
0.2645061187377098,0,2
0.33778656978724586,0,2
0.33778656978724586,0,2
0.33778656978724586,0,2
0.2645061187377098,0,2
0.4402828420231075,0,2
0.33778656978724586,1,2
0.2645061187377098,0,2
0.2645061187377098,0,2
0.5760444664143877,0,2
0.2645061187377098,1,2
0.5760444664143877,0,2
0.4402828420231075,0,2
0.45324588444252045,0,2
0.3693669294468437,1,2
0.3732315275895586,1,2
0.3732315275895586,0,2
0.3693669294468437,0,2
0.3693669294468437,1,2
0.3732315275895586,1,2
0.3693669294468437,1,2
0.3732315275895586,0,2
0.4402828420231075,1,2
0.5760444664143877,1,2
0.3693669294468437,1,2
0.46025654012861505,0,2
0.46025654012861505,0,2
0.3173623168571774,0,2
0.3173623168571774,0,2
0.46025654012861505,0,2
0.3173623168571774,1,2
0.46025654012861505,0,2
0.3173623168571774,1,2
0.3173623168571774,1,2
0.46025654012861505,0,2
0.5598962635696991,0,2
0.4774970148120259,1,2
0.4774970148120259,1,2
0.47287426778606667,1,2
0.5598962635696991,0,2
0.47287426778606667,0,2
0.5598962635696991,0,2
0.47287426778606667,0,2
0.4774970148120259,1,2
0.47287426778606667,1,2
0.47287426778606667,1,2
0.47287426778606667,1,2
0.3612798701345663,0,2
0.5808120172059457,1,2
0.5808120172059457,0,2
0.3612798701345663,1,2
0.3612798701345663,1,2
0.3612798701345663,1,2
0.49882346226481633,1,2
0.5808120172059457,1,2
0.36882515344118216,1,2
0.5808120172059457,1,2
0.3829449605285816,1,2
0.36882515344118216,0,2
0.3829449605285816,1,2
0.3829449605285816,0,2
0.36882515344118216,0,2
0.3612798701345663,1,2
0.3173623168571774,0,2
0.46025654012861505,0,2
0.46025654012861505,1,2
0.3173623168571774,1,2
0.3173623168571774,0,2
0.3173623168571774,1,2
0.46025654012861505,1,2
0.46025654012861505,0,2
0.3196548155962958,0,2
0.11424146895688014,0,2
0.11424146895688014,0,2
0.2729845093097232,1,2
0.2974816881107436,0,2
0.3383885875996565,0,2
0.2974816881107436,0,2
0.2729845093097232,0,2
0.1907614635031455,0,2
0.3288132936014514,0,2
0.3196548155962958,1,2
0.3107254628157201,1,2
0.3109319736576147,0,2
0.3109319736576147,0,2
0.3109319736576147,0,2
0.3109319736576147,0,2
0.3109319736576147,0,2
0.3109319736576147,0,2
0.3109319736576147,0,2
0.1907614635031455,0,2
0.3064218906908224,1,2
0.38805616565282375,0,2
0.3271907457944109,1,2
0.2881636814252365,0,2
0.30382688711116146,0,2
0.2881636814252365,0,2
0.3350808536464096,0,2
0.392897556447359,1,2
0.38805616565282375,0,2
0.19294371452411763,0,2
0.3082920210488891,0,2
0.3082920210488891,0,2
0.31571019000735145,0,2
0.14544763389856308,0,2
0.14544763389856308,0,2
0.14544763389856308,0,2
0.19294371452411763,0,2
0.19294371452411763,0,2
0.30382688711116146,1,2
0.31571019000735145,0,2
0.30382688711116146,0,2
0.324765700394824,0,2
0.30382688711116146,0,2
0.3303324564517055,0,2
0.2965712107310703,1,2
0.2965712107310703,0,2
0.324765700394824,0,2
0.2965712107310703,0,2
0.2956690923614791,1,2
0.3109319736576147,0,2
0.2956690923614791,0,2
0.3109319736576147,0,2
0.2881636814252365,0,2
0.2956690923614791,0,2
0.29241289787217406,1,2
0.35299800594007924,0,2
0.29241289787217406,0,2
0.35299800594007924,0,2
0.35299800594007924,1,2
0.29241289787217406,1,2
0.2881636814252365,1,2
0.3109319736576147,0,2
0.30751434579930814,0,2
0.30751434579930814,0,2
0.290396766356639,0,2
0.11456337830133545,0,2
0.18353005843186565,0,2
0.31161313545493663,0,2
0.290396766356639,0,2
0.30751434579930814,0,2
0.35299800594007924,1,2
0.12168603093007191,0,2
0.2874387632195383,0,2
0.35299800594007924,0,2
0.313948683725906,0,2
0.12168603093007191,0,2
0.313948683725906,0,2
0.12168603093007191,0,2
0.313948683725906,1,2
0.18353005843186565,1,2
0.2874387632195383,0,2
0.3812735067791624,0,2
0.290396766356639,0,2
0.23362191064898385,0,2
0.290396766356639,1,2
0.3026017982850411,0,2
0.3026017982850411,0,2
0.290396766356639,0,2
0.3107254628157201,1,2
0.290396766356639,1,2
0.23362191064898385,0,2
0.2806416642484466,0,2
0.35698773069932066,1,2
0.10227216411597817,0,2
0.24178150829939493,0,2
0.10467138544809151,0,2
0.3847609467273094,0,2
0.31571019000735145,1,2
0.3109319736576147,0,2
0.3109319736576147,0,2
0.38725335764365065,0,2
0.3109319736576147,0,2
0.31571019000735145,0,2
0.31571019000735145,0,2
0.31891913175710385,1,2
0.3109319736576147,0,2
0.3109319736576147,0,2
0.31891913175710385,1,2
0.3065794749311299,0,2
0.30461509046892143,0,2
0.3065794749311299,0,2
0.30461509046892143,0,2
0.3065794749311299,0,2
0.2247571340308202,0,2
0.30406216422108967,1,2
0.30406216422108967,0,2
0.2247571340308202,0,2
0.30406216422108967,0,2
0.22179060402874706,1,2
0.21882337245975791,0,2
0.2174152596562211,1,2
0.21882337245975791,0,2
0.30461509046892143,0,2
0.3065119324476159,0,2
0.3744039689335861,1,2
0.26289529770993514,0,2
0.26289529770993514,0,2
0.38725335764365065,0,2
0.3109319736576147,0,2
0.38725335764365065,0,2
0.3065119324476159,1,2
0.3222452380646068,0,2
0.3065119324476159,0,2
0.3109319736576147,0,2
0.30127057620278463,0,2
0.16069478072990107,1,2
0.3222452380646068,0,2
0.16069478072990107,1,2
0.29481751347322505,0,2
0.3109319736576147,1,2
0.3067520688068248,0,2
0.3222452380646068,0,2
0.29481751347322505,0,2
0.3067520688068248,0,2
0.34997763674212445,1,2
0.30745950980879666,0,2
0.34997763674212445,1,2
0.3628836968348571,0,2
0.26344950232151854,0,2
0.12193882969063186,0,2
0.3847609467273094,0,2
0.11609308002656027,0,2
0.35698773069932066,0,2
0.2513994552842507,0,2
0.3119173399189118,0,2
0.3119173399189118,1,2
0.2513994552842507,0,2
0.3067520688068248,0,2
0.3597153127672378,0,2
0.11609308002656027,0,2
0.35879481898918564,1,2
0.3744039689335861,1,2
0.35879481898918564,1,2
0.243432221999052,0,2
0.3178737249247088,0,2
0.3178737249247088,0,2
0.243432221999052,0,2
0.243432221999052,0,2
0.09800820710109437,1,2
0.3178737249247088,0,2
0.25535879963075936,0,2
0.238655221379814,1,2
0.2996260723334516,1,2
0.31891913175710385,0,2
0.30127057620278463,0,2
0.30127057620278463,0,2
0.31891913175710385,0,2
0.31891913175710385,1,2
0.30127057620278463,0,2
0.29716453963250666,1,2
0.238655221379814,0,2
0.212498230963158,0,2
0.31171137209370525,0,2
0.29481751347322505,0,2
0.212498230963158,0,2
0.29716453963250666,1,2
0.29481751347322505,0,2
0.3161322901521417,0,2
0.3109319736576147,1,2
0.3161322901521417,1,2
0.3109319736576147,1,2
0.29126621843004297,0,2
0.22521779835902955,0,2
0.22521779835902955,0,2
0.22521779835902955,1,2
0.2965645619111509,0,2
0.3053650162824282,1,2
0.2965645619111509,0,2
0.3053650162824282,0,2
0.29716453963250666,0,2
0.29481751347322505,0,2
0.20834657086444608,0,2
0.3271907457944109,1,2
0.3271907457944109,1,2
0.2638483907660799,0,2
0.34795635770396194,1,2
0.3271907457944109,0,2
0.20834657086444608,0,2
0.2638483907660799,1,2
0.28565346686892445,1,2
0.3316897289662697,1,2
0.12803650371337416,0,2
0.12803650371337416,1,2
0.35859238280820205,1,2
0.3316897289662697,1,2
0.45178917913972527,1,2
0.2802080563003797,0,2
0.42697158911270816,1,2
0.45178917913972527,1,2
0.45178917913972527,0,2
0.38725335764365065,1,2
0.2802080563003797,1,2
0.30750228382817035,1,2
0.3109319736576147,0,2
0.21456130320382583,1,2
0.4109469213418161,0,2
0.275512188431953,1,2
0.4109469213418161,0,2
0.3271907457944109,0,2
0.3271907457944109,0,2
0.28813785066277287,0,2
0.3271907457944109,0,2
0.3271907457944109,0,2
0.28813785066277287,0,2
0.28813785066277287,0,2
0.3028379884885166,1,2
0.28813785066277287,0,2
0.24074773820538664,0,2
0.3109319736576147,0,2
0.3080797624522872,1,2
0.2974053243430428,1,2
0.23960034433797128,0,2
0.38607891711334263,1,2
0.33958025494884947,0,2
0.3109319736576147,0,2
0.3109319736576147,0,2
0.35783430232550373,1,2
0.3104416347326806,0,2
0.3080797624522872,1,2
0.3104416347326806,1,2
0.3080797624522872,1,2
0.3104416347326806,0,2
0.3109319736576147,0,2
0.2056228466272133,0,2
0.3030092697958514,0,2
0.39606264119016643,0,2
0.30924519584703514,0,2
0.3030092697958514,1,2
0.30924519584703514,0,2
0.28967126376562224,1,2
0.28967126376562224,1,2
0.3414957217525586,0,2
0.2056228466272133,0,2
0.43170859234145387,0,2
0.26014580901477746,0,2
0.26014580901477746,0,2
0.31467295851196797,1,2
0.26014580901477746,1,2
0.26886612070509297,0,2
0.28967126376562224,0,2
0.35606185126693113,1,2
0.2056228466272133,1,2
0.35606185126693113,1,2
0.33898744303716655,0,2
0.34287014352598355,0,2
0.33898744303716655,0,2
0.34287014352598355,1,2
0.34287014352598355,1,2
0.23901048443043216,0,2
0.3075302760705598,0,2
0.38725335764365065,1,2
0.33898744303716655,1,2
0.23433795851123462,0,2
0.26886612070509297,0,2
0.38725335764365065,1,2
0.555238223996501,1,2
0.3107886993746206,0,2
0.555238223996501,0,2
0.3107886993746206,0,2
0.23901048443043216,0,2
0.12587436541275654,0,2
0.32693077135343407,0,2
0.35606185126693113,1,2
0.24256198489271208,1,2
0.35606185126693113,1,2
0.24256198489271208,0,2
0.24256198489271208,1,2
0.32693077135343407,0,2
0.30144036537530405,1,2
0.12587436541275654,0,2
0.28806152429841847,0,2
0.28806152429841847,0,2
0.3871800493584002,1,2
0.555238223996501,1,2
0.3107886993746206,0,2
0.555238223996501,1,2
0.3107886993746206,0,2
0.3107886993746206,0,2
0.555238223996501,0,2
0.3871800493584002,1,2
0.30724800613358205,1,2
0.3379477866771494,0,2
0.4060285032279375,1,2
0.3693669294468437,1,2
0.3693669294468437,1,2
0.3104416347326806,0,2
0.4060285032279375,0,2
0.338315363973392,0,2
0.3104416347326806,0,2
0.30724800613358205,1,2
0.4060285032279375,0,2
0.3379477866771494,0,2
0.338315363973392,1,2
0.3191994466721796,0,2
0.3379477866771494,0,2
0.3109319736576147,0,2
0.3109319736576147,1,2
0.3019618496832668,1,2
0.3109319736576147,0,2
0.3019618496832668,0,2
0.3109319736576147,0,2
0.3019618496832668,0,2
0.28893043731362456,0,2
0.3379477866771494,1,2
0.3019618496832668,0,2
0.4632494621535759,0,2
0.4632494621535759,0,2
0.355270566339714,0,2
0.4632494621535759,0,2
0.36428550656870917,0,2
0.36428550656870917,0,2
0.3909375479778938,1,2
0.33430359288505873,0,2
0.3909375479778938,1,2
0.3109319736576147,0,2
0.3109319736576147,0,2
0.3109319736576147,0,2
0.3109319736576147,0,2
0.3282622204410218,0,2
0.3080797624522872,1,2
0.31011948959192326,0,2
0.31011948959192326,1,2
0.1758498327215854,0,2
0.1758498327215854,0,2
0.3080797624522872,0,2
0.28521047856286275,0,2
0.338315363973392,1,2
0.3080797624522872,0,2
0.4109469213418161,0,2
0.275512188431953,0,2
0.275512188431953,0,2
0.338315363973392,0,2
0.4109469213418161,0,2
0.275512188431953,0,2
0.4109469213418161,1,2
0.39233367819342946,1,2
0.36040295988683324,1,2
0.5790366353874652,0,2
0.39233367819342946,1,2
0.39233367819342946,1,2
0.36040295988683324,1,2
0.5790366353874652,1,2
0.36903473800819586,0,2
0.36903473800819586,1,2
0.5790366353874652,0,2
0.36040295988683324,1,2
0.36903473800819586,0,2
0.5790366353874652,1,2
0.36903473800819586,0,2
0.33207737100135937,1,2
0.3691904802472532,0,2
0.33207737100135937,1,2
0.33207737100135937,0,2
0.3691904802472532,1,2
0.34255520695080377,0,2
0.4730409784772335,1,2
0.4730409784772335,1,2
0.34255520695080377,0,2
0.3691904802472532,1,2
0.31715807958994613,0,2
0.25963292350516864,0,2
0.25963292350516864,0,2
0.27175914139895085,1,2
0.31715807958994613,0,2
0.27175914139895085,1,2
0.4659094075509893,1,2
0.49609444793439195,1,2
0.3109319736576147,0,2
0.32912383745476825,0,2
0.338315363973392,0,2
0.3109319736576147,0,2
0.3691904802472532,1,2
0.32912383745476825,0,2
0.313535622463459,1,2
0.3691904802472532,0,2
0.32912383745476825,0,2
0.338315363973392,1,2
0.27175914139895085,0,2
0.2843628829204772,0,2
0.2843628829204772,0,2
0.27175914139895085,1,2
0.27175914139895085,0,2
0.2843628829204772,1,2
0.275512188431953,0,2
0.275512188431953,0,2
0.4109469213418161,1,2
0.3691904802472532,1,2
0.36034914431087994,0,2
0.3691904802472532,1,2
0.36034914431087994,0,2
0.4109469213418161,1,2
0.4730409784772335,1,2
0.4730409784772335,1,2
0.32543532586935553,0,2
0.3017213202319786,0,2
0.3017213202319786,0,2
0.18118093593454077,0,2
0.3017213202319786,1,2
0.17544671148281876,0,2
0.18118093593454077,1,2
0.32543532586935553,0,2
0.2597758672204855,1,2
0.4491858958257229,0,2
0.12656444831666314,1,2
0.2597758672204855,0,2
0.3478870821020338,1,2
0.3478870821020338,1,2
0.28385738271653727,1,2
0.2829573172452614,0,2
0.35698773069932066,0,2
0.4723444590034229,1,2
0.09638264359351789,1,2
0.5790366353874652,1,2
0.36903473800819586,1,2
0.36903473800819586,0,2
0.30406216422108967,1,2
0.2881636814252365,0,2
0.2881636814252365,0,2
0.30406216422108967,1,2
0.2258937815729053,0,2
0.5790366353874652,1,2
0.2258937815729053,0,2
0.3913785264987707,0,2
0.5919617717791399,1,2
0.4126643986225461,0,2
0.3913785264987707,0,2
0.09638264359351789,0,2
0.4126643986225461,0,2
0.2258937815729053,0,2
0.09638264359351789,0,2
0.3913785264987707,0,2
0.3125026885470472,0,2
0.3312032035131294,0,2
0.2856122966749458,0,2
0.28696479260680785,0,2
0.28696479260680785,0,2
0.2856122966749458,0,2
0.34671496594821294,1,2
0.3312032035131294,0,2
0.3312032035131294,0,2
0.34671496594821294,1,2
0.34671496594821294,0,2
0.4015079448729102,1,2
0.34997763674212445,1,2
0.3767233570693579,0,2
0.35752457415601935,1,2
0.35063739809381156,0,2
0.35063739809381156,0,2
0.35063739809381156,1,2
0.35752457415601935,0,2
0.35063739809381156,1,2
0.34997763674212445,1,2
0.3206283834740068,0,2
0.35752457415601935,0,2
0.3809642739209771,1,2
0.18965542574827987,0,2
0.18423482776609545,0,2
0.3846190170212963,0,2
0.18423482776609545,0,2
0.3846190170212963,0,2
0.3846190170212963,0,2
0.18423482776609545,0,2
0.36443667107922495,1,2
0.18965542574827987,0,2
0.36443667107922495,1,2
0.3509691994209514,1,2
0.3509691994209514,1,2
0.22881382531100136,0,2
0.5098072337541366,1,2
0.2627705037922736,0,2
0.2627705037922736,0,2
0.5098072337541366,1,2
0.5098072337541366,1,2
0.4239508906753926,1,2
0.22881382531100136,0,2
0.2378286641145786,0,2
0.1364772395759598,0,2
0.21263661719127558,0,2
0.1364772395759598,1,2
0.6648518621103761,1,2
0.2378286641145786,1,2
0.2378286641145786,0,2
0.6648518621103761,1,2
0.21263661719127558,1,2
0.6648518621103761,1,2
0.1364772395759598,0,2
0.2729845093097232,0,2
0.30406216422108967,1,2
0.43836968471215454,0,2
0.5682026941515949,0,2
0.43836968471215454,1,2
0.5478225712811551,1,2
0.5478225712811551,0,2
0.31891913175710385,0,2
0.30406216422108967,0,2
0.31891913175710385,1,2
0.31891913175710385,1,2
0.30406216422108967,1,2
0.43836968471215454,0,2
0.5336060719584219,1,2
0.30056481878464036,0,2
0.2116032936736293,0,2
0.2116032936736293,0,2
0.30056481878464036,1,2
0.30056481878464036,0,2
0.15921569804271096,1,2
0.5336060719584219,1,2
0.15921569804271096,0,2
0.5336060719584219,1,2
0.28109584030396506,1,2
0.2116032936736293,0,2
0.2881636814252365,0,2
0.3206283834740068,1,2
0.4385343509753704,1,2
0.3622358872586253,1,2
0.4385343509753704,1,2
0.3622358872586253,0,2
0.3815374222424234,0,2
0.4385343509753704,1,2
0.2881636814252365,0,2
0.324736597295593,1,2
0.2881636814252365,0,2
0.3206283834740068,0,2
0.10579575147690257,0,2
0.3251144880087462,0,2
0.3844607330321407,1,2
0.3251144880087462,0,2
0.3844607330321407,0,2
0.3251144880087462,1,2
0.35698773069932066,1,2
0.3844607330321407,0,2
0.35698773069932066,1,2
0.19060748314902043,0,2
0.17416215506953514,1,2
0.17416215506953514,0,2
0.19060748314902043,0,2
0.638928306387901,0,2
0.22976137440101052,0,2
0.22976137440101052,0,2
0.638928306387901,1,2
0.24368519998206595,0,2
0.34997763674212445,1,2
0.3293814794044959,0,2
0.311652849375337,0,2
0.30307230124883766,1,2
0.21248550768017216,1,2
0.21248550768017216,0,2
0.30307230124883766,0,2
0.2881636814252365,0,2
0.34997763674212445,1,2
0.32705940428229774,0,2
0.3789164563335984,1,2
0.32705940428229774,0,2
0.5015837777608638,0,2
0.36444040217558393,1,2
0.28806152429841847,0,2
0.36444040217558393,0,2
0.28806152429841847,0,2
0.2881636814252365,0,2
0.34669018361252457,1,2
0.5050876638679833,1,2
0.5050876638679833,1,2
0.15822910841041637,0,2
0.2574942498782795,0,2
0.34669018361252457,1,2
0.34669018361252457,0,2
0.2574942498782795,0,2
0.15822910841041637,0,2
0.2574942498782795,1,2
0.2574942498782795,1,2
0.11191888992640009,0,2
0.34669018361252457,0,2
0.11191888992640009,0,2
0.3847609467273094,1,2
0.23159325757992433,1,2
0.3971570788407398,0,2
0.23159325757992433,0,2
0.23159325757992433,0,2
0.377547738400672,0,2
0.377547738400672,0,2
0.377547738400672,0,2
0.23159325757992433,0,2
0.11191888992640009,1,2
0.3847609467273094,1,2
0.3847609467273094,0,2
0.15300339612196778,0,2
0.4632494621535759,0,2
0.36428550656870917,1,2
0.4632494621535759,0,2
0.15300339612196778,1,2
0.21352197254732852,0,2
0.21352197254732852,0,2
0.36428550656870917,1,2
0.3650962763846073,0,2
0.3612798701345663,1,2
0.3650962763846073,0,2
0.312251054421542,1,2
0.6432729774350312,0,2
0.6432729774350312,1,2
0.3612798701345663,1,2
0.3612798701345663,1,2
0.6432729774350312,1,2
0.371873411114386,1,2
0.36882515344118216,0,2
0.36882515344118216,0,2
0.3829449605285816,0,2
0.12904904895669478,0,2
0.3829449605285816,1,2
0.4423179302558905,0,2
0.12904904895669478,0,2
0.12904904895669478,0,2
0.4423179302558905,0,2
0.4423179302558905,0,2
0.36882515344118216,1,2
0.2150814478423565,0,2
0.2514889839825032,1,2
0.2514889839825032,0,2
0.35683422422850664,0,2
0.2514889839825032,1,2
0.35683422422850664,0,2
0.4778037617419332,0,2
0.35683422422850664,1,2
0.4245683435026951,1,2
0.2150814478423565,0,2
0.4245683435026951,1,2
0.35683422422850664,0,2
0.4730409784772335,1,2
0.35428537866199195,1,2
0.5392906644567821,1,2
0.5392906644567821,1,2
0.12587436541275654,0,2
0.32693077135343407,1,2
0.12587436541275654,0,2
0.32693077135343407,1,2
0.12587436541275654,0,2
0.35428537866199195,0,2
0.32693077135343407,0,2
0.47309750505568904,1,2
0.3559085225615989,0,2
0.47309750505568904,0,2
0.5260216469661623,0,2
0.3173623168571774,1,2
0.3559085225615989,1,2
0.3173623168571774,0,2
0.5260216469661623,1,2
0.5260216469661623,0,2
0.5260216469661623,0,2
0.3173623168571774,1,2
0.3559085225615989,0,2
0.47309750505568904,1,2
0.3173623168571774,0,2
0.38909791451490705,1,2
0.2572779450535858,0,2
0.38909791451490705,1,2
0.38909791451490705,1,2
0.2572779450535858,1,2
0.2572779450535858,1,2
0.38909791451490705,0,2
0.2572779450535858,0,2
0.2572779450535858,0,2
0.34669018361252457,0,2
0.2574942498782795,1,2
0.34669018361252457,1,2
0.2574942498782795,0,2
0.34669018361252457,1,2
0.2574942498782795,1,2
0.34669018361252457,1,2
0.2574942498782795,1,2
0.2574942498782795,0,2
0.2816031576508784,0,2
0.2216163832951188,0,2
0.2816031576508784,0,2
0.2216163832951188,1,2
0.2816031576508784,0,2
0.2216163832951188,1,2
0.2816031576508784,1,2
0.2216163832951188,0,2
0.2816031576508784,1,2
0.39233367819342946,1,2
0.36040295988683324,0,2
0.39233367819342946,1,2
0.2881410926245451,1,2
0.2881410926245451,1,2
0.39233367819342946,1,2
0.2216163832951188,0,2
0.37118007028922095,0,2
0.32969043343117566,0,2
0.37118007028922095,0,2
0.3827401824184836,1,2
0.2880391466494674,0,2
0.4014827975989874,1,2
0.3426736586852658,0,2
0.3827401824184836,0,2
0.3426736586852658,0,2
0.32969043343117566,0,2
0.2816031576508784,0,2
0.32969043343117566,0,2
0.2216163832951188,0,2
0.2816031576508784,0,2
0.2216163832951188,1,2
0.2816031576508784,0,2
0.2216163832951188,0,2
0.2216163832951188,0,2
0.2816031576508784,0,2
0.37118007028922095,0,2
0.27395227356573915,0,2
0.354256822544153,1,2
0.44577878879463406,0,2
0.43039530082521293,0,2
0.324765700394824,0,2
0.2873229626298569,0,2
0.3469660332462614,0,2
0.23252967297882443,0,2
0.3469660332462614,0,2
0.3303324564517055,0,2
0.324765700394824,0,2
0.3469660332462614,1,2
0.26805131292178963,0,2
0.2873229626298569,0,2
0.4455598251749181,1,2
0.23252967297882443,1,2
0.45076378415549057,0,2
0.23322481134324757,0,2
0.36229074381229653,0,2
0.23322481134324757,0,2
0.36229074381229653,1,2
0.3142638083257453,0,2
0.4238539282093794,0,2
0.3142638083257453,1,2
0.4808363499595296,0,2
0.3142638083257453,0,2
0.4013220995370428,1,2
0.45076378415549057,0,2
0.4808363499595296,0,2
0.4808363499595296,0,2
0.45076378415549057,1,2
0.4013220995370428,0,2
0.26553735885947527,0,2
0.26553735885947527,1,2
0.40068391909010337,1,2
0.11719894661644614,0,2
0.40068391909010337,0,2
0.3555579047103029,0,2
0.20618305473725362,0,2
0.20618305473725362,0,2
0.3555579047103029,0,2
0.3555579047103029,1,2
0.4133938735641607,0,2
0.38252368383636415,0,2
0.40068391909010337,0,2
0.32741378164631674,0,2
0.17980642224395182,0,2
0.3017213202319786,0,2
0.3017213202319786,0,2
0.3058056222757316,0,2
0.4472645520512428,1,2
0.3058056222757316,0,2
0.3017213202319786,0,2
0.27277679578264824,0,2
0.3827401824184836,0,2
0.4244049573958165,0,2
0.27277679578264824,0,2
0.308422184538405,0,2
0.27277679578264824,1,2
0.17980642224395182,0,2
0.17980642224395182,0,2
0.308422184538405,0,2
0.25479954854964115,1,2
0.38587121924695045,1,2
0.36229074381229653,1,2
0.36229074381229653,0,2
0.38587121924695045,0,2
0.38587121924695045,0,2
0.3827401824184836,0,2
0.3260986543828266,0,2
0.36229074381229653,0,2
0.3827401824184836,1,2
0.25479954854964115,0,2
0.29612365337959257,0,2
0.25479954854964115,1,2
0.32496646950546115,1,2
0.32496646950546115,1,2
0.29612365337959257,0,2
0.32496646950546115,1,2
0.29612365337959257,1,2
0.17037813366247156,0,2
0.24179026372094914,0,2
0.3088334144290862,0,2
0.2712574079448209,0,2
0.3088334144290862,0,2
0.2712574079448209,1,2
0.38446294018405014,0,2
0.20218794342978164,1,2
0.32202255586429573,0,2
0.4328077818606778,0,2
0.3586780640277196,0,2
0.42661424958511096,1,2
0.42661424958511096,0,2
0.20218794342978164,1,2
0.20218794342978164,0,2
0.42661424958511096,1,2
0.3088334144290862,1,2
0.3740908791814984,0,2
0.24179026372094914,1,2
0.23236532570524226,0,2
0.4505982111410287,0,2
0.3586780640277196,1,2
0.408199220253343,0,2
0.4505982111410287,1,2
0.4505982111410287,0,2
0.4898511767786683,1,2
0.32693077135343407,1,2
0.21568252841733582,0,2
0.408199220253343,1,2
0.32693077135343407,0,2
0.32693077135343407,0,2
0.21568252841733582,0,2
0.34669018361252457,0,2
0.23236532570524226,0,2
0.23236532570524226,0,2
0.34669018361252457,0,2
0.34669018361252457,1,2
0.21568252841733582,0,2
0.3151717776858244,0,2
0.385049939862139,0,2
0.47840951480509286,0,2
0.33420349633775526,0,2
0.19714523091483982,0,2
0.385049939862139,0,2
0.3897380638832614,1,2
0.32587348825918583,1,2
0.30437754566897424,0,2
0.32587348825918583,1,2
0.33985060316962157,1,2
0.3036100285559159,1,2
0.4761244772695362,1,2
0.2852601264649849,0,2
0.30553771630478954,0,2
0.19714523091483982,1,2
0.30553771630478954,0,2
0.4761244772695362,1,2
0.38909791451490705,0,2
0.24052391761552872,0,2
0.38909791451490705,0,2
0.38909791451490705,1,2
0.24052391761552872,0,2
0.3527666646937613,0,2
0.24052391761552872,0,2
0.32538415297210055,0,2
0.4039445865435304,0,2
0.32538415297210055,0,2
0.4039445865435304,1,2
0.30553771630478954,0,2
0.4149534915975447,0,2
0.4039445865435304,0,2
0.22303657469348248,1,2
0.36666455263200326,0,2
0.36199600776271545,1,2
0.36199600776271545,1,2
0.36666455263200326,0,2
0.36666455263200326,0,2
0.36199600776271545,0,2
0.4014827975989874,1,2
0.30553771630478954,0,2
0.4245683435026951,0,2
0.3436116077253196,1,2
0.22303657469348248,1,2
0.3630594382648532,0,2
0.4245683435026951,0,2
0.3630594382648532,0,2
0.3630594382648532,0,2
0.4245683435026951,1,2
0.4014827975989874,1,2
0.3952857214999239,0,2
0.3100896466227192,1,2
0.3300611747949602,1,2
0.3300611747949602,0,2
0.3062846357408622,0,2
0.3062846357408622,0,2
0.3300611747949602,0,2
0.3255309777429831,0,2
0.26664580329901655,0,2
0.3952857214999239,0,2
0.3255309777429831,1,2
0.3844607330321407,1,2
0.26664580329901655,0,2
0.3576732486500246,0,2
0.26664580329901655,0,2
0.3576732486500246,0,2
0.14070742123436664,0,2
0.31379340522125054,0,2
0.21268022380298035,0,2
0.21268022380298035,0,2
0.31379340522125054,1,2
0.30350770292911633,0,2
0.30350770292911633,0,2
0.2729845093097232,1,2
0.27309674983995813,1,2
0.30015843870902337,0,2
0.416688847790597,0,2
0.27309674983995813,0,2
0.3109319736576147,0,2
0.30177923189091604,1,2
0.14070742123436664,0,2
0.30552811641080246,0,2
0.30177923189091604,0,2
0.30552811641080246,0,2
0.3034375338027593,0,2
0.3109319736576147,0,2
0.3109319736576147,1,2
0.3034375338027593,0,2
0.3034375338027593,0,2
0.3109319736576147,1,2
0.3109319736576147,0,2
0.3109319736576147,1,2
0.30015843870902337,0,2
0.0895151301385031,1,2
0.2851445842726107,1,2
0.45076378415549057,1,2
0.4517946216714047,1,2
0.3255309777429831,0,2
0.4014827975989874,1,2
0.30015843870902337,0,2
0.4014827975989874,0,2
0.2394930225764983,0,2
0.4014827975989874,0,2
0.3088892677948941,0,2
0.36443667107922495,1,2
0.3088892677948941,0,2
0.36443667107922495,0,2
0.45076378415549057,1,2
0.3095589581132704,0,2
0.45076378415549057,1,2
0.3255309777429831,1,2
0.3095589581132704,0,2
0.3095589581132704,1,2
0.17420990694655114,0,2
0.3589927039882699,0,2
0.26289529770993514,0,2
0.35255770017552734,1,2
0.4580616794932111,1,2
0.26289529770993514,0,2
0.40952923744861525,1,2
0.16971654715314155,0,2
0.35176349011548824,0,2
0.5039600475307486,1,2
0.35255770017552734,0,2
0.11559646286275549,0,2
0.1927619115329856,0,2
0.31379340522125054,0,2
0.1927619115329856,0,2
0.1927619115329856,1,2
0.31379340522125054,0,2
0.18353005843186565,0,2
0.11559646286275549,0,2
0.18353005843186565,0,2
0.3109319736576147,0,2
0.14194222354891228,1,3
0.3261303659091066,1,3
0.14194222354891228,1,3
0.26874309975041233,0,3
0.14194222354891228,1,3
0.3105740668231589,1,3
0.1980659867378367,0,3
0.3105740668231589,0,3
0.13951780479886766,0,3
0.14599470203679332,0,3
0.20125746233631026,1,3
0.3196421370357996,1,3
0.1939808929284491,0,3
0.3116225768021925,0,3
0.18107573326395543,0,3
0.35298805567711633,0,3
0.3116225768021925,0,3
0.35298805567711633,1,3
0.3279441931266637,1,3
0.327672286818389,0,3
0.4141023851637121,1,3
0.1939808929284491,0,3
0.3196421370357996,1,3
0.4141023851637121,1,3
0.4141023851637121,0,3
0.3196421370357996,0,3
0.283088910431857,0,3
0.21192511070685327,0,3
0.49348909401228314,1,3
0.14499422809596973,0,3
0.20125746233631026,1,3
0.5156040064976464,0,3
0.4821048362427792,1,3
0.4109857733557498,0,3
0.26272641971194177,1,3
0.4109857733557498,0,3
0.26272641971194177,1,3
0.37657025066389715,0,3
0.37657025066389715,0,3
0.3183648921573068,0,3
0.43577255006977755,1,3
0.3183648921573068,1,3
0.40115077077786765,0,3
0.43577255006977755,1,3
0.4252257066387469,1,3
0.4821048362427792,0,3
0.2316746299444018,1,3
0.3412486840777432,1,3
0.5399443391058396,0,3
0.2316746299444018,0,3
0.25998517168369495,0,3
0.4480598838725566,0,3
0.24401939964929897,0,3
0.4480598838725566,0,3
0.3598154506000646,1,3
0.3598154506000646,0,3
0.3999091570949965,0,3
0.44579204477241796,1,3
0.30262652289071,0,3
0.44579204477241796,0,3
0.44579204477241796,0,3
0.30262652289071,1,3
0.4480598838725566,0,3
0.32347988474518996,0,3
0.24401939964929897,0,3
0.37829369071502605,0,3
0.3412486840777432,1,3
0.7236227992445001,1,3
0.7236227992445001,1,3
0.2432727733479848,1,3
0.2432727733479848,0,3
0.7236227992445001,0,3
0.7236227992445001,1,3
0.2432727733479848,0,3
0.3600507106816838,0,3
0.4677924556405396,1,3
0.2902938092528419,0,3
0.2902938092528419,0,3
0.3600507106816838,0,3
0.2902938092528419,0,3
0.3600507106816838,1,3
0.22213756070424107,1,3
0.3715986855188791,0,3
0.22213756070424107,0,3
0.3398346593962118,1,3
0.24506924270950103,0,3
0.45622352414124867,1,3
0.24506924270950103,0,3
0.45622352414124867,0,3
0.22697100565677775,1,3
0.31264577192498977,0,3
0.22697100565677775,0,3
0.3014922056781335,0,3
0.22241418012369063,0,3
0.4829623218080161,1,3
0.36465115024050454,1,3
0.3844953713990148,0,3
0.36465115024050454,0,3
0.3014922056781335,1,3
0.4944129846184946,1,3
0.4829623218080161,1,3
0.36650138805374377,0,3
0.3217461827595437,0,3
0.3217461827595437,0,3
0.38185412977928757,1,3
0.35894112738941997,0,3
0.4568675089939679,0,3
0.4568675089939679,1,3
0.36788006380357374,0,3
0.43339154575171057,0,3
0.19474079290839286,0,3
0.19474079290839286,1,3
0.19474079290839286,0,3
0.43339154575171057,0,3
0.43339154575171057,1,3
0.19474079290839286,1,3
0.38626877610985577,0,3
0.3217461827595437,1,3
0.38626877610985577,0,3
0.43339154575171057,0,3
0.42579357155641306,0,3
0.24468911624692824,0,3
0.4642572073572294,1,3
0.31963692700252533,0,3
0.4642572073572294,1,3
0.31963692700252533,0,3
0.32107925405615256,0,3
0.4642572073572294,0,3
0.22972395969011394,0,3
0.3598154506000646,0,3
0.4542364000197331,0,3
0.3598154506000646,0,3
0.4542364000197331,0,3
0.30262652289071,0,3
0.4542364000197331,0,3
0.4052211550732212,0,3
0.40918016752813413,0,3
0.3112213233960195,1,3
0.18381924296641805,0,3
0.18381924296641805,0,3
0.3112213233960195,0,3
0.3800506749995435,0,3
0.3800506749995435,0,3
0.3933999875095101,0,3
0.3355213799970218,0,3
0.3485527628175682,1,3
0.3112213233960195,0,3
0.3573772156660444,0,3
0.3355213799970218,1,3
0.18381924296641805,1,3
0.40918016752813413,0,3
0.40918016752813413,0,3
0.3355213799970218,1,3
0.3573772156660444,0,3
0.4032914224251958,1,3
0.33467651118452313,0,3
0.4032914224251958,0,3
0.3412486840777432,1,3
0.32347988474518996,0,3
0.5399443391058396,1,3
0.2316746299444018,0,3
0.3181960507967381,0,3
0.2559385928438235,1,3
0.2096319393641204,1,3
0.3181960507967381,0,3
0.2965497254607927,0,3
0.4417449276542711,0,3
0.2965497254607927,0,3
0.3030188696314706,0,3
0.3111355676832629,0,3
0.4417449276542711,1,3
0.18557562745821232,0,3
0.33467651118452313,1,3
0.3030188696314706,0,3
0.29961739417087807,0,3
0.3030188696314706,0,3
0.2888911024864784,0,3
0.3030188696314706,0,3
0.2888911024864784,0,3
0.3030188696314706,0,3
0.4032914224251958,0,3
0.33467651118452313,1,3
0.4238356818964666,0,3
0.34052612204233246,0,3
0.2835169535017189,0,3
0.4597891439295516,0,3
0.2835169535017189,1,3
0.4597891439295516,0,3
0.2835169535017189,1,3
0.4597891439295516,1,3
0.41011697993239693,0,3
0.41011697993239693,0,3
0.45219980010518235,0,3
0.41011697993239693,1,3
0.45219980010518235,0,3
0.30761768595510797,0,3
0.45219980010518235,0,3
0.30761768595510797,0,3
0.4126070374851487,1,3
0.3279441931266637,0,3
0.3116225768021925,0,3
0.35298805567711633,0,3
0.3116225768021925,1,3
0.18107573326395543,0,3
0.35298805567711633,0,3
0.30761768595510797,0,3
0.4126070374851487,0,3
0.30761768595510797,1,3
0.4834816295088077,0,3
0.4126070374851487,0,3
0.3030188696314706,1,3
0.3111355676832629,1,3
0.3030188696314706,0,3
0.3111355676832629,0,3
0.44595951438062564,1,3
0.44595951438062564,1,3
0.39837150849249725,1,3
0.2261624705069658,0,3
0.44595951438062564,0,3
0.3030188696314706,0,3
0.2261624705069658,0,3
0.33572937316513773,0,3
0.4480598838725566,0,3
0.1700914778974465,0,3
0.33572937316513773,0,3
0.2888911024864784,0,3
0.3030188696314706,0,3
0.3030188696314706,0,3
0.29961739417087807,0,3
0.29961739417087807,0,3
0.3030188696314706,0,3
0.33572937316513773,0,3
0.3111355676832629,0,3
0.18557562745821232,0,3
0.33572937316513773,0,3
0.29961739417087807,0,3
0.24401939964929897,1,3
0.3111355676832629,1,3
0.24756184526339342,0,3
0.4021500958703267,0,3
0.27263888208707043,1,3
0.27263888208707043,0,3
0.4021500958703267,0,3
0.27263888208707043,1,3
0.4111817777782688,0,3
0.3890099499776021,1,3
0.3890099499776021,0,3
0.270093889382617,1,3
0.3890099499776021,1,3
0.270093889382617,0,3
0.3840425609366337,0,3
0.35525289643374136,0,3
0.270093889382617,0,3
0.25998517168369495,0,3
0.37740790540849145,1,3
0.3764505491660769,1,3
0.26203550293804656,0,3
0.26203550293804656,1,3
0.3826104167701595,0,3
0.26203550293804656,0,3
0.3764505491660769,1,3
0.3602310206290018,0,3
0.37740790540849145,0,3
0.45380123818648554,1,3
0.45380123818648554,0,3
0.3826104167701595,0,3
0.22472966591032606,0,3
0.49348909401228314,1,3
0.15454786326470382,0,3
0.283088910431857,1,3
0.15454786326470382,0,3
0.3252555015859242,1,3
0.6172969386446551,1,3
0.3819123979605413,0,3
0.4866167144837993,0,3
0.25906063363545695,0,3
0.25906063363545695,0,3
0.283088910431857,0,3
0.40210147146035646,0,3
0.3355213799970218,0,3
0.3252555015859242,1,3
0.328644969826814,1,3
0.3112213233960195,0,3
0.3800506749995435,1,3
0.3112213233960195,1,3
0.3800506749995435,0,3
0.3112213233960195,0,3
0.3800506749995435,0,3
0.3573772156660444,1,3
0.18550375928253782,0,3
0.36037679055266136,0,3
0.18550375928253782,0,3
0.3355213799970218,0,3
0.3573772156660444,0,3
0.3355213799970218,1,3
0.40918016752813413,1,3
0.5753311162581635,0,3
0.4432454621975952,0,3
0.27765362892796785,1,3
0.33944973192680594,1,3
0.3429986946818674,1,3
0.33944973192680594,0,3
0.3429986946818674,0,3
0.26369077108813266,0,3
0.33944973192680594,1,3
0.21513148310814423,0,3
0.41187360293809283,0,3
0.2844351967505008,0,3
0.27765362892796785,0,3
0.41187360293809283,1,3
0.3222997847610555,0,3
0.2844351967505008,0,3
0.2949614098833939,0,3
0.48814337449559797,0,3
0.4432454621975952,0,3
0.4597891439295516,0,3
0.3597557595464912,0,3
0.4597891439295516,0,3
0.3597557595464912,1,3
0.3597557595464912,0,3
0.41011697993239693,1,3
0.4597891439295516,0,3
0.41011697993239693,0,3
0.45219980010518235,1,3
0.41011697993239693,0,3
0.572829279930843,1,3
0.3283147069887131,1,3
0.41713729722764603,0,3
0.3283147069887131,1,3
0.45219980010518235,1,3
0.488618670521352,0,3
0.4507795472800519,0,3
0.1970640845983037,1,3
0.4507795472800519,1,3
0.6191880943489343,1,3
0.24255498138642395,0,3
0.16801283165343228,0,3
0.1970640845983037,0,3
0.488618670521352,1,3
0.2713241238777705,0,3
0.327672286818389,0,3
0.2713241238777705,0,3
0.4141023851637121,0,3
0.4141023851637121,0,3
0.16801283165343228,0,3
0.1970640845983037,1,3
0.2713241238777705,1,3
0.33027565652463253,1,3
0.2496148989579482,0,3
0.27263888208707043,0,3
0.4021500958703267,0,3
0.27263888208707043,0,3
0.270093889382617,0,3
0.3890099499776021,1,3
0.3890099499776021,0,3
0.4021500958703267,0,3
0.270093889382617,0,3
0.3890099499776021,0,3
0.33027565652463253,0,3
0.3840425609366337,0,3
0.3840425609366337,0,3
0.33027565652463253,0,3
0.3840425609366337,0,3
0.270093889382617,0,3
0.444684072168412,0,3
0.5392090285292336,1,3
0.3384132306297031,0,3
0.3384132306297031,0,3
0.5392090285292336,1,3
0.6092735466349574,1,3
0.3384132306297031,1,3
0.24354850823219043,0,3
0.24354850823219043,0,3
0.33154744138255343,0,3
0.444684072168412,0,3
0.24294892591820316,0,3
0.36802554576647684,1,3
0.33154744138255343,0,3
0.4171891370191947,1,3
0.33154744138255343,0,3
0.4171891370191947,0,3
0.444684072168412,1,3
0.4230914061151475,0,3
0.49348909401228314,0,3
0.21192511070685327,0,3
0.283088910431857,1,3
0.14499422809596973,0,3
0.34052612204233246,0,3
0.14499422809596973,0,3
0.34052612204233246,1,3
0.3196421370357996,0,3
0.3196421370357996,0,3
0.327672286818389,0,3
0.4141023851637121,1,3
0.3196421370357996,1,3
0.4141023851637121,0,3
0.3196421370357996,1,3
0.3196421370357996,0,3
0.3593096238439738,0,3
0.283088910431857,0,3
0.4141023851637121,1,3
0.3564784436518248,0,3
0.27704632909451565,0,3
0.20541384809151508,0,3
0.5388069661451259,1,3
0.5388069661451259,0,3
0.20541384809151508,0,3
0.48441877151119295,0,3
0.3873235972902598,0,3
0.48441877151119295,1,3
0.3873235972902598,1,3
0.3873235972902598,1,3
0.3873235972902598,0,3
0.48441877151119295,0,3
0.27704632909451565,0,3
0.3564784436518248,0,3
0.27704632909451565,1,3
0.3564784436518248,0,3
0.48441877151119295,1,3
0.42579357155641306,1,3
0.1970640845983037,1,3
0.4507795472800519,0,3
0.4507795472800519,0,3
0.1970640845983037,0,3
0.1970640845983037,1,3
0.32107925405615256,1,3
0.22972395969011394,0,3
0.4052211550732212,0,3
0.4052211550732212,0,3
0.22972395969011394,1,3
0.22972395969011394,0,3
0.4052211550732212,0,3
0.4052211550732212,1,3
0.1970640845983037,0,3
0.22972395969011394,1,3
0.4507795472800519,0,3
0.4507795472800519,0,3
0.1970640845983037,0,3
0.5304108232570914,0,3
0.33256656309823995,1,3
0.33256656309823995,0,3
0.4948647112116674,0,3
0.3475090901551722,0,3
0.3475090901551722,0,3
0.44152026787044707,1,3
0.44152026787044707,1,3
0.4007688726011722,1,3
0.4007688726011722,0,3
0.3705868193984887,0,3
0.3705868193984887,1,3
0.4007688726011722,1,3
0.4007688726011722,0,3
0.3705868193984887,0,3
0.3705868193984887,1,3
0.2496148989579482,0,3
0.25576088652147455,0,3
0.3777597786137763,0,3
0.41517703476672596,0,3
0.41517703476672596,0,3
0.3777597786137763,0,3
0.6298359601344807,0,3
0.25576088652147455,0,3
0.2177508848429588,0,3
0.3041849030611449,0,3
0.2177508848429588,0,3
0.3041849030611449,0,3
0.3041849030611449,0,3
0.2177508848429588,0,3
0.6298359601344807,1,3
0.2316746299444018,0,3
0.3412486840777432,1,3
0.2316746299444018,0,3
0.3412486840777432,0,3
0.3369345155558209,0,3
0.3127742077336937,0,3
0.3127742077336937,0,3
0.33692808374106786,0,3
0.33692808374106786,0,3
0.33692808374106786,0,3
0.3127742077336937,0,3
0.3449951446385131,0,3
0.3449907898987795,0,3
0.3449951446385131,1,3
0.3352240597604278,1,3
0.3352240597604278,0,3
0.3449951446385131,0,3
0.2316746299444018,0,3
0.3127742077336937,0,3
0.3412486840777432,1,3
0.3412486840777432,0,3
0.32347988474518996,1,3
0.28693580641707395,0,3
0.2686249767096046,0,3
0.28693580641707395,0,3
0.2686249767096046,0,3
0.5470040976244541,1,3
0.3627827983615599,0,3
0.3627827983615599,0,3
0.5470040976244541,1,3
0.5144535124788775,1,3
0.3412486840777432,0,3
0.5144535124788775,1,3
0.32266276953051054,0,3
0.29894226806388835,0,3
0.29894226806388835,0,3
0.33712832275605753,1,3
0.3429986946818674,1,3
0.29894226806388835,0,3
0.32266276953051054,0,3
0.3429986946818674,1,3
0.3038964118826686,0,3
0.32107925405615256,0,3
0.4052211550732212,1,3
0.22972395969011394,0,3
0.4052211550732212,1,3
0.22972395969011394,0,3
0.2665045048899779,1,3
0.2665045048899779,0,3
0.33416566317378493,1,3
0.2836018289789084,0,3
0.2665045048899779,1,3
0.42579357155641306,1,3
0.3856391434945744,0,3
0.33416566317378493,1,3
0.3856391434945744,1,3
0.2859714483928416,0,3
0.3038964118826686,0,3
0.5071673539307693,1,3
0.4422208838127425,1,3
0.2767465441644008,1,3
0.43522528789220716,1,3
0.2767465441644008,1,3
0.2767465441644008,0,3
0.43522528789220716,0,3
0.43522528789220716,1,3
0.4422208838127425,0,3
0.2767465441644008,0,3
0.33917806532755623,0,3
0.5066340440249237,1,3
0.36236522738358456,0,3
0.33917806532755623,0,3
0.4422208838127425,0,3
0.5071673539307693,1,3
0.5071673539307693,0,3
0.4422208838127425,0,3
0.5071673539307693,0,3
0.36236522738358456,1,3
0.3248974532491531,0,3
0.3248974532491531,0,3
0.5021542127505711,1,3
0.3921725430763341,0,3
0.2304082138211524,0,3
0.5021542127505711,1,3
0.2304082138211524,0,3
0.3248974532491531,0,3
0.46229961424097565,1,3
0.3248974532491531,0,3
0.3921725430763341,0,3
0.40394588960151545,0,3
0.40394588960151545,0,3
0.37228238142234693,0,3
0.37228238142234693,0,3
0.40394588960151545,1,3
0.3921725430763341,0,3
0.37228238142234693,1,3
0.27578657880325996,1,3
0.367544280976863,1,3
0.2821505696001648,0,3
0.27578657880325996,1,3
0.2821505696001648,0,3
0.45580674433831037,0,3
0.367544280976863,1,3
0.45580674433831037,0,3
0.2888294003187689,0,3
0.2888294003187689,0,3
0.31378042644411464,0,3
0.2888294003187689,0,3
0.31378042644411464,0,3
0.261720944525736,0,3
0.20804060709874306,0,3
0.25622776717656537,1,3
0.20804060709874306,0,3
0.31378042644411464,0,3
0.2821505696001648,0,3
0.27578657880325996,0,3
0.4698305687548352,0,3
0.6412345346352832,1,3
0.35350374952164143,1,3
0.2751641147094882,1,3
0.6412345346352832,0,3
0.6412345346352832,0,3
0.35350374952164143,0,3
0.35350374952164143,0,3
0.6412345346352832,1,3
0.18901125535761565,0,3
0.35350374952164143,0,3
0.3547680730793118,1,3
0.18901125535761565,1,3
0.18901125535761565,0,3
0.3547680730793118,0,3
0.4698305687548352,0,3
0.2751641147094882,0,3
0.4698305687548352,1,3
0.2751641147094882,1,3
0.3547680730793118,1,3
0.3051153115077815,0,3
0.5092448277884298,0,3
0.46472523012483136,0,3
0.36577142135767415,1,3
0.36577142135767415,0,3
0.3369345155558209,0,3
0.3369345155558209,0,3
0.3051153115077815,0,3
0.3051153115077815,0,3
0.3369345155558209,1,3
0.3705813183362704,0,3
0.46472523012483136,0,3
0.5092448277884298,0,3
0.5092448277884298,1,3
0.3705813183362704,0,3
0.3705813183362704,0,3
0.2971096437497286,1,3
0.3688475561069946,0,3
0.2971096437497286,1,3
0.3688475561069946,0,3
0.39320381585961817,0,3
0.4877882113396227,0,3
0.39320381585961817,0,3
0.4877882113396227,1,3
0.4877882113396227,0,3
0.39320381585961817,0,3
0.26272641971194177,1,3
0.4109857733557498,0,3
0.4109857733557498,0,3
0.26272641971194177,1,3
0.4821048362427792,0,3
0.37657025066389715,1,3
0.4821048362427792,0,3
0.4272365126300689,1,3
0.3620040448738874,0,3
0.3620040448738874,0,3
0.4272365126300689,0,3
0.37657025066389715,1,3
0.43339154575171057,0,3
0.6131449141426122,1,3
0.332712628707156,0,3
0.6131449141426122,1,3
0.38626877610985577,0,3
0.19474079290839286,0,3
0.43339154575171057,0,3
0.19474079290839286,1,3
0.43339154575171057,1,3
0.3301899175766081,1,3
0.43339154575171057,0,3
0.19474079290839286,0,3
0.3301899175766081,1,3
0.4568675089939679,1,3
0.4568675089939679,0,3
0.3301899175766081,0,3
0.4568675089939679,1,3
0.18020517003644765,0,3
0.24629933986530395,0,3
0.2902938092528419,0,3
0.3600507106816838,1,3
0.3600507106816838,0,3
0.5406611337266043,1,3
0.32971366896634247,0,3
0.5269602088388394,1,3
0.32971366896634247,1,3
0.24629933986530395,1,3
0.2432727733479848,0,3
0.5269602088388394,0,3
0.22213756070424107,0,3
0.37829369071502605,1,3
0.37829369071502605,1,3
0.22213756070424107,0,3
0.5269602088388394,1,3
0.4698305687548352,1,3
0.2751641147094882,1,3
0.4698305687548352,0,3
0.2751641147094882,0,3
0.2971096437497286,0,3
0.3688475561069946,0,3
0.3688475561069946,0,3
0.4698305687548352,0,3
0.3688475561069946,0,3
0.2971096437497286,1,3
0.2751641147094882,0,3
0.2971096437497286,0,3
0.4698305687548352,1,3
0.2751641147094882,0,3
0.48441877151119295,0,3
0.3541350943893268,0,3
0.48441877151119295,0,3
0.3541350943893268,0,3
0.3541350943893268,0,3
0.3873235972902598,0,3
0.48441877151119295,1,3
0.3541350943893268,0,3
0.48441877151119295,0,3
0.48441877151119295,0,3
0.3597557595464912,0,3
0.3597557595464912,0,3
0.4597891439295516,1,3
0.4597891439295516,1,3
0.3597557595464912,1,3
0.3597557595464912,0,3
0.3597557595464912,1,3
0.4597891439295516,0,3
0.4597891439295516,1,3
0.45219980010518235,0,3
0.41011697993239693,0,3
0.41011697993239693,0,3
0.45219980010518235,1,3
0.4449376453237782,1,3
0.41011697993239693,1,3
0.45219980010518235,0,3
0.41011697993239693,0,3
0.572829279930843,1,3
0.3948700645435683,0,3
0.3688475561069946,0,3
0.2846078022174423,0,3
0.3948700645435683,1,3
0.3948700645435683,1,3
0.2846078022174423,0,3
0.2846078022174423,1,3
0.3948700645435683,0,3
0.2971096437497286,1,3
0.3688475561069946,0,3
0.2846078022174423,0,3
0.2971096437497286,0,3
0.3688475561069946,0,3
0.2971096437497286,1,3
0.37829369071502605,0,3
0.37829369071502605,0,3
0.22213756070424107,0,3
0.37829369071502605,0,3
0.22213756070424107,0,3
0.37829369071502605,1,3
0.22213756070424107,1,3
0.22213756070424107,0,3
0.37829369071502605,1,3
0.22213756070424107,1,3
0.2836018289789084,0,3
0.2595510731564219,0,3
0.2595510731564219,0,3
0.2851554857073504,0,3
0.2665045048899779,0,3
0.2836018289789084,0,3
0.2665045048899779,0,3
0.2665045048899779,0,3
0.2851554857073504,0,3
0.3597557595464912,0,3
0.4597891439295516,1,3
0.3597557595464912,0,3
0.4597891439295516,1,3
0.4597891439295516,0,3
0.3597557595464912,0,3
0.3597557595464912,0,3
0.2836018289789084,0,3
0.4597891439295516,0,3
0.17764119100426057,0,3
0.23816927703866364,0,3
0.5551058808763574,1,3
0.21408238327376217,0,3
0.2448391726909147,0,3
0.2448391726909147,0,3
0.5564274674069043,0,3
0.5551691968062997,0,3
0.5564274674069043,0,3
0.46200416184826265,0,3
0.2806374407732247,0,3
0.15638406649761183,1,3
0.2806374407732247,1,3
0.2806374407732247,0,3
0.15638406649761183,1,3
0.2806374407732247,1,3
0.15638406649761183,0,3
0.2248361779433733,0,3
0.32948931807136217,0,3
0.21945647460958273,0,3
0.3264163216913867,1,3
0.15638406649761183,1,3
0.21430950940670213,0,3
0.43083237903663696,0,3
0.4052979015531626,1,3
0.21430950940670213,0,3
0.43089524894895637,0,3
0.1585828986175778,0,3
0.23397391197676531,0,3
0.49760419925503907,1,3
0.20421292074654407,0,3
0.49760419925503907,1,3
0.20421292074654407,0,3
0.49190144128099433,1,3
0.28614406660427494,0,3
0.34384184414287056,0,3
0.34384184414287056,1,3
0.3229989226686516,1,3
0.3387132124258134,0,3
0.3229989226686516,0,3
0.28619643940067074,0,3
0.42571260215662,1,3
0.42571260215662,0,3
0.3264163216913867,0,3
0.2623244964731123,1,3
0.2623244964731123,1,3
0.3264163216913867,1,3
0.3264163216913867,0,3
0.2626629930444718,1,3
0.3264163216913867,1,3
0.2626629930444718,1,3
0.2651894709585615,0,3
0.3054550073657294,0,3
0.5000272709106687,0,3
0.3054550073657294,0,3
0.5000272709106687,1,3
0.5000272709106687,0,3
0.3054550073657294,0,3
0.2757041379031665,1,3
0.3800506749995435,0,3
0.3800506749995435,1,3
0.49896433838285525,0,3
0.37652983361902004,1,3
0.4597891439295516,0,3
0.3597557595464912,0,3
0.4597891439295516,0,3
0.3597557595464912,1,3
0.2757041379031665,1,3
0.27289172594574596,0,3
0.45583893963654143,1,3
0.45583893963654143,0,3
0.27289172594574596,0,3
0.27289172594574596,1,3
0.5073164440857427,0,3
0.27289172594574596,0,3
0.5073164440857427,0,3
0.33405185028926143,0,3
0.33405185028926143,1,3
0.4568675089939679,1,3
0.5712564100441748,1,3
0.33405185028926143,0,3
0.4677924556405396,0,3
0.18000194646589252,0,3
0.18000194646589252,0,3
0.4677924556405396,1,3
0.4568675089939679,1,3
0.25864803599365016,1,3
0.3475090901551722,0,3
0.4638591652177799,0,3
0.4948647112116674,0,3
0.3475090901551722,1,3
0.1939244521474882,0,3
0.1939244521474882,1,3
0.1939244521474882,0,3
0.4948647112116674,0,3
0.3385554161542813,1,3
0.4948647112116674,0,3
0.25864803599365016,1,3
0.2728521388563714,0,3
0.3564784436518248,0,3
0.2728521388563714,0,3
0.46736078441306916,0,3
0.3731722178948781,0,3
0.25864803599365016,0,3
0.34309257934063464,0,3
0.366034734570734,0,3
0.366034734570734,0,3
0.45274054378406803,0,3
0.22589119328577556,0,3
0.5939148464570082,1,3
0.22589119328577556,0,3
0.5939148464570082,0,3
0.4109857733557498,0,3
0.2616536665260951,1,3
0.2616536665260951,1,3
0.4109857733557498,0,3
0.2883796578710629,0,3
0.2911795901708375,0,3
0.2883796578710629,0,3
0.2911795901708375,0,3
0.23969330495379537,0,3
0.444684072168412,1,3
0.444684072168412,1,3
0.23969330495379537,1,3
0.3258872604389319,1,3
0.55916300692854,0,3
0.46649458668421373,1,3
0.46649458668421373,0,3
0.3258872604389319,0,3
0.46649458668421373,1,3
0.43987844820662925,0,3
0.23969330495379537,0,3
0.2316746299444018,1,3
0.2316746299444018,0,3
0.3412486840777432,0,3
0.22880295201755407,0,3
0.37903657714165695,0,3
0.3593096238439738,0,3
0.35333987348073204,1,3
0.22880295201755407,1,3
0.33254957150102715,0,3
0.44595951438062564,0,3
0.44595951438062564,0,3
0.22880295201755407,0,3
0.44595951438062564,0,3
0.3412486840777432,0,3
0.327672286818389,0,3
0.4652242282485307,0,3
0.35333987348073204,0,3
0.3011873690539236,0,3
0.32347988474518996,0,3
0.3569650499832402,0,3
0.5071673539307693,1,3
0.5071673539307693,1,3
0.24231420860710806,1,3
0.5900969047385294,1,3
0.4698305687548352,1,3
0.3569650499832402,0,3
0.4698305687548352,0,3
0.24231420860710806,1,3
0.304471827134585,1,3
0.5076851967424901,0,3
0.5076851967424901,1,3
0.304471827134585,0,3
0.393929396168996,1,3
0.24231420860710806,1,3
0.29894226806388835,0,3
0.23988493539805356,0,3
0.4052211550732212,1,3
0.23988493539805356,0,3
0.4172839234427954,0,3
0.3429986946818674,0,3
0.3429986946818674,0,3
0.3429986946818674,0,3
0.45724450391755656,1,3
0.2980957082122032,0,3
0.3377889578306834,0,3
0.45724450391755656,0,3
0.280677229335516,0,3
0.280677229335516,0,3
0.45724450391755656,0,3
0.4052211550732212,0,3
0.280677229335516,0,3
0.29894226806388835,0,3
0.33353133008065217,1,3
0.32145198913123574,0,3
0.5144535124788775,1,3
0.3705813183362704,0,3
0.20789141354679008,0,3
0.3705813183362704,0,3
0.42579357155641306,0,3
0.3705813183362704,1,3
0.20789141354679008,0,3
0.4089626180473239,0,3
0.3709352025185517,0,3
0.20789141354679008,1,3
0.3040269724248067,0,3
0.46293039920384604,0,3
0.3040269724248067,1,3
0.5144535124788775,0,3
0.32145198913123574,0,3
0.5144535124788775,0,3
0.32145198913123574,1,3
0.46293039920384604,0,3
0.5124300476410801,1,3
0.6248247051636984,0,3
0.31708231833865197,1,3
0.5276221622665379,1,3
0.5276221622665379,0,3
0.31708231833865197,1,3
0.31708231833865197,0,3
0.31708231833865197,0,3
0.1829887136403271,0,3
0.37740790540849145,0,3
0.37740790540849145,0,3
0.1829887136403271,0,3
0.37740790540849145,0,3
0.1829887136403271,0,3
0.4312801642939468,0,3
0.3430912763321555,0,3
0.4590027319535329,0,3
0.4312801642939468,0,3
0.39716842362206894,1,3
0.3850643457741838,0,3
0.39716842362206894,1,3
0.2689205494547946,0,3
0.5988856281435817,1,3
0.2689205494547946,0,3
0.505291837675686,0,3
0.3850643457741838,0,3
0.4138311993135161,0,3
0.4138311993135161,1,3
0.3597408520036274,1,3
0.3597408520036274,0,3
0.4138311993135161,0,3
0.3597408520036274,0,3
0.4138311993135161,0,3
0.3597408520036274,1,3
0.27111452018740523,0,3
0.4914863616389952,0,3
0.4914863616389952,1,3
0.27111452018740523,1,3
0.32608590769678336,0,3
0.4251999082637451,0,3
0.43407713857148533,0,3
0.30774899055275406,0,3
0.30774899055275406,0,3
0.43407713857148533,0,3
0.43407713857148533,0,3
0.2496148989579482,0,3
0.33941945195027357,1,3
0.4507795472800519,0,3
0.2679521777175612,1,3
0.30774899055275406,0,3
0.2814655565584778,1,3
0.23428190457394427,1,3
0.2814655565584778,0,3
0.2679521777175612,0,3
0.22942635725218408,0,3
0.45072132182674607,1,3
0.22942635725218408,0,3
0.2971096437497286,1,3
0.3384132306297031,0,3
0.2971096437497286,0,3
0.3384132306297031,1,3
0.5021542127505711,0,3
0.3384132306297031,1,3
0.3693659729320793,0,3
0.4842542897347035,0,3
0.366283478364401,1,3
0.3693659729320793,0,3
0.366283478364401,1,3
0.3693659729320793,1,3
0.2971096437497286,0,3
0.4542364000197331,1,3
0.4632312972458539,0,3
0.4632312972458539,0,3
0.28794402423014,0,3
0.25824729072900043,1,3
0.3045786296950095,0,3
0.362105914653292,0,3
0.4620847806574586,1,3
0.4141023851637121,0,3
0.2989832829465173,0,3
0.42291839467220116,1,3
0.42291839467220116,1,3
0.2989832829465173,1,3
0.3378494819520599,0,3
0.2869361951414888,0,3
0.287310840321521,0,3
0.3378494819520599,1,3
0.287310840321521,0,3
0.47497753642669993,1,3
0.5148220320284008,0,3
0.352342831350281,0,3
0.352342831350281,0,3
0.28693580641707395,0,3
0.2432727733479848,0,3
0.28693580641707395,0,3
0.5148220320284008,1,3
0.28693580641707395,0,3
0.2432727733479848,0,3
0.5950825583961505,0,3
0.287310840321521,0,3
0.47497753642669993,1,3
0.287310840321521,1,3
0.47497753642669993,1,3
0.2432727733479848,0,3
0.5642470711910879,0,3
0.39681524235358234,0,3
0.3528677403310171,0,3
0.39681524235358234,0,3
0.3528677403310171,0,3
0.27305237830665197,0,3
0.5642470711910879,0,3
0.27305237830665197,1,3
0.257788047834951,0,3
0.27305237830665197,0,3
0.502916075729088,1,3
0.257788047834951,0,3
0.502916075729088,1,3
0.257788047834951,0,3
0.4870441280376775,0,3
0.5642470711910879,0,3
0.33724685635829166,0,3
0.601945803833585,1,3
0.33724685635829166,0,3
0.4821048362427792,1,3
0.33724685635829166,0,3
0.33724685635829166,0,3
0.4821048362427792,0,3
0.601945803833585,0,3
0.44874506785173063,1,3
0.44874506785173063,0,3
0.35493773485005065,1,3
0.44874506785173063,1,3
0.35493773485005065,0,3
0.35493773485005065,0,3
0.4325594955978209,1,3
0.18310976833344617,0,3
0.18310976833344617,0,3
0.4325594955978209,0,3
0.36650138805374377,0,3
0.17012366072376173,0,3
0.488618670521352,0,3
0.17012366072376173,0,3
0.3313446327359646,0,3
0.24534408030614963,0,3
0.4451084914115223,1,3
0.33941945195027357,0,3
0.3595287409259802,0,3
0.4451084914115223,0,3
0.3826104167701595,0,3
0.2453261740382231,0,3
0.3826104167701595,1,3
0.26144642670132034,0,3
0.26144642670132034,0,3
0.3826104167701595,1,3
0.34303001197277194,0,3
0.2177508848429588,1,3
0.488618670521352,1,3
0.2177508848429588,0,3
0.4027343590403155,0,3
0.2767465441644008,0,3
0.35320365273424426,1,3
0.4027343590403155,0,3
0.4027343590403155,0,3
0.35320365273424426,0,3
0.35320365273424426,1,3
0.4027343590403155,1,3
0.3948781793277245,0,3
0.35320365273424426,0,3
0.48820304321494234,0,3
0.3552212265130059,0,3
0.48820304321494234,1,3
0.34829021833558194,0,3
0.2767465441644008,0,3
0.20712861394156745,0,3
0.2767465441644008,1,3
0.3552212265130059,0,3
0.36075527423834897,0,3
0.36446757125119345,0,3
0.3581521828377705,0,3
0.4652242282485307,0,3
0.27026937529327466,0,3
0.2619551858567314,0,3
0.1893390723779499,0,3
0.2619551858567314,0,3
0.1893390723779499,0,3
0.4652242282485307,1,3
0.3639370128143803,0,3
0.2619551858567314,0,3
0.48585515844267646,0,3
0.48585515844267646,0,3
0.3581521828377705,1,3
0.4652242282485307,1,3
0.2546792290790564,0,3
0.41462661138408274,0,3
0.270093889382617,1,3
0.3761835525066488,0,3
0.44483806902350786,0,3
0.3303195803277721,0,3
0.3761835525066488,1,3
0.3303195803277721,0,3
0.46492257372865564,1,3
0.3761835525066488,0,3
0.46492257372865564,0,3
0.3890099499776021,0,3
0.25775960247473517,0,3
0.270093889382617,0,3
0.3890099499776021,0,3
0.3890099499776021,0,3
0.41462661138408274,0,3
0.18444177945414408,0,3
0.31370323962685165,0,3
0.31708231833865197,0,3
0.5276221622665379,0,3
0.31708231833865197,0,3
0.5124300476410801,0,3
0.4138311993135161,0,3
0.31370323962685165,0,3
0.4138311993135161,0,3
0.4138311993135161,0,3
0.287310840321521,0,3
0.47497753642669993,0,3
0.287310840321521,0,3
0.47497753642669993,0,3
0.287310840321521,0,3
0.5950825583961505,0,3
0.3597408520036274,0,3
0.17451544175748834,0,3
0.49348909401228314,1,3
0.17684144153998194,0,3
0.32455788807972796,1,3
0.27405151247262227,0,3
0.3840387371246601,0,3
0.36465115024050454,0,3
0.43407713857148533,0,3
0.3844953713990148,0,3
0.3135354632548458,0,3
0.3135354632548458,0,3
0.36465115024050454,0,3
0.2510719802042499,0,3
0.32455788807972796,0,3
0.283088910431857,0,3
0.283088910431857,1,3
0.2767465441644008,1,3
0.39681524235358234,0,3
0.35983954484298775,0,3
0.3528677403310171,0,3
0.3528677403310171,0,3
0.34861644282565196,1,3
0.4027343590403155,0,3
0.35320365273424426,0,3
0.34861644282565196,0,3
0.4027343590403155,0,3
0.35320365273424426,0,3
0.4027343590403155,0,3
0.20712861394156745,0,3
0.2177508848429588,0,3
0.2767465441644008,0,3
0.35320365273424426,0,3
0.36465115024050454,0,3
0.4403004842166667,1,3
0.33254957150102715,0,3
0.32455788807972796,0,3
0.4403004842166667,1,3
0.3844953713990148,0,3
0.43407713857148533,0,3
0.5085519383794184,1,3
0.36465115024050454,0,3
0.49348909401228314,1,3
0.283088910431857,0,3
0.2510719802042499,0,3
0.49348909401228314,0,3
0.17451544175748834,1,3
0.17684144153998194,0,3
0.49348909401228314,1,3
0.4403004842166667,0,3
0.17684144153998194,0,3
0.314420996674341,0,3
0.32455788807972796,0,3
0.3890099499776021,0,3
0.27405151247262227,0,3
0.35787739098458704,0,3
0.4089626180473239,0,3
0.4489453249890214,0,3
0.4089626180473239,0,3
0.35787739098458704,1,3
0.32455788807972796,0,3
0.3569650499832402,0,3
0.5071673539307693,0,3
0.4279760320788042,0,3
0.4089626180473239,0,3
0.3569650499832402,0,3
0.4279760320788042,0,3
0.3890099499776021,1,3
0.25775960247473517,0,3
0.270093889382617,0,3
0.270093889382617,1,3
0.3890099499776021,1,3
0.3569650499832402,1,3
0.5939148464570082,1,3
0.32145198913123574,0,3
0.46293227636745127,1,3
0.46293227636745127,0,3
0.32145198913123574,0,3
0.5144535124788775,0,3
0.32145198913123574,0,3
0.5785123743957631,0,3
0.22589119328577556,0,3
0.5939148464570082,0,3
0.22589119328577556,0,3
0.36008073408419095,0,3
0.2618100851844384,1,3
0.42416920977111616,1,3
0.42416920977111616,0,3
0.42416920977111616,0,3
0.22589119328577556,0,3
0.2618100851844384,0,3
0.35333987348073204,0,3
0.22880295201755407,0,3
0.44595951438062564,0,3
0.44595951438062564,1,3
0.44595951438062564,1,3
0.22880295201755407,1,3
0.4230914061151475,0,3
0.35333987348073204,1,3
0.2316746299444018,0,3
0.4652242282485307,0,3
0.32347988474518996,0,3
0.327672286818389,0,3
0.3412486840777432,0,3
0.3412486840777432,1,3
0.2316746299444018,0,3
0.2316746299444018,1,3
0.3412486840777432,0,3
0.4025580170554477,0,3
0.32338382975436375,0,3
0.22880295201755407,1,3
0.2689205494547946,0,3
0.5988856281435817,1,3
0.4948647112116674,0,3
0.2144050138395155,0,3
0.2144050138395155,0,3
0.4948647112116674,0,3
0.4948647112116674,0,3
0.4948647112116674,0,3
0.2144050138395155,0,3
0.1939244521474882,1,3
0.2144050138395155,0,3
0.1939244521474882,0,3
0.4638591652177799,1,3
0.5988856281435817,0,3
0.5988856281435817,0,3
0.2689205494547946,0,3
0.2689205494547946,0,3
0.1939244521474882,0,3
0.3475090901551722,0,3
0.3475090901551722,0,3
0.4624733704859014,0,3
0.2980957082122032,0,3
0.280677229335516,0,3
0.45724450391755656,0,3
0.280677229335516,0,3
0.45724450391755656,0,3
0.3429986946818674,1,3
0.3387665133413136,0,3
0.3377889578306834,1,3
0.3429986946818674,0,3
0.3387665133413136,0,3
0.33353133008065217,0,3
0.23988493539805356,0,3
0.42579357155641306,1,3
0.4052211550732212,0,3
0.23988493539805356,0,3
0.4052211550732212,1,3
0.3429986946818674,0,3
0.3303195803277721,0,3
0.2971096437497286,0,3
0.32912337652283175,0,3
0.32912337652283175,1,3
0.3384132306297031,0,3
0.2971096437497286,0,3
0.2971096437497286,0,3
0.3384132306297031,0,3
0.5642470711910879,0,3
0.27305237830665197,0,3
0.5642470711910879,0,3
0.3384132306297031,0,3
0.27305237830665197,0,3
0.5642470711910879,0,3
0.44483806902350786,0,3
0.3761835525066488,0,3
0.32912337652283175,0,3
0.3303195803277721,1,3
0.3303195803277721,0,3
0.27305237830665197,1,3
0.27289172594574596,0,3
0.3216285836753402,0,3
0.5712564100441748,1,3
0.3216285836753402,1,3
0.5712564100441748,0,3
0.5712564100441748,0,3
0.5073164440857427,0,3
0.3216285836753402,0,3
0.27289172594574596,0,3
0.5073164440857427,0,3
0.27289172594574596,0,3
0.257788047834951,1,3
0.502916075729088,0,3
0.3552755970500511,1,3
0.4870441280376775,0,3
0.5073164440857427,0,3
0.33724685635829166,0,3
0.4821048362427792,0,3
0.33724685635829166,0,3
0.4821048362427792,0,3
0.601945803833585,0,3
0.33724685635829166,0,3
0.22956950034643842,1,3
0.55916300692854,0,3
0.55916300692854,1,3
0.22956950034643842,0,3
0.55916300692854,0,3
0.3705813183362704,0,3
0.17033571499139966,0,3
0.17033571499139966,0,3
0.3705813183362704,1,3
0.22956950034643842,0,3
0.3693659729320793,1,3
0.304471827134585,0,3
0.5076851967424901,0,3
0.31808346936325205,1,3
0.393929396168996,0,3
0.393929396168996,0,3
0.3113615888510022,0,3
0.31808346936325205,0,3
0.3113615888510022,1,3
0.2432727733479848,0,3
0.42346359457360394,0,3
0.3693659729320793,0,3
0.2432727733479848,0,3
0.28693580641707395,1,3
0.2432727733479848,0,3
0.28693580641707395,0,3
0.28693580641707395,0,3
0.3693659729320793,1,3
0.4325594955978209,1,3
0.34010088287803175,0,3
0.38875464111531854,0,3
0.2451936939629954,0,3
0.3756730224693712,1,3
0.4325594955978209,1,3
0.3756730224693712,0,3
0.2451936939629954,0,3
0.18310976833344617,1,3
0.18310976833344617,0,3
0.4325594955978209,0,3
0.18310976833344617,1,3
0.43987844820662925,0,3
0.3742847090451611,1,3
0.3258872604389319,1,3
0.46649458668421373,1,3
0.46649458668421373,0,3
0.18310976833344617,0,3
0.4325594955978209,0,3
0.3258872604389319,0,3
0.3045786296950095,0,3
0.408502225130729,1,3
0.4172839234427954,0,3
0.3378494819520599,0,3
0.2989832829465173,0,3
0.4172839234427954,0,3
0.25824729072900043,0,3
0.41733150941640584,0,3
0.2869361951414888,0,3
0.2902337572645376,0,3
0.4620847806574586,0,3
0.4141023851637121,1,3
0.42291839467220116,0,3
0.3378494819520599,1,3
0.4620847806574586,1,3
0.35493773485005065,0,3
0.3378494819520599,1,3
0.35493773485005065,0,3
0.3576913879329211,1,3
0.46492257372865564,0,3
0.41462661138408274,0,3
0.41462661138408274,1,3
0.46492257372865564,0,3
0.41462661138408274,0,3
0.392892205897591,0,3
0.46492257372865564,1,3
0.392892205897591,0,3
0.35305261377981434,0,3
0.392892205897591,0,3
0.35305261377981434,0,3
0.392892205897591,0,3
0.35305261377981434,0,3
0.44874506785173063,0,3
0.35305261377981434,0,3
0.19607698080295122,1,3
0.2911795901708375,0,3
0.2883796578710629,0,3
0.2883796578710629,0,3
0.2911795901708375,1,3
0.2911795901708375,0,3
0.4350539370688409,1,3
0.19607698080295122,1,3
0.2883796578710629,0,3
0.22942635725218408,0,3
0.37652983361902004,0,3
0.3524613044775925,0,3
0.2757041379031665,0,3
0.48309590022523896,0,3
0.3524613044775925,0,3
0.2757041379031665,1,3
0.5021542127505711,0,3
0.4862817798841583,1,3
0.34829021833558194,0,3
0.45404802018752843,1,3
0.24231420860710806,0,3
0.45404802018752843,0,3
0.5900969047385294,0,3
0.24231420860710806,0,3
0.4273273653760634,1,3
0.34829021833558194,0,3
0.24231420860710806,1,3
0.4273273653760634,1,3
0.3254784872272304,0,3
0.2616536665260951,1,3
0.4109857733557498,0,3
0.4109857733557498,0,3
0.2616536665260951,0,3
0.3598942277050242,0,3
0.39570553586845025,0,3
0.4273273653760634,0,3
0.4440613801876594,0,3
0.4312801642939468,0,3
0.3304986736463307,0,3
0.3304986736463307,1,3
0.4312801642939468,0,3
0.4312801642939468,1,3
0.4450379902121476,0,3
0.29689499112412654,0,3
0.29689499112412654,0,3
0.4597891439295516,0,3
0.17064738881031438,0,3
0.4677924556405396,0,3
0.18000194646589252,0,3
0.4677924556405396,0,3
0.4440613801876594,0,3
0.37799295958559964,0,3
0.3597557595464912,0,3
0.4677924556405396,1,3
0.5076258663470476,0,3
0.2559698835674218,0,3
0.2559698835674218,0,3
0.5000272709106687,0,3
0.38126246952320664,1,3
0.3734030361268553,0,3
0.3734030361268553,0,3
0.3734030361268553,0,3
0.38126246952320664,0,3
0.3705868193984887,0,3
0.4007688726011722,0,3
0.39605837797860055,0,3
0.5148220320284008,0,3
0.38126246952320664,0,3
0.44506015743025795,1,3
0.27111452018740523,0,3
0.27111452018740523,0,3
0.2453078488156617,0,3
0.2453078488156617,1,3
0.2679521777175612,0,3
0.2679521777175612,0,3
0.2453078488156617,1,3
0.40197814652066655,0,3
0.44595951438062564,1,3
0.40197814652066655,1,3
0.40197814652066655,1,3
0.44595951438062564,0,3
0.327672286818389,0,3
0.39202274858567787,0,3
0.327672286818389,0,3
0.32338382975436375,0,3
0.44595951438062564,0,3
0.3826104167701595,1,3
0.31843917734217886,0,3
0.2275832505719484,0,3
0.2275832505719484,0,3
0.3826104167701595,0,3
0.2275832505719484,0,3
0.3826104167701595,0,3
0.3826104167701595,0,3
0.280677229335516,0,3
0.45724450391755656,0,3
0.280677229335516,1,3
0.280677229335516,0,3
0.45724450391755656,0,3
0.3377889578306834,1,3
0.280677229335516,0,3
0.2894677432373107,0,3
0.3377889578306834,0,3
0.45724450391755656,1,3
0.33353133008065217,0,3
0.23988493539805356,0,3
0.4052211550732212,0,3
0.4052211550732212,0,3
0.23988493539805356,0,3
0.42579357155641306,1,3
0.2619551858567314,0,3
0.2619551858567314,0,3
0.4402522580995356,1,3
0.3225974023431494,0,3
0.3225974023431494,0,3
0.4402522580995356,1,3
0.2619551858567314,0,3
0.2619551858567314,0,3
0.3693659729320793,0,3
0.366283478364401,1,3
0.3693659729320793,0,3
0.366283478364401,1,3
0.3693659729320793,0,3
0.366283478364401,0,3
0.2432727733479848,0,3
0.2741204488546236,0,3
0.2432727733479848,1,3
0.2741204488546236,1,3
0.2432727733479848,0,3
0.2741204488546236,0,3
0.2432727733479848,1,3
0.366283478364401,0,3
0.2432727733479848,0,3
0.2741204488546236,0,3
0.46492257372865564,0,3
0.3399186840279934,0,3
0.46492257372865564,1,3
0.3399186840279934,1,3
0.3399186840279934,0,3
0.3693659729320793,0,3
0.46492257372865564,0,3
0.3399186840279934,1,3
0.3399186840279934,0,3
0.46492257372865564,0,3
0.28693580641707395,0,3
0.46492257372865564,0,3
0.4948647112116674,0,3
0.25864803599365016,0,3
0.479001000034765,0,3
0.25864803599365016,0,3
0.479001000034765,0,3
0.25864803599365016,0,3
0.287310840321521,1,3
0.47497753642669993,0,3
0.287310840321521,1,3
0.287310840321521,0,3
0.47497753642669993,0,3
0.47497753642669993,0,3
0.287310840321521,0,3
0.47497753642669993,0,3
0.3693659729320793,0,3
0.366283478364401,1,3
0.3693659729320793,0,3
0.366283478364401,0,3
0.3693659729320793,1,3
0.366283478364401,1,3
0.366283478364401,1,3
0.3693659729320793,0,3
0.366283478364401,1,3
0.3693659729320793,1,3
0.1939244521474882,1,3
0.1939244521474882,0,3
0.3475090901551722,1,3
0.3475090901551722,0,3
0.1939244521474882,0,3
0.3475090901551722,0,3
0.1939244521474882,0,3
0.3475090901551722,0,3
0.1939244521474882,0,3
0.3475090901551722,0,3
0.479001000034765,0,3
0.25864803599365016,1,3
0.25864803599365016,1,3
0.479001000034765,1,3
0.4948647112116674,0,3
0.479001000034765,0,3
0.25864803599365016,0,3
0.25864803599365016,0,3
0.24170947442416968,0,3
0.31359188790835746,1,3
0.344883187107628,0,3
0.20456294716329804,0,3
0.3135580451140917,0,3
0.3058136453024415,0,3
0.362105914653292,0,3
0.47055047107377734,0,3
0.3135580451140917,0,3
0.362105914653292,1,3
0.42291839467220116,1,3
0.41531097093556457,0,3
0.2928629950916225,0,3
0.2928629950916225,0,3
0.45815516052527183,0,3
0.26115438380428,0,3
0.45815516052527183,0,3
0.42291839467220116,0,3
0.2526285526417762,1,3
0.2526285526417762,1,3
0.4141023851637121,0,3
0.362105914653292,1,3
0.2668589842692236,0,3
0.3491345097720543,1,3
0.3491345097720543,0,3
0.23125054506905207,1,3
0.23326419643481422,0,3
0.4319512013552319,0,3
0.2001705941539258,0,3
0.33194441600967217,1,3
0.2668589842692236,1,3
0.23780135429520444,0,3
0.33941945195027357,0,3
0.23326419643481422,0,3
0.20897856858999664,0,3
0.30795579655447014,1,3
0.42291839467220116,1,3
0.20897856858999664,0,3
0.42291839467220116,0,3
0.31929342925554993,0,3
0.2759469814295439,1,3
0.2211903313930912,0,3
0.3507589483790058,1,3
0.32327641527284157,0,3
0.33941945195027357,0,3
0.301935509893664,1,3
0.301935509893664,0,3
0.3313446327359646,0,3
0.3575788423835188,0,3
0.3055810172364243,0,3
0.3575788423835188,1,3
0.23428190457394427,1,3
0.23428190457394427,0,3
0.3583191530597014,0,3
0.30156620251087096,0,3
0.33941945195027357,0,3
0.30156620251087096,0,3
0.3055810172364243,0,3
0.2965774104200338,0,3
0.2965774104200338,0,3
0.3583191530597014,0,3
0.1750097449836745,0,3
0.1750097449836745,0,3
0.37775463107332485,0,3
0.1750097449836745,0,3
0.30156620251087096,0,3
0.37775463107332485,0,3
0.3111355676832629,0,3
0.3111355676832629,0,3
0.3111355676832629,0,3
0.3111355676832629,1,3
0.29778440945930007,0,3
0.31036378944092324,0,3
0.3111355676832629,0,3
0.29778440945930007,1,3
0.39734221296010763,1,3
0.29778440945930007,0,3
0.37775463107332485,0,3
0.5076851967424901,1,3
0.4507795472800519,0,3
0.5076851967424901,1,3
0.22968038368173982,0,3
0.3005238031081928,0,3
0.4326570096529423,1,3
0.3005238031081928,0,3
0.33164430166656367,0,3
0.3139328975854204,0,3
0.3139328975854204,0,3
0.33164430166656367,0,3
0.33164430166656367,1,3
0.3312239969857488,0,3
0.30232930414502335,0,3
0.30232930414502335,1,3
0.3312239969857488,0,3
0.2619551858567314,0,3
0.318040071191642,0,3
0.4326570096529423,1,3
0.2619551858567314,0,3
0.4351004020204994,0,3
0.34207748199152177,0,3
0.3127742077336937,0,3
0.34207748199152177,1,3
0.3127742077336937,0,3
0.2901488748440014,1,3
0.31672996227509675,0,3
0.22968038368173982,0,3
0.31672996227509675,0,3
0.2859736737757801,0,3
0.31672996227509675,0,3
0.2859736737757801,0,3
0.2997478342074045,0,3
0.2901488748440014,0,3
0.21383807018772027,0,3
0.3007081907251795,1,3
0.42291839467220116,1,3
0.21383807018772027,1,3
0.5343200587643258,1,3
0.3135580451140917,0,3
0.3575788423835188,0,3
0.3575788423835188,0,3
0.2884537288469663,1,3
0.29725054271840035,0,3
0.29725054271840035,1,3
0.46649458668421373,1,3
0.2884537288469663,0,3
0.3575788423835188,1,3
0.46649458668421373,1,3
0.4677833647376558,1,3
0.34207748199152177,0,3
0.35933449105416215,1,3
0.34207748199152177,0,3
0.34207748199152177,1,3
0.35933449105416215,0,3
0.23098757148735893,0,3
0.42474459097269723,0,3
0.3315859181662303,0,3
0.2859736737757801,0,3
0.2842277579590441,0,3
0.3007081907251795,0,3
0.2901488748440014,0,3
0.2901488748440014,1,3
0.2884537288469663,1,3
0.35933449105416215,0,3
0.29725054271840035,0,3
0.42291839467220116,1,3
0.3692977407838087,1,3
0.3107634418503691,0,3
0.4109857733557498,0,3
0.3598942277050242,1,3
0.2616536665260951,0,3
0.4109857733557498,0,3
0.362105914653292,0,3
0.32327641527284157,0,3
0.2563313483803986,0,3
0.3154022736988247,0,3
0.3073182526584096,0,3
0.2563313483803986,1,3
0.4337426202412943,0,3
0.26007113122802017,1,3
0.5399211764495937,0,3
0.4337426202412943,0,3
0.4337426202412943,1,3
0.30903803244767647,0,3
0.3692977407838087,0,3
0.3107634418503691,0,3
0.3107634418503691,1,3
0.3692977407838087,0,3
0.3107634418503691,0,3
0.5399211764495937,1,3
0.35236458883773436,0,3
0.3692977407838087,1,3
0.35236458883773436,0,3
0.2931332345439577,0,3
0.3263012348538631,0,3
0.2901488748440014,0,3
0.3263012348538631,0,3
0.2859736737757801,0,3
0.2931332345439577,0,3
0.27211532705048347,0,3
0.18633136484481994,1,3
0.32401027555702355,0,3
0.32401027555702355,0,3
0.323543904223654,0,3
0.2578683122262765,0,3
0.3578033450688788,0,3
0.3578033450688788,0,3
0.2821418385749034,1,3
0.245514842710865,0,3
0.22436507810072437,0,3
0.5244962563416322,0,3
0.22436507810072437,0,3
0.2357575671714912,0,3
0.5244962563416322,0,3
0.301160083681805,1,3
0.22631333089873773,0,3
0.2639928179823138,0,3
0.22631333089873773,0,3
0.4117854634050653,0,3
0.37652983361902004,0,3
0.37652983361902004,0,3
0.28607245526724134,1,3
0.31023185791853247,1,3
0.30364090422199086,0,3
0.31023185791853247,0,3
0.24911360350888978,0,3
0.2729626103823317,0,3
0.24911360350888978,0,3
0.2701150230761802,0,3
0.24911360350888978,0,3
0.20146178481591226,0,3
0.2357575671714912,0,3
0.20146178481591226,0,3
0.2357575671714912,0,3
0.20146178481591226,0,3
0.22436507810072437,0,3
0.30364090422199086,0,3
0.5244962563416322,0,3
0.41026477693794583,0,3
0.44595951438062564,0,3
0.22880295201755407,0,3
0.4436410563574299,0,3
0.34748225406173405,0,3
0.34748225406173405,0,3
0.4436410563574299,1,3
0.4436410563574299,0,3
0.34748225406173405,0,3
0.4122029146591002,0,3
0.40345411120074104,1,3
0.28794402423014,1,3
0.28794402423014,0,3
0.4122029146591002,0,3
0.4122029146591002,0,3
0.2998154806623414,1,3
0.24267065831011236,0,3
0.22880295201755407,0,3
0.28794402423014,0,3
0.44595951438062564,1,3
0.33254957150102715,0,3
0.327672286818389,0,3
0.41026477693794583,0,3
0.4138311993135161,0,3
0.41026477693794583,0,3
0.4138311993135161,0,3
0.30912227891516697,0,3
0.24267065831011236,1,3
0.30912227891516697,0,3
0.4138311993135161,0,3
0.18465152817389763,0,3
0.18465152817389763,0,3
0.3035528332837726,0,3
0.18819140191376693,0,3
0.2932691098019733,0,3
0.2619551858567314,1,3
0.4351004020204994,1,3
0.4351004020204994,0,3
0.2619551858567314,1,3
0.2619551858567314,1,3
0.4351004020204994,0,3
0.39496916348576006,0,3
0.4351004020204994,1,3
0.39496916348576006,1,3
0.1504846116311872,1,3
0.3169656377324873,1,3
0.31023185791853247,1,3
0.3169656377324873,0,3
0.31023185791853247,0,3
0.3169656377324873,0,3
0.2596694945219977,0,3
0.27197857768380795,0,3
0.1461039735854106,0,3
0.14859539489121543,0,3
0.14431199132462624,0,3
0.14859539489121543,0,3
0.1504846116311872,0,3
0.15675408078198094,0,3
0.2619551858567314,0,3
0.39496916348576006,0,3
0.318040071191642,1,3
0.1461039735854106,0,3
0.30982468946794983,1,3
0.14613902676170176,0,3
0.37775463107332485,0,3
0.37775463107332485,0,3
0.14613902676170176,0,3
0.34825269015544624,0,3
0.22697100565677775,0,3
0.22697100565677775,0,3
0.34825269015544624,0,3
0.2619551858567314,0,3
0.4398962546379658,0,3
0.22697100565677775,1,3
0.37888794579544915,0,3
0.5406611337266043,1,3
0.2777120687567678,0,3
0.3286454180193813,0,3
0.5406611337266043,1,3
0.23226506132296243,1,3
0.31023185791853247,0,3
0.3201516459581011,0,3
0.3201516459581011,0,3
0.36647499225597147,0,3
0.24109553705394204,0,3
0.30875637961742064,0,3
0.30875637961742064,0,3
0.31657421643237804,1,3
0.24267065831011236,0,3
0.3141614780467492,1,3
0.3141614780467492,0,3
0.24267065831011236,0,3
0.344126117783908,0,3
0.31657421643237804,1,3
0.36209902656222626,0,3
0.4106217797516907,1,3
0.5712564100441748,0,3
0.4106217797516907,1,3
0.5712564100441748,0,3
0.2616536665260951,0,3
0.1750097449836745,0,3
0.3598942277050242,1,3
0.1750097449836745,0,3
0.1750097449836745,0,3
0.37775463107332485,1,3
0.37775463107332485,0,3
0.36209902656222626,0,3
0.2469324667815157,0,3
0.5076851967424901,1,3
0.2469324667815157,0,3
0.46649458668421373,0,3
0.5076851967424901,0,3
0.30232930414502335,0,3
0.3312239969857488,1,3
0.30232930414502335,0,3
0.3312239969857488,0,3
0.46649458668421373,1,3
0.2971096437497286,1,3
0.37652983361902004,1,3
0.301160083681805,1,3
0.301160083681805,0,3
0.37652983361902004,0,3
0.4117854634050653,1,3
0.37652983361902004,1,3
0.37775463107332485,1,3
0.37775463107332485,0,3
0.37775463107332485,0,3
0.2971096437497286,1,3
0.2837071022233991,0,3
0.2971096437497286,0,3
0.33027565652463253,1,3
0.1829887136403271,1,3
0.33027565652463253,1,3
0.1829887136403271,0,3
0.39151312730812127,0,3
0.37652983361902004,1,3
0.37652983361902004,1,3
0.33027565652463253,1,3
0.44874506785173063,0,3
0.41134296595342923,0,3
0.44874506785173063,0,3
0.23641585283687538,0,3
0.41134296595342923,0,3
0.41134296595342923,1,3
0.23641585283687538,0,3
0.23641585283687538,1,3
0.3110467838747759,0,3
0.34748225406173405,0,3
0.3110467838747759,0,3
0.34748225406173405,0,3
0.3110467838747759,0,3
0.3111355676832629,0,3
0.45210746771980326,1,3
0.3111355676832629,0,3
0.45210746771980326,0,3
0.34748225406173405,0,3
0.3294081793013649,0,3
0.43549164479303626,0,3
0.3294081793013649,0,3
0.43549164479303626,1,3
0.41561949402855247,0,3
0.41561949402855247,0,3
0.43549164479303626,0,3
0.43549164479303626,0,3
0.34748225406173405,1,3
0.43549164479303626,0,3
0.34748225406173405,0,3
0.34748225406173405,0,3
0.257648434739451,0,3
0.5095932276849451,0,3
0.257648434739451,0,3
0.5095932276849451,0,3
0.31852525211171223,1,3
0.21994633805865837,0,3
0.31852525211171223,0,3
0.21994633805865837,1,3
0.21647327370740932,0,3
0.2574300919793333,1,3
0.301489339297487,1,3
0.3537118980054077,0,3
0.3537118980054077,0,3
0.2826560927126096,0,3
0.4328470012773189,0,3
0.1990283052143652,0,3
0.5535304844746274,0,3
0.4328470012773189,0,3
0.3537118980054077,0,3
0.2574300919793333,0,3
0.2574300919793333,0,3
0.1990283052143652,0,3
0.1656077792273225,0,3
0.2900359505027754,0,3
0.5025230403446039,1,3
0.2900359505027754,0,3
0.486650345312293,1,3
0.2900359505027754,1,3
0.5025230403446039,1,3
0.4000408791901261,1,3
0.1656077792273225,0,3
0.34748225406173405,0,3
0.3037149163921069,0,3
0.43032449190615707,0,3
0.3037149163921069,0,3
0.43032449190615707,0,3
0.30742897666108526,0,3
0.23632838206593043,0,3
0.23632838206593043,0,3
0.2876106188908354,0,3
0.4764868571530533,0,3
0.35301234238290014,0,3
0.26445318876722745,0,3
0.5574335770391043,1,3
0.18482339272941783,0,3
0.5574335770391043,0,3
0.4764868571530533,0,3
0.5574335770391043,0,3
0.35301234238290014,0,3
0.18482339272941783,0,3
0.4764868571530533,0,3
0.33578775839162434,0,3
0.3155063959801411,0,3
0.42291839467220116,1,3
0.21536119199844295,0,3
0.3725946231742524,0,3
0.34207748199152177,0,3
0.3339713977701064,0,3
0.36387120087040736,1,3
0.36387120087040736,0,3
0.2883796578710629,0,3
0.4698305687548352,0,3
0.24231420860710806,0,3
0.45404802018752843,1,3
0.5900969047385294,0,3
0.24231420860710806,0,3
0.2883796578710629,0,3
0.2911795901708375,1,3
0.24231420860710806,0,3
0.2911795901708375,0,3
0.3506503311058523,1,3
0.33273515846807655,0,3
0.2859736737757801,0,3
0.1828720714196892,0,3
0.3063045921053149,0,3
0.3063045921053149,1,3
0.1828720714196892,0,3
0.2901488748440014,0,3
0.41279334196084005,0,3
0.5276221622665379,1,3
0.5276221622665379,0,3
0.3552755970500511,1,3
0.3552755970500511,0,3
0.5276221622665379,0,3
0.41279334196084005,1,3
0.3552755970500511,1,3
0.3686670882882792,0,3
0.3686670882882792,0,3
0.38859618704367493,0,3
0.37922325566115545,0,3
0.2804297403756876,0,3
0.37922325566115545,0,3
0.18835454852589895,0,3
0.41279334196084005,0,3
0.27405151247262227,0,3
0.3840387371246601,1,3
0.32455788807972796,0,3
0.33254957150102715,0,3
0.3795508136145417,0,3
0.3153859940019407,0,3
0.2806002272203756,0,3
0.3153859940019407,0,3
0.2806002272203756,0,3
0.3153859940019407,0,3
0.397251952891994,0,3
0.1715822119396987,0,3
0.1715822119396987,0,3
0.3795508136145417,0,3
0.3155063959801411,0,3
0.3155063959801411,1,3
0.2686578554529049,1,3
0.2686578554529049,0,3
0.3155063959801411,1,3
0.41376749302396465,1,3
0.36092261975919815,0,3
0.41376749302396465,1,3
0.36092261975919815,0,3
0.34748225406173405,0,3
0.27479828117942007,0,3
0.4986289658845512,0,3
0.5076851967424901,0,3
0.27479828117942007,0,3
0.5076851967424901,1,3
0.46649458668421373,0,3
0.46649458668421373,1,3
0.43987844820662925,0,3
0.3258872604389319,0,3
0.27479828117942007,0,3
0.27479828117942007,0,3
0.2708839267198816,0,3
0.19575065364051836,0,3
0.4263248842777475,1,3
0.2859736737757801,0,3
0.4069665320181949,1,3
0.25447901864624856,0,3
0.26507242650960905,1,3
0.26507242650960905,0,3
0.25447901864624856,0,3
0.26507242650960905,0,3
0.5076851967424901,0,3
0.24093604721191608,0,3
0.24093604721191608,0,3
0.4652242282485307,1,3
0.4032287886342323,0,3
0.4835466822042349,0,3
0.4835466822042349,0,3
0.4032287886342323,0,3
0.4032287886342323,1,3
0.4652242282485307,1,3
0.4835466822042349,0,3
0.33481203357237743,1,3
0.2775710157951098,0,3
0.3634884488946306,0,3
0.21187688132001636,0,3
0.29320442728516405,0,3
0.266660974316272,1,3
0.25693175933215207,0,3
0.4652242282485307,0,3
0.3634884488946306,1,3
0.3342462691402108,0,3
0.3342462691402108,1,3
0.3342462691402108,0,3
0.18442647769182663,0,3
0.22589119328577556,0,3
0.5785123743957631,1,3
0.22589119328577556,0,3
0.5939148464570082,0,3
0.18442647769182663,0,3
0.37775463107332485,1,3
0.3692776391308302,1,3
0.18442647769182663,0,3
0.37775463107332485,0,3
0.42291839467220116,1,3
0.24075744817349032,0,3
0.24075744817349032,0,3
0.42291839467220116,0,3
0.34748225406173405,0,3
0.42291839467220116,0,3
0.4234046666129746,1,3
0.2604821283195017,0,3
0.4234046666129746,1,3
0.2771301708958328,0,3
0.40362189833502293,0,3
0.37652983361902004,1,3
0.4068062004202805,0,3
0.24958006040436276,1,3
0.24958006040436276,0,3
0.24958006040436276,0,3
0.531094337939207,0,3
0.37652983361902004,0,3
0.531094337939207,0,3
0.40362189833502293,1,3
0.2859736737757801,1,3
0.37652983361902004,1,3
0.29711576026690545,0,3
0.27061907819533515,0,3
0.27061907819533515,0,3
0.29711576026690545,0,3
0.2523329733924584,0,3
0.2541304357678753,0,3
0.22467436503726568,0,3
0.5236808120992849,0,3
0.37652983361902004,0,3
0.362105914653292,1,3
0.3184201910910669,0,3
0.3184201910910669,1,3
0.362105914653292,1,3
0.3155063959801411,0,3
0.2813947865876404,0,3
0.3155063959801411,0,3
0.37652983361902004,0,3
0.37652983361902004,1,3
0.4314712516846039,1,3
0.4052211550732212,1,3
0.23988493539805356,1,3
0.23988493539805356,0,3
0.33353133008065217,0,3
0.42579357155641306,0,3
0.3876828687621743,0,3
0.3876828687621743,0,3
0.2290089234423146,0,3
0.2290089234423146,0,3
0.3876828687621743,0,3
0.4052211550732212,0,3
0.4312801642939468,0,3
0.3793489964166501,0,3
0.3793489964166501,1,3
0.23112576977207944,0,3
0.23112576977207944,0,3
0.486650345312293,0,3
0.49821955068600055,0,3
0.4312801642939468,0,3
0.4312801642939468,0,3
0.5025230403446039,0,3
0.44678099609262745,0,3
0.42714461912600377,0,3
0.30748209826689443,0,3
0.4154600732637096,1,3
0.4154600732637096,0,3
0.30748209826689443,0,3
0.46780384514256756,0,3
0.33862839090947705,1,3
0.4154600732637096,0,3
0.33862839090947705,0,3
0.3135354632548458,0,3
0.26950696779004424,0,3
0.5434556608340582,0,3
0.5434556608340582,0,3
0.26950696779004424,0,3
0.26950696779004424,0,3
0.55916300692854,0,3
0.36465115024050454,0,3
0.36465115024050454,0,3
0.3135354632548458,1,3
0.36465115024050454,0,3
0.43407713857148533,0,3
0.3844953713990148,0,3
0.3135354632548458,0,3
0.27958233107333097,0,3
0.3608174645181542,1,3
0.27958233107333097,0,3
0.3608174645181542,0,3
0.27958233107333097,1,3
0.3608174645181542,0,3
0.3608174645181542,0,3
0.27958233107333097,0,3
0.5025230403446039,0,3
0.27958233107333097,0,3
0.35301234238290014,0,3
0.4906106255533317,0,3
0.4906106255533317,0,3
0.35301234238290014,1,3
0.4906106255533317,0,3
0.3725946231742524,0,3
0.4906106255533317,0,3
0.4906106255533317,0,3
0.35301234238290014,0,3
0.35301234238290014,1,3
0.3116225768021925,0,3
0.41094378215549887,0,3
0.27026937529327466,0,3
0.41094378215549887,0,3
0.32608590769678336,1,3
0.17843483042957642,0,3
0.17843483042957642,0,3
0.17843483042957642,0,3
0.2918658324958193,0,3
0.2953647303465132,0,3
0.29349456571995935,0,3
0.41094378215549887,0,3
0.35385085991786025,0,3
0.3116225768021925,1,3
0.27629026420979463,0,3
0.27629026420979463,0,3
0.22697100565677775,1,3
0.22697100565677775,0,3
0.27629026420979463,0,3
0.3236331346048724,0,3
0.22697100565677775,0,3
0.362105914653292,1,3
0.3236331346048724,0,3
0.20907278918428007,0,3
0.452401962846291,0,3
0.20907278918428007,1,3
0.452401962846291,0,3
0.362105914653292,1,3
0.3337034323753595,1,3
0.31397440484882755,0,3
0.3337034323753595,0,3
0.31397440484882755,0,3
0.31397440484882755,0,3
0.45683878064971073,0,3
0.2918658324958193,0,3
0.20487516613310064,1,3
0.20487516613310064,0,3
0.20487516613310064,1,3
0.2918658324958193,1,3
0.452401962846291,0,3
0.1644889772188235,0,3
0.1644889772188235,0,3
0.452401962846291,1,3
0.452401962846291,0,3
0.1644889772188235,0,3
0.2918658324958193,0,3
0.4349869510682113,1,3
0.23770829750373623,0,3
0.391157683346947,0,3
0.362105914653292,0,3
0.2526285526417762,0,3
0.391157683346947,0,3
0.2526285526417762,0,3
0.23770829750373623,0,3
0.391157683346947,1,3
0.4349869510682113,0,3
0.14499422809596973,0,3
0.4349869510682113,0,3
0.41209107874498085,0,3
0.2894677432373107,0,3
0.27272649066950905,1,3
0.14499422809596973,0,3
0.27272649066950905,0,3
0.27272649066950905,0,3
0.14499422809596973,0,3
0.23770829750373623,0,3
0.37048765428046393,0,3
0.2570896435423706,0,3
0.22577714646294178,0,3
0.2918658324958193,0,3
0.22577714646294178,0,3
0.3330366468453728,0,3
0.32864694910736436,0,3
0.1970640845983037,0,3
0.2570896435423706,0,3
0.41756389897811674,1,3
0.33198515990983113,0,3
0.35432163188048216,0,3
0.2918658324958193,0,3
0.24314349157279247,0,3
0.37048765428046393,0,3
0.24314349157279247,1,3
0.4593629576070424,0,3
0.5529784767214405,0,3
0.2620046087323663,0,3
0.2620046087323663,0,3
0.363871514433754,0,3
0.4119793343310154,0,3
0.5529784767214405,0,3
0.4119793343310154,0,3
0.4119793343310154,0,3
0.363871514433754,0,3
0.24314349157279247,0,3
0.3698201780702347,0,3
0.4593629576070424,0,3
0.363871514433754,0,3
0.28794402423014,0,3
0.32338382975436375,0,3
0.391157683346947,1,3
0.4137089346804954,1,3
0.22154753173667352,0,3
0.45683878064971073,0,3
0.2327488394033218,0,3
0.45683878064971073,1,3
0.4132183341990895,1,3
0.22302225749980997,0,3
0.22302225749980997,0,3
0.350238452851363,1,3
0.28794402423014,0,3
0.48860312441527287,0,3
0.2327488394033218,0,3
0.43543328918386914,1,3
0.31103347352328203,0,3
0.43543328918386914,0,3
0.31103347352328203,0,3
0.31103347352328203,0,3
0.43543328918386914,0,3
0.3499420890587187,0,3
0.44509124748933837,0,3
0.537319577887758,0,3
0.3499420890587187,0,3
0.537319577887758,0,3
0.2327488394033218,0,3
0.48860312441527287,0,3
0.3499420890587187,0,3
0.48860312441527287,1,3
0.3698201780702347,0,3
0.23507291903187055,0,3
0.3617865162768571,0,3
0.40129240206063055,1,3
0.3617865162768571,0,3
0.3698201780702347,0,3
0.40129240206063055,1,3
0.23507291903187055,0,3
0.3761835525066488,1,3
0.3698201780702347,0,3
0.38791817979085963,0,3
0.5072792264541586,1,3
0.3761835525066488,1,3
0.38791817979085963,0,3
0.3761835525066488,1,3
0.23507291903187055,0,3
0.3215037793213593,0,3
0.4635950310220699,1,3
0.24231420860710806,1,3
0.5840235034283215,0,3
0.24231420860710806,1,3
0.4635950310220699,0,3
0.24231420860710806,0,3
0.3871587498852377,0,3
0.3215037793213593,0,3
0.3399186840279934,0,3
0.3215037793213593,0,3
0.3871587498852377,1,3
0.44509124748933837,0,3
0.3399186840279934,1,3
0.3399186840279934,0,3
0.44509124748933837,0,3
0.44509124748933837,0,3
0.3871587498852377,0,3
0.452401962846291,1,3
0.1893390723779499,0,3
0.1893390723779499,0,3
0.452401962846291,0,3
0.1893390723779499,0,3
0.452401962846291,0,3
0.24050223928663816,0,3
0.36270970911682554,1,3
0.24050223928663816,1,3
0.21192511070685327,1,3
0.34707355831000797,1,3
0.21192511070685327,1,3
0.34707355831000797,0,3
0.21192511070685327,1,3
0.45683878064971073,1,3
0.25998517168369495,0,3
0.2542106426683123,0,3
0.1858008523620196,0,3
0.2542106426683123,0,3
0.45683878064971073,0,3
0.4351289830791736,0,3
0.4194200047707439,0,3
0.4351289830791736,0,3
0.4013494348927852,0,3
0.5031391774582972,0,3
0.492559355059329,0,3
0.4194200047707439,0,3
0.5031391774582972,1,3
0.492559355059329,0,3
0.36270970911682554,0,3
0.1858008523620196,0,3
0.36270970911682554,0,3
0.1858008523620196,0,3
0.5031391774582972,0,3
0.1644889772188235,0,3
0.47572520717309674,1,3
0.27629026420979463,0,3
0.22697100565677775,0,3
0.22697100565677775,0,3
0.27629026420979463,0,3
0.41094378215549887,0,3
0.22697100565677775,0,3
0.32608590769678336,0,3
0.27026937529327466,0,3
0.41094378215549887,0,3
0.41094378215549887,1,3
0.1644889772188235,0,3
0.27026937529327466,0,3
0.39056493531674275,0,3
0.452401962846291,0,3
0.3253413731224012,0,3
0.1644889772188235,0,3
0.4312801642939468,0,3
0.370339098632689,0,3
0.4312801642939468,1,3
0.370339098632689,0,3
0.452401962846291,0,3
0.5207111444039327,0,3
0.2055492446276882,0,3
0.5207111444039327,0,3
0.44472688950778416,0,3
0.44472688950778416,0,3
0.3253413731224012,0,3
0.3253413731224012,1,3
0.44472688950778416,0,3
0.2055492446276882,0,3
0.29812253241818265,0,3
0.3967229631974011,0,3
0.16292268665610832,0,3
0.39290079934542943,0,3
0.3697648582535822,0,3
0.3697648582535822,1,3
0.16292268665610832,0,3
0.3967229631974011,1,3
0.16292268665610832,0,3
0.29812253241818265,0,3
0.4279760320788042,0,3
0.29812253241818265,0,3
0.4279760320788042,0,3
0.36421307912634204,0,3
0.36421307912634204,0,3
0.4279760320788042,1,3
0.4279760320788042,0,3
0.36421307912634204,1,3
0.36421307912634204,0,3
0.3967229631974011,0,3
0.391157683346947,0,3
0.17843483042957642,0,3
0.2918658324958193,1,3
0.17843483042957642,1,3
0.3116225768021925,0,3
0.3116225768021925,0,3
0.350238452851363,0,3
0.22302225749980997,0,3
0.4132183341990895,0,3
0.22302225749980997,0,3
0.362105914653292,0,3
0.22302225749980997,0,3
0.350238452851363,1,3
0.17843483042957642,0,3
0.391157683346947,1,3
0.2526285526417762,0,3
0.4130329956910973,1,3
0.287310840321521,0,3
0.2992552910086841,0,3
0.49625975092355223,0,3
0.5878585047110199,0,3
0.2992552910086841,0,3
0.4009950087997435,0,3
0.47564898792802446,0,3
0.47564898792802446,0,3
0.47564898792802446,0,3
0.4009950087997435,0,3
0.287310840321521,0,3
0.4130329956910973,0,3
0.287310840321521,0,3
0.4130329956910973,0,3
0.4009950087997435,0,3
0.4801901818677279,1,3
0.2918658324958193,1,3
0.45683878064971073,1,3
0.2542106426683123,1,3
0.1893390723779499,1,3
0.2542106426683123,0,3
0.36819573791537963,0,4
0.3136260665831858,1,4
0.210063523342381,0,4
0.36819573791537963,0,4
0.3136260665831858,0,4
0.1947671153673598,0,4
0.3136260665831858,0,4
0.1947671153673598,0,4
0.34187621973629556,0,4
0.210063523342381,1,4
0.2375649867171049,0,4
0.1601185094130062,0,4
0.2375649867171049,0,4
0.27964797811796893,0,4
0.1390778044529868,0,4
0.23541672464484276,0,4
0.1868929538182681,0,4
0.32098361870966086,0,4
0.26831308910469753,0,4
0.32098361870966086,0,4
0.36186320205088274,1,4
0.1601185094130062,0,4
0.1422063940951468,0,4
0.1422063940951468,0,4
0.1601185094130062,0,4
0.1422063940951468,1,4
0.1868929538182681,0,4
0.26831308910469753,0,4
0.5085013685352213,1,4
0.23716130851132122,0,4
0.23716130851132122,0,4
0.5085013685352213,1,4
0.17672076270854087,0,4
0.3381395928105706,1,4
0.17672076270854087,1,4
0.3381395928105706,0,4
0.3381395928105706,1,4
0.18955676772474273,0,4
0.15201130806716268,0,4
0.18955676772474273,1,4
0.15201130806716268,0,4
0.18955676772474273,0,4
0.15201130806716268,0,4
0.17672076270854087,0,4
0.31347166551489514,0,4
0.36237131838588066,0,4
0.24924504545076276,0,4
0.2671953662030926,0,4
0.07088001285503087,0,4
0.2671953662030926,0,4
0.37257598646212287,0,4
0.2671953662030926,0,4
0.2779193764380994,1,4
0.42498806241010234,0,4
0.2367732350531334,1,4
0.20693785164711564,0,4
0.21175552890425953,0,4
0.2622623614811731,0,4
0.21175552890425953,0,4
0.2622623614811731,0,4
0.37385630035319306,0,4
0.2772155011224502,0,4
0.15065508628343083,0,4
0.2772155011224502,0,4
0.15065508628343083,1,4
0.2772155011224502,0,4
0.15065508628343083,0,4
0.2863704967102577,0,4
0.28507156229610475,0,4
0.2863704967102577,1,4
0.28507156229610475,1,4
0.2863704967102577,1,4
0.37385630035319306,1,4
0.28507156229610475,0,4
0.20577792974357545,0,4
0.25353825738843505,0,4
0.3128133500207295,1,4
0.20577792974357545,0,4
0.26967252937360153,0,4
0.2964661262441033,0,4
0.26967252937360153,0,4
0.26967252937360153,0,4
0.3128133500207295,0,4
0.26967252937360153,1,4
0.25353825738843505,1,4
0.36963198018838583,1,4
0.06513914159513312,0,4
0.4219084001642597,0,4
0.1970241193960487,1,4
0.4219084001642597,0,4
0.1970241193960487,1,4
0.25353825738843505,1,4
0.0685334015793817,0,4
0.21358909427643913,0,4
0.1764121308693628,0,4
0.32590181546504926,0,4
0.32590181546504926,0,4
0.20456957057362413,0,4
0.21358909427643913,0,4
0.32590181546504926,0,4
0.27292916449959637,0,4
0.25296908204797275,1,4
0.41706959322865134,0,4
0.2635031655138035,0,4
0.25296908204797275,0,4
0.41706959322865134,1,4
0.1588072652259519,0,4
0.1764121308693628,1,4
0.1764121308693628,0,4
0.1588072652259519,1,4
0.1588072652259519,0,4
0.25296908204797275,0,4
0.25059855827081634,0,4
0.3016829920979459,0,4
0.25059855827081634,0,4
0.3016829920979459,0,4
0.18477981704283364,0,4
0.406199991767645,0,4
0.47436696041869475,0,4
0.25059855827081634,0,4
0.47436696041869475,0,4
0.17255545347504275,0,4
0.20874143296826986,0,4
0.17255545347504275,0,4
0.20874143296826986,0,4
0.17255545347504275,0,4
0.20874143296826986,1,4
0.406199991767645,0,4
0.14394885427984672,0,4
0.0654061460432167,0,4
0.18498358871493725,0,4
0.1977173860648821,0,4
0.1977173860648821,0,4
0.18498358871493725,0,4
0.16017020865383935,0,4
0.16017020865383935,0,4
0.281443746609214,0,4
0.20765698050494386,0,4
0.14878636324731587,1,4
0.14878636324731587,1,4
0.25957150778242366,1,4
0.2500648376766469,0,4
0.14394885427984672,0,4
0.281443746609214,1,4
0.14394885427984672,0,4
0.25957150778242366,0,4
0.16425588558234328,0,4
0.1483669393671475,0,4
0.16425588558234328,1,4
0.1483669393671475,1,4
0.16425588558234328,0,4
0.1483669393671475,0,4
0.18498358871493725,0,4
0.14645610792040076,0,4
0.25957150778242366,0,4
0.14645610792040076,0,4
0.3174617068823211,0,4
0.14645610792040076,0,4
0.3174617068823211,0,4
0.3174617068823211,1,4
0.14890583962629045,0,4
0.19279637944796946,0,4
0.19279637944796946,1,4
0.26546251818930666,1,4
0.2192384969556883,1,4
0.22220538378398003,0,4
0.2665847012798679,0,4
0.2192384969556883,0,4
0.26546251818930666,0,4
0.19602066119908934,0,4
0.14890583962629045,0,4
0.19602066119908934,0,4
0.14890583962629045,0,4
0.35526599725733177,1,4
0.2192384969556883,0,4
0.2665847012798679,1,4
0.09307611498385893,1,4
0.17527044426465532,0,4
0.32662164046123354,1,4
0.27681749480861795,0,4
0.19279637944796946,0,4
0.27681749480861795,0,4
0.24527637022057625,0,4
0.27283941221590635,0,4
0.27283941221590635,0,4
0.480383068521425,0,4
0.24527637022057625,0,4
0.27283941221590635,1,4
0.17609764096112046,0,4
0.17527044426465532,0,4
0.17609764096112046,0,4
0.17609764096112046,1,4
0.24527637022057625,0,4
0.17527044426465532,0,4
0.32590181546504926,0,4
0.25296908204797275,0,4
0.20456957057362413,0,4
0.20456957057362413,1,4
0.4139020366170636,1,4
0.32590181546504926,1,4
0.20456957057362413,1,4
0.41706959322865134,1,4
0.25296908204797275,0,4
0.1588072652259519,0,4
0.1764121308693628,0,4
0.1588072652259519,0,4
0.1764121308693628,0,4
0.1588072652259519,0,4
0.1764121308693628,0,4
0.41706959322865134,0,4
0.22743424797332612,0,4
0.5085013685352213,0,4
0.22743424797332612,1,4
0.22743424797332612,0,4
0.5085013685352213,0,4
0.17672076270854087,0,4
0.3381395928105706,1,4
0.6017904068174913,1,4
0.3381395928105706,0,4
0.3381395928105706,0,4
0.17672076270854087,0,4
0.18955676772474273,0,4
0.15201130806716268,0,4
0.15201130806716268,0,4
0.18955676772474273,0,4
0.17672076270854087,1,4
0.26907146626860157,0,4
0.26170014061009017,0,4
0.2599554741435318,0,4
0.3027749563958697,0,4
0.2599554741435318,0,4
0.3027749563958697,0,4
0.13085801522254992,0,4
0.2444508395109377,0,4
0.12091713220740485,1,4
0.13085801522254992,0,4
0.2777180543773178,0,4
0.2777180543773178,0,4
0.2444508395109377,0,4
0.2830289372407634,0,4
0.12091713220740485,0,4
0.2415024392580607,1,4
0.2777180543773178,0,4
0.37385630035319306,0,4
0.2622623614811731,1,4
0.15065508628343083,0,4
0.16751910983089802,0,4
0.15065508628343083,0,4
0.15065508628343083,0,4
0.2772155011224502,0,4
0.2863704967102577,0,4
0.2772155011224502,1,4
0.28507156229610475,0,4
0.2863704967102577,0,4
0.2863704967102577,0,4
0.28507156229610475,0,4
0.2622623614811731,0,4
0.37385630035319306,0,4
0.28507156229610475,0,4
0.2599554741435318,0,4
0.2490615638902567,1,4
0.1253028254970311,0,4
0.2490615638902567,0,4
0.1253028254970311,0,4
0.24374862618075677,0,4
0.1253028254970311,0,4
0.2490615638902567,0,4
0.2852137070871834,1,4
0.1253028254970311,0,4
0.2852137070871834,0,4
0.2490615638902567,1,4
0.2490615638902567,1,4
0.1284961320246495,0,4
0.1284961320246495,0,4
0.2852137070871834,0,4
0.2599554741435318,0,4
0.2852137070871834,0,4
0.254488904117792,0,4
0.2599554741435318,0,4
0.1301470308762671,0,4
0.2956299670444409,1,4
0.1301470308762671,0,4
0.1301470308762671,0,4
0.2956299670444409,1,4
0.1301470308762671,1,4
0.2956299670444409,0,4
0.1804661941080723,0,4
0.18093234165753136,1,4
0.24262940540662037,0,4
0.18093234165753136,1,4
0.24262940540662037,0,4
0.18093234165753136,0,4
0.16035648855982454,0,4
0.21742333295741012,1,4
0.16035648855982454,0,4
0.21742333295741012,0,4
0.24262940540662037,1,4
0.2366834363931576,1,4
0.18669825172175725,0,4
0.27262457122692707,0,4
0.3708987231697656,1,4
0.18669825172175725,1,4
0.35526599725733177,0,4
0.18669825172175725,0,4
0.14890583962629045,0,4
0.14890583962629045,0,4
0.2841696735901238,0,4
0.2366834363931576,0,4
0.25927279278329185,0,4
0.19602066119908934,0,4
0.322258274387756,0,4
0.27262457122692707,0,4
0.27262457122692707,0,4
0.31207121123414683,1,4
0.27262457122692707,0,4
0.27262457122692707,0,4
0.27262457122692707,1,4
0.2603381845625946,0,4
0.27262457122692707,1,4
0.2603381845625946,1,4
0.27262457122692707,0,4
0.2603381845625946,1,4
0.2841696735901238,1,4
0.14890583962629045,0,4
0.21175552890425953,1,4
0.14890583962629045,0,4
0.19602066119908934,1,4
0.2311040153008317,0,4
0.2409390787834016,0,4
0.4446532486956897,1,4
0.16199987611583444,0,4
0.1790238365599226,0,4
0.29359691936544674,0,4
0.16199987611583444,0,4
0.23824209467503,0,4
0.16006505825685846,0,4
0.23824209467503,1,4
0.16006505825685846,0,4
0.4446532486956897,1,4
0.07088001285503087,0,4
0.2671953662030926,0,4
0.21175552890425953,0,4
0.2671953662030926,0,4
0.21175552890425953,0,4
0.2671953662030926,0,4
0.19602066119908934,1,4
0.21175552890425953,1,4
0.2671953662030926,1,4
0.21175552890425953,0,4
0.2671953662030926,0,4
0.2671953662030926,0,4
0.281443746609214,1,4
0.20726236889842364,0,4
0.281443746609214,0,4
0.16017020865383935,0,4
0.16017020865383935,0,4
0.281443746609214,0,4
0.16017020865383935,0,4
0.16017020865383935,0,4
0.281443746609214,0,4
0.27262457122692707,0,4
0.20726236889842364,0,4
0.21686477163939943,1,4
0.2841696735901238,0,4
0.31757908627411247,0,4
0.2841696735901238,0,4
0.2551638338403619,0,4
0.2672942691965705,0,4
0.2672942691965705,0,4
0.21686477163939943,1,4
0.21686477163939943,1,4
0.33135670211765134,0,4
0.16017020865383935,0,4
0.27262457122692707,1,4
0.1977173860648821,0,4
0.281443746609214,1,4
0.3390437105194921,1,4
0.1977173860648821,0,4
0.4357301191287546,0,4
0.2923126127024839,0,4
0.2923126127024839,0,4
0.4357301191287546,0,4
0.4357301191287546,1,4
0.2923126127024839,0,4
0.29063348393633026,1,4
0.2358174176033837,0,4
0.29063348393633026,0,4
0.29063348393633026,1,4
0.2358174176033837,1,4
0.2489941535403044,1,4
0.1977173860648821,0,4
0.18498358871493725,1,4
0.2358174176033837,0,4
0.18498358871493725,0,4
0.0654061460432167,0,4
0.0654061460432167,0,4
0.30077016784023825,0,4
0.2489941535403044,1,4
0.30077016784023825,0,4
0.18498358871493725,0,4
0.17255545347504275,0,4
0.3174617068823211,0,4
0.20874143296826986,0,4
0.20874143296826986,0,4
0.17255545347504275,0,4
0.3174617068823211,0,4
0.14645610792040076,0,4
0.14645610792040076,1,4
0.3174617068823211,1,4
0.14645610792040076,0,4
0.3174617068823211,0,4
0.16425588558234328,0,4
0.2922820786451269,1,4
0.16425588558234328,1,4
0.2922820786451269,1,4
0.2922820786451269,1,4
0.16425588558234328,0,4
0.14645610792040076,0,4
0.27262457122692707,0,4
0.27262457122692707,0,4
0.26222868195749693,0,4
0.26368936696986056,0,4
0.27262457122692707,1,4
0.26368936696986056,1,4
0.26368936696986056,0,4
0.2719453282587718,0,4
0.26538057377959945,1,4
0.26538057377959945,0,4
0.2655464109385596,0,4
0.2655464109385596,0,4
0.27255540047771265,0,4
0.2525276019626852,0,4
0.27255540047771265,0,4
0.25876895627113783,1,4
0.27262457122692707,0,4
0.23519226765257062,0,4
0.27262457122692707,0,4
0.27262457122692707,0,4
0.17527044426465532,0,4
0.32662164046123354,0,4
0.480383068521425,1,4
0.24906458030619083,0,4
0.32662164046123354,0,4
0.24906458030619083,0,4
0.24302766539425058,0,4
0.31749523298803695,0,4
0.31749523298803695,1,4
0.24906458030619083,0,4
0.31749523298803695,0,4
0.27262457122692707,0,4
0.24302766539425058,0,4
0.17527044426465532,1,4
0.17609764096112046,0,4
0.17527044426465532,0,4
0.17609764096112046,0,4
0.17609764096112046,1,4
0.24302766539425058,0,4
0.2627948862683632,0,4
0.27262457122692707,0,4
0.28025143455780965,1,4
0.29660252609449544,1,4
0.27262457122692707,0,4
0.27262457122692707,0,4
0.2869149826839674,0,4
0.28025143455780965,0,4
0.2869149826839674,0,4
0.27262457122692707,0,4
0.28025143455780965,0,4
0.27262457122692707,0,4
0.29569025395060566,1,4
0.27262457122692707,0,4
0.2735749224459798,0,4
0.27262457122692707,0,4
0.2735749224459798,0,4
0.224657688886147,1,4
0.3016829920979459,0,4
0.11723196476903996,0,4
0.31958524601112703,0,4
0.31958524601112703,1,4
0.11723196476903996,0,4
0.2627948862683632,0,4
0.11723196476903996,0,4
0.47436696041869475,0,4
0.31958524601112703,0,4
0.47436696041869475,0,4
0.406199991767645,1,4
0.18477981704283364,0,4
0.3016829920979459,0,4
0.224657688886147,0,4
0.224657688886147,1,4
0.406199991767645,1,4
0.37406515850793254,0,4
0.40634940734073,0,4
0.13909200886683692,0,4
0.40634940734073,0,4
0.13268758493490673,0,4
0.37406515850793254,0,4
0.29784532380642803,0,4
0.29784532380642803,0,4
0.29662728825238527,0,4
0.49887041747312655,1,4
0.29191305129283995,0,4
0.29191305129283995,0,4
0.49887041747312655,0,4
0.49887041747312655,0,4
0.29191305129283995,0,4
0.37406515850793254,0,4
0.31476485467888327,0,4
0.36900761042700325,1,4
0.36900761042700325,0,4
0.31476485467888327,0,4
0.36900761042700325,0,4
0.31476485467888327,0,4
0.1360231543610413,0,4
0.3003148234894589,0,4
0.1360231543610413,1,4
0.14256211246457284,0,4
0.3003148234894589,0,4
0.1949497614173774,0,4
0.2576957121801312,0,4
0.2576957121801312,1,4
0.1949497614173774,0,4
0.3003148234894589,0,4
0.27764971989089904,0,4
0.17668906978144072,1,4
0.17668906978144072,1,4
0.14194237332006487,0,4
0.14194237332006487,0,4
0.2719531661715574,0,4
0.2719531661715574,0,4
0.2850572991783249,0,4
0.28862071748332563,1,4
0.2850572991783249,0,4
0.28862071748332563,0,4
0.28862071748332563,1,4
0.2850572991783249,0,4
0.16782140007724744,1,4
0.1570649392502672,0,4
0.25957150778242366,1,4
0.25957150778242366,0,4
0.1570649392502672,0,4
0.25957150778242366,0,4
0.14289944028390333,0,4
0.26831308910469753,0,4
0.32098361870966086,0,4
0.32098361870966086,1,4
0.26831308910469753,0,4
0.32098361870966086,0,4
0.27964797811796893,1,4
0.23541672464484276,0,4
0.23541672464484276,0,4
0.27964797811796893,0,4
0.27964797811796893,0,4
0.23541672464484276,0,4
0.27964797811796893,0,4
0.24537675212626098,0,4
0.26831308910469753,0,4
0.2542084046685765,1,4
0.1711631167366886,0,4
0.15620813295536817,0,4
0.311266362846049,0,4
0.2542084046685765,0,4
0.311266362846049,0,4
0.311266362846049,1,4
0.15620813295536817,1,4
0.15620813295536817,0,4
0.1711631167366886,0,4
0.2542084046685765,1,4
0.2724098793295042,0,4
0.2678493018945086,0,4
0.2724098793295042,1,4
0.2724098793295042,0,4
0.2678493018945086,0,4
0.2678493018945086,0,4
0.2724098793295042,0,4
0.2678493018945086,0,4
0.1711631167366886,1,4
0.28437541793907684,0,4
0.28437541793907684,0,4
0.3400199072210278,0,4
0.43516091004789303,0,4
0.3400199072210278,0,4
0.3400199072210278,0,4
0.20598866421468587,0,4
0.31609143921437055,0,4
0.43516091004789303,0,4
0.29527584341732316,0,4
0.29527584341732316,0,4
0.37951806419994905,0,4
0.14702176899300567,1,4
0.14702176899300567,0,4
0.3730164377021046,0,4
0.43516091004789303,0,4
0.31476485467888327,0,4
0.36900761042700325,0,4
0.36900761042700325,0,4
0.31476485467888327,1,4
0.36900761042700325,0,4
0.29359691936544674,1,4
0.31476485467888327,0,4
0.36900761042700325,0,4
0.36900761042700325,1,4
0.31476485467888327,0,4
0.29063348393633026,0,4
0.31476485467888327,0,4
0.2358174176033837,1,4
0.29359691936544674,0,4
0.29063348393633026,0,4
0.29359691936544674,0,4
0.16199987611583444,0,4
0.16199987611583444,1,4
0.2358174176033837,0,4
0.16199987611583444,0,4
0.29359691936544674,0,4
0.29063348393633026,0,4
0.2358174176033837,0,4
0.2358174176033837,0,4
0.29063348393633026,0,4
0.16199987611583444,0,4
0.37385630035319306,1,4
0.3291453923344293,0,4
0.2622623614811731,0,4
0.3291453923344293,0,4
0.18384497881703,0,4
0.21372723028854312,0,4
0.37385630035319306,0,4
0.32589077714188763,0,4
0.32589077714188763,1,4
0.19394841405068886,1,4
0.32589077714188763,0,4
0.19394841405068886,0,4
0.2622623614811731,0,4
0.19394841405068886,0,4
0.37385630035319306,0,4
0.3400199072210278,0,4
0.2622623614811731,0,4
0.37385630035319306,0,4
0.28437541793907684,0,4
0.3400199072210278,0,4
0.28437541793907684,0,4
0.33311842469332276,1,4
0.28437541793907684,0,4
0.3400199072210278,1,4
0.28437541793907684,1,4
0.3400199072210278,0,4
0.2622623614811731,0,4
0.37385630035319306,0,4
0.2622623614811731,0,4
0.3400199072210278,0,4
0.2850572991783249,0,4
0.3700639066495539,1,4
0.4343704943126826,0,4
0.3700639066495539,0,4
0.4343704943126826,1,4
0.4343704943126826,1,4
0.2796582578743544,0,4
0.2796582578743544,0,4
0.2716951915605149,0,4
0.2796582578743544,0,4
0.2716951915605149,0,4
0.28862071748332563,0,4
0.2716951915605149,0,4
0.3700639066495539,0,4
0.28862071748332563,1,4
0.28862071748332563,0,4
0.2850572991783249,0,4
0.18955676772474273,0,4
0.15201130806716268,0,4
0.15201130806716268,0,4
0.2850572991783249,1,4
0.15201130806716268,1,4
0.18955676772474273,0,4
0.18955676772474273,0,4
0.15201130806716268,0,4
0.18955676772474273,0,4
0.15201130806716268,0,4
0.2850572991783249,1,4
0.28862071748332563,0,4
0.18955676772474273,0,4
0.35075135554700276,0,4
0.28640980304253927,0,4
0.28640980304253927,0,4
0.35075135554700276,0,4
0.20881469749891834,0,4
0.2622623614811731,0,4
0.20881469749891834,0,4
0.27262457122692707,0,4
0.27262457122692707,1,4
0.20881469749891834,1,4
0.18789334720937523,0,4
0.27262457122692707,0,4
0.38757060556015743,0,4
0.37385630035319306,1,4
0.1703735748847307,1,4
0.38757060556015743,1,4
0.37385630035319306,0,4
0.2622623614811731,0,4
0.37385630035319306,0,4
0.18789334720937523,0,4
0.2622623614811731,1,4
0.2622623614811731,1,4
0.37385630035319306,0,4
0.37385630035319306,0,4
0.2622623614811731,0,4
0.2450434067371816,1,4
0.2716951915605149,0,4
0.2450434067371816,0,4
0.2716951915605149,0,4
0.2450434067371816,0,4
0.2885897127697351,0,4
0.2885897127697351,1,4
0.4246931991609789,0,4
0.4246931991609789,0,4
0.2885897127697351,0,4
0.27840639952971435,0,4
0.41538390902733535,0,4
0.29510707546114257,0,4
0.22834226175369488,0,4
0.22834226175369488,0,4
0.29510707546114257,1,4
0.23885869117383396,0,4
0.23885869117383396,0,4
0.41538390902733535,0,4
0.3480559766816682,0,4
0.22834226175369488,0,4
0.22834226175369488,0,4
0.3435021422190867,0,4
0.36150182847106327,0,4
0.3435021422190867,0,4
0.2178615999487885,0,4
0.2178615999487885,0,4
0.41538390902733535,1,4
0.23885869117383396,0,4
0.41538390902733535,1,4
0.23885869117383396,0,4
0.31974928287104654,0,4
0.31974928287104654,0,4
0.28640980304253927,0,4
0.28640980304253927,0,4
0.31974928287104654,0,4
0.41538390902733535,0,4
0.3513516040069211,0,4
0.26362574616450174,0,4
0.2209586592462689,0,4
0.20594365067824427,0,4
0.26362574616450174,0,4
0.2209586592462689,1,4
0.2209586592462689,0,4
0.24114124541145265,0,4
0.3513516040069211,1,4
0.28862071748332563,0,4
0.3023904106804737,0,4
0.11749767192583616,0,4
0.2039627478581275,0,4
0.11749767192583616,0,4
0.3232077355445877,0,4
0.3023904106804737,0,4
0.28862071748332563,0,4
0.2039627478581275,0,4
0.20404241720002259,0,4
0.35518063063832916,1,4
0.14194674888057435,0,4
0.2302630521477702,1,4
0.15694201804882768,0,4
0.14194674888057435,0,4
0.15694201804882768,0,4
0.20404241720002259,0,4
0.29333320408966335,0,4
0.15712136977297608,0,4
0.15712136977297608,0,4
0.24172874083225526,0,4
0.24172874083225526,1,4
0.15712136977297608,0,4
0.29333320408966335,0,4
0.34750439386211995,1,4
0.34750439386211995,1,4
0.29333320408966335,0,4
0.3250631751371653,1,4
0.1566813435588319,0,4
0.2994697051049373,1,4
0.1566813435588319,0,4
0.22623941741401188,1,4
0.1714435246009236,0,4
0.3419480549696835,1,4
0.17492999862252412,0,4
0.34750439386211995,0,4
0.2586361255844575,1,4
0.3583249856559608,1,4
0.3583249856559608,0,4
0.2586361255844575,1,4
0.2586361255844575,0,4
0.3583249856559608,0,4
0.3583249856559608,0,4
0.281443746609214,1,4
0.2586361255844575,0,4
0.3583249856559608,0,4
0.16017020865383935,0,4
0.16017020865383935,0,4
0.281443746609214,1,4
0.2586361255844575,1,4
0.1361224131495603,0,4
0.331671774093644,0,4
0.331671774093644,1,4
0.331671774093644,0,4
0.1361224131495603,0,4
0.28507156229610475,0,4
0.1361224131495603,1,4
0.28507156229610475,0,4
0.28449902087998824,1,4
0.20818766123747534,0,4
0.23824209467503,0,4
0.20818766123747534,0,4
0.23824209467503,0,4
0.28449902087998824,0,4
0.20874143296826986,0,4
0.17124928763496317,0,4
0.17124928763496317,0,4
0.20874143296826986,0,4
0.20874143296826986,0,4
0.17124928763496317,0,4
0.3570670678592529,1,4
0.1226980245121797,0,4
0.1226980245121797,1,4
0.1226980245121797,0,4
0.3570670678592529,0,4
0.24050562601058612,0,4
0.4357301191287546,1,4
0.4357301191287546,0,4
0.24050562601058612,0,4
0.24050562601058612,0,4
0.4357301191287546,0,4
0.3570670678592529,1,4
0.16199987611583444,0,4
0.28715285619136555,0,4
0.16199987611583444,0,4
0.28715285619136555,0,4
0.28715285619136555,0,4
0.16199987611583444,0,4
0.16199987611583444,0,4
0.4653739067617244,0,4
0.28715285619136555,0,4
0.2311040153008317,0,4
0.2311040153008317,1,4
0.4653739067617244,0,4
0.2311040153008317,0,4
0.3065160604481786,0,4
0.1448257029703084,0,4
0.3065160604481786,0,4
0.1448257029703084,0,4
0.1448257029703084,0,4
0.3065160604481786,1,4
0.4653739067617244,1,4
0.13268758493490673,1,4
0.3029107437443086,1,4
0.2957415806543233,0,4
0.2957415806543233,0,4
0.3029107437443086,0,4
0.3029107437443086,0,4
0.2957415806543233,0,4
0.39382913110469175,1,4
0.13640424058676826,0,4
0.40634940734073,1,4
0.24431960650918738,0,4
0.39382913110469175,1,4
0.24431960650918738,0,4
0.39709008797142564,1,4
0.3023904106804737,0,4
0.3719314892471557,1,4
0.2822422362518212,0,4
0.1360231543610413,0,4
0.3023904106804737,0,4
0.3023904106804737,0,4
0.2822422362518212,0,4
0.2822422362518212,1,4
0.1360231543610413,1,4
0.29372288531011026,0,4
0.1360231543610413,0,4
0.3719314892471557,0,4
0.1301470308762671,0,4
0.29372288531011026,0,4
0.29372288531011026,1,4
0.1301470308762671,0,4
0.1301470308762671,0,4
0.36297691107641883,0,4
0.1558120513540796,1,4
0.251758799082763,1,4
0.31476485467888327,0,4
0.36900761042700325,0,4
0.36900761042700325,1,4
0.251758799082763,1,4
0.31476485467888327,0,4
0.36900761042700325,0,4
0.1558120513540796,1,4
0.31476485467888327,0,4
0.1558120513540796,0,4
0.251758799082763,0,4
0.18582188591772808,0,4
0.1753582454800765,0,4
0.18582188591772808,0,4
0.1753582454800765,0,4
0.1753582454800765,1,4
0.18582188591772808,0,4
0.1753582454800765,0,4
0.18582188591772808,1,4
0.27516071650086815,1,4
0.13076877351117555,0,4
0.13076877351117555,0,4
0.27516071650086815,0,4
0.13076877351117555,0,4
0.27516071650086815,0,4
0.14702176899300567,0,4
0.37951806419994905,0,4
0.37951806419994905,0,4
0.14702176899300567,0,4
0.37951806419994905,0,4
0.278054085998804,0,4
0.3400199072210278,0,4
0.278054085998804,0,4
0.3400199072210278,0,4
0.14702176899300567,1,4
0.2512084841927624,0,4
0.2542084046685765,0,4
0.16677188879906235,1,4
0.2542084046685765,0,4
0.16677188879906235,0,4
0.2542084046685765,0,4
0.16677188879906235,0,4
0.2887454211136642,0,4
0.2512084841927624,0,4
0.2887454211136642,0,4
0.32098361870966086,1,4
0.33596260668288447,0,4
0.32098361870966086,0,4
0.33596260668288447,0,4
0.32098361870966086,0,4
0.33596260668288447,0,4
0.34061147666220815,0,4
0.284552521806972,0,4
0.34061147666220815,1,4
0.284552521806972,1,4
0.34061147666220815,0,4
0.284552521806972,0,4
0.23541672464484276,0,4
0.3094046298426366,0,4
0.3094046298426366,1,4
0.23541672464484276,0,4
0.30123342800455755,1,4
0.23541672464484276,1,4
0.3094046298426366,0,4
0.163895137990405,0,4
0.15888840812214722,0,4
0.15888840812214722,0,4
0.163895137990405,1,4
0.23541672464484276,0,4
0.37385630035319306,0,4
0.2787498240473246,0,4
0.2622623614811731,0,4
0.37385630035319306,0,4
0.2787498240473246,0,4
0.2787498240473246,0,4
0.37385630035319306,0,4
0.20456957057362413,0,4
0.37385630035319306,0,4
0.26288301102372347,0,4
0.15467387374600228,0,4
0.26288301102372347,0,4
0.20456957057362413,0,4
0.26288301102372347,0,4
0.2020887341047899,0,4
0.15467387374600228,0,4
0.2020887341047899,0,4
0.2020887341047899,0,4
0.15467387374600228,0,4
0.20456957057362413,1,4
0.281443746609214,0,4
0.2827059814947227,0,4
0.2659585216538203,0,4
0.23165629504792662,0,4
0.3155313340875089,0,4
0.23165629504792662,0,4
0.23165629504792662,0,4
0.21124421109194247,0,4
0.1436881438689871,0,4
0.21124421109194247,0,4
0.1436881438689871,1,4
0.36819573791537963,1,4
0.21124421109194247,0,4
0.2827059814947227,0,4
0.3155313340875089,0,4
0.281443746609214,0,4
0.2827059814947227,0,4
0.1699237025237741,0,4
0.34604802231447285,0,4
0.1699237025237741,0,4
0.34604802231447285,0,4
0.15065508628343083,0,4
0.34604802231447285,0,4
0.3381395928105706,0,4
0.14130958173148267,0,4
0.3381395928105706,0,4
0.188151172802127,0,4
0.14802367393670923,0,4
0.14802367393670923,1,4
0.188151172802127,0,4
0.14130958173148267,0,4
0.281443746609214,0,4
0.3136260665831858,0,4
0.3332675585303929,1,4
0.3136260665831858,1,4
0.1885682645488631,0,4
0.36179666437262326,1,4
0.20536849079728958,0,4
0.3332675585303929,1,4
0.22220538378398003,1,4
0.23805880560112802,0,4
0.20536849079728958,0,4
0.23805880560112802,0,4
0.1754687433450589,1,4
0.1754687433450589,0,4
0.27934658396766865,0,4
0.3332675585303929,0,4
0.42498806241010234,1,4
0.2665847012798679,0,4
0.3332675585303929,0,4
0.43751752772403096,0,4
0.19378398372518968,1,4
0.49887041747312655,1,4
0.22743424797332612,0,4
0.22743424797332612,0,4
0.49887041747312655,0,4
0.43751752772403096,0,4
0.21633879148499935,0,4
0.21633879148499935,0,4
0.3136260665831858,0,4
0.43751752772403096,0,4
0.21633879148499935,1,4
0.21633879148499935,0,4
0.19378398372518968,0,4
0.1885682645488631,0,4
0.19378398372518968,0,4
0.1885682645488631,0,4
0.43751752772403096,1,4
0.2578118965483014,0,4
0.47436696041869475,0,4
0.47436696041869475,1,4
0.14192147357778617,0,4
0.13780433543587878,0,4
0.2578118965483014,0,4
0.406199991767645,0,4
0.42650492320184885,0,4
0.47436696041869475,0,4
0.1504915093860295,0,4
0.30253346135123405,0,4
0.1504915093860295,0,4
0.30253346135123405,0,4
0.31072424641569807,0,4
0.1504915093860295,0,4
0.406199991767645,0,4
0.26608050732820865,0,4
0.26608050732820865,1,4
0.43945936826617904,1,4
0.26608050732820865,1,4
0.16473174878054464,0,4
0.0654061460432167,1,4
0.16473174878054464,0,4
0.328404174184456,0,4
0.25918071764420403,0,4
0.2776292498675178,0,4
0.18416487404747395,0,4
0.25918071764420403,1,4
0.25918071764420403,0,4
0.328404174184456,0,4
0.1977173860648821,0,4
0.24906458030619083,0,4
0.18416487404747395,1,4
0.480383068521425,1,4
0.480383068521425,1,4
0.24527637022057625,0,4
0.30731392142076397,0,4
0.24527637022057625,0,4
0.30731392142076397,0,4
0.24527637022057625,1,4
0.3175933084743785,0,4
0.12057588530839236,0,4
0.30731392142076397,0,4
0.12057588530839236,0,4
0.3093027056964822,0,4
0.12057588530839236,0,4
0.24906458030619083,0,4
0.480383068521425,0,4
0.24906458030619083,0,4
0.3093027056964822,0,4
0.1333987986338504,1,4
0.348370094905322,0,4
0.2736660109571706,1,4
0.30015686987967527,0,4
0.09307611498385893,1,4
0.26546251818930666,0,4
0.30015686987967527,0,4
0.2081055994535317,0,4
0.30015686987967527,0,4
0.12964038993235316,0,4
0.2505761002174698,1,4
0.12964038993235316,0,4
0.34093783990545234,0,4
0.2505761002174698,1,4
0.1428908781768129,0,4
0.26546251818930666,1,4
0.1333987986338504,0,4
0.22773345944630263,0,4
0.17079555606290187,0,4
0.21742333295741012,0,4
0.18421892000888807,0,4
0.18421892000888807,0,4
0.21742333295741012,1,4
0.18421892000888807,1,4
0.2771811177212551,0,4
0.224657688886147,0,4
0.21742333295741012,1,4
0.224657688886147,1,4
0.2771811177212551,0,4
0.224657688886147,0,4
0.17079555606290187,0,4
0.22773345944630263,1,4
0.2771811177212551,1,4
0.1428908781768129,0,4
0.2922465821072123,0,4
0.2020887341047899,0,4
0.15467387374600228,1,4
0.2020887341047899,0,4
0.15467387374600228,1,4
0.2020887341047899,0,4
0.15467387374600228,0,4
0.2922465821072123,0,4
0.20981260448051042,1,4
0.20981260448051042,0,4
0.20981260448051042,0,4
0.15065508628343083,0,4
0.34604802231447285,0,4
0.34604802231447285,0,4
0.15065508628343083,0,4
0.15065508628343083,0,4
0.34604802231447285,0,4
0.30027876532147424,0,4
0.2500648376766469,0,4
0.2698660650033259,0,4
0.25412331927575604,0,4
0.25412331927575604,0,4
0.31439411033198394,0,4
0.25412331927575604,0,4
0.2698660650033259,0,4
0.2107906271593737,0,4
0.15342824385711618,0,4
0.15342824385711618,1,4
0.2107906271593737,0,4
0.29057779449204824,0,4
0.29057779449204824,0,4
0.13858235150495335,1,4
0.2107906271593737,1,4
0.13858235150495335,1,4
0.2107906271593737,0,4
0.1885682645488631,0,4
0.2500648376766469,0,4
0.3381395928105706,0,4
0.160041987813083,0,4
0.3381395928105706,1,4
0.160041987813083,0,4
0.3381395928105706,0,4
0.21633879148499935,0,4
0.160041987813083,0,4
0.41706959322865134,1,4
0.21633879148499935,0,4
0.1885682645488631,0,4
0.19378398372518968,0,4
0.1885682645488631,0,4
0.19378398372518968,0,4
0.19378398372518968,0,4
0.41706959322865134,0,4
0.24060007286404395,0,4
0.21175552890425953,0,4
0.1868929538182681,0,4
0.2375649867171049,0,4
0.1868929538182681,0,4
0.34187621973629556,1,4
0.2834336751495252,1,4
0.34187621973629556,0,4
0.2375649867171049,0,4
0.19254948568536845,0,4
0.2834336751495252,1,4
0.19254948568536845,0,4
0.24060007286404395,1,4
0.2375649867171049,1,4
0.21175552890425953,0,4
0.2375649867171049,0,4
0.24060007286404395,0,4
0.14802367393670923,0,4
0.188151172802127,0,4
0.188151172802127,0,4
0.14802367393670923,1,4
0.188151172802127,0,4
0.2330915701202676,0,4
0.5085013685352213,1,4
0.14802367393670923,0,4
0.49887041747312655,1,4
0.3273929309452811,0,4
0.2622623614811731,0,4
0.3273929309452811,0,4
0.2622623614811731,0,4
0.2330915701202676,0,4
0.21175552890425953,0,4
0.480383068521425,1,4
0.11723196476903996,0,4
0.24906458030619083,1,4
0.24906458030619083,1,4
0.480383068521425,0,4
0.480383068521425,1,4
0.24906458030619083,1,4
0.3110394916927134,1,4
0.3110394916927134,1,4
0.24527637022057625,1,4
0.2859955193281948,1,4
0.2859955193281948,0,4
0.24527637022057625,0,4
0.11723196476903996,0,4
0.26554881963954124,0,4
0.19602066119908934,0,4
0.15440494590641995,0,4
0.19814990174164093,0,4
0.15440494590641995,0,4
0.19814990174164093,0,4
0.19814990174164093,0,4
0.2964661262441033,0,4
0.26967252937360153,0,4
0.26967252937360153,0,4
0.26967252937360153,1,4
0.25353825738843505,1,4
0.25353825738843505,0,4
0.26554881963954124,1,4
0.3880687292674737,0,4
0.19602066119908934,0,4
0.14645610792040076,0,4
0.3110394916927134,0,4
0.14192147357778617,0,4
0.14645610792040076,0,4
0.30253346135123405,1,4
0.14645610792040076,1,4
0.31072424641569807,0,4
0.406199991767645,1,4
0.30253346135123405,1,4
0.47436696041869475,0,4
0.406199991767645,0,4
0.406199991767645,1,4
0.47436696041869475,0,4
0.3110394916927134,1,4
0.14192147357778617,0,4
0.47436696041869475,0,4
0.26967252937360153,0,4
0.15440494590641995,0,4
0.15440494590641995,0,4
0.19814990174164093,0,4
0.3880687292674737,0,4
0.19814990174164093,1,4
0.25353825738843505,0,4
0.19602066119908934,0,4
0.2964661262441033,0,4
0.26967252937360153,0,4
0.25353825738843505,0,4
0.26554881963954124,1,4
0.19602066119908934,0,4
0.19814990174164093,0,4
0.26554881963954124,0,4
0.26967252937360153,0,4
0.22773345944630263,0,4
0.22773345944630263,0,4
0.22773345944630263,0,4
0.16935193974486273,0,4
0.39709008797142564,0,4
0.39709008797142564,0,4
0.17079555606290187,1,4
0.39709008797142564,0,4
0.16935193974486273,0,4
0.2719531661715574,0,4
0.16935193974486273,0,4
0.2771811177212551,1,4
0.2719531661715574,1,4
0.2771811177212551,0,4
0.2719531661715574,0,4
0.17079555606290187,0,4
0.17079555606290187,0,4
0.2771811177212551,0,4
0.2957415806543233,0,4
0.2817735388844085,0,4
0.2817735388844085,0,4
0.49887041747312655,1,4
0.2817735388844085,0,4
0.49887041747312655,0,4
0.2817735388844085,0,4
0.40634940734073,0,4
0.49887041747312655,0,4
0.13268758493490673,0,4
0.3650961734693129,1,4
0.13268758493490673,0,4
0.3650961734693129,0,4
0.24431960650918738,0,4
0.43516091004789303,1,4
0.24431960650918738,0,4
0.43516091004789303,0,4
0.13268758493490673,0,4
0.19254948568536845,0,4
0.19254948568536845,0,4
0.2834336751495252,0,4
0.1868929538182681,0,4
0.27879845769019973,0,4
0.1868929538182681,0,4
0.2375649867171049,0,4
0.24060007286404395,0,4
0.34187621973629556,0,4
0.24060007286404395,1,4
0.21175552890425953,0,4
0.2371564408981881,0,4
0.21175552890425953,1,4
0.21175552890425953,0,4
0.24060007286404395,0,4
0.2375649867171049,0,4
0.19254948568536845,0,4
0.2834336751495252,1,4
0.2850572991783249,1,4
0.2822422362518212,0,4
0.29540960442142394,0,4
0.1301470308762671,1,4
0.29540960442142394,0,4
0.1360231543610413,0,4
0.3719314892471557,1,4
0.1360231543610413,0,4
0.3719314892471557,0,4
0.1301470308762671,0,4
0.3719314892471557,1,4
0.2822422362518212,0,4
0.2850572991783249,0,4
0.2822422362518212,1,4
0.2850572991783249,1,4
0.2822422362518212,0,4
0.2850572991783249,1,4
0.1360231543610413,1,4
0.2107906271593737,0,4
0.2107906271593737,0,4
0.15342824385711618,0,4
0.29057779449204824,0,4
0.2107906271593737,0,4
0.2698660650033259,0,4
0.25412331927575604,0,4
0.20765698050494386,0,4
0.25412331927575604,0,4
0.13858235150495335,0,4
0.2500648376766469,0,4
0.13858235150495335,0,4
0.2666409837129651,0,4
0.2500648376766469,0,4
0.15342824385711618,0,4
0.2698660650033259,0,4
0.31476485467888327,0,4
0.16155914557586115,0,4
0.31476485467888327,1,4
0.1765351453663675,0,4
0.18582188591772808,0,4
0.1765351453663675,0,4
0.18582188591772808,1,4
0.30253346135123405,1,4
0.30253346135123405,0,4
0.17183039074227824,1,4
0.1558120513540796,0,4
0.17183039074227824,0,4
0.30253346135123405,0,4
0.31476485467888327,0,4
0.36900761042700325,1,4
0.36900761042700325,1,4
0.30253346135123405,0,4
0.36900761042700325,0,4
0.20874143296826986,0,4
0.19680570909852668,0,4
0.17240437602906533,1,4
0.20874143296826986,0,4
0.17240437602906533,0,4
0.20874143296826986,0,4
0.17240437602906533,0,4
0.4446532486956897,1,4
0.4446532486956897,1,4
0.4553411753175577,0,4
0.26827940003831985,1,4
0.26827940003831985,0,4
0.4553411753175577,0,4
0.4553411753175577,0,4
0.19313204138831175,0,4
0.19680570909852668,0,4
0.18416487404747395,0,4
0.43945936826617904,1,4
0.26608050732820865,0,4
0.43945936826617904,1,4
0.16473174878054464,0,4
0.1977173860648821,0,4
0.1977173860648821,0,4
0.1977173860648821,0,4
0.3083057410479948,0,4
0.2505761002174698,0,4
0.12964038993235316,0,4
0.12964038993235316,0,4
0.2505761002174698,1,4
0.26608050732820865,0,4
0.16473174878054464,0,4
0.18416487404747395,0,4
0.2722819700734942,0,4
0.16199987611583444,1,4
0.26608050732820865,0,4
0.163935230277098,0,4
0.36297691107641883,1,4
0.163935230277098,0,4
0.1226980245121797,0,4
0.31469022576360905,0,4
0.1226980245121797,0,4
0.31469022576360905,0,4
0.36297691107641883,0,4
0.1226980245121797,0,4
0.16199987611583444,0,4
0.28715285619136555,0,4
0.28715285619136555,0,4
0.16199987611583444,1,4
0.28715285619136555,0,4
0.31469022576360905,0,4
0.26546251818930666,0,4
0.26546251818930666,1,4
0.30015686987967527,0,4
0.1428908781768129,0,4
0.1333987986338504,0,4
0.1428908781768129,0,4
0.1333987986338504,0,4
0.328404174184456,0,4
0.2736660109571706,1,4
0.25918071764420403,0,4
0.328404174184456,1,4
0.25918071764420403,0,4
0.25918071764420403,1,4
0.30015686987967527,0,4
0.328404174184456,1,4
0.348370094905322,0,4
0.30015686987967527,0,4
0.1361224131495603,1,4
0.290944970857273,0,4
0.23824209467503,0,4
0.26546251818930666,1,4
0.23824209467503,0,4
0.20818766123747534,1,4
0.25085894460032687,0,4
0.20741927327038423,0,4
0.25085894460032687,0,4
0.20818766123747534,0,4
0.25085894460032687,0,4
0.2861542321177667,0,4
0.1361224131495603,0,4
0.290944970857273,0,4
0.290944970857273,0,4
0.1361224131495603,0,4
0.2861542321177667,0,4
0.29041531011226873,0,4
0.2358174176033837,0,4
0.2358174176033837,1,4
0.29041531011226873,0,4
0.2552508698958277,0,4
0.2552508698958277,0,4
0.13574068011709117,0,4
0.14834525720731562,0,4
0.30644137511982594,1,4
0.13574068011709117,0,4
0.2358174176033837,0,4
0.2358174176033837,0,4
0.29041531011226873,0,4
0.14702176899300567,0,4
0.33943131318217823,1,4
0.33943131318217823,1,4
0.14702176899300567,1,4
0.14702176899300567,0,4
0.33943131318217823,0,4
0.33943131318217823,0,4
0.14702176899300567,0,4
0.29468564288006993,0,4
0.21124421109194247,0,4
0.21124421109194247,0,4
0.36819573791537963,0,4
0.23165629504792662,0,4
0.2659585216538203,1,4
0.3155313340875089,1,4
0.2827059814947227,0,4
0.281443746609214,0,4
0.2827059814947227,0,4
0.1436881438689871,0,4
0.281443746609214,0,4
0.281443746609214,0,4
0.2827059814947227,1,4
0.2722303896794035,0,4
0.21124421109194247,0,4
0.1436881438689871,0,4
0.2226089289634342,0,4
0.16677188879906235,0,4
0.2482897086561613,1,4
0.2757705267082875,0,4
0.2757705267082875,0,4
0.27964797811796893,0,4
0.23541672464484276,1,4
0.23541672464484276,0,4
0.33596260668288447,0,4
0.23541672464484276,0,4
0.27964797811796893,0,4
0.16677188879906235,0,4
0.2226089289634342,0,4
0.2226089289634342,0,4
0.16677188879906235,0,4
0.27964797811796893,0,4
0.2665847012798679,1,4
0.23805880560112802,1,4
0.23805880560112802,0,4
0.22220538378398003,0,4
0.20536849079728958,0,4
0.20536849079728958,1,4
0.2665847012798679,1,4
0.1754687433450589,1,4
0.3332675585303929,1,4
0.36179666437262326,0,4
0.3332675585303929,1,4
0.3136260665831858,1,4
0.3332675585303929,1,4
0.3136260665831858,0,4
0.20536849079728958,0,4
0.1754687433450589,0,4
0.42498806241010234,1,4
0.34061147666220815,0,4
0.15997621564474607,0,4
0.15036602200172655,0,4
0.15997621564474607,1,4
0.15036602200172655,1,4
0.15997621564474607,0,4
0.15997621564474607,1,4
0.15036602200172655,0,4
0.15036602200172655,0,4
0.29328356956155355,0,4
0.278054085998804,0,4
0.29328356956155355,1,4
0.34061147666220815,0,4
0.27934658396766865,0,4
0.2678493018945086,0,4
0.2678493018945086,1,4
0.278054085998804,0,4
0.2964661262441033,0,4
0.26967252937360153,1,4
0.26967252937360153,0,4
0.25353825738843505,0,4
0.26967252937360153,0,4
0.26967252937360153,0,4
0.25353825738843505,1,4
0.25353825738843505,0,4
0.26967252937360153,1,4
0.25353825738843505,0,4
0.2736660109571706,1,4
0.1428908781768129,0,4
0.1333987986338504,0,4
0.1428908781768129,1,4
0.1333987986338504,0,4
0.2736660109571706,0,4
0.2736660109571706,0,4
0.348370094905322,0,4
0.348370094905322,0,4
0.348370094905322,0,4
0.21124421109194247,1,4
0.21124421109194247,0,4
0.36819573791537963,0,4
0.36819573791537963,0,4
0.21124421109194247,0,4
0.21124421109194247,0,4
0.36819573791537963,0,4
0.1436881438689871,0,4
0.21124421109194247,0,4
0.2375649867171049,0,4
0.34187621973629556,0,4
0.2375649867171049,0,4
0.34187621973629556,0,4
0.2375649867171049,0,4
0.27879845769019973,0,4
0.1868929538182681,0,4
0.1868929538182681,0,4
0.27879845769019973,0,4
0.1436881438689871,0,4
0.1754687433450589,1,4
0.42498806241010234,1,4
0.23805880560112802,0,4
0.27934658396766865,0,4
0.42498806241010234,0,4
0.23805880560112802,1,4
0.42498806241010234,1,4
0.23805880560112802,1,4
0.27934658396766865,0,4
0.25353825738843505,0,4
0.26967252937360153,0,4
0.26967252937360153,1,4
0.25353825738843505,0,4
0.2964661262441033,0,4
0.26967252937360153,1,4
0.26967252937360153,0,4
0.2964661262441033,0,4
0.1754687433450589,0,4
0.23824209467503,0,4
0.4059802308621,0,4
0.4059802308621,1,4
0.406199991767645,0,4
0.406199991767645,1,4
0.20818766123747534,0,4
0.23824209467503,0,4
0.20818766123747534,1,4
0.406199991767645,0,4
0.23824209467503,0,4
0.20818766123747534,1,4
0.42094234770489647,0,4
0.4059802308621,0,4
0.42094234770489647,0,4
0.406199991767645,0,4
0.29540960442142394,0,4
0.1301470308762671,0,4
0.29540960442142394,0,4
0.29540960442142394,1,4
0.1301470308762671,0,4
0.1301470308762671,1,4
0.1301470308762671,0,4
0.29540960442142394,0,4
0.29540960442142394,1,4
0.1301470308762671,1,4
0.406199991767645,1,4
0.33596260668288447,0,4
0.33596260668288447,0,4
0.2636193100499994,0,4
0.2636193100499994,1,4
0.33596260668288447,0,4
0.2757705267082875,0,4
0.33596260668288447,0,4
0.2636193100499994,0,4
0.2757705267082875,1,4
0.17240437602906533,0,4
0.17240437602906533,0,4
0.20874143296826986,1,4
0.17240437602906533,0,4
0.20874143296826986,0,4
0.17240437602906533,1,4
0.20874143296826986,0,4
0.20874143296826986,0,4
0.17240437602906533,0,4
0.20874143296826986,0,4
0.34061147666220815,1,4
0.34061147666220815,0,4
0.2678493018945086,0,4
0.2678493018945086,0,4
0.34061147666220815,1,4
0.34061147666220815,0,4
0.2678493018945086,0,4
0.2678493018945086,1,4
0.2678493018945086,0,4
0.29041531011226873,1,4
0.2358174176033837,0,4
0.2358174176033837,1,4
0.29041531011226873,0,4
0.2358174176033837,1,4
0.34061147666220815,0,4
0.29041531011226873,0,4
0.29041531011226873,0,4
0.2358174176033837,1,4
0.2757705267082875,0,4
0.33596260668288447,0,4
0.33596260668288447,0,4
0.2636193100499994,1,4
0.33596260668288447,0,4
0.2636193100499994,1,4
0.33596260668288447,0,4
0.2636193100499994,0,4
0.3707870618214969,0,4
0.152488133419864,0,4
0.20621054487141377,0,4
0.19843152148003795,0,4
0.152488133419864,0,4
0.21124421109194247,0,4
0.2666409837129651,0,4
0.2500648376766469,1,4
0.13858235150495335,1,4
0.20765698050494386,0,4
0.13858235150495335,0,4
0.2500648376766469,0,4
0.16730696361968045,0,4
0.35241605653799046,0,4
0.32929508372308947,0,4
0.16730696361968045,0,4
0.32929508372308947,0,4
0.2690557815231125,0,4
0.16730696361968045,0,4
0.27719384337570574,1,4
0.27719384337570574,0,4
0.2690557815231125,0,4
0.2690557815231125,0,4
0.16730696361968045,0,4
0.35241605653799046,0,4
0.2656941580758312,0,4
0.2656941580758312,0,4
0.3096981973266004,1,4
0.2519426272121571,0,4
0.24315971625748112,0,4
0.2339296868990438,0,4
0.3232554189993444,0,4
0.2339296868990438,1,4
0.24315971625748112,0,4
0.24812589628160975,0,4
0.24005439308255072,0,4
0.12349638801346008,0,4
0.2769068013788042,0,4
0.3096981973266004,0,4
0.12349638801346008,0,4
0.2957971122764007,1,4
0.12182566430690478,0,4
0.2386906122881638,0,4
0.27859850015920806,0,4
0.28113508750465555,0,4
0.28113508750465555,0,4
0.27859850015920806,0,4
0.3644444268536877,0,4
0.1802615247057041,0,4
0.1802615247057041,0,4
0.2345671456626458,0,4
0.29396475546114953,0,4
0.2345671456626458,0,4
0.29396475546114953,0,4
0.3697821209174058,0,4
0.2725133336849963,0,4
0.28662098960184446,0,4
0.3498399451013713,0,4
0.28662098960184446,0,4
0.12182566430690478,0,4
0.13487589722259996,0,4
0.24005439308255072,0,4
0.24005439308255072,0,4
0.21759096212463602,1,4
0.3498399451013713,0,4
0.3498399451013713,1,4
0.21759096212463602,1,4
0.13487589722259996,0,4
0.24459321595700567,0,4
0.24459321595700567,1,4
0.27262457122692707,0,4
0.27262457122692707,0,4
0.24459321595700567,0,4
0.24984854085597208,0,4
0.2501172362150984,0,4
0.2690548300448381,1,4
0.33150090200910665,1,4
0.2690548300448381,0,4
0.2658524871811285,0,4
0.27262457122692707,0,4
0.2690548300448381,0,4
0.1730478178447481,0,4
0.3251935952918289,0,4
0.2725133336849963,0,4
0.2725133336849963,0,4
0.3251935952918289,0,4
0.30569553539514327,1,4
0.3251935952918289,0,4
0.24632821039455544,0,4
0.1730478178447481,0,4
0.24632821039455544,0,4
0.1730478178447481,0,4
0.24632821039455544,0,4
0.2690548300448381,0,4
0.3499666570275157,1,4
0.19499632823114565,0,4
0.2690548300448381,0,4
0.19499632823114565,0,4
0.26878172985592397,0,4
0.19254948568536845,0,4
0.3186523302264386,0,4
0.19254948568536845,0,4
0.2881605385203825,0,4
0.19254948568536845,1,4
0.27859850015920806,0,4
0.29396475546114953,0,4
0.29396475546114953,0,4
0.27859850015920806,0,4
0.29396475546114953,0,4
0.27859850015920806,0,4
0.29636492512590484,0,4
0.12111112884128905,0,4
0.1894976000611137,0,4
0.1894976000611137,0,4
0.19499632823114565,0,4
0.1894976000611137,0,4
0.19499632823114565,0,4
0.1894976000611137,0,4
0.23272290114462502,0,4
0.3198440076555573,0,4
0.2639643335102628,0,4
0.31025056405748885,0,4
0.27262457122692707,1,4
0.2595250810909089,0,4
0.12111112884128905,0,4
0.2639643335102628,0,4
0.2671310424323061,0,4
0.25580727493332933,0,4
0.19296153714326747,0,4
0.32929508372308947,0,4
0.19296153714326747,0,4
0.1977173860648821,0,4
0.1890930714522865,1,4
0.1977173860648821,0,4
0.1890930714522865,0,4
0.19296153714326747,0,4
0.4156515845460115,0,4
0.4156515845460115,0,4
0.3744617908014004,0,4
0.3675960410984722,0,4
0.24725487327419038,1,4
0.24725487327419038,0,4
0.3675960410984722,0,4
0.3675960410984722,0,4
0.3200355649642921,1,4
0.17055938822067207,0,4
0.17055938822067207,0,4
0.3604163208434108,0,4
0.17055938822067207,0,4
0.37072722640166156,0,4
0.24725487327419038,0,4
0.3744617908014004,1,4
0.27262457122692707,0,4
0.2813675757051247,0,4
0.28663450737374074,0,4
0.2614962019860977,0,4
0.2702808689341718,0,4
0.3232926843473912,0,4
0.2614962019860977,0,4
0.1900148287988176,1,4
0.3744617908014004,1,4
0.3065029313445816,0,4
0.2732675833568602,0,4
0.2401127866453857,0,4
0.2732675833568602,0,4
0.27262457122692707,0,4
0.2813675757051247,1,4
0.27262457122692707,0,4
0.1900148287988176,0,4
0.23569783427988833,0,4
0.3228452391667179,0,4
0.23569783427988833,0,4
0.2937323681112428,1,4
0.18953089163856196,0,4
0.2889890491004734,0,4
0.27262457122692707,0,4
0.26846271668171595,0,4
0.26846271668171595,0,4
0.22930832443670635,1,4
0.27262457122692707,0,4
0.27262457122692707,0,4
0.28663450737374074,0,4
0.23882754249279292,0,4
0.27262457122692707,1,4
0.23882754249279292,1,4
0.27262457122692707,0,4
0.26846271668171595,1,4
0.22930832443670635,0,4
0.27262457122692707,0,4
0.27262457122692707,0,4
0.2937323681112428,0,4
0.28663450737374074,0,4
0.23569783427988833,0,4
0.23569783427988833,0,4
0.35298387410781895,1,4
0.35298387410781895,0,4
0.3228452391667179,1,4
0.28663450737374074,0,4
0.12070709327400342,0,4
0.312629105017052,0,4
0.27262457122692707,0,4
0.27262457122692707,0,4
0.3175388141516834,0,4
0.35298387410781895,0,4
0.3126690397409476,0,4
0.28584195191021833,1,4
0.3710840933284727,0,4
0.3788552926832667,1,4
0.3788552926832667,1,4
0.24725487327419038,0,4
0.3788552926832667,0,4
0.2614962019860977,0,4
0.3404817732167723,1,4
0.3710840933284727,0,4
0.40387071712543,0,4
0.24725487327419038,0,4
0.28584195191021833,0,4
0.2559811640063262,0,4
0.263471069539557,0,4
0.263471069539557,0,4
0.10378077522407114,0,4
0.29600023583101076,0,4
0.2868198148875031,0,4
0.2794092828441852,1,4
0.2559811640063262,0,4
0.2794092828441852,0,4
0.2794092828441852,0,4
0.2559811640063262,0,4
0.3404817732167723,0,4
0.10378077522407114,0,4
0.40387071712543,0,4
0.2889890491004734,0,4
0.2176673232059506,0,4
0.1569228153707959,0,4
0.2957971122764007,0,4
0.1569228153707959,0,4
0.3006049316202355,0,4
0.23569783427988833,1,4
0.23882754249279292,0,4
0.23882754249279292,0,4
0.23569783427988833,1,4
0.42817061711095994,1,4
0.42817061711095994,0,4
0.19237026825917303,0,4
0.19237026825917303,0,4
0.2559811640063262,0,4
0.272803189398822,1,4
0.2176673232059506,0,4
0.26846271668171595,0,4
0.17943906251862285,0,4
0.2559811640063262,1,4
0.27994016709062497,0,4
0.2559811640063262,0,4
0.2725984292169117,0,4
0.26846271668171595,0,4
0.2559811640063262,0,4
0.2725984292169117,1,4
0.290184282011138,0,4
0.4077041210376702,0,4
0.1635985405510869,0,4
0.3025024469804718,0,4
0.1635985405510869,0,4
0.3025024469804718,0,4
0.1661812225172299,0,4
0.15209753829006378,1,4
0.1417553354394162,0,4
0.15209753829006378,0,4
0.2550450871706881,0,4
0.15209753829006378,0,4
0.2582016086711848,0,4
0.2582016086711848,0,4
0.3110394916927134,0,4
0.1417553354394162,0,4
0.2550450871706881,1,4
0.14982058382523689,0,4
0.39709008797142564,1,4
0.1894447280078484,0,4
0.3826671164374972,1,4
0.3826671164374972,1,4
0.14794403830971814,0,4
0.14794403830971814,0,4
0.14794403830971814,0,4
0.30644137511982594,0,4
0.3100458000127222,0,4
0.14982058382523689,0,4
0.22920919156246988,0,4
0.39709008797142564,0,4
0.30644137511982594,0,4
0.35596937110853555,0,4
0.24432955138721635,0,4
0.2489941535403044,1,4
0.2857129154558453,0,4
0.2857129154558453,0,4
0.163935230277098,0,4
0.3065160604481786,0,4
0.2842606356400421,0,4
0.3065160604481786,0,4
0.3198440076555573,0,4
0.2401127866453857,0,4
0.24432955138721635,0,4
0.3198440076555573,0,4
0.163935230277098,0,4
0.29726759044975337,1,4
0.2107906271593737,0,4
0.2107906271593737,0,4
0.29287607616728417,0,4
0.2107906271593737,0,4
0.13053110953266278,0,4
0.13053110953266278,0,4
0.274281740038288,1,4
0.2690586209490502,0,4
0.2780309117632038,0,4
0.2690586209490502,0,4
0.274281740038288,0,4
0.368778896472456,1,4
0.29287607616728417,0,4
0.274281740038288,0,4
0.368778896472456,0,4
0.29726759044975337,1,4
0.2107906271593737,0,4
0.29287607616728417,0,4
0.2107906271593737,0,4
0.16271140572787657,0,4
0.27690773726000617,0,4
0.27690773726000617,0,4
0.27690773726000617,0,4
0.19814990174164093,0,4
0.1775637430994944,0,4
0.193351768322775,0,4
0.39358213781127893,1,4
0.1775637430994944,0,4
0.39358213781127893,1,4
0.193351768322775,0,4
0.17462797421247045,0,4
0.17447339211091428,0,4
0.17447339211091428,0,4
0.17462797421247045,0,4
0.193351768322775,0,4
0.16271140572787657,0,4
0.34093783990545234,0,4
0.34093783990545234,0,4
0.2505761002174698,0,4
0.2505761002174698,0,4
0.2505761002174698,0,4
0.12964038993235316,1,4
0.12964038993235316,0,4
0.2922465821072123,0,4
0.34093783990545234,0,4
0.23680280458748937,0,4
0.2763597170711559,0,4
0.23680280458748937,0,4
0.33093962099932583,0,4
0.33093962099932583,0,4
0.23680280458748937,0,4
0.2763597170711559,0,4
0.2915894176360989,0,4
0.2915894176360989,0,4
0.2797530345311784,0,4
0.2081055994535317,0,4
0.2915894176360989,1,4
0.21742333295741012,0,4
0.30117802640972646,0,4
0.16935193974486273,0,4
0.1360231543610413,0,4
0.36297691107641883,0,4
0.1360231543610413,0,4
0.36297691107641883,0,4
0.36297691107641883,1,4
0.1360231543610413,0,4
0.14699939071604284,0,4
0.29636492512590484,0,4
0.14699939071604284,0,4
0.16935193974486273,0,4
0.13858235150495335,0,4
0.20765698050494386,0,4
0.2500648376766469,0,4
0.13858235150495335,1,4
0.2666409837129651,1,4
0.2500648376766469,0,4
0.21742333295741012,0,4
0.16935193974486273,0,4
0.21742333295741012,0,4
0.30117802640972646,1,4
0.27518379452516617,0,4
0.27518379452516617,1,4
0.27518379452516617,0,4
0.2664602329253808,1,4
0.16003816114364955,0,4
0.16003816114364955,0,4
0.30253346135123405,0,4
0.16003816114364955,0,4
0.29726759044975337,0,4
0.1417553354394162,0,4
0.29726759044975337,0,4
0.1417553354394162,0,4
0.30253346135123405,0,4
0.4011440505004077,0,4
0.19378398372518968,0,4
0.17342489918642445,0,4
0.17342489918642445,1,4
0.19378398372518968,0,4
0.19378398372518968,0,4
0.17342489918642445,0,4
0.1596150626120647,0,4
0.1596150626120647,0,4
0.2489941535403044,0,4
0.39709008797142564,1,4
0.1596150626120647,0,4
0.27981107806328154,0,4
0.2489941535403044,0,4
0.2922465821072123,0,4
0.2922465821072123,0,4
0.20456957057362413,0,4
0.39709008797142564,0,4
0.258876092764907,1,4
0.16730494076502933,0,4
0.258876092764907,0,4
0.1360231543610413,0,4
0.1360231543610413,1,4
0.36297691107641883,1,4
0.1360231543610413,0,4
0.36297691107641883,0,4
0.36297691107641883,0,4
0.258876092764907,0,4
0.16730494076502933,0,4
0.13268758493490673,0,4
0.16730494076502933,0,4
0.175874821500293,0,4
0.30253346135123405,0,4
0.30253346135123405,0,4
0.175874821500293,0,4
0.39709008797142564,0,4
0.30253346135123405,0,4
0.13268758493490673,0,4
0.175874821500293,0,4
0.39709008797142564,0,4
0.30611220819522167,1,4
0.17561199619195178,0,4
0.30253346135123405,0,4
0.17561199619195178,0,4
0.30253346135123405,0,4
0.3230345789248368,1,4
0.14880635478899262,0,4
0.3230345789248368,0,4
0.14880635478899262,0,4
0.17561199619195178,0,4
0.20874143296826986,0,4
0.1753683050219147,0,4
0.20874143296826986,0,4
0.1753683050219147,0,4
0.21318890466917684,0,4
0.15917417257963917,0,4
0.15917417257963917,0,4
0.21318890466917684,0,4
0.1753683050219147,0,4
0.251758799082763,0,4
0.1674113029636486,0,4
0.1674113029636486,0,4
0.251758799082763,0,4
0.22773345944630263,0,4
0.22773345944630263,1,4
0.17079555606290187,0,4
0.17079555606290187,0,4
0.22773345944630263,0,4
0.3381395928105706,0,4
0.15202363427898735,0,4
0.15202363427898735,0,4
0.3381395928105706,1,4
0.3381395928105706,1,4
0.2707042068868375,0,4
0.19048239971223502,0,4
0.2787170978504687,0,4
0.2787170978504687,1,4
0.2787170978504687,0,4
0.21374186195282474,0,4
0.2787170978504687,0,4
0.21374186195282474,0,4
0.2869149826839674,1,4
0.2707042068868375,0,4
0.29396475546114953,1,4
0.19048239971223502,1,4
0.1570520647122825,0,4
0.19806329263766898,0,4
0.19806329263766898,0,4
0.19676265058209164,0,4
0.30644137511982594,0,4
0.19676265058209164,0,4
0.30644137511982594,0,4
0.24684830782096345,0,4
0.3138716274787099,0,4
0.1570520647122825,0,4
0.1570520647122825,0,4
0.19676265058209164,0,4
0.38118115831142674,1,4
0.19071506748457312,0,4
0.21618538469665916,0,4
0.21618538469665916,0,4
0.19071506748457312,0,4
0.05234732978419643,0,4
0.38118115831142674,0,4
0.05234732978419643,0,4
0.1343503912105002,0,4
0.2691408947350806,1,4
0.1343503912105002,0,4
0.12040732529478748,0,4
0.2811715001994769,1,4
0.2811715001994769,0,4
0.12040732529478748,0,4
0.2691408947350806,0,4
0.2583764174384371,0,4
0.2583764174384371,0,4
0.18926747688992307,0,4
0.18926747688992307,1,4
0.2583764174384371,1,4
0.2699104026057305,0,4
0.4298399094116466,0,4
0.2699104026057305,0,4
0.4298399094116466,0,4
0.4298399094116466,0,4
0.2699104026057305,0,4
0.18926747688992307,0,4
0.36737119507885474,0,4
0.1901717162615424,0,4
0.49384603117667436,0,4
0.2919643446277984,0,4
0.2919643446277984,0,4
0.36737119507885474,0,4
0.36737119507885474,0,4
0.529900647874362,1,4
0.1901717162615424,0,4
0.529900647874362,0,4
0.1901717162615424,0,4
0.23423577865471934,0,4
0.26255225720683684,0,4
0.13104961946889304,0,4
0.29856855054706755,0,4
0.13104961946889304,0,4
0.38118115831142674,1,4
0.058241222717886454,0,4
0.38118115831142674,0,4
0.058241222717886454,0,4
0.29856855054706755,0,4
0.22167521058808914,1,4
0.22167521058808914,0,4
0.26255225720683684,0,4
0.397382658124116,0,4
0.15086800865985006,0,4
0.13935561403996755,0,4
0.15086800865985006,0,4
0.13935561403996755,0,4
0.13935561403996755,0,4
0.15086800865985006,0,4
0.22167521058808914,0,4
0.2719531661715574,0,4
0.27690773726000617,1,4
0.3023904106804737,0,4
0.24275056321786526,0,4
0.24275056321786526,0,4
0.3023904106804737,0,4
0.27690773726000617,0,4
0.24275056321786526,0,4
0.2719531661715574,0,4
0.3023904106804737,1,4
0.27690773726000617,0,4
0.22743424797332612,1,4
0.4298399094116466,0,4
0.22743424797332612,1,4
0.4298399094116466,0,4
0.2719531661715574,0,4
0.5215808510358011,1,4
0.15970803032062242,0,4
0.5215808510358011,0,4
0.15970803032062242,0,4
0.38118115831142674,0,4
0.15924529985609714,0,4
0.15924529985609714,0,4
0.16726237855710413,0,4
0.2572431838065846,0,4
0.38118115831142674,0,4
0.06486950916512757,0,4
0.38118115831142674,0,4
0.16726237855710413,0,4
0.06486950916512757,0,4
0.275754932465481,0,4
0.16090339482621008,0,4
0.275754932465481,0,4
0.29636492512590484,0,4
0.1754687433450589,0,4
0.1754687433450589,0,4
0.29636492512590484,0,4
0.16090339482621008,0,4
0.2478849478749081,0,4
0.2478849478749081,0,4
0.4298399094116466,1,4
0.2487009400487702,0,4
0.39572371528653594,1,4
0.2487009400487702,0,4
0.4298399094116466,1,4
0.5481124591864895,0,4
0.5575535555229632,1,4
0.30644137511982594,0,4
0.15589645895919746,0,4
0.5575535555229632,0,4
0.14817289770342357,0,4
0.30644137511982594,0,4
0.14817289770342357,0,4
0.30644137511982594,0,4
0.14817289770342357,0,4
0.15589645895919746,0,4
0.2489941535403044,0,4
0.29396475546114953,1,4
0.2489941535403044,0,4
0.2489941535403044,0,4
0.21860145361848815,0,4
0.21860145361848815,0,4
0.2505471614647289,0,4
0.29396475546114953,0,4
0.2505471614647289,0,4
0.29396475546114953,0,4
0.29396475546114953,0,4
0.2489941535403044,0,4
0.35035007695403264,0,4
0.15284835329928348,0,4
0.15284835329928348,0,4
0.14050903825478056,0,4
0.14050903825478056,0,4
0.15284835329928348,0,4
0.35035007695403264,0,4
0.2169688212511236,0,4
0.2719531661715574,0,4
0.35035007695403264,0,4
0.14050903825478056,0,4
0.2719531661715574,0,4
0.29636492512590484,0,4
0.13127801597256317,0,4
0.29636492512590484,0,4
0.3360104130569259,0,4
0.13127801597256317,0,4
0.25179174900549706,0,4
0.25179174900549706,0,4
0.34750439386211995,1,4
0.29636492512590484,1,4
0.2055135013633972,1,4
0.34750439386211995,1,4
0.38474680782425663,0,4
0.38474680782425663,0,4
0.11158945050923796,0,4
0.11158945050923796,0,4
0.35356398519967047,0,4
0.35356398519967047,0,4
0.35356398519967047,0,4
0.35356398519967047,0,4
0.39354467970311335,0,4
0.2055135013633972,0,4
0.39354467970311335,0,4
0.23824209467503,0,4
0.2489941535403044,1,4
0.23824209467503,0,4
0.20818766123747534,0,4
0.23824209467503,0,4
0.20818766123747534,0,4
0.2707042068868375,0,4
0.2489941535403044,1,4
0.2707042068868375,0,4
0.20818766123747534,1,4
0.18818542192810406,0,4
0.290944970857273,0,4
0.1361224131495603,0,4
0.290944970857273,0,4
0.1361224131495603,0,4
0.38580936261427035,1,4
0.1361224131495603,0,4
0.38580936261427035,0,4
0.18818542192810406,0,4
0.290944970857273,0,4
0.2919643446277984,0,4
0.15891837324601576,0,4
0.15891837324601576,0,4
0.3901911856995506,0,4
0.2580894986838602,0,4
0.36900761042700325,1,4
0.36900761042700325,1,4
0.2580894986838602,0,4
0.2567611800258902,1,4
0.2489941535403044,0,4
0.2919643446277984,0,4
0.22885062003028656,0,4
0.17629397720892082,0,4
0.17629397720892082,1,4
0.22885062003028656,0,4
0.17629397720892082,0,4
0.22885062003028656,0,4
0.2489941535403044,0,4
0.3273929309452811,0,4
0.3273929309452811,0,4
0.2787498240473246,0,4
0.2787498240473246,0,4
0.06856703070854264,0,4
0.06856703070854264,0,4
0.2062501165602909,0,4
0.2787498240473246,1,4
0.3273929309452811,1,4
0.1360231543610413,0,4
0.2062501165602909,0,4
0.36297691107641883,1,4
0.1360231543610413,0,4
0.26728697447208616,0,4
0.26728697447208616,0,4
0.2310843919426806,0,4
0.2310843919426806,0,4
0.26728697447208616,0,4
0.1360231543610413,0,4
0.36297691107641883,0,4
0.2310843919426806,0,4
0.22132601191825152,0,4
0.22132601191825152,0,4
0.3618054091736769,0,4
0.3618054091736769,0,4
0.22132601191825152,0,4
0.22132601191825152,0,4
0.09888211415742143,0,4
0.09888211415742143,0,4
0.22132601191825152,1,4
0.2970991300959811,0,4
0.21614951928055182,0,4
0.36297691107641883,1,4
0.21614951928055182,0,4
0.36297691107641883,1,4
0.21614951928055182,0,4
0.36297691107641883,0,4
0.21614951928055182,0,4
0.22630840432595256,1,4
0.32906901426224466,0,4
0.22630840432595256,0,4
0.08670322682769727,0,4
0.22630840432595256,0,4
0.08670322682769727,0,4
0.3282109244385195,0,4
0.21132969346605368,1,4
0.21132969346605368,1,4
0.3282109244385195,0,4
0.21132969346605368,0,4
0.39709008797142564,0,4
0.21132969346605368,0,4
0.39709008797142564,0,4
0.21132969346605368,0,4
0.3282109244385195,0,4
0.19939738968074416,0,4
0.280377726514202,0,4
0.12095517863915883,1,4
0.12095517863915883,0,4
0.26017373657628495,1,4
0.32335599338218146,0,4
0.26017373657628495,0,4
0.2821138431182264,0,4
0.32335599338218146,1,4
0.19939738968074416,0,4
0.2671016667023217,1,4
0.2517745597647355,1,4
0.08269292632846381,1,4
0.38118115831142674,0,4
0.08269292632846381,1,4
0.38118115831142674,0,4
0.2821138431182264,0,4
0.21228129394675777,0,4
0.12959406494056902,0,4
0.30649842934310456,0,4
0.30649842934310456,1,4
0.12959406494056902,1,4
0.37152359387836065,0,4
0.24696773843419195,1,4
0.43945936826617904,1,4
0.24696773843419195,0,4
0.43945936826617904,0,4
0.18416487404747395,1,4
0.05969133306810381,1,4
0.05969133306810381,0,4
0.18416487404747395,0,4
0.18052385903470536,0,4
0.38724746660943643,0,4
0.356352390010619,1,4
0.27334103745674354,0,4
0.14385288553753217,0,4
0.18052385903470536,0,4
0.21546574729632795,0,4
0.14385288553753217,0,4
0.21546574729632795,0,4
0.27522573984392074,1,4
0.27334103745674354,0,4
0.2523874957927713,0,4
0.21546574729632795,1,4
0.367394236308343,0,4
0.26233556786139567,1,4
0.3201813717086388,0,4
0.26233556786139567,0,4
0.3201813717086388,0,4
0.26728697447208616,0,4
0.367394236308343,0,4
0.2963244735123156,0,4
0.2963244735123156,0,4
0.5626267888265872,0,4
0.284552521806972,1,4
0.2963244735123156,0,4
0.284552521806972,0,4
0.26728697447208616,1,4
0.28050774583537574,1,4
0.32375778189806004,1,4
0.28050774583537574,1,4
0.32375778189806004,1,4
0.2559780775663323,1,4
0.29800094593313864,0,4
0.29800094593313864,0,4
0.2559780775663323,0,4
0.26546251818930666,0,4
0.26546251818930666,1,4
0.09335599069929768,1,4
0.34724782099731133,0,4
0.2041828201897441,1,4
0.12938713312994077,0,4
0.30636149263374857,0,4
0.12938713312994077,0,4
0.2923549283243265,0,4
0.251428889540274,0,4
0.28050774583537574,0,4
0.09335599069929768,0,4
0.12115050160059226,0,4
0.2850267271533439,0,4
0.12115050160059226,0,4
0.19206739043976484,0,4
0.14764805948833137,0,4
0.14764805948833137,0,4
0.34061147666220815,0,4
0.34061147666220815,0,4
0.35908261920853,0,4
0.35908261920853,0,4
0.34061147666220815,0,4
0.2642533765278846,1,4
0.1390778044529868,0,4
0.34061147666220815,0,4
0.2642533765278846,0,4
0.1390778044529868,1,4
0.3730164377021046,1,4
0.3904768729323552,1,4
0.14702176899300567,0,4
0.14702176899300567,0,4
0.2719531661715574,0,4
0.2642533765278846,0,4
0.1390778044529868,0,4
0.3904768729323552,0,4
0.19502368696055383,0,4
0.19602066119908934,0,4
0.2729765602992372,0,4
0.3562046201135972,1,4
0.3410396775410507,0,4
0.2729765602992372,0,4
0.06713106526012269,0,4
0.18079559130268774,0,4
0.19602066119908934,0,4
0.35526599725733177,1,4
0.2710213571871737,0,4
0.2782937817772628,0,4
0.3874003652346192,1,4
0.18079559130268774,0,4
0.35077051611705257,0,4
0.06713106526012269,0,4
0.1346239933712461,0,4
0.1257686138659121,0,4
0.19502368696055383,1,4
0.2724789310300978,0,4
0.30935494746878567,0,4
0.30935494746878567,0,4
0.2724789310300978,0,4
0.19502368696055383,0,4
0.1866501979709141,0,4
0.1866501979709141,0,4
0.1257686138659121,0,4
0.1866501979709141,0,4
0.21633879148499935,0,4
0.45580227997815836,0,4
0.45580227997815836,1,4
0.21633879148499935,0,4
0.1346239933712461,0,4
0.1257686138659121,0,4
0.2173029465864692,0,4
0.20420259595112067,1,4
0.1785274326107622,0,4
0.1785274326107622,1,4
0.20420259595112067,0,4
0.20420259595112067,0,4
0.1785274326107622,0,4
0.14570230102261805,0,4
0.2173029465864692,0,4
0.14570230102261805,1,4
0.14570230102261805,0,4
0.2719531661715574,0,4
0.23541672464484276,0,4
0.2719531661715574,0,4
0.2489941535403044,0,4
0.2173029465864692,1,4
0.2776292498675178,1,4
0.05897588513343566,0,4
0.05897588513343566,0,4
0.3866148665599993,0,4
0.32033321462932285,0,4
0.19273335659050017,0,4
0.2969288095016519,0,4
0.29844410275841593,0,4
0.18466287960412464,0,4
0.17638693029059183,0,4
0.30163700298880436,0,4
0.30163700298880436,0,4
0.17638693029059183,0,4
0.32033321462932285,0,4
0.1827019360132457,0,4
0.19273335659050017,0,4
0.18466287960412464,1,4
0.1827019360132457,0,4
0.26728697447208616,0,4
0.4459508976613551,0,4
0.26728697447208616,0,4
0.08127499343777844,0,5
0.3696141147245895,0,5
0.3696141147245895,0,5
0.2615557315209506,1,5
0.08127499343777844,0,5
0.3696141147245895,0,5
0.14793175344190668,0,5
0.06648521920796868,0,5
0.14793175344190668,0,5
0.06648521920796868,0,5
0.08127499343777844,1,5
0.44223691086287287,1,5
0.17091198141988984,0,5
0.21488663444476552,0,5
0.17091198141988984,0,5
0.3175545502842998,0,5
0.28527996177107284,0,5
0.18048047230322495,0,5
0.10182434641932314,0,5
0.18048047230322495,0,5
0.44223691086287287,0,5
0.24547524486741423,0,5
0.12562051213376269,0,5
0.31790620913284084,0,5
0.3352001517487633,1,5
0.3272435100204222,0,5
0.3272435100204222,1,5
0.3272435100204222,0,5
0.21488663444476552,1,5
0.23945246474017,0,5
0.1498951452870022,0,5
0.10182434641932314,0,5
0.3460003639022402,0,5
0.4251869901336405,0,5
0.3101050906983799,1,5
0.08522217699510615,0,5
0.3101050906983799,0,5
0.08522217699510615,0,5
0.21229883824068763,0,5
0.17540371866338078,0,5
0.21229883824068763,0,5
0.28958491855164614,0,5
0.17540371866338078,0,5
0.12893537065279215,0,5
0.07290437011886952,0,5
0.21229883824068763,1,5
0.3460003639022402,0,5
0.2735688177393878,0,5
0.07290437011886952,1,5
0.14381041618564705,0,5
0.20072140487428092,1,5
0.14381041618564705,0,5
0.12893537065279215,0,5
0.17205425620885917,0,5
0.12755640053564954,1,5
0.20093442353008317,0,5
0.12755640053564954,0,5
0.20093442353008317,0,5
0.20093442353008317,0,5
0.12755640053564954,0,5
0.161477813734764,0,5
0.11503183814996043,1,5
0.17205425620885917,0,5
0.31596694554040416,0,5
0.17082748557194238,0,5
0.11805026802610619,0,5
0.17082748557194238,0,5
0.11805026802610619,0,5
0.161477813734764,0,5
0.2576206050534986,0,5
0.2608023767198244,0,5
0.11085058879819043,0,5
0.2968147883895923,1,5
0.2608023767198244,0,5
0.09451878653874335,0,5
0.411377112169519,0,5
0.543154072765927,1,5
0.09451878653874335,0,5
0.18966575666126362,0,5
0.11535584095992868,0,5
0.3072460779004723,0,5
0.11535584095992868,0,5
0.3072460779004723,1,5
0.12765702832294246,0,5
0.4305462540096877,1,5
0.09285632757420326,0,5
0.17941887002410772,0,5
0.1922167586204525,0,5
0.1922167586204525,0,5
0.2700667513337798,0,5
0.12328080241841133,0,5
0.2700667513337798,1,5
0.12328080241841133,0,5
0.0799855452277336,0,5
0.0799855452277336,0,5
0.2015911763803956,0,5
0.10349924723190351,0,5
0.10349924723190351,0,5
0.18377099585070766,0,5
0.33545848190316063,0,5
0.1676045425180004,1,5
0.09285632757420326,0,5
0.18377099585070766,0,5
0.543154072765927,1,5
0.1922167586204525,1,5
0.3072460779004723,0,5
0.11535584095992868,0,5
0.11535584095992868,0,5
0.3072460779004723,1,5
0.09285632757420326,0,5
0.2968147883895923,0,5
0.1922167586204525,0,5
0.2576206050534986,1,5
0.12765702832294246,0,5
0.11085058879819043,0,5
0.2608023767198244,1,5
0.2608023767198244,1,5
0.18966575666126362,1,5
0.09285632757420326,0,5
0.4305462540096877,1,5
0.14447444579874524,0,5
0.09451878653874335,0,5
0.09451878653874335,0,5
0.1746192341763113,0,5
0.1746192341763113,0,5
0.14447444579874524,0,5
0.07763409760419016,0,5
0.31601575114105496,0,5
0.07763409760419016,1,5
0.31601575114105496,1,5
0.18436501914061776,1,5
0.0930648619856439,0,5
0.16448395174148167,1,5
0.16448395174148167,1,5
0.10594344713710102,0,5
0.411377112169519,0,5
0.31601575114105496,1,5
0.12541990861307484,0,5
0.12541990861307484,0,5
0.14048644873247917,0,5
0.12541990861307484,1,5
0.14048644873247917,1,5
0.12541990861307484,0,5
0.14048644873247917,0,5
0.1269972149451919,0,5
0.14048644873247917,0,5
0.12152718172818111,0,5
0.1269972149451919,0,5
0.24164095910006267,1,5
0.2254669223108694,0,5
0.24164095910006267,1,5
0.1464524886421753,0,5
0.1464524886421753,1,5
0.24164095910006267,1,5
0.1184317885947076,0,5
0.29142555504059287,0,5
0.35329996818733655,1,5
0.28095764761135844,0,5
0.167952095717529,0,5
0.15412401512535023,0,5
0.28095764761135844,0,5
0.188019646743661,0,5
0.29142555504059287,0,5
0.148594664605873,0,5
0.4394585913886325,0,5
0.1868546220164945,1,5
0.4394585913886325,1,5
0.19968661873004434,0,5
0.0929561032618107,0,5
0.27038538832726045,0,5
0.27038538832726045,1,5
0.0929561032618107,0,5
0.3508350814940784,0,5
0.5001204716011087,0,5
0.148594664605873,0,5
0.37032091785371146,1,5
0.1477919005756515,0,5
0.06571614567706563,0,5
0.1671587017541003,0,5
0.1425362148948589,0,5
0.1671587017541003,0,5
0.1425362148948589,0,5
0.35023338439123475,1,5
0.1425362148948589,0,5
0.229611840603983,0,5
0.1477919005756515,0,5
0.229611840603983,0,5
0.06571614567706563,0,5
0.1477919005756515,0,5
0.1348054001826383,0,5
0.12010127060582043,0,5
0.1348054001826383,0,5
0.12010127060582043,1,5
0.1348054001826383,0,5
0.23432188726453762,0,5
0.37032091785371146,0,5
0.3358393769574295,1,5
0.345142355268216,0,5
0.16213928592493287,0,5
0.17145025986291285,0,5
0.11356600797257921,0,5
0.11356600797257921,0,5
0.16213928592493287,0,5
0.17145025986291285,1,5
0.5433121070009204,0,5
0.10534006040572019,0,5
0.3026075273502348,1,5
0.5433121070009204,0,5
0.23281341215271756,0,5
0.10534006040572019,0,5
0.23281341215271756,0,5
0.5067689228060217,1,5
0.2525561728243434,0,5
0.43291812244378214,0,5
0.3026075273502348,0,5
0.12971964024514138,0,5
0.5433121070009204,0,5
0.0944175081230616,0,5
0.13431657490921534,0,5
0.2810049780130415,0,5
0.2810049780130415,0,5
0.13431657490921534,0,5
0.1342948338946739,0,5
0.09321803723504873,0,5
0.1342948338946739,0,5
0.10131934344096416,0,5
0.4185556125096851,1,5
0.23240789698862374,1,5
0.09032101602691711,0,5
0.09032101602691711,0,5
0.27661670460899723,1,5
0.08627405362829665,0,5
0.27661670460899723,0,5
0.309752360681396,0,5
0.0944175081230616,0,5
0.27661670460899723,0,5
0.309752360681396,0,5
0.19631934092984948,0,5
0.11600214253688934,1,5
0.2346284918039927,1,5
0.15303778831053994,1,5
0.19631934092984948,1,5
0.19631934092984948,0,5
0.2346284918039927,0,5
0.17206890787249918,0,5
0.11600214253688934,0,5
0.20351271600826248,1,5
0.17080519607299893,0,5
0.17499771880693094,0,5
0.10230350659939624,0,5
0.17499771880693094,0,5
0.10230350659939624,0,5
0.17206890787249918,0,5
0.057526137512456166,0,5
0.3174165416883059,1,5
0.1771624496107117,0,5
0.21467167898477113,0,5
0.21467167898477113,0,5
0.1286453908556734,0,5
0.30805419504646836,0,5
0.44239401624123265,0,5
0.1286453908556734,0,5
0.30805419504646836,0,5
0.3836508570139644,1,5
0.14905345169835904,0,5
0.3836508570139644,0,5
0.14905345169835904,0,5
0.2074227988301094,0,5
0.14401336256060038,0,5
0.2074227988301094,0,5
0.27227339347554325,0,5
0.2739120224160352,0,5
0.4741712448264791,1,5
0.057526137512456166,0,5
0.44239401624123265,0,5
0.14401336256060038,0,5
0.21032340352754952,0,5
0.21032340352754952,0,5
0.11799985088082376,0,5
0.225734703135557,0,5
0.11799985088082376,0,5
0.11799985088082376,1,5
0.225734703135557,0,5
0.08480012048963925,0,5
0.1768178508221886,1,5
0.08480012048963925,0,5
0.1768178508221886,0,5
0.225734703135557,0,5
0.1768178508221886,0,5
0.2600716257047332,0,5
0.08480012048963925,1,5
0.15171668266516725,0,5
0.20567760166350135,0,5
0.20567760166350135,0,5
0.14217377016307908,0,5
0.20567760166350135,0,5
0.08480012048963925,0,5
0.1768178508221886,0,5
0.14217377016307908,0,5
0.3404420914294656,0,5
0.3215544302788247,0,5
0.18065565112538529,0,5
0.3404420914294656,1,5
0.46754506481200997,1,5
0.3215544302788247,0,5
0.15006204520433708,0,5
0.18065565112538529,0,5
0.2535686834103891,0,5
0.33628583813653434,0,5
0.3308313810526381,0,5
0.08296818336019651,0,5
0.2535686834103891,0,5
0.08296818336019651,0,5
0.1145308883583166,0,5
0.17353445350027674,0,5
0.32201704923460783,1,5
0.15006204520433708,0,5
0.3232065755985314,0,5
0.09834672792734889,0,5
0.12361382067817972,0,5
0.1305842096646218,0,5
0.21786591788611775,0,5
0.21786591788611775,0,5
0.2649288632160596,0,5
0.2234973694540583,0,5
0.21786591788611775,0,5
0.2361030361743358,0,5
0.07090610818899312,0,5
0.1305842096646218,0,5
0.07090610818899312,0,5
0.35358420485648145,1,5
0.35358420485648145,1,5
0.09834672792734889,0,5
0.12361382067817972,0,5
0.19816488565021995,0,5
0.19816488565021995,1,5
0.2361030361743358,0,5
0.24594299563632815,0,5
0.11703623527281026,0,5
0.1425362148948589,0,5
0.1425362148948589,1,5
0.1671587017541003,0,5
0.1425362148948589,0,5
0.1671587017541003,1,5
0.1671587017541003,0,5
0.12152718172818111,0,5
0.12152718172818111,0,5
0.1269972149451919,0,5
0.13108631722939623,0,5
0.24164095910006267,0,5
0.24164095910006267,1,5
0.13108631722939623,1,5
0.24164095910006267,0,5
0.13108631722939623,0,5
0.1269972149451919,0,5
0.16539710199451807,0,5
0.3126121339788309,0,5
0.14652704448240028,0,5
0.4330744877526538,1,5
0.14652704448240028,0,5
0.1487445116089573,0,5
0.26504146979613885,1,5
0.1487445116089573,1,5
0.549745456044072,1,5
0.2815071912887491,0,5
0.06459568666614257,1,5
0.1740792571131653,0,5
0.19459423744813664,0,5
0.20721797227087446,1,5
0.1740792571131653,0,5
0.22761335355346635,1,5
0.29129405504259287,1,5
0.26504146979613885,0,5
0.23771770397070546,0,5
0.4330744877526538,0,5
0.06459568666614257,0,5
0.23771770397070546,0,5
0.1477919005756515,0,5
0.229611840603983,1,5
0.229611840603983,0,5
0.1477919005756515,0,5
0.24943596402247814,1,5
0.1342948338946739,0,5
0.10131934344096416,0,5
0.10131934344096416,1,5
0.229611840603983,0,5
0.23240789698862374,1,5
0.1342948338946739,1,5
0.27661670460899723,1,5
0.27661670460899723,0,5
0.09032101602691711,0,5
0.09032101602691711,0,5
0.27661670460899723,0,5
0.1342948338946739,0,5
0.09032101602691711,0,5
0.16881954285890277,0,5
0.10182434641932314,0,5
0.19556595366233254,0,5
0.08305830689599447,0,5
0.3460003639022402,0,5
0.3460003639022402,1,5
0.08305830689599447,1,5
0.4251869901336405,0,5
0.3175545502842998,0,5
0.31790620913284084,0,5
0.3352001517487633,0,5
0.12562051213376269,0,5
0.44223691086287287,1,5
0.3272435100204222,0,5
0.10182434641932314,0,5
0.18048047230322495,1,5
0.18048047230322495,1,5
0.12562051213376269,0,5
0.19556595366233254,0,5
0.120044650861724,0,5
0.2810049780130415,0,5
0.3175545502842998,1,5
0.12010127060582043,0,5
0.13987017919252298,0,5
0.13987017919252298,0,5
0.23432188726453762,0,5
0.1348054001826383,0,5
0.15200708217925163,0,5
0.12541990861307484,0,5
0.12010127060582043,0,5
0.12541990861307484,0,5
0.25568038203077337,0,5
0.12541990861307484,1,5
0.2810049780130415,1,5
0.2602337811566856,0,5
0.120044650861724,1,5
0.2810049780130415,0,5
0.15200708217925163,0,5
0.20567760166350135,0,5
0.225734703135557,0,5
0.11799985088082376,0,5
0.225734703135557,0,5
0.11799985088082376,0,5
0.2643222986297916,0,5
0.13199058037442013,0,5
0.225734703135557,0,5
0.20567760166350135,0,5
0.0809785089983468,0,5
0.20567760166350135,1,5
0.13199058037442013,0,5
0.1768178508221886,0,5
0.0809785089983468,1,5
0.1768178508221886,0,5
0.1768178508221886,1,5
0.0809785089983468,0,5
0.13199058037442013,0,5
0.11600214253688934,0,5
0.15303778831053994,0,5
0.19631934092984948,0,5
0.19631934092984948,0,5
0.15303778831053994,0,5
0.15303778831053994,0,5
0.19631934092984948,0,5
0.15931344234530032,0,5
0.17206890787249918,0,5
0.24363970898913745,0,5
0.17206890787249918,1,5
0.1689107422996834,0,5
0.2174214260998214,0,5
0.11025272697509148,0,5
0.17499771880693094,1,5
0.09802700908849604,0,5
0.17499771880693094,0,5
0.11600214253688934,1,5
0.2361030361743358,0,5
0.07090610818899312,0,5
0.2361030361743358,0,5
0.07090610818899312,0,5
0.40932434299819576,0,5
0.06814072351785017,1,5
0.24380426918223452,0,5
0.09834672792734889,0,5
0.24380426918223452,0,5
0.12498105619570388,0,5
0.21786591788611775,0,5
0.12498105619570388,0,5
0.21786591788611775,0,5
0.12498105619570388,0,5
0.21786591788611775,0,5
0.09834672792734889,0,5
0.5002796962379392,1,5
0.2723089269622967,0,5
0.11535584095992868,0,5
0.5002796962379392,0,5
0.3232065755985314,0,5
0.11535584095992868,0,5
0.3072460779004723,0,5
0.11535584095992868,0,5
0.3072460779004723,0,5
0.14401336256060038,0,5
0.2649288632160596,0,5
0.2074227988301094,0,5
0.14401336256060038,0,5
0.27227339347554325,0,5
0.2739120224160352,0,5
0.2074227988301094,1,5
0.2739120224160352,0,5
0.2739120224160352,0,5
0.2074227988301094,0,5
0.2739120224160352,0,5
0.2074227988301094,0,5
0.2649288632160596,0,5
0.2074227988301094,0,5
0.3232065755985314,0,5
0.3232065755985314,1,5
0.1868795020834224,0,5
0.1868795020834224,0,5
0.09664528398863104,0,5
0.09664528398863104,0,5
0.1868795020834224,0,5
0.11342822799310881,1,5
0.29928340087910443,1,5
0.29928340087910443,0,5
0.11342822799310881,0,5
0.09664528398863104,0,5
0.29928340087910443,1,5
0.20311859477407312,0,5
0.1420735984053333,0,5
0.1420735984053333,0,5
0.20311859477407312,0,5
0.12361382067817972,0,5
0.19816488565021995,0,5
0.19816488565021995,1,5
0.12361382067817972,1,5
0.2649288632160596,0,5
0.11342822799310881,0,5
0.18065565112538529,0,5
0.18065565112538529,0,5
0.15006204520433708,0,5
0.4741712448264791,1,5
0.4741712448264791,1,5
0.44239401624123265,1,5
0.15006204520433708,0,5
0.44239401624123265,0,5
0.33628583813653434,1,5
0.25285126770414,0,5
0.3308313810526381,0,5
0.33628583813653434,0,5
0.16197851254037332,0,5
0.16197851254037332,0,5
0.25285126770414,1,5
0.4330744877526538,1,5
0.21650210460465147,0,5
0.4741712448264791,1,5
0.3308313810526381,0,5
0.44239401624123265,0,5
0.21032340352754952,0,5
0.2600716257047332,1,5
0.2615557315209506,0,5
0.21032340352754952,0,5
0.2615557315209506,1,5
0.08142012878384797,0,5
0.3696141147245895,0,5
0.0779803096466759,0,5
0.3654960502392258,0,5
0.0779803096466759,0,5
0.0779803096466759,0,5
0.08142012878384797,0,5
0.1488108329692137,1,5
0.14793175344190668,0,5
0.14793175344190668,1,5
0.06648521920796868,0,5
0.26195722360262275,0,5
0.06388039743201013,1,5
0.2600716257047332,0,5
0.3696141147245895,0,5
0.10182434641932314,0,5
0.10182434641932314,1,5
0.18048047230322495,0,5
0.24547524486741423,0,5
0.23945246474017,1,5
0.23945246474017,0,5
0.24547524486741423,0,5
0.14401336256060038,0,5
0.27227339347554325,0,5
0.24547524486741423,0,5
0.2074227988301094,0,5
0.2074227988301094,0,5
0.14401336256060038,0,5
0.2739120224160352,0,5
0.18048047230322495,0,5
0.23945246474017,0,5
0.21229883824068763,1,5
0.14381041618564705,0,5
0.17540371866338078,0,5
0.28958491855164614,0,5
0.3101050906983799,0,5
0.08522217699510615,0,5
0.3063278608497132,0,5
0.3063278608497132,0,5
0.08522217699510615,0,5
0.12893537065279215,0,5
0.08522217699510615,0,5
0.14381041618564705,0,5
0.2735688177393878,1,5
0.12420936825502027,1,5
0.17540371866338078,0,5
0.21229883824068763,0,5
0.21229883824068763,0,5
0.12893537065279215,0,5
0.1674072344515395,1,5
0.2466670228418093,1,5
0.21263776882124408,0,5
0.12352105014088088,1,5
0.12352105014088088,0,5
0.2466670228418093,0,5
0.21428727137718695,0,5
0.2466670228418093,1,5
0.1674072344515395,1,5
0.2477546502225647,0,5
0.07315308259758513,0,5
0.07315308259758513,0,5
0.21428727137718695,1,5
0.3414449390444494,0,5
0.21428727137718695,0,5
0.2477546502225647,1,5
0.3531938868644714,1,5
0.207878373886771,0,5
0.06769548374373535,0,5
0.1958503047292327,0,5
0.1958503047292327,0,5
0.06769548374373535,0,5
0.13292919568343742,0,5
0.207878373886771,0,5
0.15742577837007454,0,5
0.13292919568343742,1,5
0.207878373886771,0,5
0.10285069129048485,0,5
0.2903542224635619,0,5
0.10285069129048485,1,5
0.28671758566931616,0,5
0.10285069129048485,0,5
0.2903542224635619,0,5
0.13292919568343742,0,5
0.23155054039689793,0,5
0.19436347959410538,1,5
0.08242930625170664,0,5
0.23155054039689793,0,5
0.23155054039689793,0,5
0.08242930625170664,0,5
0.14044596896092387,0,5
0.14044596896092387,0,5
0.23054481069377408,0,5
0.23054481069377408,0,5
0.24191773101577496,0,5
0.13320045424331284,1,5
0.23868370812417505,0,5
0.23054481069377408,0,5
0.23054481069377408,0,5
0.29643396457562077,0,5
0.14044596896092387,0,5
0.13320045424331284,0,5
0.0799855452277336,1,5
0.15478506655105506,1,5
0.17205425620885917,0,5
0.17205425620885917,0,5
0.17205425620885917,0,5
0.15478506655105506,0,5
0.17205425620885917,0,5
0.23704659588622645,0,5
0.18714190112850515,0,5
0.15478506655105506,0,5
0.2015911763803956,0,5
0.0799855452277336,0,5
0.20093442353008317,0,5
0.12755640053564954,1,5
0.20093442353008317,1,5
0.12755640053564954,0,5
0.28194109262480915,1,5
0.0799855452277336,0,5
0.2015911763803956,0,5
0.20093442353008317,1,5
0.33545848190316063,0,5
0.10349924723190351,0,5
0.18377099585070766,0,5
0.10349924723190351,0,5
0.18377099585070766,1,5
0.10349924723190351,1,5
0.07447504218971124,0,5
0.31601575114105496,1,5
0.07447504218971124,1,5
0.06358129403442347,0,5
0.31601575114105496,0,5
0.12328080241841133,0,5
0.2700667513337798,0,5
0.26658875636456303,1,5
0.12328080241841133,1,5
0.12328080241841133,0,5
0.48824457614828864,0,5
0.31601575114105496,0,5
0.17082748557194238,0,5
0.3258055418593777,0,5
0.22456714368651398,0,5
0.22456714368651398,1,5
0.11805026802610619,1,5
0.17082748557194238,0,5
0.11805026802610619,0,5
0.3258055418593777,0,5
0.17082748557194238,0,5
0.14447444579874524,0,5
0.1674906116846746,0,5
0.14447444579874524,1,5
0.2565894800168096,0,5
0.1674906116846746,0,5
0.14447444579874524,0,5
0.1674906116846746,0,5
0.1420735984053333,0,5
0.20311859477407312,1,5
0.20311859477407312,0,5
0.1420735984053333,0,5
0.20311859477407312,0,5
0.20311859477407312,0,5
0.2992400022081664,0,5
0.14381041618564705,0,5
0.1420735984053333,0,5
0.12893537065279215,1,5
0.2735688177393878,0,5
0.12893537065279215,1,5
0.2735688177393878,0,5
0.12893537065279215,0,5
0.14381041618564705,0,5
0.12893537065279215,0,5
0.14381041618564705,0,5
0.20072140487428092,0,5
0.1425362148948589,0,5
0.1425362148948589,0,5
0.1671587017541003,1,5
0.2466670228418093,0,5
0.12352105014088088,0,5
0.12352105014088088,0,5
0.21263776882124408,0,5
0.12352105014088088,0,5
0.2466670228418093,0,5
0.21263776882124408,0,5
0.2466670228418093,0,5
0.2466670228418093,0,5
0.1671587017541003,0,5
0.2466670228418093,0,5
0.1671587017541003,0,5
0.31596694554040416,0,5
0.1425362148948589,0,5
0.2565894800168096,0,5
0.17082748557194238,0,5
0.1425362148948589,0,5
0.11805026802610619,0,5
0.11805026802610619,0,5
0.31596694554040416,0,5
0.17082748557194238,0,5
0.11805026802610619,0,5
0.31596694554040416,0,5
0.1671587017541003,0,5
0.1425362148948589,0,5
0.1671587017541003,0,5
0.11805026802610619,1,5
0.08142012878384797,0,5
0.2615557315209506,0,5
0.08142012878384797,0,5
0.08142012878384797,0,5
0.2615557315209506,0,5
0.08142012878384797,1,5
0.2615557315209506,0,5
0.28958491855164614,0,5
0.2615557315209506,0,5
0.21229883824068763,0,5
0.21229883824068763,0,5
0.28958491855164614,0,5
0.17540371866338078,1,5
0.21229883824068763,0,5
0.21229883824068763,0,5
0.17540371866338078,0,5
0.41002299618983507,0,5
0.17540371866338078,0,5
0.20093442353008317,0,5
0.12755640053564954,0,5
0.12755640053564954,0,5
0.20093442353008317,0,5
0.20093442353008317,0,5
0.12755640053564954,1,5
0.12755640053564954,0,5
0.20093442353008317,0,5
0.20093442353008317,0,5
0.12755640053564954,0,5
0.24191773101577496,0,5
0.37947164838186265,0,5
0.13320045424331284,0,5
0.13320045424331284,0,5
0.24191773101577496,0,5
0.24191773101577496,1,5
0.13320045424331284,0,5
0.13320045424331284,1,5
0.24191773101577496,0,5
0.13320045424331284,0,5
0.12352105014088088,1,5
0.12352105014088088,0,5
0.2466670228418093,1,5
0.2466670228418093,1,5
0.2466670228418093,0,5
0.12352105014088088,0,5
0.2466670228418093,0,5
0.2466670228418093,0,5
0.12352105014088088,0,5
0.12352105014088088,0,5
0.1110487317842177,0,5
0.06641138943223968,0,5
0.3622712791360764,0,5
0.3622712791360764,1,5
0.06641138943223968,0,5
0.14793837187049763,0,5
0.1110487317842177,0,5
0.14793837187049763,0,5
0.14793837187049763,1,5
0.1110487317842177,0,5
0.25179619144208265,0,5
0.23266051217702788,1,5
0.10144830386879466,1,5
0.19054583782223922,0,5
0.19054583782223922,0,5
0.10144830386879466,0,5
0.0742111669977894,0,5
0.365367735494999,1,5
0.365367735494999,1,5
0.0742111669977894,0,5
0.34117148466857494,0,5
0.05104674553421107,0,5
0.10924676878755568,0,5
0.21084758601419673,0,5
0.34117148466857494,1,5
0.10927013058894475,0,5
0.21084758601419673,0,5
0.21084758601419673,0,5
0.10924676878755568,0,5
0.05104674553421107,0,5
0.2074227988301094,0,5
0.06756039621298737,0,5
0.06756039621298737,0,5
0.26961853970519134,1,5
0.27227339347554325,0,5
0.2739120224160352,1,5
0.14401336256060038,0,5
0.14401336256060038,1,5
0.2074227988301094,0,5
0.26961853970519134,1,5
0.14369321602036267,1,5
0.14369321602036267,0,5
0.09969913447069212,0,5
0.21101840730240184,0,5
0.21101840730240184,0,5
0.21101840730240184,1,5
0.09969913447069212,0,5
0.050356703870951036,0,5
0.050356703870951036,0,5
0.15051289406227908,0,5
0.050356703870951036,0,5
0.2291952286972262,0,5
0.06878879052664244,0,5
0.06878879052664244,0,5
0.34117148466857494,0,5
0.34117148466857494,0,5
0.34117148466857494,0,5
0.2291952286972262,0,5
0.07323215736570254,0,5
0.07323215736570254,0,5
0.06878879052664244,0,5
0.2291952286972262,1,5
0.14369321602036267,0,5
0.19348286696897243,0,5
0.09969913447069212,0,5
0.19348286696897243,0,5
0.09969913447069212,0,5
0.19348286696897243,0,5
0.09969913447069212,0,5
0.14369321602036267,1,5
0.07315184523239793,0,5
0.1603181395084089,0,5
0.1603181395084089,1,5
0.07315184523239793,0,5
0.21373560839394146,1,5
0.23204171015597974,0,5
0.07311585022169487,0,5
0.2406737276982318,0,5
0.07311585022169487,0,5
0.2406737276982318,0,5
0.07311585022169487,0,5
0.2406737276982318,0,5
0.11581994369822157,0,5
0.11581994369822157,0,5
0.21263776882124408,0,5
0.43793064198216425,0,5
0.11581994369822157,1,5
0.23204171015597974,0,5
0.22077321796283056,0,5
0.22077321796283056,0,5
0.12352105014088088,0,5
0.12352105014088088,1,5
0.22077321796283056,1,5
0.11230224089110874,0,5
0.3330714792163174,1,5
0.11230224089110874,0,5
0.2067335261848905,0,5
0.06947729173365236,0,5
0.24794291695157178,1,5
0.06947729173365236,0,5
0.24794291695157178,0,5
0.13000457728829085,1,5
0.2735688177393878,0,5
0.14381041618564705,0,5
0.13000457728829085,0,5
0.14381041618564705,0,5
0.13000457728829085,0,5
0.06659904329266875,1,5
0.2803955764859307,0,5
0.06659904329266875,1,5
0.14805909549048757,1,5
0.14805909549048757,0,5
0.06659904329266875,1,5
0.29643396457562077,1,5
0.2268204516837773,0,5
0.2268204516837773,0,5
0.14044596896092387,0,5
0.20607941123492035,0,5
0.17205425620885917,0,5
0.17205425620885917,0,5
0.13269527035479656,0,5
0.13269527035479656,0,5
0.17205425620885917,0,5
0.12010127060582043,0,5
0.14009078581919954,0,5
0.14009078581919954,0,5
0.23432188726453762,0,5
0.1723705920506612,0,5
0.18910717020231282,0,5
0.18910717020231282,0,5
0.1723705920506612,0,5
0.18910717020231282,0,5
0.3270505279161696,0,5
0.07408134789741116,0,5
0.3270505279161696,0,5
0.07408134789741116,0,5
0.1723705920506612,1,5
0.14028564807294108,1,5
0.17281125501365346,1,5
0.1266602458723326,0,5
0.17281125501365346,1,5
0.1266602458723326,0,5
0.14028564807294108,1,5
0.10603914308736528,0,5
0.10603914308736528,0,5
0.09834672792734889,0,5
0.14028564807294108,0,5
0.09834672792734889,0,5
0.36179416368314066,1,5
0.25045282970543525,0,5
0.25045282970543525,1,5
0.09834672792734889,0,5
0.10603914308736528,0,5
0.3043667604845406,1,5
0.1477919005756515,0,5
0.24943596402247814,0,5
0.1477919005756515,0,5
0.20502114783167547,0,5
0.14389627393654914,1,5
0.14447444579874524,0,5
0.14447444579874524,1,5
0.14389627393654914,0,5
0.20502114783167547,1,5
0.14447444579874524,0,5
0.14389627393654914,0,5
0.14695987786577713,0,5
0.14263407405518336,0,5
0.14695987786577713,1,5
0.14263407405518336,0,5
0.14695987786577713,1,5
0.14695987786577713,0,5
0.14263407405518336,0,5
0.14263407405518336,1,5
0.23797009893196974,1,5
0.3040052217762592,0,5
0.10445276749305965,0,5
0.1630506473963962,0,5
0.18267962927666948,0,5
0.10445276749305965,0,5
0.1630506473963962,0,5
0.06981268712988686,0,5
0.11385437666725018,1,5
0.23797009893196974,1,5
0.17221282817084682,0,5
0.11385437666725018,0,5
0.3491513966678158,0,5
0.11385437666725018,0,5
0.17221282817084682,0,5
0.06981268712988686,0,5
0.20812426055207134,1,5
0.12101672175899814,0,5
0.12101672175899814,0,5
0.23469872960137117,0,5
0.16957139589032943,0,5
0.10492379053293432,1,5
0.4415895802999281,0,5
0.16957139589032943,0,5
0.20175377219066837,0,5
0.0799855452277336,0,5
0.16957139589032943,0,5
0.20175377219066837,0,5
0.10492379053293432,0,5
0.0799855452277336,1,5
0.13850403721620475,0,5
0.10141133633013844,0,5
0.10141133633013844,0,5
0.13850403721620475,0,5
0.10141133633013844,0,5
0.13850403721620475,0,5
0.18611380661033128,0,5
0.19421604450412155,0,5
0.19421604450412155,1,5
0.10660818217314871,0,5
0.19421604450412155,0,5
0.20840591634007244,0,5
0.23290259621602094,1,5
0.13433349299558772,0,5
0.23290259621602094,0,5
0.13433349299558772,0,5
0.23290259621602094,0,5
0.18611380661033128,0,5
0.25325114566141405,0,5
0.25325114566141405,1,5
0.10285069129048485,0,5
0.1456495587126505,0,5
0.20567760166350135,1,5
0.20567760166350135,0,5
0.1456495587126505,0,5
0.10285069129048485,0,5
0.10285069129048485,0,5
0.31142113670440974,0,5
0.25325114566141405,0,5
0.1678573837261187,0,5
0.25693918677492,0,5
0.1182411907424511,0,5
0.1678573837261187,0,5
0.1182411907424511,0,5
0.2767586544049703,1,5
0.12305704626077141,0,5
0.26719779369926133,1,5
0.268516483138433,0,5
0.08142012878384797,0,5
0.2657018494027754,0,5
0.268516483138433,1,5
0.1173621321721664,0,5
0.3363786304038954,0,5
0.20917968680008936,0,5
0.1173621321721664,0,5
0.08142012878384797,0,5
0.08522217699510615,0,5
0.2714435349356512,0,5
0.2714435349356512,0,5
0.08522217699510615,0,5
0.20580008222533797,0,5
0.12172295156562896,0,5
0.10360130146571922,0,5
0.12172295156562896,1,5
0.12172295156562896,0,5
0.09664528398863104,0,5
0.1870330116818627,0,5
0.1870330116818627,1,5
0.09664528398863104,0,5
0.1870330116818627,0,5
0.09664528398863104,0,5
0.10360130146571922,0,5
0.14401336256060038,0,5
0.2074227988301094,0,5
0.0686775254463684,0,5
0.0686775254463684,0,5
0.37032091785371146,1,5
0.28095764761135844,0,5
0.15518379613987499,0,5
0.12361382067817972,0,5
0.28095764761135844,0,5
0.2074227988301094,0,5
0.19816488565021995,1,5
0.2649288632160596,0,5
0.12361382067817972,0,5
0.18763583864501232,0,5
0.2649288632160596,0,5
0.15518379613987499,0,5
0.14401336256060038,1,5
0.37032091785371146,1,5
0.1674072344515395,0,5
0.3117875439449782,1,5
0.2310159734499263,0,5
0.1079644316223537,1,5
0.1079644316223537,1,5
0.2698446901399909,1,5
0.1079644316223537,0,5
0.2698446901399909,0,5
0.1079644316223537,0,5
0.2698446901399909,0,5
0.20153968469350492,0,5
0.06781122931507677,0,5
0.20153968469350492,0,5
0.21075361099377743,1,5
0.3414449390444494,0,5
0.1674072344515395,0,5
0.21075361099377743,0,5
0.06781122931507677,0,5
0.2815071912887491,0,5
0.15850172141723673,1,5
0.1487445116089573,0,5
0.26504146979613885,0,5
0.26504146979613885,0,5
0.1487445116089573,0,5
0.37128013117054626,0,5
0.18041623685501407,0,5
0.10182434641932314,0,5
0.3404420914294656,0,5
0.18041623685501407,1,5
0.3319485177559889,0,5
0.35831796290461027,0,5
0.10182434641932314,0,5
0.18048047230322495,0,5
0.18048047230322495,1,5
0.17145025986291285,0,5
0.3404420914294656,0,5
0.17145025986291285,0,5
0.2243955274971413,0,5
0.11438461806835165,0,5
0.17696489418426387,0,5
0.06856735491626464,0,5
0.17696489418426387,0,5
0.06856735491626464,0,5
0.19631934092984948,0,5
0.19631934092984948,0,5
0.15303778831053994,0,5
0.19631934092984948,0,5
0.15303778831053994,0,5
0.2801778446475566,0,5
0.07073789527377172,0,5
0.3133085727594672,0,5
0.07073789527377172,0,5
0.11438461806835165,0,5
0.15850172141723673,0,5
0.17145025986291285,0,5
0.15303778831053994,0,5
0.36483441020387497,0,5
0.13034286405290352,0,5
0.19972229331689317,0,5
0.19972229331689317,0,5
0.13034286405290352,0,5
0.2787486779166686,0,5
0.19972229331689317,0,5
0.07102692506328001,0,5
0.20394018914042022,0,5
0.11038891909565574,1,5
0.07102692506328001,0,5
0.20394018914042022,0,5
0.11038891909565574,0,5
0.1521373059617963,0,5
0.11038891909565574,0,5
0.25587262286658385,1,5
0.1521373059617963,0,5
0.07102692506328001,0,5
0.08367776919860903,1,5
0.4251869901336405,0,5
0.29112073384607795,1,5
0.10534006040572019,0,5
0.2525561728243434,1,5
0.20050421787041584,0,5
0.08367776919860903,0,5
0.2525561728243434,0,5
0.3460003639022402,1,5
0.16197851254037332,0,5
0.16996006912371964,0,5
0.25285126770414,1,5
0.16197851254037332,0,5
0.4330744877526538,1,5
0.21467167898477113,0,5
0.1340357306357185,0,5
0.1340357306357185,0,5
0.21467167898477113,0,5
0.3460003639022402,0,5
0.10534006040572019,0,5
0.29112073384607795,1,5
0.2191877739806879,0,5
0.20050421787041584,0,5
0.19631934092984948,0,5
0.19631934092984948,0,5
0.15303778831053994,0,5
0.19631934092984948,1,5
0.15303778831053994,1,5
0.2346284918039927,1,5
0.19631934092984948,0,5
0.2657018494027754,0,5
0.23725834312545868,0,5
0.15303778831053994,0,5
0.12305704626077141,0,5
0.26719779369926133,0,5
0.12305704626077141,0,5
0.12172295156562896,0,5
0.11127222265795811,0,5
0.12172295156562896,0,5
0.11127222265795811,1,5
0.12172295156562896,0,5
0.26719779369926133,1,5
0.1500845530249414,1,5
0.26896399911724733,0,5
0.21032340352754952,0,5
0.2600716257047332,0,5
0.21032340352754952,1,5
0.44239401624123265,0,5
0.44239401624123265,0,5
0.09285632757420326,0,5
0.16816192530187024,0,5
0.09285632757420326,0,5
0.16816192530187024,1,5
0.411377112169519,1,5
0.09864106989890287,0,5
0.09864106989890287,0,5
0.26896399911724733,0,5
0.411377112169519,0,5
0.3036919486071725,0,5
0.1500845530249414,0,5
0.06659904329266875,1,5
0.26896399911724733,1,5
0.14695987786577713,0,5
0.14263407405518336,0,5
0.14695987786577713,0,5
0.14263407405518336,0,5
0.05796721492490364,0,5
0.3043667604845406,0,5
0.24943596402247814,1,5
0.1477919005756515,0,5
0.1477919005756515,0,5
0.3043667604845406,0,5
0.14805909549048757,0,5
0.14805909549048757,0,5
0.06659904329266875,0,5
0.3396770008286466,0,5
0.05796721492490364,1,5
0.3043667604845406,1,5
0.1845516321379309,1,5
0.2268204516837773,0,5
0.14044596896092387,0,5
0.14044596896092387,0,5
0.2268204516837773,0,5
0.1266602458723326,0,5
0.1845516321379309,0,5
0.12914132007501322,1,5
0.2735688177393878,1,5
0.12914132007501322,0,5
0.14381041618564705,0,5
0.14381041618564705,0,5
0.12914132007501322,1,5
0.1266602458723326,0,5
0.188019646743661,0,5
0.5002796962379392,0,5
0.148594664605873,0,5
0.148594664605873,1,5
0.188019646743661,0,5
0.1958678607053308,1,5
0.23602725730166108,0,5
0.18097791448305622,0,5
0.1958678607053308,0,5
0.0929561032618107,0,5
0.0929561032618107,0,5
0.2723089269622967,0,5
0.27038538832726045,0,5
0.3508350814940784,0,5
0.1868546220164945,0,5
0.3508350814940784,0,5
0.1868546220164945,0,5
0.27038538832726045,0,5
0.2723089269622967,0,5
0.5002796962379392,0,5
0.22077321796283056,0,5
0.13850403721620475,0,5
0.13850403721620475,0,5
0.10141133633013844,0,5
0.10141133633013844,0,5
0.28297498567599566,1,5
0.12352105014088088,0,5
0.2723089269622967,1,5
0.22077321796283056,0,5
0.21263776882124408,1,5
0.12352105014088088,0,5
0.22077321796283056,1,5
0.13034286405290352,0,5
0.19972229331689317,0,5
0.19972229331689317,0,5
0.13034286405290352,0,5
0.13034286405290352,0,5
0.19972229331689317,0,5
0.3072460779004723,1,5
0.10141133633013844,0,5
0.16539710199451807,0,5
0.23771770397070546,0,5
0.16539710199451807,0,5
0.16539710199451807,0,5
0.08358703477961704,0,5
0.23771770397070546,0,5
0.3126121339788309,0,5
0.23904849561636687,0,5
0.345142355268216,0,5
0.5433121070009204,1,5
0.16213928592493287,0,5
0.13090314798651403,0,5
0.31790620913284084,1,5
0.3352001517487633,1,5
0.13090314798651403,0,5
0.2535686834103891,1,5
0.16213928592493287,0,5
0.08358703477961704,0,5
0.10285069129048485,0,5
0.23904849561636687,0,5
0.32201704923460783,0,5
0.14009078581919954,0,5
0.12010127060582043,0,5
0.12010127060582043,0,5
0.14009078581919954,1,5
0.23432188726453762,0,5
0.25325114566141405,0,5
0.14009078581919954,0,5
0.10285069129048485,0,5
0.10285069129048485,0,5
0.25325114566141405,0,5
0.06947729173365236,0,5
0.23904849561636687,1,5
0.06947729173365236,0,5
0.25325114566141405,0,5
0.06947729173365236,0,5
0.24164095910006267,0,5
0.2406737276982318,0,5
0.19951668830317615,0,5
0.24164095910006267,0,5
0.13433349299558772,0,5
0.19951668830317615,0,5
0.07872779075805059,0,5
0.24164095910006267,0,5
0.07872779075805059,1,5
0.1678573837261187,1,5
0.07872779075805059,0,5
0.2406737276982318,1,5
0.31142113670440974,0,5
0.1182411907424511,0,5
0.25693918677492,0,5
0.1438845160064579,0,5
0.1182411907424511,0,5
0.24627982500537737,0,5
0.11165209091599215,0,5
0.3175545502842998,0,5
0.18065565112538529,0,5
0.3175545502842998,0,5
0.28527996177107284,0,5
0.3303392393391533,1,5
0.11165209091599215,0,5
0.21488663444476552,0,5
0.3268152657850172,0,5
0.09853585506451856,0,5
0.09853585506451856,0,5
0.309752360681396,0,5
0.18065565112538529,0,5
0.33628583813653434,1,5
0.33628583813653434,1,5
0.2608023767198244,0,5
0.21488663444476552,1,5
0.11038891909565574,0,5
0.11038891909565574,0,5
0.17091198141988984,0,5
0.23469872960137117,1,5
0.10290622280547956,0,5
0.44910766738329,0,5
0.268516483138433,0,5
0.08142012878384797,0,5
0.268516483138433,0,5
0.12101672175899814,0,5
0.268516483138433,1,5
0.08142012878384797,0,5
0.1521373059617963,0,5
0.11038891909565574,0,5
0.25587262286658385,0,5
0.1521373059617963,1,5
0.08142012878384797,0,5
0.3175545502842998,0,5
0.2608023767198244,0,5
0.11165209091599215,0,5
0.17068547830407754,1,5
0.2608023767198244,0,5
0.21488663444476552,0,5
0.17091198141988984,0,5
0.21488663444476552,0,5
0.3308313810526381,0,5
0.28527996177107284,0,5
0.33628583813653434,0,5
0.18065565112538529,0,5
0.33628583813653434,0,5
0.18065565112538529,0,5
0.33628583813653434,0,5
0.11165209091599215,1,5
0.3175545502842998,1,5
0.3303392393391533,0,5
0.06781122931507677,0,5
0.309752360681396,0,5
0.20567760166350135,0,5
0.1456495587126505,0,5
0.1456495587126505,0,5
0.20567760166350135,0,5
0.1478676975946258,0,5
0.09853585506451856,0,5
0.3755291776558669,1,5
0.28526038146926724,1,5
0.18910717020231282,0,5
0.18910717020231282,0,5
0.20153968469350492,0,5
0.06781122931507677,0,5
0.20153968469350492,0,5
0.3268152657850172,1,5
0.09853585506451856,0,5
0.1723705920506612,0,5
0.09664528398863104,1,5
0.11230224089110874,1,5
0.2067335261848905,0,5
0.11230224089110874,1,5
0.2067335261848905,0,5
0.11230224089110874,0,5
0.269817461400484,0,5
0.2067335261848905,0,5
0.1870330116818627,0,5
0.07624939239973771,0,5
0.3270505279161696,1,5
0.07624939239973771,0,5
0.3337841942622516,0,5
0.07408134789741116,0,5
0.28318280292840226,0,5
0.09664528398863104,0,5
0.09864106989890287,1,5
0.4305462540096877,0,5
0.09285632757420326,0,5
0.09285632757420326,0,5
0.1922167586204525,0,5
0.12765702832294246,0,5
0.2576206050534986,0,5
0.2600716257047332,0,5
0.21032340352754952,1,5
0.44239401624123265,0,5
0.09864106989890287,1,5
0.3836508570139644,0,5
0.05796721492490364,1,5
0.05796721492490364,0,5
0.30805419504646836,0,5
0.30805419504646836,0,5
0.1500845530249414,0,5
0.21032340352754952,0,5
0.411377112169519,0,5
0.1922167586204525,0,5
0.4305462540096877,0,5
0.09864106989890287,0,5
0.20175377219066837,1,5
0.20175377219066837,0,5
0.0799855452277336,0,5
0.0799855452277336,0,5
0.20175377219066837,0,5
0.14729787696634034,0,5
0.10788928628693906,0,5
0.21331142635301847,0,5
0.0799855452277336,0,5
0.17526244016422732,0,5
0.10788928628693906,0,5
0.11447330934872779,0,5
0.19421604450412155,0,5
0.19421604450412155,0,5
0.11447330934872779,0,5
0.11447330934872779,0,5
0.19421604450412155,0,5
0.17526244016422732,0,5
0.11438461806835165,0,5
0.17145025986291285,0,5
0.35831796290461027,0,5
0.2243955274971413,0,5
0.3319485177559889,0,5
0.26504146979613885,0,5
0.11438461806835165,0,5
0.1487445116089573,0,5
0.18048047230322495,0,5
0.1487445116089573,1,5
0.26504146979613885,0,5
0.10182434641932314,0,5
0.10182434641932314,0,5
0.18048047230322495,0,5
0.24547524486741423,0,5
0.3404420914294656,0,5
0.23945246474017,1,5
0.3319485177559889,1,5
0.09840009436770292,0,5
0.18041623685501407,0,5
0.35831796290461027,0,5
0.20394018914042022,0,5
0.07102692506328001,0,5
0.36483441020387497,1,5
0.07102692506328001,0,5
0.09840009436770292,0,5
0.23204171015597974,0,5
0.23204171015597974,0,5
0.11581994369822157,0,5
0.2101113991439697,0,5
0.17205425620885917,1,5
0.17205425620885917,0,5
0.2101113991439697,0,5
0.2193433179530172,1,5
0.17205425620885917,1,5
0.23204171015597974,1,5
0.07513608543597561,0,5
0.11385437666725018,0,5
0.1551541757127981,0,5
0.1551541757127981,0,5
0.09669782618033573,0,5
0.23797009893196974,0,5
0.1079644316223537,0,5
0.23797009893196974,0,5
0.1079644316223537,0,5
0.2310159734499263,1,5
0.2310159734499263,0,5
0.07513608543597561,0,5
0.1173621321721664,0,5
0.07073789527377172,0,5
0.3133085727594672,0,5
0.2801778446475566,0,5
0.07073789527377172,0,5
0.21425918287832457,0,5
0.1173621321721664,1,5
0.14447444579874524,1,5
0.14447444579874524,0,5
0.15393389092135512,1,5
0.15393389092135512,0,5
0.14447444579874524,1,5
0.15393389092135512,1,5
0.20917968680008936,0,5
0.29112073384607795,0,5
0.23019017509598305,0,5
0.1340357306357185,0,5
0.22822879815760755,0,5
0.1340357306357185,0,5
0.21467167898477113,0,5
0.08367776919860903,0,5
0.4251869901336405,0,5
0.21650210460465147,0,5
0.3460003639022402,0,5
0.08367776919860903,0,5
0.16996006912371964,0,5
0.16197851254037332,0,5
0.25285126770414,0,5
0.16197851254037332,0,5
0.25285126770414,0,5
0.4330744877526538,0,5
0.09436534070171465,0,5
0.3460003639022402,0,5
0.20050421787041584,0,5
0.1110309500229989,0,5
0.20050421787041584,0,5
0.09436534070171465,1,5
0.1674072344515395,0,5
0.18199429557359859,0,5
0.1674072344515395,1,5
0.1674072344515395,1,5
0.30016078260331025,0,5
0.10603914308736528,0,5
0.14028564807294108,0,5
0.18199429557359859,0,5
0.1110309500229989,0,5
0.14028564807294108,1,5
0.10366940282645887,1,5
0.1630506473963962,0,5
0.1630506473963962,0,5
0.10366940282645887,0,5
0.3040052217762592,0,5
0.14028564807294108,0,5
0.10366940282645887,0,5
0.14401336256060038,1,5
0.17465928611319037,0,5
0.3446046098764668,1,5
0.32706417141023847,0,5
0.0686775254463684,0,5
0.3446046098764668,1,5
0.18763583864501232,0,5
0.2074227988301094,1,5
0.0686775254463684,0,5
0.2074227988301094,0,5
0.28095764761135844,1,5
0.27227339347554325,0,5
0.2739120224160352,0,5
0.15518379613987499,1,5
0.35329996818733655,0,5
0.28095764761135844,0,5
0.15518379613987499,0,5
0.2931023029925315,0,5
0.28095764761135844,0,5
0.2649288632160596,0,5
0.14401336256060038,1,5
0.19816488565021995,1,5
0.2931023029925315,0,5
0.2649288632160596,0,5
0.12361382067817972,0,5
0.25045282970543525,0,5
0.09834672792734889,0,5
0.3492489472759226,1,5
0.09834672792734889,0,5
0.0738033277564798,0,5
0.17696489418426387,0,5
0.0738033277564798,1,5
0.1846060583564212,1,5
0.0738033277564798,0,5
0.17696489418426387,0,5
0.1846060583564212,0,5
0.2714435349356512,0,5
0.08522217699510615,0,5
0.08522217699510615,0,5
0.2714435349356512,0,5
0.08522217699510615,0,5
0.2714435349356512,1,5
0.08522217699510615,0,5
0.2714435349356512,0,5
0.12361382067817972,0,5
0.0738033277564798,1,5
0.06459568666614257,1,5
0.20490968989956382,0,5
0.16539710199451807,0,5
0.27317189879183346,0,5
0.08358703477961704,0,5
0.2535686834103891,0,5
0.2535686834103891,0,5
0.08358703477961704,0,5
0.11535554844016471,0,5
0.06459568666614257,0,5
0.32201704923460783,0,5
0.20490968989956382,0,5
0.345142355268216,0,5
0.3026075273502348,0,5
0.5433121070009204,0,5
0.3352001517487633,1,5
0.13090314798651403,0,5
0.31790620913284084,0,5
0.16213928592493287,0,5
0.13090314798651403,0,5
0.5433121070009204,0,5
0.16213928592493287,0,5
0.3026075273502348,0,5
0.5433121070009204,0,5
0.19968661873004434,1,5
0.148594664605873,0,5
0.188019646743661,0,5
0.188019646743661,0,5
0.148594664605873,0,5
0.208552823725338,0,5
0.18097791448305622,0,5
0.18097791448305622,0,5
0.208552823725338,1,5
0.1958678607053308,1,5
0.23602725730166108,0,5
0.2749341507398636,1,5
0.45275772200480624,0,5
0.45275772200480624,1,5
0.11535584095992868,0,5
0.11535584095992868,0,5
0.26821867757341855,0,5
0.3508350814940784,1,5
0.1868546220164945,1,5
0.0929561032618107,0,5
0.27038538832726045,0,5
0.27038538832726045,1,5
0.0929561032618107,0,5
0.2723089269622967,0,5
0.1420812236558764,0,5
0.2101113991439697,0,5
0.17205425620885917,0,5
0.17205425620885917,0,5
0.1420812236558764,0,5
0.17205425620885917,1,5
0.1420812236558764,0,5
0.17205425620885917,0,5
0.17205425620885917,0,5
0.2101113991439697,0,5
0.1182411907424511,0,5
0.1182411907424511,1,5
0.1182411907424511,0,5
0.1678573837261187,0,5
0.31142113670440974,1,5
0.31142113670440974,0,5
0.1182411907424511,0,5
0.1182411907424511,0,5
0.16653556090863564,0,5
0.1438845160064579,0,5
0.1182411907424511,0,5
0.1678573837261187,0,5
0.13025226213748842,0,5
0.19972229331689317,0,5
0.19972229331689317,0,5
0.13025226213748842,0,5
0.13025226213748842,0,5
0.1982093130227648,0,5
0.13025226213748842,0,5
0.13025226213748842,0,5
0.17213998304409617,0,5
0.19972229331689317,0,5
0.19968661873004434,0,5
0.2749341507398636,0,5
0.2749341507398636,0,5
0.19968661873004434,0,5
0.148594664605873,0,5
0.188019646743661,0,5
0.188019646743661,0,5
0.3460003639022402,0,5
0.16996006912371964,0,5
0.16996006912371964,0,5
0.3460003639022402,0,5
0.148594664605873,0,5
0.08367776919860903,0,5
0.3460003639022402,0,5
0.11535584095992868,0,5
0.26821867757341855,0,5
0.11535584095992868,0,5
0.45275772200480624,0,5
0.26821867757341855,0,5
0.45275772200480624,0,5
0.2723089269622967,0,5
0.08367776919860903,0,5
0.4251869901336405,0,5
0.2723089269622967,0,5
0.20050421787041584,0,5
0.2739120224160352,0,5
0.27227339347554325,0,5
0.2739120224160352,0,5
0.27227339347554325,0,5
0.10534006040572019,0,5
0.2525561728243434,0,5
0.20050421787041584,0,5
0.29112073384607795,0,5
0.2525561728243434,0,5
0.29112073384607795,0,5
0.2739120224160352,0,5
0.10534006040572019,0,5
0.27227339347554325,1,5
0.05796721492490364,0,5
0.2739120224160352,0,5
0.3396770008286466,0,5
0.26896399911724733,0,5
0.05796721492490364,0,5
0.26896399911724733,0,5
0.1500845530249414,0,5
0.27227339347554325,0,5
0.1500845530249414,0,5
0.2074227988301094,0,5
0.14401336256060038,0,5
0.2074227988301094,0,5
0.14401336256060038,0,5
0.26896399911724733,0,5
0.2074227988301094,0,5
0.27227339347554325,1,5
0.2739120224160352,0,5
0.2739120224160352,0,5
0.27227339347554325,0,5
0.27227339347554325,0,5
0.2739120224160352,0,5
0.2739120224160352,0,5
0.27227339347554325,0,5
0.14401336256060038,0,5
0.14401336256060038,0,5
0.2074227988301094,0,5
0.24547524486741423,1,5
0.20646988034489866,0,5
0.20646988034489866,0,5
0.24547524486741423,0,5
0.10182434641932314,0,5
0.15397627121879354,0,5
0.10182434641932314,0,5
0.15397627121879354,0,5
0.08522217699510615,0,5
0.2067335261848905,0,5
0.09440158515404862,0,5
0.09440158515404862,0,5
0.2067335261848905,1,5
0.2067335261848905,1,5
0.09440158515404862,0,5
0.09440158515404862,1,5
0.2714435349356512,1,5
0.2067335261848905,1,5
0.2067335261848905,0,5
0.08522217699510615,0,5
0.09440158515404862,0,5
0.08522217699510615,0,5
0.2714435349356512,0,5
0.10360130146571922,0,5
0.12172295156562896,0,5
0.10360130146571922,0,5
0.12172295156562896,0,5
0.12172295156562896,0,5
0.12172295156562896,0,5
0.21905097091585135,1,5
0.12172295156562896,1,5
0.11119318192619754,0,5
0.2714435349356512,0,5
0.21905097091585135,0,5
0.14695987786577713,0,5
0.14263407405518336,0,5
0.14695987786577713,0,5
0.14695987786577713,0,5
0.14263407405518336,0,5
0.14695987786577713,1,5
0.14263407405518336,0,5
0.14695987786577713,0,5
0.14263407405518336,1,5
0.14263407405518336,0,5
0.14009078581919954,0,5
0.14009078581919954,0,5
0.23432188726453762,1,5
0.14009078581919954,0,5
0.23432188726453762,0,5
0.14009078581919954,1,5
0.12010127060582043,0,5
0.14009078581919954,1,5
0.12010127060582043,0,5
0.12010127060582043,0,5
0.09874466031019047,0,5
0.20917968680008936,0,5
0.09874466031019047,0,5
0.20917968680008936,0,5
0.20917968680008936,0,5
0.09874466031019047,0,5
0.20917968680008936,0,5
0.09874466031019047,0,5
0.09874466031019047,0,5
0.20917968680008936,0,5
0.10366940282645887,0,5
0.10366940282645887,0,5
0.2646578845049784,1,5
0.10366940282645887,0,5
0.2646578845049784,1,5
0.10366940282645887,0,5
0.1383212944876101,0,5
0.10366940282645887,0,5
0.1383212944876101,0,5
0.1383212944876101,0,5
0.14263407405518336,0,5
0.14695987786577713,0,5
0.14695987786577713,0,5
0.14263407405518336,1,5
0.14263407405518336,0,5
0.14263407405518336,0,5
0.14695987786577713,0,5
0.14263407405518336,0,5
0.14695987786577713,0,5
0.14695987786577713,0,5
0.2830385499656308,0,5
0.32715195651420736,0,5
0.06393294889957901,1,5
0.06386231834401435,0,5
0.32715195651420736,0,5
0.06386231834401435,0,5
0.1967581508264007,1,5
0.20857316731833253,0,5
0.20857316731833253,0,5
0.18927630996355138,1,5
0.1967581508264007,0,5
0.19588727318121746,0,5
0.12419186394094839,0,5
0.2774237614758238,0,5
0.2774237614758238,1,5
0.12419186394094839,0,5
0.24239487708510477,0,5
0.09690883974567233,0,5
0.09690883974567233,0,5
0.11883506277028766,0,5
0.17935624765880998,0,5
0.11883506277028766,0,5
0.16711834364080314,0,5
0.09690883974567233,1,5
0.23405328022174943,0,5
0.09690883974567233,0,5
0.19520216141711488,0,5
0.19520216141711488,0,5
0.19214731760631576,0,5
0.19520216141711488,0,5
0.16711834364080314,0,5
0.14485095197229825,0,5
0.14485095197229825,1,5
0.19520216141711488,0,5
0.18834935186882817,0,5
0.19213612483048848,0,5
0.18847608807790162,0,5
0.19213612483048848,1,5
0.14485095197229825,0,5
0.1933917082967488,1,5
0.11883506277028766,0,5
0.1770395594265015,1,5
0.1843451335812265,1,5
0.18562128555854362,0,5
0.1713037064513213,0,5
0.17625253741346636,0,5
0.32535833683691573,0,5
0.16084384551991204,0,5
0.16084384551991204,0,5
0.19213612483048848,0,5
0.16084384551991204,0,5
0.19213612483048848,1,5
0.27536908140105243,0,5
0.19213612483048848,0,5
0.3274594086296885,0,5
0.207199320277624,0,5
0.19069146441914264,0,5
0.1933917082967488,1,5
0.19213612483048848,0,5
0.17577571981708273,0,5
0.17577571981708273,0,5
0.19213612483048848,0,5
0.17577571981708273,0,5
0.25809955584096766,0,5
0.19213612483048848,1,5
0.19060095433089397,1,5
0.19060095433089397,0,5
0.13455869325809755,0,5
0.13455869325809755,0,5
0.19060095433089397,0,5
0.19214731760631576,0,5
0.19466273945115498,0,5
0.19214731760631576,0,5
0.19466273945115498,0,5
0.19214731760631576,0,5
0.2694676955860873,0,5
0.19069146441914264,0,5
0.19466273945115498,0,5
0.19232923386799983,1,5
0.19060095433089397,0,5
0.22677677320613243,0,5
0.1819695878327806,0,5
0.18214542710639658,0,5
0.22677677320613243,1,5
0.19214731760631576,1,5
0.18446685576818744,0,5
0.18446685576818744,0,5
0.19214731760631576,1,5
0.12235844811426244,0,5
0.19060095433089397,0,5
0.24854838587785233,0,5
0.12235844811426244,0,5
0.19060095433089397,0,5
0.1551999546425139,0,5
0.1819695878327806,0,5
0.16713549897914548,0,5
0.18173014196257942,0,5
0.19213612483048848,0,5
0.17114232216407743,0,5
0.2692483850375602,0,5
0.18173014196257942,0,5
0.17114232216407743,0,5
0.17114232216407743,0,5
0.15571006616538918,0,5
0.1619611221573125,1,5
0.1619611221573125,0,5
0.15571006616538918,0,5
0.11439213112248048,1,5
0.19069146441914264,1,5
0.11439213112248048,0,5
0.14552876346648935,0,5
0.18562128555854362,0,5
0.14552876346648935,0,5
0.3243725038939912,0,5
0.17577571981708273,0,5
0.17577571981708273,0,5
0.19213612483048848,0,5
0.17066657359584947,0,5
0.17577571981708273,0,5
0.18193421936750231,0,5
0.19213612483048848,0,5
0.17808228089090528,0,5
0.18153140441268167,0,5
0.18153140441268167,0,5
0.17808228089090528,0,5
0.18562128555854362,0,5
0.18212688481200356,0,5
0.163092450841543,0,5
0.1357063441656663,0,5
0.1357063441656663,1,5
0.09144514626470668,0,5
0.1357063441656663,0,5
0.1770335696687494,0,5
0.1770335696687494,0,5
0.09144514626470668,0,5
0.14405983305447667,0,5
0.1049101557267561,0,5
0.1049101557267561,0,5
0.14405983305447667,0,5
0.11614549897335935,0,5
0.1049101557267561,0,5
0.163092450841543,0,5
0.19972229331689317,1,5
0.12643463656947296,1,5
0.27178126040643236,0,5
0.06165196221316027,0,5
0.2932113032650856,1,5
0.06165196221316027,0,5
0.2801034274698567,0,5
0.1960446709264284,0,5
0.1982093130227648,0,5
0.18472153809468306,0,5
0.1893479406663956,1,5
0.15801983790847363,0,5
0.15801983790847363,0,5
0.2249386078866391,1,5
0.18472153809468306,0,5
0.19213612483048848,0,5
0.1960446709264284,0,5
0.2249386078866391,1,5
0.18317242892571794,0,5
0.19951668830317615,0,5
0.2363122654620694,0,5
0.18317242892571794,1,5
0.19951668830317615,1,5
0.14718364449741517,0,5
0.14718364449741517,0,5
0.19951668830317615,1,5
0.282786252257465,0,5
0.06797861440527597,0,5
0.282786252257465,0,5
0.06797861440527597,0,5
0.282786252257465,1,5
0.17308227276848986,0,5
0.17308227276848986,1,5
0.282786252257465,1,5
0.2363122654620694,1,5
0.14718364449741517,0,5
0.2363122654620694,0,5
0.2224133546619277,0,5
0.19475161721753642,0,5
0.09213729798877568,0,5
0.19236495121523545,0,5
0.19236495121523545,0,5
0.09213729798877568,0,5
0.1308706802801165,0,5
0.1308706802801165,0,5
0.17609393810570684,1,5
0.2587157343242845,0,5
0.12493512723632494,0,5
0.4488067434722294,0,5
0.18949350878434645,0,5
0.4488067434722294,1,5
0.070929759241801,0,5
0.29492784921247384,1,5
0.070929759241801,0,5
0.29492784921247384,1,5
0.1967581508264007,0,5
0.12493512723632494,0,5
0.19213360480373498,1,5
0.18959979524053328,0,5
0.27375533026259247,1,5
0.29312783946600907,0,5
0.19213612483048848,0,5
0.27375533026259247,0,5
0.27375533026259247,0,5
0.16713549897914548,0,5
0.19213360480373498,0,5
0.29312783946600907,0,5
0.18959979524053328,0,5
0.16981092820577304,0,5
0.2045034955327114,1,5
0.11317767387310695,0,5
0.21513078064550384,0,5
0.22227903416822548,0,5
0.16880957201646762,0,5
0.16972386711867582,0,5
0.20008816460119327,0,5
0.19213360480373498,1,5
0.19213360480373498,1,5
0.16981092820577304,0,5
0.11317767387310695,0,5
0.21530902356908865,1,5
0.2249386078866391,0,5
0.21530902356908865,1,5
0.19213612483048848,0,5
0.2249386078866391,0,5
0.1341793506882304,0,5
0.1341793506882304,0,5
0.13775379365979967,0,5
0.2249386078866391,1,5
0.11290011391287702,0,5
0.1796936020485117,0,5
0.11385437666725018,0,5
0.30016078260331025,0,5
0.36096662861008644,0,5
0.19089052905024784,0,5
0.16981092820577304,1,5
0.19089052905024784,0,5
0.16981092820577304,0,5
0.19089052905024784,0,5
0.16981092820577304,0,5
0.18527065686833477,0,5
0.18459314786737702,0,5
0.18527065686833477,1,5
0.1796936020485117,1,5
0.1752651243110327,0,5
0.19222364715621731,0,5
0.19213612483048848,0,5
0.19222364715621731,0,5
0.3311178265811434,0,5
0.1664135454782002,0,5
0.3139350433914073,0,5
0.1967581508264007,0,5
0.1945779684568042,0,5
0.19213612483048848,1,5
0.3360704061784666,1,5
0.19213612483048848,0,5
0.1602182096652074,0,5
0.05856299682590849,0,5
0.265961839456727,0,5
0.05856299682590849,0,5
0.265961839456727,0,5
0.15147487155492156,0,5
0.10401768402203393,0,5
0.1602182096652074,0,5
0.1602182096652074,0,5
0.10401768402203393,1,5
0.1664135454782002,0,5
0.3362485921095876,0,5
0.1945779684568042,1,5
0.19236495121523545,0,5
0.11843723772083115,0,5
0.12583994423915523,0,5
0.10212965224809467,0,5
0.1010793560150618,0,5
0.19236495121523545,0,5
0.17666555736334522,0,5
0.29492784921247384,0,5
0.07408134789741116,0,5
0.23275731271062294,0,5
0.07408134789741116,0,5
0.07408134789741116,0,5
0.10212965224809467,0,5
0.09968383051124319,0,5
0.23275731271062294,1,5
0.11843723772083115,0,5
0.2649288632160596,0,5
0.2774237614758238,0,5
0.12468158112983696,1,5
0.18519592549278607,1,5
0.09968383051124319,0,5
0.18519592549278607,0,5
0.18519592549278607,0,5
0.12468158112983696,0,5
0.21019193993429053,1,5
0.15568265451325747,0,5
0.21019193993429053,1,5
0.0799855452277336,0,5
0.22651565526804285,1,5
0.17318184743722442,0,5
0.3007881461562739,0,5
0.17318184743722442,1,5
0.3007881461562739,1,5
0.17318184743722442,0,5
0.3007881461562739,1,5
0.0799855452277336,0,5
0.3007881461562739,0,5
0.19069146441914264,1,5
0.1906164894737935,0,5
0.19069146441914264,0,5
0.1787985042561162,0,5
0.18472153809468306,0,5
0.21530902356908865,0,5
0.18472153809468306,1,5
0.1893479406663956,1,5
0.27178126040643236,1,5
0.21530902356908865,0,5
0.19972229331689317,0,5
0.12643463656947296,1,5
0.19213612483048848,0,5
0.1787985042561162,0,5
0.19972229331689317,0,5
0.07102692506328001,0,5
0.164389199239795,0,5
0.07102692506328001,1,5
0.164389199239795,1,5
0.07102692506328001,0,5
0.164389199239795,0,5
0.164389199239795,0,5
0.1723079704843038,0,5
0.1906164894737935,0,5
0.18527065686833477,0,5
0.18112372718075953,0,5
0.1723079704843038,1,5
0.18112372718075953,0,5
0.18112372718075953,0,5
0.07102692506328001,0,5
0.18527065686833477,0,5
0.44239401624123265,0,5
0.12956746526235485,0,5
0.44239401624123265,0,5
0.2788366014377409,0,5
0.1308706802801165,1,5
0.1308706802801165,0,5
0.14711289474098754,1,5
0.19951668830317615,1,5
0.14711289474098754,0,5
0.19951668830317615,0,5
0.19951668830317615,0,5
0.2774237614758238,0,5
0.1910134248405173,0,5
0.1910134248405173,0,5
0.44239401624123265,0,5
0.44239401624123265,0,5
0.2788366014377409,0,5
0.14711289474098754,0,5
0.2788366014377409,0,5
0.10492379053293432,1,5
0.19236495121523545,1,5
0.14447444579874524,0,5
0.1495415097816747,0,5
0.14447444579874524,0,5
0.1495415097816747,0,5
0.10492379053293432,0,5
0.1495415097816747,0,5
0.14729787696634034,1,5
0.4489639883118314,1,5
0.282786252257465,0,5
0.4489639883118314,0,5
0.10362081016109737,0,5
0.2491032092080866,1,5
0.4489639883118314,0,5
0.4489639883118314,0,5
0.2491032092080866,0,5
0.2491032092080866,0,5
0.14447444579874524,0,5
0.14729787696634034,0,5
0.21035071707685937,1,5
0.10362081016109737,0,5
0.21035071707685937,1,5
0.1164815975771184,0,5
0.2045034955327114,0,5
0.1164815975771184,0,5
0.2045034955327114,0,5
0.2045034955327114,0,5
0.11964973645785881,0,5
0.19951668830317615,0,5
0.14922871191421438,0,5
0.1477737692200909,0,5
0.18374076353806823,0,5
0.18336614022863573,0,5
0.18374076353806823,0,5
0.18374076353806823,0,5
0.21035071707685937,1,5
0.23938486993601304,1,5
0.21035071707685937,0,5
0.197583699682212,0,5
0.14922871191421438,0,5
0.19951668830317615,0,5
0.18374076353806823,0,5
0.2981704239792786,1,5
0.18472153809468306,1,5
0.1924555949836052,0,5
0.16597127666953704,0,5
0.1924555949836052,0,5
0.1924555949836052,0,5
0.16597127666953704,0,5
0.11984467224928441,0,5
0.12362549641894738,1,5
0.30016078260331025,0,5
0.25986923414288565,0,5
0.13991336943156008,0,5
0.2249386078866391,0,5
0.13991336943156008,0,5
0.16597127666953704,0,5
0.2249386078866391,0,5
0.2249386078866391,0,5
0.13991336943156008,0,5
0.2475163244561095,0,5
0.30016078260331025,0,5
0.11313044875115352,0,5
0.11313044875115352,0,5
0.30016078260331025,0,5
0.30016078260331025,0,5
0.21530902356908865,0,5
0.18472153809468306,0,5
0.21530902356908865,1,5
0.21530902356908865,0,5
0.14044596896092387,1,5
0.2268204516837773,0,5
0.14044596896092387,0,5
0.2268204516837773,0,5
0.29643396457562077,1,5
0.2268204516837773,0,5
0.18472153809468306,0,5
0.1704068781302781,1,5
0.1405567384912484,0,5
0.1405567384912484,0,5
0.1704068781302781,0,5
0.11527069260407419,0,5
0.11527069260407419,1,5
0.18165738309707014,0,5
0.18165738309707014,0,5
0.11624236659272247,0,5
0.36403231259493185,0,5
0.1704068781302781,0,5
0.1405567384912484,0,5
0.0677171169677544,0,5
0.2249386078866391,0,5
0.13592286193248193,0,5
0.13592286193248193,0,5
0.21410714687998733,1,5
0.3492489472759226,1,5
0.21410714687998733,0,5
0.3492489472759226,1,5
0.0677171169677544,0,5
0.13592286193248193,0,5
0.3699322954656675,0,5
0.07150417116437024,0,5
0.1846060583564212,0,5
0.07150417116437024,0,5
0.1846060583564212,1,5
0.07150417116437024,0,5
0.1846060583564212,0,5
0.1846060583564212,0,5
0.07150417116437024,0,5
0.09767556216731743,0,5
0.09767556216731743,0,5
0.09895207778030024,0,5
0.2086213462287273,1,5
0.2086213462287273,0,5
0.09895207778030024,0,5
0.08094913608855903,0,5
0.29492784921247384,0,5
0.29492784921247384,0,5
0.08094913608855903,0,5
0.29492784921247384,0,5
0.08094913608855903,0,5
0.3699322954656675,0,5
0.16711834364080314,0,5
0.16386332321200925,0,5
0.16711834364080314,1,5
0.16069460220102783,0,5
0.09469491476870939,0,5
0.16069460220102783,0,5
0.09469491476870939,0,5
0.09469491476870939,0,5
0.16069460220102783,0,5
0.23087319017611252,0,5
0.16069460220102783,0,5
0.2150738509309913,0,5
0.19236495121523545,1,5
0.1093960267005405,0,5
0.14793837187049763,0,5
0.09760610385318813,0,5
0.18273220697470183,0,5
0.09760610385318813,0,5
0.09760610385318813,0,5
0.1093960267005405,0,5
0.14793837187049763,0,5
0.1093960267005405,0,5
0.14793837187049763,0,5
0.18273220697470183,1,5
0.1067625750966843,0,5
0.13380903021735568,0,5
0.2981704239792786,0,5
0.13380903021735568,1,5
0.2981704239792786,0,5
0.30016078260331025,0,5
0.28486861729594015,0,5
0.1646785622057919,0,5
0.1646785622057919,1,5
0.35372437334750506,0,5
0.06772269439987522,0,5
0.35372437334750506,1,5
0.06772269439987522,0,5
0.19588937674085283,0,5
0.1418080193859006,0,5
0.19588937674085283,0,5
0.1418080193859006,0,5
0.1067625750966843,0,5
0.12869571537016566,1,5
0.09769473299341613,0,5
0.07323215736570254,0,5
0.2291952286972262,0,5
0.2291952286972262,0,5
0.07323215736570254,0,5
0.07323215736570254,0,5
0.12869571537016566,0,5
0.2291952286972262,0,5
0.09769473299341613,0,5
0.09868308644808066,0,5
0.056699576443478894,0,5
0.09868308644808066,0,5
0.1688280767527145,0,5
0.09868308644808066,0,5
0.1688280767527145,0,5
0.056699576443478894,1,5
0.26338001483830686,0,5
0.056699576443478894,1,5
0.26338001483830686,0,5
0.33329426501355863,0,5
0.1688280767527145,1,5
0.11039306533890347,0,5
0.2045034955327114,0,5
0.11039306533890347,0,5
0.07761594535357408,0,5
0.2045034955327114,1,5
0.07761594535357408,0,5
0.282786252257465,0,5
0.07761594535357408,0,5
0.282786252257465,0,5
0.1951996108933124,0,5
0.282786252257465,1,5
0.1951996108933124,0,5
0.19214731760631576,0,5
0.18485977165462586,0,5
0.16180941254706016,0,5
0.18485977165462586,0,5
0.16180941254706016,0,5
0.18485977165462586,0,5
0.16180941254706016,0,5
0.1945779684568042,0,5
0.16180941254706016,0,5
0.19214731760631576,0,5
0.13335333323224197,0,5
0.13335333323224197,1,5
0.15878823416330778,0,5
0.33117819100020196,0,5
0.16109345213813975,0,5
0.17102053330457845,0,5
0.33117819100020196,0,5
0.15878823416330778,0,5
0.17102053330457845,0,5
0.20880878511351586,0,5
0.1723705920506612,1,5
0.050356703870951036,0,5
0.14009078581919954,0,5
0.12010127060582043,1,5
0.14009078581919954,0,5
0.12010127060582043,0,5
0.13335333323224197,0,5
0.14009078581919954,0,5
0.2170294954180506,0,5
0.050356703870951036,0,5
0.2170294954180506,0,5
0.12010127060582043,0,5
0.09766777634047286,0,5
0.11234712158551263,0,5
0.11234712158551263,0,5
0.11369491829054834,0,5
0.11369491829054834,0,5
0.11234712158551263,0,5
0.365367735494999,1,5
0.09766777634047286,0,5
0.365367735494999,1,5
0.11369491829054834,0,5
0.2801034274698567,1,5
0.06004924378079313,0,5
0.2801034274698567,0,5
0.22768791604150918,1,5
0.1300256852862024,0,5
0.22768791604150918,0,5
0.09464932366273204,0,5
0.238997479701328,0,5
0.09464932366273204,0,5
0.06004924378079313,0,5
0.10202812521432958,0,5
0.16661805553756814,0,5
0.10202812521432958,0,5
0.11757451628696902,0,5
0.11757451628696902,0,5
0.11757451628696902,0,5
0.25433226428238886,0,5
0.16661805553756814,0,5
0.25433226428238886,0,5
0.16661805553756814,0,5
0.25433226428238886,0,5
0.15043044784581505,0,5
0.10454747380670715,0,5
0.24828952381976455,0,5
0.19109559054991065,0,5
0.10454747380670715,0,5
0.10202812521432958,0,5
0.10454747380670715,1,5
0.10940463411471124,0,5
0.15043044784581505,0,5
0.10940463411471124,0,5
0.19109559054991065,0,5
0.22980928643291354,1,5
0.3538718291451972,0,5
0.14953751764550838,0,5
0.3538718291451972,0,5
0.14953751764550838,1,5
0.19630542740697965,0,5
0.14953751764550838,0,5
0.19630542740697965,0,5
0.22980928643291354,1,5
0.057966525888595966,0,5
0.057966525888595966,0,5
0.14953751764550838,0,5
0.22980928643291354,0,5
0.057966525888595966,0,5
0.11655105859544079,0,5
0.11655105859544079,1,5
0.17682564066880235,0,5
0.3778246133817863,0,5
0.17682564066880235,0,5
0.3778246133817863,0,5
0.12001055824329598,0,5
0.12101672175899814,0,5
0.19061091439713063,0,5
0.12001055824329598,0,5
0.10563621931583311,1,5
0.10660277460926015,0,5
0.10563621931583311,0,5
0.10660277460926015,0,5
0.10660277460926015,0,5
0.10563621931583311,0,5
0.1395655271601407,0,5
0.10139311670928253,0,5
0.1395655271601407,0,5
0.07315184523239793,0,5
0.07315184523239793,0,5
0.11098019467506637,1,5
0.16560007020188516,0,5
0.1395655271601407,0,5
0.0977991471305969,0,5
0.0977991471305969,0,5
0.21307341855888629,0,5
0.21307341855888629,0,5
0.21307341855888629,1,5
0.11098019467506637,0,5
0.16560007020188516,0,5
0.16560007020188516,0,5
0.1955351902681085,0,5
0.1495415097816747,1,5
0.14447444579874524,0,5
0.14447444579874524,0,5
0.1495415097816747,0,5
0.1495415097816747,0,5
0.14447444579874524,0,5
0.1495415097816747,0,5
0.14447444579874524,0,5
0.0862311516263109,0,5
0.14447444579874524,0,5
0.17957323692078753,0,5
0.17957323692078753,0,5
0.0862311516263109,0,5
0.23431754868544163,0,5
0.0862311516263109,0,5
0.1495415097816747,0,5
0.10747711688220263,0,5
0.3208015012274099,1,5
0.10747711688220263,0,5
0.141326576767545,0,5
0.10747711688220263,0,5
0.141326576767545,0,5
0.10747711688220263,0,5
0.141326576767545,0,5
0.0915804543307871,0,5
0.21373671259275617,0,5
0.0915804543307871,0,5
0.21373671259275617,1,5
0.0915804543307871,0,5
0.0915804543307871,0,5
0.1597675395066569,0,5
0.0915804543307871,0,5
0.1597675395066569,0,5
0.14695987786577713,1,5
0.11328056616515148,0,5
0.14695987786577713,0,5
0.11328056616515148,0,5
0.14695987786577713,0,5
0.11328056616515148,0,5
0.11328056616515148,0,5
0.14695987786577713,0,5
0.10786488978362097,0,5
0.10786488978362097,0,5
0.12172295156562896,1,5
0.12172295156562896,0,5
0.12172295156562896,0,5
0.10786488978362097,0,5
0.10786488978362097,0,5
0.12172295156562896,0,5
0.12172295156562896,1,5
0.06781122931507677,1,5
0.06781122931507677,0,5
0.20153968469350492,1,5
0.06781122931507677,0,5
0.20153968469350492,0,5
0.06781122931507677,0,5
0.20153968469350492,0,5
0.0762315391142041,0,5
0.0762315391142041,0,5
0.0762315391142041,0,5
0.19575060661464905,0,5
0.19575060661464905,0,5
0.0762315391142041,0,5
0.19575060661464905,0,5
0.0762315391142041,0,5
0.19575060661464905,1,5
0.20153968469350492,1,5
0.19575060661464905,1,5
0.20153968469350492,0,5
