p_surv_win,actual_win,fold
0.5139069483505233,1,1
0.3301792924976906,0,1
0.5139069483505233,1,1
0.3301792924976906,0,1
0.5139069483505233,0,1
0.16857724881172587,0,1
0.17269434929580185,0,1
0.4512727516644547,1,1
0.4512727516644547,0,1
0.1611795656845032,0,1
0.1611795656845032,0,1
0.4197594279510155,0,1
0.3409436521556425,1,1
0.2633394544186103,1,1
0.4899233300164325,1,1
0.3509418405211844,0,1
0.6038539975387489,1,1
0.5109081895282097,1,1
0.3509418405211844,0,1
0.4899233300164325,0,1
0.3323699319291299,0,1
0.721575549451835,0,1
0.3323699319291299,1,1
0.7421147874514422,1,1
0.3734369489485412,0,1
0.7421147874514422,1,1
0.34906935540545325,1,1
0.28751591950576705,1,1
0.28751591950576705,1,1
0.28751591950576705,0,1
0.3360703196981357,0,1
0.30863527034882976,1,1
0.30863527034882976,1,1
0.3522232350768564,0,1
0.3522232350768564,1,1
0.30863527034882976,0,1
0.345553936793525,0,1
0.3522232350768564,0,1
0.24069281935399767,1,1
0.3773740061193269,0,1
0.42252729025687585,0,1
0.41697174355667865,1,1
0.3773740061193269,1,1
0.35811938879158134,0,1
0.42816791582819647,0,1
0.48403901982631836,0,1
0.24069281935399767,1,1
0.32338528606143324,1,1
0.24069281935399767,1,1
0.508511091569835,0,1
0.508511091569835,0,1
0.24069281935399767,0,1
0.5018574114385203,0,1
0.4088633843313312,1,1
0.5018574114385203,0,1
0.48403901982631836,1,1
0.35897916568984223,1,1
0.5275354506852561,0,1
0.37084529134010813,0,1
0.37084529134010813,0,1
0.37084529134010813,1,1
0.5275354506852561,0,1
0.3383451104336255,0,1
0.5275354506852561,1,1
0.27733742013310825,1,1
0.35897916568984223,1,1
0.3486927254214818,1,1
0.48094705945433247,1,1
0.1547670512892022,0,1
0.5071121055576099,1,1
0.1547670512892022,0,1
0.3486927254214818,1,1
0.27699209064155417,0,1
0.491931969960111,0,1
0.4813860288500649,0,1
0.27699209064155417,0,1
0.27699209064155417,0,1
0.4813860288500649,1,1
0.4761217237902817,0,1
0.34066267833241737,0,1
0.3395835542295831,0,1
0.4761217237902817,1,1
0.3395835542295831,0,1
0.258098517382076,0,1
0.2629621665843922,0,1
0.2629621665843922,0,1
0.258098517382076,0,1
0.258098517382076,1,1
0.2629621665843922,0,1
0.4761217237902817,0,1
0.3599938925296824,0,1
0.3599938925296824,1,1
0.3828983762284568,1,1
0.2807817729247737,0,1
0.35557864355884405,1,1
0.27342301120145884,0,1
0.2807817729247737,0,1
0.2474631401129158,1,1
0.27342301120145884,0,1
0.3828983762284568,0,1
0.3409281775893861,0,1
0.3468047835326853,0,1
0.3468047835326853,1,1
0.3828983762284568,1,1
0.4206850363102165,1,1
0.3597765681037667,0,1
0.3409281775893861,1,1
0.4206850363102165,1,1
0.4206850363102165,0,1
0.3828983762284568,0,1
0.26704651155419423,1,1
0.4839274928985028,1,1
0.4839274928985028,0,1
0.4170803105809726,0,1
0.26704651155419423,1,1
0.4839274928985028,1,1
0.26704651155419423,0,1
0.2524354779439244,0,1
0.15826788528002234,0,1
0.4170803105809726,0,1
0.3136635540615018,1,1
0.16611026178982036,0,1
0.2524354779439244,0,1
0.3136635540615018,0,1
0.1639732441677052,0,1
0.3136635540615018,1,1
0.28440101934124185,0,1
0.28440101934124185,1,1
0.27226899293638784,0,1
0.27226899293638784,0,1
0.28440101934124185,0,1
0.4931664049364656,1,1
0.4923947095232466,0,1
0.2807134189581514,0,1
0.4923947095232466,0,1
0.44393497309207064,0,1
0.3525884730016716,0,1
0.3525884730016716,0,1
0.44393497309207064,1,1
0.44393497309207064,0,1
0.3525884730016716,0,1
0.4931664049364656,1,1
0.5856290123956343,1,1
0.34399669965145885,0,1
0.34399669965145885,1,1
0.5856290123956343,1,1
0.5856290123956343,1,1
0.38567042713775535,1,1
0.22872509084999681,0,1
0.38148539069953646,0,1
0.22872509084999681,0,1
0.5732560672333245,1,1
0.27896628968780113,0,1
0.27896628968780113,0,1
0.5732560672333245,0,1
0.27896628968780113,0,1
0.5732560672333245,1,1
0.38148539069953646,0,1
0.3384450893409878,0,1
0.3384450893409878,0,1
0.25031499328937146,1,1
0.25031499328937146,1,1
0.25031499328937146,0,1
0.25338583597481346,0,1
0.3384450893409878,0,1
0.25338583597481346,0,1
0.5679316450538248,1,1
0.42478030751182105,1,1
0.3039853955039975,0,1
0.28675073617838776,0,1
0.42478030751182105,1,1
0.5934186940259882,1,1
0.16168562647051643,0,1
0.3702859984680268,1,1
0.16168562647051643,0,1
0.3702859984680268,0,1
0.16168562647051643,0,1
0.5234497530167361,1,1
0.3477936173001436,1,1
0.3477936173001436,0,1
0.3702859984680268,0,1
0.3477936173001436,1,1
0.5234497530167361,1,1
0.3477936173001436,1,1
0.5234497530167361,0,1
0.3408221835990538,1,1
0.5600509562619258,0,1
0.3408221835990538,1,1
0.5941524549686035,0,1
0.5234497530167361,0,1
0.1596285272607988,0,1
0.3029529881109142,1,1
0.3155153496433688,0,1
0.3155153496433688,0,1
0.26047676526879227,0,1
0.3155153496433688,0,1
0.26047676526879227,1,1
0.26047676526879227,0,1
0.1596285272607988,0,1
0.3029529881109142,0,1
0.1596285272607988,1,1
0.3620574333948553,0,1
0.6640478176694082,1,1
0.3620574333948553,0,1
0.6691172829032273,1,1
0.3620574333948553,0,1
0.6640478176694082,0,1
0.3029529881109142,0,1
0.27733742013310825,0,1
0.5275354506852561,1,1
0.5275354506852561,0,1
0.37084529134010813,1,1
0.27733742013310825,1,1
0.3383451104336255,1,1
0.3383451104336255,1,1
0.37084529134010813,1,1
0.27733742013310825,0,1
0.5188349416945355,1,1
0.1547670512892022,0,1
0.5188349416945355,1,1
0.3383451104336255,0,1
0.5188349416945355,1,1
0.1547670512892022,0,1
0.1547670512892022,1,1
0.27699209064155417,0,1
0.5466650792639305,1,1
0.5466650792639305,1,1
0.27699209064155417,1,1
0.34066267833241737,1,1
0.4761217237902817,0,1
0.4761217237902817,1,1
0.34066267833241737,0,1
0.40228716462661496,0,1
0.2881777029340633,0,1
0.21027556838878048,0,1
0.2881777029340633,1,1
0.21027556838878048,0,1
0.34066267833241737,0,1
0.2474631401129158,1,1
0.27437924005687864,0,1
0.27437924005687864,1,1
0.2474631401129158,1,1
0.27437924005687864,0,1
0.2474631401129158,0,1
0.3831693211283581,0,1
0.3828983762284568,0,1
0.3831693211283581,0,1
0.3828983762284568,0,1
0.3831693211283581,1,1
0.4262538864771446,1,1
0.3597765681037667,0,1
0.3597765681037667,0,1
0.4206850363102165,0,1
0.3828983762284568,1,1
0.26704651155419423,0,1
0.48515500345199636,0,1
0.26704651155419423,0,1
0.48515500345199636,0,1
0.26704651155419423,0,1
0.5113234586016793,1,1
0.2654474440962189,1,1
0.4125051395027497,0,1
0.2654474440962189,0,1
0.3136635540615018,0,1
0.18032068828502423,0,1
0.3136635540615018,0,1
0.18032068828502423,1,1
0.4170803105809726,1,1
0.28440101934124185,0,1
0.30446090378370716,1,1
0.30446090378370716,1,1
0.28440101934124185,1,1
0.28440101934124185,0,1
0.30446090378370716,0,1
0.4199302778373001,0,1
0.4931664049364656,1,1
0.4199302778373001,1,1
0.4199302778373001,0,1
0.4931664049364656,0,1
0.44393497309207064,1,1
0.3525884730016716,0,1
0.44393497309207064,1,1
0.3525884730016716,0,1
0.3525884730016716,1,1
0.44393497309207064,1,1
0.4931664049364656,0,1
0.5856290123956343,1,1
0.34399669965145885,1,1
0.34399669965145885,0,1
0.5856290123956343,0,1
0.22872509084999681,0,1
0.3704639058783248,1,1
0.22872509084999681,0,1
0.3704639058783248,0,1
0.5006280634369844,1,1
0.27896628968780113,0,1
0.27896628968780113,0,1
0.5006280634369844,0,1
0.3384450893409878,1,1
0.25031499328937146,1,1
0.3384450893409878,0,1
0.25031499328937146,0,1
0.3384450893409878,0,1
0.25031499328937146,0,1
0.25338583597481346,0,1
0.5679316450538248,1,1
0.25338583597481346,0,1
0.45869712050253675,0,1
0.25338583597481346,1,1
0.5679316450538248,1,1
0.45869712050253675,0,1
0.2897544636761856,0,1
0.2897544636761856,0,1
0.45303909719161006,0,1
0.2897544636761856,0,1
0.5679316450538248,1,1
0.37426314785738735,0,1
0.16168562647051643,0,1
0.3409145034845136,0,1
0.3409145034845136,1,1
0.16168562647051643,0,1
0.16168562647051643,1,1
0.3409145034845136,0,1
0.37426314785738735,0,1
0.5234497530167361,0,1
0.5234497530167361,0,1
0.5234497530167361,0,1
0.3408221835990538,0,1
0.5941524549686035,1,1
0.3408221835990538,1,1
0.5941524549686035,0,1
0.3408221835990538,0,1
0.37426314785738735,1,1
0.5941524549686035,1,1
0.2765766330772528,1,1
0.2591717619784212,0,1
0.25306452132861434,0,1
0.3155153496433688,0,1
0.3155153496433688,1,1
0.25306452132861434,0,1
0.1596285272607988,0,1
0.2765766330772528,1,1
0.3155153496433688,0,1
0.1596285272607988,0,1
0.2765766330772528,0,1
0.346461154927847,0,1
0.6691172829032273,0,1
0.6691172829032273,1,1
0.346461154927847,1,1
0.6640478176694082,1,1
0.346461154927847,0,1
0.1596285272607988,0,1
0.2633394544186103,0,1
0.42575948319337276,0,1
0.2633394544186103,0,1
0.17269434929580185,0,1
0.17269434929580185,0,1
0.4512727516644547,1,1
0.45692714374493204,1,1
0.42575948319337276,0,1
0.42575948319337276,1,1
0.42575948319337276,0,1
0.2633394544186103,0,1
0.5109081895282097,1,1
0.3405623815691725,1,1
0.5109081895282097,0,1
0.3405623815691725,0,1
0.3405623815691725,0,1
0.5109081895282097,1,1
0.2633394544186103,1,1
0.3719502218714583,0,1
0.3323699319291299,0,1
0.721575549451835,1,1
0.3323699319291299,0,1
0.721575549451835,1,1
0.28751591950576705,1,1
0.28751591950576705,0,1
0.3719502218714583,0,1
0.28751591950576705,0,1
0.3719502218714583,0,1
0.3476749343184694,0,1
0.3392321715721548,1,1
0.340440549738216,0,1
0.3392321715721548,0,1
0.2934640010073043,0,1
0.42252729025687585,1,1
0.2934640010073043,0,1
0.42252729025687585,1,1
0.2934640010073043,1,1
0.41697174355667865,0,1
0.24069281935399767,0,1
0.48234450141021734,1,1
0.4743455709049764,1,1
0.43747108725449124,0,1
0.35469425645304553,0,1
0.43747108725449124,0,1
0.35469425645304553,1,1
0.35469425645304553,0,1
0.43747108725449124,1,1
0.24069281935399767,0,1
0.4230440992604977,0,1
0.5128817096120286,0,1
0.28964263515323085,0,1
0.36557892775932965,0,1
0.28964263515323085,0,1
0.36557892775932965,1,1
0.36557892775932965,1,1
0.28964263515323085,0,1
0.4230440992604977,0,1
0.5971650568712128,1,1
0.4230440992604977,1,1
0.5128817096120286,1,1
0.44637738194272536,0,1
0.5971650568712128,0,1
0.43805309430270145,1,1
0.5971650568712128,1,1
0.44637738194272536,1,1
0.5128817096120286,1,1
0.37110196086389846,1,1
0.2758043131765078,0,1
0.2758043131765078,1,1
0.283112652566765,0,1
0.27665193334422167,1,1
0.2758043131765078,0,1
0.283112652566765,0,1
0.34911402717607,0,1
0.34911402717607,0,1
0.3632603596823937,0,1
0.34911402717607,0,1
0.35004869634179825,1,1
0.34425437697472017,1,1
0.34425437697472017,1,1
0.35004869634179825,0,1
0.34425437697472017,0,1
0.3725947151626098,0,1
0.37110196086389846,0,1
0.2553604045947935,0,1
0.1641318471860581,1,1
0.1641318471860581,0,1
0.2553604045947935,0,1
0.2553604045947935,0,1
0.3540099964321901,0,1
0.1641318471860581,0,1
0.3540099964321901,0,1
0.26039075308682247,1,1
0.5139069483505233,0,1
0.34312040053257353,0,1
0.34312040053257353,0,1
0.5139069483505233,1,1
0.26039075308682247,1,1
0.16168562647051643,0,1
0.3702859984680268,0,1
0.16168562647051643,0,1
0.3478022379883833,1,1
0.16168562647051643,1,1
0.16168562647051643,1,1
0.3478022379883833,0,1
0.3478022379883833,0,1
0.16168562647051643,0,1
0.44637738194272536,0,1
0.3478022379883833,0,1
0.5971650568712128,1,1
0.42742397391512565,0,1
0.5971650568712128,1,1
0.44637738194272536,0,1
0.28964263515323085,0,1
0.42742397391512565,1,1
0.28964263515323085,0,1
0.42742397391512565,1,1
0.5971650568712128,0,1
0.44637738194272536,1,1
0.5971650568712128,1,1
0.43805309430270145,0,1
0.28964263515323085,0,1
0.34399669965145885,1,1
0.5856290123956343,0,1
0.34399669965145885,0,1
0.3393358239782288,0,1
0.5856290123956343,1,1
0.5856290123956343,0,1
0.34399669965145885,0,1
0.5856290123956343,0,1
0.34399669965145885,0,1
0.5018574114385203,0,1
0.35469425645304553,0,1
0.5018574114385203,1,1
0.35469425645304553,0,1
0.5018574114385203,1,1
0.35469425645304553,0,1
0.5018574114385203,0,1
0.3117453511764424,0,1
0.16168562647051643,0,1
0.3702859984680268,1,1
0.3702859984680268,1,1
0.16168562647051643,1,1
0.3702859984680268,0,1
0.3702859984680268,1,1
0.16168562647051643,0,1
0.3702859984680268,0,1
0.16168562647051643,0,1
0.2629621665843922,0,1
0.2881777029340633,0,1
0.2629621665843922,1,1
0.2881777029340633,1,1
0.2629621665843922,0,1
0.2881777029340633,1,1
0.2881777029340633,1,1
0.2629621665843922,1,1
0.16168562647051643,0,1
0.34425437697472017,1,1
0.3725947151626098,0,1
0.34425437697472017,1,1
0.3725947151626098,0,1
0.34425437697472017,0,1
0.3725947151626098,0,1
0.34425437697472017,1,1
0.3725947151626098,0,1
0.32394329450770565,0,1
0.32394329450770565,0,1
0.31900298883592204,0,1
0.31900298883592204,1,1
0.32394329450770565,1,1
0.32394329450770565,0,1
0.31900298883592204,0,1
0.3467548837896499,0,1
0.3249905874424863,0,1
0.36298877899240256,1,1
0.32394329450770565,0,1
0.32394329450770565,1,1
0.36298877899240256,1,1
0.3215906083863731,0,1
0.32394329450770565,0,1
0.2350500444360052,0,1
0.2973515225704676,0,1
0.2350500444360052,0,1
0.2973515225704676,1,1
0.2350500444360052,0,1
0.2973515225704676,0,1
0.32394329450770565,1,1
0.3215906083863731,1,1
0.32394329450770565,1,1
0.3215906083863731,0,1
0.32394329450770565,1,1
0.32394329450770565,1,1
0.32394329450770565,0,1
0.32394329450770565,0,1
0.31900298883592204,0,1
0.32394329450770565,1,1
0.32394329450770565,0,1
0.32394329450770565,1,1
0.32394329450770565,0,1
0.3456733715287097,0,1
0.3456733715287097,0,1
0.31900298883592204,1,1
0.32394329450770565,0,1
0.31900298883592204,0,1
0.32394329450770565,1,1
0.32394329450770565,1,1
0.32394329450770565,1,1
0.32394329450770565,0,1
0.32394329450770565,0,1
0.32394329450770565,0,1
0.32394329450770565,1,1
0.32394329450770565,0,1
0.32394329450770565,1,1
0.32394329450770565,0,1
0.32394329450770565,0,1
0.32394329450770565,1,1
0.32394329450770565,0,1
0.2350500444360052,0,1
0.2973515225704676,0,1
0.2350500444360052,0,1
0.2973515225704676,0,1
0.2350500444360052,0,1
0.2963412081706347,0,1
0.32394329450770565,0,1
0.32394329450770565,1,1
0.32394329450770565,0,1
0.32394329450770565,0,1
0.32394329450770565,0,1
0.32394329450770565,0,1
0.318700034178126,0,1
0.3269259206882895,0,1
0.3851983378987621,1,1
0.3269259206882895,0,1
0.3269259206882895,0,1
0.3851983378987621,0,1
0.2961904063865387,0,1
0.3851983378987621,0,1
0.318700034178126,0,1
0.31568330833758984,1,1
0.32394329450770565,0,1
0.31568330833758984,1,1
0.32394329450770565,0,1
0.3228394544238943,1,1
0.32394329450770565,0,1
0.3228394544238943,0,1
0.32394329450770565,0,1
0.2961904063865387,0,1
0.32394329450770565,0,1
0.32394329450770565,0,1
0.32394329450770565,0,1
0.32394329450770565,1,1
0.318557571229376,1,1
0.318557571229376,0,1
0.32394329450770565,0,1
0.32394329450770565,0,1
0.32394329450770565,0,1
0.32394329450770565,0,1
0.32394329450770565,0,1
0.32394329450770565,0,1
0.31172384592179925,0,1
0.31172384592179925,0,1
0.32394329450770565,0,1
0.27563487314652946,0,1
0.32394329450770565,0,1
0.32394329450770565,1,1
0.27563487314652946,1,1
0.32394329450770565,0,1
0.27563487314652946,1,1
0.31172384592179925,0,1
0.32394329450770565,0,1
0.32394329450770565,0,1
0.32394329450770565,0,1
0.32394329450770565,0,1
0.31568330833758984,0,1
0.32394329450770565,0,1
0.2910674367384338,0,1
0.318700034178126,0,1
0.31568330833758984,0,1
0.32394329450770565,0,1
0.32394329450770565,0,1
0.2910674367384338,0,1
0.32394329450770565,0,1
0.318700034178126,1,1
0.318557571229376,1,1
0.32394329450770565,0,1
0.31568330833758984,0,1
0.32622292071954806,0,1
0.31568330833758984,1,1
0.32622292071954806,0,1
0.31568330833758984,0,1
0.32622292071954806,1,1
0.29513984976255925,0,1
0.3228394544238943,0,1
0.318700034178126,1,1
0.322784310773372,0,1
0.318557571229376,1,1
0.318700034178126,1,1
0.31574606591979404,0,1
0.268436659208525,1,1
0.32888322919180846,0,1
0.268436659208525,1,1
0.32888322919180846,0,1
0.32888322919180846,0,1
0.3233964828333833,1,1
0.18736910193025968,1,1
0.18736910193025968,1,1
0.33158951004871673,1,1
0.18736910193025968,0,1
0.33158951004871673,1,1
0.32394329450770565,0,1
0.32394329450770565,1,1
0.32394329450770565,1,1
0.3773230048827283,0,1
0.36929159812805445,1,1
0.21049835945634787,1,1
0.26462711249125426,0,1
0.21049835945634787,0,1
0.3043080427534658,1,1
0.2696824604341367,0,1
0.17318405340285314,1,1
0.35532620076202304,0,1
0.3468510223937086,0,1
0.17318405340285314,1,1
0.3098020857813615,1,1
0.21682905251076945,1,1
0.21682905251076945,1,1
0.3098020857813615,1,1
0.3098020857813615,0,1
0.21682905251076945,0,1
0.3043080427534658,1,1
0.2877087584756244,0,1
0.30607432797666045,0,1
0.2877087584756244,0,1
0.30607432797666045,0,1
0.3368507485838098,1,1
0.30607432797666045,0,1
0.21682905251076945,1,1
0.17864645978328697,1,1
0.340082825108348,1,1
0.17864645978328697,0,1
0.17864645978328697,0,1
0.34848086099000763,1,1
0.36851130673458077,0,1
0.32394329450770565,1,1
0.34848086099000763,0,1
0.28274257022525406,0,1
0.31574606591979404,0,1
0.30556989706199167,0,1
0.17318405340285314,1,1
0.30556989706199167,0,1
0.17318405340285314,0,1
0.29773340054864106,0,1
0.17318405340285314,0,1
0.33055117886803387,0,1
0.33055117886803387,0,1
0.36851130673458077,0,1
0.36851130673458077,0,1
0.33055117886803387,0,1
0.33055117886803387,0,1
0.31574606591979404,0,1
0.2947240534543486,0,1
0.29971150256287504,1,1
0.2947240534543486,0,1
0.29971150256287504,1,1
0.36851130673458077,0,1
0.33055117886803387,1,1
0.33055117886803387,0,1
0.36851130673458077,1,1
0.33055117886803387,0,1
0.36851130673458077,0,1
0.31574606591979404,1,1
0.340082825108348,0,1
0.17864645978328697,1,1
0.39456985538271283,1,1
0.17864645978328697,1,1
0.17864645978328697,0,1
0.39456985538271283,1,1
0.28964263515323085,1,1
0.24748109853659672,0,1
0.32980361341605735,1,1
0.32980361341605735,0,1
0.32980361341605735,0,1
0.24748109853659672,1,1
0.29515361115931193,1,1
0.3697000340859211,0,1
0.3697000340859211,0,1
0.29515361115931193,0,1
0.42742397391512565,0,1
0.24748109853659672,0,1
0.42742397391512565,0,1
0.28964263515323085,0,1
0.32394329450770565,1,1
0.316651517416054,1,1
0.32394329450770565,0,1
0.316651517416054,0,1
0.32394329450770565,0,1
0.28964263515323085,0,1
0.42742397391512565,1,1
0.28964263515323085,1,1
0.42742397391512565,1,1
0.32394329450770565,0,1
0.3353028821110815,0,1
0.3791267926056494,0,1
0.3857931875197964,0,1
0.340022103901931,1,1
0.3857931875197964,1,1
0.340022103901931,0,1
0.3857931875197964,0,1
0.4347184593849912,1,1
0.4088633843313312,1,1
0.3353028821110815,0,1
0.31425203120126977,1,1
0.46862290214958213,0,1
0.46862290214958213,0,1
0.31425203120126977,1,1
0.3513429049099127,0,1
0.33752413179343255,1,1
0.33752413179343255,1,1
0.3513429049099127,0,1
0.4839274928985028,0,1
0.4839274928985028,1,1
0.33158597585243577,1,1
0.5191168319878807,0,1
0.3516522437561337,0,1
0.3516522437561337,0,1
0.5191168319878807,0,1
0.33158597585243577,0,1
0.5191168319878807,1,1
0.3516522437561337,0,1
0.33158597585243577,0,1
0.3710934349259326,1,1
0.2959175649919623,0,1
0.3841320731052795,1,1
0.3375456943889865,0,1
0.2959175649919623,1,1
0.2959175649919623,0,1
0.3841320731052795,0,1
0.3482360504789641,0,1
0.2654969840936582,0,1
0.2654969840936582,1,1
0.4839274928985028,0,1
0.32394329450770565,0,1
0.32175064710580126,1,1
0.32394329450770565,0,1
0.30913631888403237,1,1
0.30913631888403237,1,1
0.3622136900771876,1,1
0.3622136900771876,0,1
0.30913631888403237,1,1
0.32394329450770565,0,1
0.2362139611097862,0,1
0.32899305500811693,1,1
0.3334914492893102,1,1
0.2487481605513372,0,1
0.4890063803671363,1,1
0.32899305500811693,1,1
0.2487481605513372,0,1
0.2362139611097862,0,1
0.4890063803671363,1,1
0.3719502218714583,1,1
0.28442064522543675,1,1
0.3719502218714583,0,1
0.2927837757086432,0,1
0.375067353906787,1,1
0.375067353906787,0,1
0.22517077850901523,0,1
0.21276723900930194,0,1
0.32899305500811693,0,1
0.24254174665275252,0,1
0.4890063803671363,1,1
0.24254174665275252,0,1
0.4890063803671363,1,1
0.22517077850901523,1,1
0.34911402717607,0,1
0.42815765168575826,1,1
0.34911402717607,1,1
0.34911402717607,0,1
0.4542951663993936,0,1
0.4542951663993936,0,1
0.3826654942486756,1,1
0.31425203120126977,1,1
0.3857931875197964,0,1
0.34339768447428076,1,1
0.47941144658080215,0,1
0.47941144658080215,0,1
0.31425203120126977,1,1
0.3857931875197964,0,1
0.27665193334422167,0,1
0.41697174355667865,1,1
0.36149180977455975,0,1
0.36149180977455975,0,1
0.2758043131765078,0,1
0.27665193334422167,1,1
0.2758043131765078,0,1
0.2758043131765078,1,1
0.4904625596301522,1,1
0.41697174355667865,1,1
0.4904625596301522,0,1
0.3914586607681534,0,1
0.25306452132861434,0,1
0.3818217945194138,1,1
0.25306452132861434,0,1
0.27665193334422167,1,1
0.3914586607681534,0,1
0.25306452132861434,1,1
0.32567261677413195,0,1
0.32567261677413195,0,1
0.5732560672333245,1,1
0.26545989790137536,0,1
0.26545989790137536,0,1
0.5732560672333245,0,1
0.26545989790137536,0,1
0.6378520130044982,1,1
0.5732560672333245,1,1
0.24050619140401108,0,1
0.6378520130044982,0,1
0.2897544636761856,0,1
0.45303909719161006,1,1
0.2897544636761856,0,1
0.45303909719161006,1,1
0.24050619140401108,0,1
0.3921477129029859,1,1
0.3921477129029859,0,1
0.31787640875080214,0,1
0.27332848583421077,1,1
0.1510278930152429,0,1
0.1510278930152429,0,1
0.31787640875080214,1,1
0.35250484537783455,1,1
0.35250484537783455,1,1
0.46859758917936667,1,1
0.6038539975387489,1,1
0.32883717752567765,0,1
0.27332848583421077,1,1
0.41328223440042633,0,1
0.6038539975387489,1,1
0.3405623815691725,0,1
0.3405623815691725,1,1
0.3405623815691725,0,1
0.6038539975387489,0,1
0.31787640875080214,0,1
0.22834246714054285,1,1
0.30366061924109833,0,1
0.22834246714054285,0,1
0.30366061924109833,0,1
0.3409436521556425,1,1
0.31949730791952513,0,1
0.3409436521556425,1,1
0.31949730791952513,0,1
0.31949730791952513,0,1
0.31240733987945146,0,1
0.30366061924109833,0,1
0.22834246714054285,0,1
0.2487481605513372,0,1
0.32899305500811693,1,1
0.22943177266628523,0,1
0.22943177266628523,0,1
0.32899305500811693,1,1
0.5134004310519735,1,1
0.2487481605513372,0,1
0.2487481605513372,0,1
0.5134004310519735,0,1
0.4890063803671363,1,1
0.29750451570049175,0,1
0.3001920172890865,0,1
0.47451009253888266,1,1
0.47451009253888266,1,1
0.3001920172890865,0,1
0.3253236198759133,1,1
0.2797559347999846,0,1
0.2797559347999846,0,1
0.29750451570049175,1,1
0.3583261159461065,1,1
0.3447227020833856,1,1
0.30808318482675134,1,1
0.3447227020833856,0,1
0.30808318482675134,0,1
0.3230228842054935,0,1
0.2914378800319568,0,1
0.222215706724883,0,1
0.2914378800319568,0,1
0.222215706724883,1,1
0.3598782235974678,0,1
0.222215706724883,0,1
0.4335421699566637,1,1
0.32689330045601195,0,1
0.4088633843313312,1,1
0.2629240132325321,0,1
0.4088633843313312,1,1
0.2629621665843922,1,1
0.2629621665843922,0,1
0.2881777029340633,0,1
0.2629621665843922,1,1
0.2881777029340633,1,1
0.2881777029340633,0,1
0.2881777029340633,1,1
0.4347184593849912,1,1
0.2629621665843922,0,1
0.34426797219021366,0,1
0.28442064522543675,0,1
0.32689330045601195,1,1
0.3719502218714583,0,1
0.28442064522543675,0,1
0.28442064522543675,0,1
0.3719502218714583,1,1
0.3331223874810544,0,1
0.34426797219021366,0,1
0.34426797219021366,0,1
0.3331223874810544,0,1
0.3331223874810544,1,1
0.3719502218714583,0,1
0.24626166597623,1,1
0.24796303781811257,0,1
0.47069138579737135,0,1
0.47069138579737135,1,1
0.24796303781811257,0,1
0.24796303781811257,0,1
0.47069138579737135,0,1
0.31418034971952846,0,1
0.24626166597623,0,1
0.31418034971952846,0,1
0.2790157025108654,0,1
0.3068346747310834,1,1
0.3068346747310834,1,1
0.34596320877637554,0,1
0.2973036400791237,1,1
0.3261295316918904,1,1
0.3261295316918904,1,1
0.2973036400791237,0,1
0.3261295316918904,0,1
0.37821418376987814,0,1
0.3710934349259326,0,1
0.26471785393021086,1,1
0.2673440366884714,0,1
0.3710934349259326,0,1
0.340440549738216,0,1
0.340440549738216,0,1
0.30863527034882976,0,1
0.340440549738216,0,1
0.2673440366884714,0,1
0.30863527034882976,1,1
0.3317088021574065,1,1
0.3413406128722234,1,1
0.5920075338756714,1,1
0.3924409307430421,0,1
0.15156794962469122,0,1
0.3924409307430421,1,1
0.15156794962469122,0,1
0.3694307901002801,0,1
0.5920075338756714,1,1
0.31868258189213494,0,1
0.5920075338756714,1,1
0.31868258189213494,0,1
0.31868258189213494,1,1
0.15156794962469122,0,1
0.27207980509521246,0,1
0.39414240398021383,0,1
0.25031499328937146,0,1
0.32980361341605735,1,1
0.39414240398021383,0,1
0.32980361341605735,0,1
0.25031499328937146,1,1
0.25031499328937146,0,1
0.32980361341605735,0,1
0.27207980509521246,0,1
0.2790741433615067,0,1
0.508827243140779,0,1
0.34602894212038215,0,1
0.3132552778511821,1,1
0.3132552778511821,1,1
0.33752413179343255,1,1
0.3710934349259326,1,1
0.508827243140779,1,1
0.26039075308682247,1,1
0.26039075308682247,0,1
0.44752206099377234,0,1
0.5234497530167361,1,1
0.3702859984680268,1,1
0.16168562647051643,1,1
0.16168562647051643,0,1
0.3702859984680268,0,1
0.3702859984680268,0,1
0.5234497530167361,1,1
0.37426314785738735,0,1
0.37426314785738735,0,1
0.5234497530167361,0,1
0.16168562647051643,0,1
0.42815765168575826,0,1
0.3560470956809074,0,1
0.3457341164852359,1,1
0.37426314785738735,0,1
0.26876850388321694,1,1
0.2880075304720262,1,1
0.26876850388321694,0,1
0.34911402717607,0,1
0.4542951663993936,1,1
0.34911402717607,0,1
0.2880075304720262,1,1
0.34425437697472017,1,1
0.34425437697472017,0,1
0.3725947151626098,1,1
0.34425437697472017,1,1
0.3725947151626098,0,1
0.34425437697472017,1,1
0.3725947151626098,0,1
0.3648010112349759,0,1
0.27159260482777436,1,1
0.33670750370130365,1,1
0.3648010112349759,0,1
0.33670750370130365,1,1
0.33670750370130365,1,1
0.4786356052634263,1,1
0.3648010112349759,1,1
0.3283064717505696,0,1
0.3283064717505696,0,1
0.5390043872679751,1,1
0.5390043872679751,1,1
0.3283064717505696,1,1
0.3283064717505696,0,1
0.5390043872679751,0,1
0.6270006876036078,1,1
0.22872509084999681,0,1
0.31178141736063436,0,1
0.38148539069953646,0,1
0.22872509084999681,0,1
0.22872509084999681,0,1
0.38148539069953646,0,1
0.38148539069953646,1,1
0.22872509084999681,0,1
0.23211934342367124,0,1
0.38148539069953646,0,1
0.23211934342367124,0,1
0.4834942907841199,0,1
0.3462208781035271,0,1
0.4834942907841199,1,1
0.3462208781035271,0,1
0.38148539069953646,1,1
0.4834942907841199,0,1
0.3315910134863256,0,1
0.4761217237902817,0,1
0.3315910134863256,0,1
0.4761217237902817,1,1
0.3315910134863256,1,1
0.4761217237902817,1,1
0.3462208781035271,0,1
0.266444056708253,0,1
0.17179461222693215,0,1
0.3813985913527178,1,1
0.3813985913527178,0,1
0.3136467400270927,0,1
0.3204052332925107,1,1
0.3813985913527178,0,1
0.2926124186177964,1,1
0.22350735751183703,0,1
0.36917436146704685,0,1
0.30471342115166467,1,1
0.2926124186177964,0,1
0.30471342115166467,0,1
0.2926124186177964,1,1
0.2838712576650524,0,1
0.36917436146704685,0,1
0.20175642920935177,0,1
0.45924786755086555,1,1
0.3260862816178631,1,1
0.45924786755086555,1,1
0.2810692183044401,0,1
0.45924786755086555,1,1
0.2810692183044401,1,1
0.35141595541502646,1,1
0.24524593188937516,0,1
0.3671143326705679,1,1
0.2810692183044401,1,1
0.3671143326705679,1,1
0.5309173031600164,0,1
0.3260862816178631,0,1
0.5309173031600164,0,1
0.3260862816178631,1,1
0.5309173031600164,1,1
0.24524593188937516,0,1
0.2881638525786704,0,1
0.3561675639892049,0,1
0.2771198935130801,0,1
0.3561675639892049,0,1
0.3561675639892049,1,1
0.2771198935130801,0,1
0.2197829731187957,0,1
0.31538364580931666,0,1
0.2947390293775849,1,1
0.2881638525786704,0,1
0.3635568400954351,0,1
0.3513959798279509,1,1
0.2886190174639247,0,1
0.2947390293775849,1,1
0.2886190174639247,0,1
0.34382944510839974,0,1
0.1729439104012016,0,1
0.3702859984680268,1,1
0.31538364580931666,0,1
0.3702859984680268,0,1
0.16942524322630903,1,1
0.3368823794045174,0,1
0.6640478176694082,0,1
0.6640478176694082,0,1
0.3368823794045174,0,1
0.6640478176694082,1,1
0.3632603596823937,0,1
0.31998885161058177,0,1
0.31998885161058177,0,1
0.3368823794045174,0,1
0.3434087164599,0,1
0.16942524322630903,0,1
0.31998885161058177,0,1
0.3702859984680268,0,1
0.16942524322630903,0,1
0.16942524322630903,0,1
0.3702859984680268,0,1
0.3755801923583191,0,1
0.34509405331601084,0,1
0.5323036266226635,0,1
0.345390017900708,0,1
0.345390017900708,1,1
0.345390017900708,1,1
0.6253208744558567,1,1
0.5323036266226635,0,1
0.5323036266226635,0,1
0.34509405331601084,0,1
0.39574968280200296,0,1
0.34509405331601084,0,1
0.6253208744558567,0,1
0.4211379389400959,1,1
0.39574968280200296,0,1
0.4211379389400959,0,1
0.4211379389400959,0,1
0.39574968280200296,0,1
0.6253208744558567,0,1
0.36141810841589317,1,1
0.3865049726489864,0,1
0.3042392653382535,1,1
0.3865049726489864,0,1
0.32774578773875285,0,1
0.38012350597072964,1,1
0.1772564153381907,0,1
0.32171651659789435,0,1
0.3136467400270927,0,1
0.38012350597072964,1,1
0.36865308373070493,0,1
0.3218657303007527,0,1
0.3865049726489864,0,1
0.3136467400270927,0,1
0.3801426492155964,1,1
0.3029529881109142,0,1
0.14284216755520518,1,1
0.14284216755520518,0,1
0.3029529881109142,0,1
0.2609763993871479,0,1
0.32940297489506043,1,1
0.5234497530167361,1,1
0.32940297489506043,1,1
0.3801426492155964,0,1
0.5234497530167361,1,1
0.2609763993871479,0,1
0.5234497530167361,1,1
0.3801426492155964,1,1
0.32171651659789435,1,1
0.18442568192829067,1,1
0.30551413083190193,0,1
0.18442568192829067,1,1
0.3750930379906633,1,1
0.3136467400270927,0,1
0.3136467400270927,0,1
0.3204052332925107,1,1
0.3750930379906633,0,1
0.37005430484452306,0,1
0.3204052332925107,1,1
0.32655538472524326,0,1
0.32171651659789435,0,1
0.3222926355959035,0,1
0.3750930379906633,0,1
0.3750930379906633,0,1
0.3463184069224833,0,1
0.3463184069224833,0,1
0.4512727516644547,0,1
0.15743686417818037,0,1
0.4512727516644547,0,1
0.37576628396876377,1,1
0.4512727516644547,0,1
0.15743686417818037,0,1
0.15743686417818037,1,1
0.353698456982771,0,1
0.49005239761834063,0,1
0.3464052933961427,0,1
0.37576628396876377,0,1
0.37576628396876377,1,1
0.49005239761834063,0,1
0.3463184069224833,1,1
0.3567494470919247,0,1
0.3567494470919247,0,1
0.5856290123956343,0,1
0.5856290123956343,0,1
0.3567494470919247,1,1
0.5856290123956343,1,1
0.4072305502979636,1,1
0.24441626994367482,0,1
0.422187059670428,1,1
0.3463109387905653,0,1
0.37924694635700673,0,1
0.3463109387905653,1,1
0.37924694635700673,0,1
0.24441626994367482,0,1
0.2152197588527185,0,1
0.28269530578997504,0,1
0.33251996464947065,0,1
0.37521802262405923,1,1
0.3102207598270468,0,1
0.33251996464947065,1,1
0.3524332314422689,1,1
0.3102207598270468,1,1
0.32611842922666623,1,1
0.30431802220607274,0,1
0.2847788577882986,0,1
0.30431802220607274,1,1
0.30431802220607274,0,1
0.2847788577882986,0,1
0.33251996464947065,0,1
0.38553870404324797,0,1
0.32611842922666623,0,1
0.38553870404324797,0,1
0.2710321248803813,0,1
0.28083125123396835,1,1
0.28083125123396835,1,1
0.276289244323772,1,1
0.276289244323772,0,1
0.28083125123396835,0,1
0.38808587899423574,0,1
0.276289244323772,0,1
0.2580049590544784,1,1
0.38808587899423574,1,1
0.38808587899423574,1,1
0.2580049590544784,0,1
0.2710321248803813,1,1
0.38553870404324797,0,1
0.2710321248803813,0,1
0.2580049590544784,0,1
0.28705582635207616,0,1
0.28705582635207616,0,1
0.3056592162066055,0,1
0.33251996464947065,0,1
0.3056592162066055,0,1
0.33251996464947065,0,1
0.35733357670210897,0,1
0.33251996464947065,0,1
0.30431802220607274,0,1
0.30431802220607274,1,1
0.2891585611698009,1,1
0.32611842922666623,0,1
0.3056592162066055,0,1
0.28705582635207616,0,1
0.32611842922666623,1,1
0.21885704007900308,1,1
0.2991295751615428,0,1
0.3778153270364709,0,1
0.2991295751615428,1,1
0.3778153270364709,0,1
0.45111240627441107,0,1
0.5971650568712128,1,1
0.5971650568712128,1,1
0.32611842922666623,1,1
0.5250348630285839,1,1
0.35274497763798385,0,1
0.5250348630285839,1,1
0.45111240627441107,0,1
0.35274497763798385,0,1
0.32611842922666623,0,1
0.3725947151626098,0,1
0.34425437697472017,0,1
0.34425437697472017,0,1
0.34425437697472017,0,1
0.3725947151626098,0,1
0.2663596042662164,0,1
0.3725947151626098,1,1
0.2663596042662164,0,1
0.22390110466063418,1,1
0.3346769076701702,0,1
0.43439818465113644,1,1
0.3346769076701702,0,1
0.43439818465113644,1,1
0.22390110466063418,1,1
0.37265652004017336,1,1
0.20888518086931152,0,1
0.37965528097374945,1,1
0.37965528097374945,0,1
0.30431802220607274,0,1
0.3522772083942235,0,1
0.16566660040100167,1,1
0.32655538472524326,0,1
0.2846396205650501,0,1
0.3218657303007527,0,1
0.32655538472524326,0,1
0.3218657303007527,0,1
0.40739612507333345,0,1
0.30431802220607274,0,1
0.37265652004017336,0,1
0.2846396205650501,0,1
0.37265652004017336,1,1
0.40739612507333345,1,1
0.43285051464081414,0,1
0.49542387345464545,0,1
0.49542387345464545,0,1
0.43285051464081414,0,1
0.49542387345464545,1,1
0.43285051464081414,1,1
0.275070826283462,0,1
0.3097867241470944,0,1
0.40739612507333345,1,1
0.2585302214371169,0,1
0.3097867241470944,0,1
0.2585302214371169,0,1
0.42336924625418626,0,1
0.2585302214371169,0,1
0.3400335456081376,0,1
0.32655538472524326,0,1
0.3218657303007527,0,1
0.3218657303007527,0,1
0.32655538472524326,0,1
0.3218657303007527,0,1
0.32655538472524326,0,1
0.30431802220607274,1,1
0.3127345419279559,1,1
0.29027139930012746,0,1
0.30431802220607274,1,1
0.37965528097374945,1,1
0.20888518086931152,0,1
0.37965528097374945,1,1
0.275070826283462,0,1
0.3585764371636303,0,1
0.3127345419279559,0,1
0.3127345419279559,1,1
0.3136635540615018,0,1
0.18404959049612246,1,1
0.3400335456081376,1,1
0.3136635540615018,0,1
0.3136635540615018,0,1
0.18404959049612246,1,1
0.18404959049612246,0,1
0.3295544985140898,0,1
0.39338175670535147,1,1
0.3295544985140898,1,1
0.39338175670535147,1,1
0.3400335456081376,0,1
0.39338175670535147,0,1
0.3295544985140898,0,1
0.3096908808929938,0,1
0.2764264070232402,0,1
0.28870653372087496,1,1
0.28870653372087496,1,1
0.3096908808929938,0,1
0.3096908808929938,0,1
0.28870653372087496,0,1
0.4176175426874631,1,1
0.4176175426874631,0,1
0.2764264070232402,0,1
0.4176175426874631,0,1
0.35371213289272785,0,1
0.5669489547004578,1,1
0.35371213289272785,1,1
0.5669489547004578,1,1
0.2764264070232402,1,1
0.36548228042627406,1,1
0.41438787051948234,1,1
0.41438787051948234,1,1
0.36548228042627406,1,1
0.1801058981625726,1,1
0.32611842922666623,1,1
0.2881638525786704,0,1
0.41438787051948234,0,1
0.2881638525786704,1,1
0.32611842922666623,0,1
0.36548228042627406,1,1
0.2197829731187957,0,1
0.4859641372111142,0,1
0.6038539975387489,1,1
0.15430815068258386,0,1
0.27438233689452474,0,1
0.2697495999904992,1,1
0.27438233689452474,0,1
0.15430815068258386,0,1
0.15430815068258386,0,1
0.4859641372111142,0,1
0.6038539975387489,0,1
0.6038539975387489,1,1
0.4859641372111142,1,1
0.3891017330072051,0,1
0.38603430314239895,1,1
0.15439767569108653,0,1
0.4098174743490869,1,1
0.3548214932422935,1,1
0.15439767569108653,0,1
0.3891017330072051,0,1
0.5109081895282097,0,1
0.3118088648769898,0,1
0.5109081895282097,0,1
0.3118088648769898,1,1
0.3118088648769898,0,1
0.5109081895282097,1,1
0.3548214932422935,0,1
0.6253208744558567,1,1
0.4211379389400959,0,1
0.39574968280200296,0,1
0.4211379389400959,0,1
0.39574968280200296,0,1
0.39574968280200296,0,1
0.4211379389400959,1,1
0.33888757120356894,1,1
0.15743686417818037,0,1
0.33888757120356894,0,1
0.4512727516644547,0,1
0.4512727516644547,0,1
0.15743686417818037,0,1
0.4512727516644547,0,1
0.16409103738572428,0,1
0.6253208744558567,1,1
0.41553840145873067,0,1
0.37475218704923163,0,1
0.3097956067208345,1,1
0.2926124186177964,0,1
0.34382944510839974,1,1
0.37475218704923163,0,1
0.14284216755520518,0,1
0.35889179826622786,1,1
0.35889179826622786,1,1
0.2771198935130801,1,1
0.2926124186177964,0,1
0.41553840145873067,1,1
0.22350735751183703,1,1
0.4974013345830365,1,1
0.14284216755520518,0,1
0.32940297489506043,1,1
0.2609763993871479,1,1
0.2609763993871479,1,1
0.32940297489506043,0,1
0.32940297489506043,0,1
0.4974013345830365,0,1
0.3411383502480213,0,1
0.3411383502480213,1,1
0.4974013345830365,0,1
0.3411383502480213,0,1
0.2609763993871479,0,1
0.17179461222693215,0,1
0.2910601596796938,1,1
0.2947390293775849,1,1
0.2910601596796938,0,1
0.37916331060439434,1,1
0.3136467400270927,0,1
0.26876850388321694,0,1
0.3568772619902689,1,1
0.2036732320821375,0,1
0.28875019007136093,0,1
0.26876850388321694,1,1
0.2947390293775849,0,1
0.39032797181765233,1,1
0.3635568400954351,1,1
0.28875019007136093,1,1
0.34741931809651116,0,1
0.5234497530167361,0,1
0.3801426492155964,0,1
0.5234497530167361,1,1
0.3801426492155964,0,1
0.5234497530167361,1,1
0.3801426492155964,0,1
0.35410379039530415,0,1
0.3463184069224833,1,1
0.3463184069224833,1,1
0.37576628396876377,0,1
0.45522398432490374,1,1
0.34741931809651116,0,1
0.37576628396876377,1,1
0.45522398432490374,0,1
0.3671143326705679,1,1
0.24607532337231786,0,1
0.24607532337231786,1,1
0.24607532337231786,0,1
0.3671143326705679,0,1
0.3719724005431275,0,1
0.4834942907841199,0,1
0.3719724005431275,1,1
0.3671143326705679,0,1
0.4834942907841199,1,1
0.4834942907841199,0,1
0.28088689866934446,0,1
0.38553870404324797,0,1
0.38553870404324797,0,1
0.38553870404324797,0,1
0.28088689866934446,1,1
0.3719724005431275,0,1
0.28088689866934446,0,1
0.18442568192829067,0,1
0.3750930379906633,0,1
0.33251996464947065,1,1
0.311379149458862,0,1
0.311379149458862,1,1
0.18442568192829067,1,1
0.3136467400270927,1,1
0.3750930379906633,1,1
0.3174391504441758,1,1
0.3750930379906633,0,1
0.3204052332925107,0,1
0.18039958878881057,1,1
0.3174391504441758,0,1
0.18039958878881057,0,1
0.18039958878881057,0,1
0.3174391504441758,1,1
0.3764866470968732,0,1
0.3204052332925107,0,1
0.15862946754330132,0,1
0.5971650568712128,1,1
0.4098174743490869,1,1
0.38603430314239895,1,1
0.3260862816178631,1,1
0.4089441355298997,1,1
0.3260862816178631,1,1
0.4089441355298997,1,1
0.3260862816178631,0,1
0.3260862816178631,0,1
0.5309173031600164,0,1
0.4089441355298997,0,1
0.5971650568712128,0,1
0.4167895635736103,0,1
0.5971650568712128,0,1
0.4167895635736103,0,1
0.5971650568712128,0,1
0.4167895635736103,1,1
0.15862946754330132,0,1
0.4167895635736103,0,1
0.3136467400270927,0,1
0.38012350597072964,1,1
0.3136467400270927,0,1
0.3204052332925107,0,1
0.38012350597072964,0,1
0.1772564153381907,0,1
0.3174391504441758,0,1
0.3218657303007527,0,1
0.3865049726489864,0,1
0.3218657303007527,0,1
0.32774578773875285,1,1
0.36141810841589317,0,1
0.29767240805455286,1,1
0.3042392653382535,0,1
0.3865049726489864,0,1
0.38012350597072964,0,1
0.3174391504441758,0,1
0.3567494470919247,0,1
0.3865049726489864,1,1
0.3567494470919247,1,1
0.3400335456081376,1,1
0.3127345419279559,0,1
0.5856290123956343,1,1
0.3400335456081376,0,1
0.3127345419279559,1,1
0.3127345419279559,1,1
0.2911431846064305,0,1
0.45924786755086555,0,1
0.3400335456081376,0,1
0.2911431846064305,1,1
0.47036896084244073,1,1
0.5856290123956343,1,1
0.3567494470919247,0,1
0.2911431846064305,0,1
0.5856290123956343,1,1
0.45924786755086555,0,1
0.2911431846064305,0,1
0.45924786755086555,0,1
0.208140248054822,1,1
0.4921466697739837,1,1
0.41407145116407784,0,1
0.4921466697739837,1,1
0.41407145116407784,0,1
0.38148539069953646,0,1
0.208140248054822,0,1
0.38148539069953646,1,1
0.2991295751615428,0,1
0.208140248054822,0,1
0.3778153270364709,1,1
0.2991295751615428,0,1
0.3778153270364709,0,1
0.2991295751615428,0,1
0.38148539069953646,1,1
0.3778153270364709,1,1
0.3068346747310834,1,1
0.2891585611698009,0,1
0.3068346747310834,1,1
0.3702137011778822,1,1
0.33251996464947065,0,1
0.3056592162066055,0,1
0.33251996464947065,1,1
0.21885704007900308,1,1
0.32611842922666623,1,1
0.2891585611698009,0,1
0.32611842922666623,0,1
0.28705582635207616,0,1
0.32611842922666623,0,1
0.28705582635207616,1,1
0.33251996464947065,0,1
0.3068346747310834,1,1
0.3056592162066055,0,1
0.43285051464081414,1,1
0.35733357670210897,1,1
0.5109081895282097,1,1
0.5109081895282097,1,1
0.3118088648769898,0,1
0.18404959049612246,0,1
0.3136635540615018,0,1
0.3136635540615018,1,1
0.3118088648769898,1,1
0.18404959049612246,0,1
0.3136635540615018,0,1
0.49542387345464545,1,1
0.43285051464081414,0,1
0.43285051464081414,1,1
0.49542387345464545,0,1
0.49542387345464545,0,1
0.18404959049612246,0,1
0.32611842922666623,1,1
0.3068346747310834,0,1
0.3068346747310834,1,1
0.2847788577882986,0,1
0.37521802262405923,1,1
0.33251996464947065,0,1
0.33251996464947065,1,1
0.3102207598270468,0,1
0.3102207598270468,0,1
0.32611842922666623,1,1
0.2152197588527185,0,1
0.28269530578997504,0,1
0.3524332314422689,0,1
0.33251996464947065,0,1
0.3068346747310834,0,1
0.2847788577882986,0,1
0.5017440613969052,1,1
0.3356768402914304,0,1
0.3726155028946869,1,1
0.22390110466063418,0,1
0.3726155028946869,1,1
0.22390110466063418,1,1
0.3726155028946869,0,1
0.22390110466063418,0,1
0.6640478176694082,1,1
0.34798849636249807,0,1
0.6640478176694082,0,1
0.3349571692954667,0,1
0.3349571692954667,0,1
0.6640478176694082,1,1
0.5017440613969052,0,1
0.3356768402914304,0,1
0.27438233689452474,1,1
0.15430815068258386,0,1
0.27438233689452474,1,1
0.15430815068258386,0,1
0.27438233689452474,0,1
0.15430815068258386,1,1
0.36103439495693734,0,1
0.48257798982875244,1,1
0.36103439495693734,0,1
0.45135452606087667,1,1
0.45135452606087667,1,1
0.2646828511135835,0,1
0.48257798982875244,1,1
0.2646828511135835,0,1
0.3891017330072051,1,1
0.16942524322630903,0,1
0.3548214932422935,0,1
0.3891017330072051,1,1
0.3548214932422935,0,1
0.3891017330072051,1,1
0.3548214932422935,1,1
0.3891017330072051,0,1
0.3548214932422935,1,1
0.3702859984680268,0,1
0.16942524322630903,0,1
0.3702859984680268,0,1
0.16942524322630903,1,1
0.4859641372111142,0,1
0.6038539975387489,1,1
0.4859641372111142,0,1
0.6038539975387489,1,1
0.3702859984680268,1,1
0.5268576443263229,0,1
0.3315910134863256,0,1
0.4761217237902817,1,1
0.4761217237902817,1,1
0.4761217237902817,0,1
0.3453881588994394,0,1
0.2745733776304229,0,1
0.3453881588994394,0,1
0.2745733776304229,0,1
0.5268576443263229,1,1
0.2745733776304229,0,1
0.3096908808929938,0,1
0.28870653372087496,1,1
0.3096908808929938,1,1
0.28870653372087496,0,1
0.28870653372087496,1,1
0.3096908808929938,1,1
0.5268576443263229,0,1
0.42336924625418626,0,1
0.25364001200797237,1,1
0.4072305502979636,0,1
0.25364001200797237,1,1
0.4072305502979636,0,1
0.2585302214371169,1,1
0.3097867241470944,0,1
0.5250348630285839,1,1
0.34437458070989535,0,1
0.34437458070989535,0,1
0.5250348630285839,1,1
0.2585302214371169,0,1
0.43439818465113644,1,1
0.31998885161058177,1,1
0.46108356481563584,0,1
0.46108356481563584,1,1
0.31998885161058177,0,1
0.31998885161058177,1,1
0.46108356481563584,0,1
0.3457482261767131,0,1
0.43439818465113644,1,1
0.2580049590544784,0,1
0.38808587899423574,1,1
0.38808587899423574,0,1
0.2580049590544784,1,1
0.2580049590544784,1,1
0.38808587899423574,1,1
0.3457482261767131,0,1
0.41438787051948234,1,1
0.36548228042627406,0,1
0.36548228042627406,1,1
0.3725947151626098,0,1
0.41438787051948234,0,1
0.36548228042627406,0,1
0.41438787051948234,1,1
0.34425437697472017,0,1
0.36656368132465056,1,1
0.34425437697472017,0,1
0.3725947151626098,1,1
0.34425437697472017,1,1
0.36656368132465056,1,1
0.2887794872440653,0,1
0.2887794872440653,1,1
0.3725947151626098,0,1
0.16942524322630903,0,1
0.3702859984680268,0,1
0.4859641372111142,0,1
0.6038539975387489,0,1
0.4859641372111142,1,1
0.6038539975387489,0,1
0.3702859984680268,1,1
0.6038539975387489,0,1
0.4859641372111142,0,1
0.4859641372111142,1,1
0.16942524322630903,0,1
0.6038539975387489,1,1
0.16942524322630903,1,1
0.3702859984680268,0,1
0.31998885161058177,1,1
0.31998885161058177,0,1
0.3434087164599,0,1
0.31998885161058177,1,1
0.46108356481563584,1,1
0.3434087164599,1,1
0.31998885161058177,0,1
0.16942524322630903,1,1
0.3702859984680268,0,1
0.3434087164599,1,1
0.3136467400270927,0,1
0.32611842922666623,1,1
0.28269530578997504,1,1
0.32611842922666623,1,1
0.28255668482509466,0,1
0.28269530578997504,0,1
0.3749327915298455,0,1
0.32611842922666623,1,1
0.3136467400270927,0,1
0.3749327915298455,1,1
0.21510430277066983,1,1
0.32611842922666623,0,1
0.28255668482509466,0,1
0.1801058981625726,1,1
0.2152197588527185,0,1
0.3749327915298455,1,1
0.32611842922666623,0,1
0.4834942907841199,1,1
0.3719724005431275,0,1
0.5971650568712128,0,1
0.4167895635736103,0,1
0.5971650568712128,0,1
0.4167895635736103,0,1
0.5971650568712128,0,1
0.4167895635736103,1,1
0.5971650568712128,0,1
0.4834942907841199,0,1
0.3719724005431275,1,1
0.4834942907841199,0,1
0.3719724005431275,0,1
0.3719724005431275,0,1
0.4834942907841199,0,1
0.4834942907841199,1,1
0.3719724005431275,0,1
0.4167895635736103,0,1
0.33251996464947065,0,1
0.3068346747310834,0,1
0.35733357670210897,1,1
0.3068346747310834,1,1
0.2891585611698009,0,1
0.3068346747310834,0,1
0.2891585611698009,0,1
0.33251996464947065,0,1
0.2891585611698009,1,1
0.37521802262405923,1,1
0.33251996464947065,1,1
0.3102207598270468,0,1
0.3102207598270468,1,1
0.3724319481876216,0,1
0.3068346747310834,1,1
0.3724319481876216,0,1
0.33251996464947065,1,1
0.3702859984680268,1,1
0.33251996464947065,0,1
0.38148539069953646,0,1
0.208140248054822,0,1
0.38148539069953646,1,1
0.38148539069953646,0,1
0.208140248054822,0,1
0.208140248054822,0,1
0.208140248054822,0,1
0.16942524322630903,0,1
0.3702859984680268,0,1
0.3702859984680268,1,1
0.16942524322630903,0,1
0.16942524322630903,0,1
0.3702859984680268,1,1
0.38148539069953646,0,1
0.3750930379906633,1,1
0.3136467400270927,1,1
0.3204052332925107,1,1
0.3750930379906633,1,1
0.3068346747310834,1,1
0.354604927724832,1,1
0.2867182491081768,0,1
0.3068346747310834,1,1
0.2867182491081768,0,1
0.3136467400270927,1,1
0.3068346747310834,1,1
0.3750930379906633,0,1
0.3750930379906633,1,1
0.3750930379906633,0,1
0.3136467400270927,0,1
0.38808587899423574,1,1
0.2580049590544784,0,1
0.38808587899423574,0,1
0.2580049590544784,0,1
0.2580049590544784,0,1
0.2580049590544784,0,1
0.38808587899423574,0,1
0.2580049590544784,1,1
0.38808587899423574,1,1
0.3136467400270927,0,1
0.38808587899423574,1,1
0.2846396205650501,1,1
0.2846396205650501,0,1
0.3068346747310834,0,1
0.16731239568743406,0,1
0.2846396205650501,0,1
0.16731239568743406,1,1
0.2846396205650501,0,1
0.3068346747310834,0,1
0.33251996464947065,0,1
0.3068346747310834,1,1
0.3056592162066055,0,1
0.33251996464947065,1,1
0.3702137011778822,0,1
0.3702137011778822,0,1
0.33251996464947065,0,1
0.3522772083942235,0,1
0.32611842922666623,0,1
0.32611842922666623,1,1
0.28705582635207616,0,1
0.32611842922666623,1,1
0.28705582635207616,1,1
0.32611842922666623,1,1
0.28705582635207616,0,1
0.32611842922666623,1,1
0.21885704007900308,0,1
0.2947390293775849,0,1
0.2910601596796938,0,1
0.2947390293775849,0,1
0.2910601596796938,1,1
0.2947390293775849,0,1
0.35410379039530415,1,1
0.3635568400954351,1,1
0.2910601596796938,1,1
0.28875019007136093,0,1
0.26876850388321694,0,1
0.28875019007136093,1,1
0.28875019007136093,1,1
0.26876850388321694,0,1
0.26876850388321694,1,1
0.28875019007136093,0,1
0.3568772619902689,0,1
0.26876850388321694,0,1
0.2036732320821375,1,1
0.2891585611698009,0,1
0.3068346747310834,1,1
0.35733357670210897,1,1
0.3068346747310834,0,1
0.2891585611698009,1,1
0.3068346747310834,0,1
0.2891585611698009,0,1
0.3068346747310834,0,1
0.2891585611698009,0,1
0.3068346747310834,1,1
0.3930745746469171,0,1
0.2893466871649246,0,1
0.42890024885726075,1,1
0.2893466871649246,0,1
0.2893466871649246,1,1
0.42890024885726075,1,1
0.3127345419279559,1,1
0.3127345419279559,0,1
0.42890024885726075,0,1
0.3930745746469171,0,1
0.3930745746469171,1,1
0.3653287003807536,0,1
0.3067508877840316,0,1
0.3067508877840316,0,1
0.3067508877840316,1,1
0.3653287003807536,1,1
0.3127345419279559,0,1
0.3653287003807536,0,1
0.2639273589033516,0,1
0.3516735940687188,0,1
0.2639273589033516,0,1
0.3516735940687188,0,1
0.3516735940687188,0,1
0.2639273589033516,0,1
0.16629491223593063,0,1
0.3069844569027135,1,1
0.3069844569027135,0,1
0.4167895635736103,1,1
0.4167895635736103,1,1
0.555447345308872,0,1
0.4167895635736103,1,1
0.16629491223593063,0,1
0.4167895635736103,0,1
0.555447345308872,1,1
0.555447345308872,0,1
0.555447345308872,1,1
0.31336514491163003,1,1
0.39338175670535147,1,1
0.3275065237084507,0,1
0.39338175670535147,0,1
0.3275065237084507,0,1
0.39338175670535147,1,1
0.22390110466063418,0,1
0.3275065237084507,0,1
0.31336514491163003,1,1
0.22390110466063418,0,1
0.31336514491163003,1,1
0.5669489547004578,1,1
0.36103439495693734,0,1
0.36103439495693734,1,1
0.5669489547004578,1,1
0.22390110466063418,1,1
0.16289835378820305,0,1
0.38408152771048043,0,1
0.4337549601380465,1,1
0.38408152771048043,0,1
0.38408152771048043,0,1
0.4337549601380465,0,1
0.4435571390789469,1,1
0.4435571390789469,0,1
0.4337549601380465,0,1
0.4435571390789469,0,1
0.16289835378820305,0,1
0.4211379389400959,0,1
0.36675223744072005,0,1
0.36675223744072005,0,1
0.4211379389400959,0,1
0.4211379389400959,1,1
0.36675223744072005,1,1
0.16289835378820305,0,1
0.2036732320821375,1,1
0.26876850388321694,0,1
0.28875019007136093,1,1
0.28875019007136093,1,1
0.26876850388321694,0,1
0.32655538472524326,1,1
0.33036432726320253,0,1
0.3331902914553556,0,1
0.3331902914553556,0,1
0.33036432726320253,1,1
0.33849724879085996,0,1
0.327973861617082,1,1
0.327973861617082,1,1
0.2723927791058789,0,1
0.33036432726320253,0,1
0.3568772619902689,1,1
0.3877860250444328,0,1
0.3877860250444328,1,1
0.208140248054822,0,1
0.37414939079368037,1,1
0.208140248054822,0,1
0.4051567402610754,0,1
0.37414939079368037,0,1
0.208140248054822,1,1
0.37414939079368037,0,1
0.3096908808929938,0,1
0.3096908808929938,1,1
0.28870653372087496,1,1
0.28870653372087496,1,1
0.3096908808929938,0,1
0.4051567402610754,0,1
0.28870653372087496,1,1
0.32611842922666623,0,1
0.28705582635207616,0,1
0.3068346747310834,0,1
0.36130891116265873,0,1
0.2927209052672144,0,1
0.3132552778511821,0,1
0.38012350597072964,1,1
0.30856251094742737,1,1
0.34837039067052933,0,1
0.38012350597072964,0,1
0.30856251094742737,0,1
0.31613519269496115,0,1
0.21885704007900308,0,1
0.2927209052672144,1,1
0.32611842922666623,1,1
0.3132552778511821,1,1
0.3516233079036518,0,1
0.39974598577584464,0,1
0.37576628396876377,0,1
0.37576628396876377,0,1
0.48073617537049584,1,1
0.41438787051948234,0,1
0.36548228042627406,0,1
0.36548228042627406,0,1
0.39974598577584464,1,1
0.41438787051948234,1,1
0.36548228042627406,1,1
0.48073617537049584,1,1
0.35936141074005623,0,1
0.48073617537049584,1,1
0.3516233079036518,1,1
0.41438787051948234,1,1
0.4434528405921091,1,1
0.25364001200797237,0,1
0.25364001200797237,0,1
0.4434528405921091,1,1
0.3567494470919247,1,1
0.5436296298291959,1,1
0.3567494470919247,0,1
0.5436296298291959,0,1
0.5436296298291959,0,1
0.3936665168708118,0,1
0.2745733776304229,0,1
0.2745733776304229,0,1
0.3936665168708118,0,1
0.3936665168708118,0,1
0.2745733776304229,1,1
0.3567494470919247,0,1
0.37282340546477255,0,1
0.37282340546477255,0,1
0.3392150165635951,1,1
0.32999399443061417,1,1
0.32655538472524326,0,1
0.32655538472524326,0,1
0.3635568400954351,0,1
0.35410379039530415,1,1
0.35410379039530415,0,1
0.2910601596796938,0,1
0.2947390293775849,0,1
0.33251996464947065,1,1
0.32999399443061417,0,1
0.23351372182707442,0,1
0.2947390293775849,1,1
0.40787743592367,1,1
0.40787743592367,0,1
0.276122744298284,0,1
0.14284216755520518,1,1
0.14284216755520518,0,1
0.14284216755520518,1,1
0.276122744298284,0,1
0.276122744298284,1,1
0.49542387345464545,1,1
0.43285051464081414,0,1
0.49542387345464545,1,1
0.40787743592367,1,1
0.23351372182707442,0,1
0.23351372182707442,1,1
0.43285051464081414,0,1
0.37521802262405923,0,1
0.32999399443061417,1,1
0.3243101237984698,1,1
0.3366638398223921,0,1
0.3322850990284789,0,1
0.3243101237984698,1,1
0.33251996464947065,0,1
0.3243101237984698,0,1
0.33251996464947065,1,1
0.3068346747310834,0,1
0.3563978504420865,1,1
0.3068346747310834,1,1
0.2883212680013767,0,1
0.3068346747310834,0,1
0.2883212680013767,1,1
0.37521802262405923,0,1
0.28088689866934446,0,1
0.3719724005431275,1,1
0.38553870404324797,0,1
0.38553870404324797,0,1
0.4834942907841199,0,1
0.4834942907841199,1,1
0.3719724005431275,1,1
0.3719724005431275,0,1
0.3548214932422935,1,1
0.36030094478301167,0,1
0.4834942907841199,0,1
0.36030094478301167,1,1
0.3548214932422935,0,1
0.36030094478301167,0,1
0.38553870404324797,1,1
0.28088689866934446,1,1
0.3449186484419573,0,1
0.3548214932422935,1,1
0.16942524322630903,0,1
0.3630389545977436,0,1
0.16942524322630903,1,1
0.3630389545977436,0,1
0.16942524322630903,1,1
0.3630389545977436,0,1
0.2585302214371169,0,1
0.2841262461712377,0,1
0.35624605186670777,0,1
0.2841262461712377,1,1
0.2585302214371169,0,1
0.4479711815673275,0,1
0.33196223497218713,1,1
0.33196223497218713,0,1
0.4479711815673275,0,1
0.2585302214371169,1,1
0.2773769081424412,0,1
0.37965528097374945,0,1
0.33251996464947065,1,1
0.3788807619470912,1,1
0.3788807619470912,0,1
0.33251996464947065,0,1
0.33251996464947065,0,1
0.3093490197851779,0,1
0.28496722829166643,0,1
0.21711354044605136,1,1
0.32611842922666623,0,1
0.28496722829166643,1,1
0.33274884457431275,1,1
0.33274884457431275,0,1
0.28496722829166643,1,1
0.448330655752602,1,2
0.18899580298622698,0,2
0.41334038078336055,1,2
0.5465499275030976,1,2
0.6202588232847965,0,2
0.2687214787844474,0,2
0.6694591398611106,0,2
0.2687214787844474,0,2
0.6694591398611106,0,2
0.2687214787844474,0,2
0.41334038078336055,1,2
0.6694591398611106,1,2
0.42583769978070385,0,2
0.30441837555192963,1,2
0.3596747113607055,0,2
0.30441837555192963,0,2
0.3596747113607055,0,2
0.4101094016845913,0,2
0.42583769978070385,0,2
0.2415214063236042,0,2
0.4732380780299297,0,2
0.44509424868269587,1,2
0.2415214063236042,0,2
0.5208364809786636,1,2
0.42581477259670963,0,2
0.22711669007184376,0,2
0.5628587632201151,1,2
0.5526174040759402,1,2
0.2060484253649283,0,2
0.27890136902463714,0,2
0.48721927071219084,0,2
0.5628587632201151,1,2
0.22807472856359046,1,2
0.2951466144550756,0,2
0.5526174040759402,1,2
0.5196085067123214,0,2
0.19909139007604526,0,2
0.5196085067123214,1,2
0.335175932036368,0,2
0.5953511063499107,0,2
0.335175932036368,1,2
0.5953511063499107,1,2
0.5953511063499107,0,2
0.335175932036368,0,2
0.335175932036368,0,2
0.5953511063499107,0,2
0.2951466144550756,0,2
0.2927128327446892,0,2
0.2927128327446892,1,2
0.42924053986491784,1,2
0.6461125507371349,1,2
0.2927128327446892,1,2
0.2951466144550756,1,2
0.5196085067123214,1,2
0.42924053986491784,0,2
0.505162824491459,0,2
0.4221309524189085,0,2
0.4221309524189085,1,2
0.505162824491459,1,2
0.505162824491459,1,2
0.1582004199324465,0,2
0.304742353436399,0,2
0.1582004199324465,0,2
0.4221309524189085,0,2
0.304742353436399,0,2
0.1582004199324465,0,2
0.304742353436399,1,2
0.1582004199324465,0,2
0.2832262023545863,0,2
0.5322756925322729,1,2
0.5322756925322729,1,2
0.27793233977998477,0,2
0.304742353436399,0,2
0.4008663613469937,0,2
0.4929339817288675,0,2
0.4008663613469937,1,2
0.24576999665846844,0,2
0.379612363470581,0,2
0.29950628571810456,1,2
0.30420380206721187,0,2
0.4533145296195835,1,2
0.38902064937958236,0,2
0.4640084101410944,1,2
0.41310860845351094,0,2
0.5252090340809077,1,2
0.3170905633016958,0,2
0.38902064937958236,0,2
0.5252090340809077,0,2
0.4097302878869725,0,2
0.4097302878869725,1,2
0.30420380206721187,0,2
0.3081509041152879,0,2
0.3128247898424461,0,2
0.30767282278524233,0,2
0.22216744787227782,0,2
0.4901445668778732,0,2
0.3128247898424461,0,2
0.22216744787227782,0,2
0.4901445668778732,1,2
0.22216744787227782,1,2
0.4097302878869725,0,2
0.30420380206721187,1,2
0.4901445668778732,0,2
0.5252090340809077,0,2
0.5252090340809077,0,2
0.5252090340809077,1,2
0.3170905633016958,0,2
0.3170905633016958,1,2
0.5252090340809077,1,2
0.3170905633016958,1,2
0.4008663613469937,0,2
0.379612363470581,0,2
0.37022582595534126,1,2
0.4640084101410944,0,2
0.4929339817288675,1,2
0.41310860845351094,0,2
0.4008663613469937,0,2
0.24576999665846844,0,2
0.29950628571810456,1,2
0.4386447635105466,1,2
0.55196485758509,1,2
0.3190766044343487,0,2
0.4264891756663145,0,2
0.3648753441774274,0,2
0.3648753441774274,0,2
0.4400069104240907,0,2
0.4400069104240907,0,2
0.3648753441774274,0,2
0.3190766044343487,0,2
0.39945270331703786,0,2
0.55196485758509,1,2
0.39945270331703786,1,2
0.39945270331703786,0,2
0.4386447635105466,0,2
0.3190766044343487,1,2
0.4386447635105466,1,2
0.55196485758509,1,2
0.42587606879460294,0,2
0.4311539378725764,0,2
0.24837056344737174,0,2
0.4311539378725764,0,2
0.2920598471296638,0,2
0.42587606879460294,0,2
0.5879710269847214,1,2
0.30680334945696086,0,2
0.2920598471296638,0,2
0.30680334945696086,0,2
0.30680334945696086,0,2
0.24837056344737174,0,2
0.24837056344737174,0,2
0.5879710269847214,1,2
0.5526174040759402,1,2
0.19909139007604526,0,2
0.44509424868269587,0,2
0.5208364809786636,0,2
0.2415214063236042,0,2
0.5352196304913361,0,2
0.5208364809786636,1,2
0.4732380780299297,1,2
0.448330655752602,1,2
0.3830282444210008,1,2
0.27849824184494887,0,2
0.3154824481206231,1,2
0.42581477259670963,0,2
0.2415214063236042,0,2
0.482283074091978,0,2
0.374996917828309,0,2
0.37187031451303276,1,2
0.5089929595854471,1,2
0.5089929595854471,1,2
0.37187031451303276,0,2
0.5089929595854471,0,2
0.37187031451303276,1,2
0.37197022575793715,0,2
0.37197022575793715,0,2
0.3084659331063567,1,2
0.374996917828309,0,2
0.482283074091978,1,2
0.3084659331063567,1,2
0.451156027193904,0,2
0.22807472856359046,0,2
0.253545583800144,1,2
0.37416197327349854,1,2
0.253545583800144,0,2
0.3403972717948949,0,2
0.188161903992774,0,2
0.4101094016845913,1,2
0.5465499275030976,1,2
0.6202588232847965,1,2
0.18899580298622698,0,2
0.6202588232847965,1,2
0.5628587632201151,1,2
0.451156027193904,0,2
0.48721927071219084,1,2
0.5842537556839478,1,2
0.3373265123606983,0,2
0.24909099187369688,1,2
0.3602523150451552,0,2
0.3602523150451552,0,2
0.24909099187369688,0,2
0.4041884631199556,0,2
0.4041884631199556,0,2
0.23834857165299084,1,2
0.23834857165299084,1,2
0.4041884631199556,0,2
0.3373265123606983,0,2
0.5578338102797386,1,2
0.23834857165299084,0,2
0.27890136902463714,0,2
0.35630418746226744,0,2
0.4329987386481151,1,2
0.31855453203757356,0,2
0.25116388554045366,0,2
0.4329987386481151,1,2
0.4888154737549678,1,2
0.3437793051738075,0,2
0.49209538231353667,0,2
0.33860162487110634,1,2
0.49209538231353667,0,2
0.33860162487110634,1,2
0.4888154737549678,1,2
0.29206990451963843,0,2
0.4933446958007047,0,2
0.23964097205239765,0,2
0.43882705484967477,0,2
0.24068677401521865,0,2
0.2483031187241136,0,2
0.43882705484967477,0,2
0.4509263550925886,0,2
0.43882705484967477,1,2
0.4198870041795463,0,2
0.5303310386839107,0,2
0.5303310386839107,0,2
0.33265278194090564,1,2
0.4933446958007047,0,2
0.2483031187241136,1,2
0.41458945166547556,1,2
0.32316098389906167,1,2
0.2048094536502797,0,2
0.29206990451963843,0,2
0.4215482375416505,1,2
0.41912422267036786,0,2
0.41912422267036786,0,2
0.36306834817864553,0,2
0.2932321465628138,0,2
0.3047707397341386,1,2
0.4215482375416505,1,2
0.36306834817864553,1,2
0.3047707397341386,0,2
0.30962925480229253,0,2
0.20795716583952184,1,2
0.2048094536502797,0,2
0.3066652200290648,1,2
0.3066652200290648,0,2
0.36306834817864553,1,2
0.38054533648090305,0,2
0.3849473709525326,0,2
0.37950847373094687,1,2
0.3780172775792613,0,2
0.29855014641894295,0,2
0.38054533648090305,0,2
0.37881650726095206,0,2
0.37881650726095206,0,2
0.34530732349982063,0,2
0.37881650726095206,1,2
0.38054533648090305,0,2
0.34530732349982063,1,2
0.34433347086530075,0,2
0.34530732349982063,0,2
0.2863171767536027,1,2
0.37950847373094687,0,2
0.2863171767536027,1,2
0.38054533648090305,0,2
0.48686411642175753,1,2
0.35874351613941946,1,2
0.35874351613941946,1,2
0.43491612386984435,0,2
0.3754592426852621,1,2
0.4558962398164784,0,2
0.43491612386984435,0,2
0.37950847373094687,1,2
0.43491612386984435,0,2
0.2944057991549903,1,2
0.43080618607271526,0,2
0.4558962398164784,1,2
0.4261000111569908,1,2
0.2944057991549903,0,2
0.4261000111569908,1,2
0.2765750456176008,0,2
0.35874351613941946,0,2
0.2765750456176008,1,2
0.2765750456176008,0,2
0.2944057991549903,0,2
0.4221309524189085,0,2
0.505162824491459,1,2
0.505162824491459,1,2
0.4221309524189085,0,2
0.2833744723453273,0,2
0.1582004199324465,1,2
0.1582004199324465,0,2
0.2833744723453273,0,2
0.1582004199324465,0,2
0.48573301324598916,0,2
0.2832262023545863,1,2
0.2832262023545863,0,2
0.48573301324598916,0,2
0.2833744723453273,0,2
0.5988963053013356,0,2
0.3080400820008534,0,2
0.3080400820008534,0,2
0.4882085904061967,0,2
0.27798490478770177,0,2
0.2345956517255896,0,2
0.4882085904061967,0,2
0.4882085904061967,0,2
0.3092029124010818,0,2
0.5718023029879336,1,2
0.5877561461061185,1,2
0.4846676849607138,1,2
0.30920748742796966,0,2
0.30920748742796966,0,2
0.4846676849607138,1,2
0.2345956517255896,0,2
0.5988963053013356,1,2
0.5988963053013356,0,2
0.5242215354320061,0,2
0.40424634148750627,1,2
0.30767282278524233,0,2
0.29112749143804995,1,2
0.30767282278524233,0,2
0.36402829782828194,0,2
0.30767282278524233,0,2
0.22216744787227782,0,2
0.4901445668778732,1,2
0.29112749143804995,0,2
0.4901445668778732,1,2
0.4097302878869725,0,2
0.30420380206721187,0,2
0.3001513425121778,1,2
0.4097302878869725,0,2
0.4097302878869725,0,2
0.30420380206721187,1,2
0.22216744787227782,0,2
0.4262430192545309,0,2
0.3654469570889234,0,2
0.3641841192573827,1,2
0.4464117622040068,1,2
0.4262430192545309,1,2
0.5291724658055859,1,2
0.42574742794355547,1,2
0.4464117622040068,1,2
0.3620464470575052,1,2
0.4090063365731128,1,2
0.5475310828984,1,2
0.19468120249092935,0,2
0.5475310828984,1,2
0.19468120249092935,0,2
0.5475310828984,0,2
0.42574742794355547,1,2
0.3654469570889234,1,2
0.55196485758509,1,2
0.3648753441774274,0,2
0.39945270331703786,0,2
0.55196485758509,0,2
0.39945270331703786,1,2
0.55196485758509,1,2
0.39945270331703786,1,2
0.390491897762709,0,2
0.4386447635105466,0,2
0.3634732084473672,1,2
0.4386447635105466,1,2
0.4386447635105466,1,2
0.390491897762709,0,2
0.4264891756663145,1,2
0.3648753441774274,0,2
0.4264891756663145,1,2
0.390491897762709,1,2
0.2455518295383966,0,2
0.3666219101632954,0,2
0.2455518295383966,0,2
0.3666219101632954,0,2
0.27702743571482524,0,2
0.2830387222960201,0,2
0.2830387222960201,1,2
0.27702743571482524,0,2
0.27702743571482524,1,2
0.36839497586494363,1,2
0.37530973455099903,0,2
0.36839497586494363,0,2
0.37530973455099903,1,2
0.36839497586494363,1,2
0.36839497586494363,0,2
0.37530973455099903,1,2
0.37530973455099903,0,2
0.2830387222960201,1,2
0.6172515940930505,1,2
0.26505866271205614,0,2
0.30441837555192963,0,2
0.26505866271205614,1,2
0.3363183001389477,0,2
0.3363183001389477,0,2
0.30441837555192963,0,2
0.6172515940930505,1,2
0.30441837555192963,1,2
0.26505866271205614,0,2
0.6172515940930505,1,2
0.495454769212773,1,2
0.4252892708332635,0,2
0.4252892708332635,1,2
0.3363183001389477,0,2
0.495454769212773,0,2
0.4252892708332635,0,2
0.495454769212773,1,2
0.42924053986491784,0,2
0.2927128327446892,0,2
0.2927128327446892,1,2
0.42924053986491784,0,2
0.42924053986491784,1,2
0.3685380877092975,1,2
0.4926478393223881,0,2
0.2927128327446892,0,2
0.3685380877092975,1,2
0.5661537786319135,1,2
0.335175932036368,0,2
0.335175932036368,0,2
0.5661537786319135,1,2
0.5661537786319135,0,2
0.335175932036368,0,2
0.4926478393223881,0,2
0.3593452697105839,0,2
0.4060696384252851,0,2
0.4060696384252851,0,2
0.35138459877490913,0,2
0.4060696384252851,0,2
0.5818651857655561,0,2
0.3593452697105839,1,2
0.3593452697105839,1,2
0.4031343064604975,1,2
0.28965835957390407,0,2
0.5818651857655561,1,2
0.5818651857655561,0,2
0.4031343064604975,1,2
0.28965835957390407,0,2
0.35138459877490913,1,2
0.28965835957390407,1,2
0.35138459877490913,1,2
0.4031343064604975,1,2
0.28522611295605615,0,2
0.4958840529423132,1,2
0.4958840529423132,1,2
0.2813242483729388,0,2
0.2519703078629071,0,2
0.2849622858902183,1,2
0.2519703078629071,0,2
0.2849622858902183,0,2
0.2849622858902183,0,2
0.4946034180365041,1,2
0.43854218693647606,0,2
0.4946034180365041,0,2
0.2519703078629071,1,2
0.4946034180365041,1,2
0.5212150845031185,0,2
0.5212150845031185,1,2
0.43487514539938754,1,2
0.36636364157950196,0,2
0.36636364157950196,0,2
0.43487514539938754,1,2
0.19178721719998926,0,2
0.19178721719998926,0,2
0.3988021864051674,0,2
0.3296508631232147,0,2
0.47940148752381817,0,2
0.3296508631232147,1,2
0.46567992162711447,1,2
0.3296508631232147,0,2
0.47940148752381817,0,2
0.3988021864051674,0,2
0.40478467292101306,0,2
0.40478467292101306,1,2
0.3506280597653394,0,2
0.40478467292101306,0,2
0.40478467292101306,0,2
0.33703570469047894,0,2
0.34672626353233493,0,2
0.3506280597653394,1,2
0.3411512124398849,1,2
0.4929695276363625,1,2
0.3411512124398849,0,2
0.3411512124398849,1,2
0.4929695276363625,1,2
0.4929695276363625,1,2
0.43976332405465934,0,2
0.3309326545292228,0,2
0.4929695276363625,0,2
0.29206990451963843,1,2
0.23964097205239765,1,2
0.4855315748417728,0,2
0.23964097205239765,0,2
0.4933446958007047,0,2
0.4933446958007047,1,2
0.29206990451963843,1,2
0.3170905633016958,0,2
0.5252090340809077,0,2
0.5252090340809077,1,2
0.3170905633016958,0,2
0.41310860845351094,0,2
0.5252090340809077,1,2
0.41458945166547556,1,2
0.451156027193904,1,2
0.253545583800144,1,2
0.451156027193904,0,2
0.451156027193904,0,2
0.253545583800144,0,2
0.253545583800144,1,2
0.37416197327349854,0,2
0.4846676849607138,1,2
0.3307940309575391,1,2
0.30920748742796966,1,2
0.4846676849607138,1,2
0.4846676849607138,1,2
0.30920748742796966,0,2
0.30920748742796966,0,2
0.4846676849607138,0,2
0.5877561461061185,0,2
0.5718023029879336,0,2
0.30920748742796966,1,2
0.4732380780299297,1,2
0.5526174040759402,0,2
0.19909139007604526,0,2
0.19909139007604526,0,2
0.19909139007604526,0,2
0.5526174040759402,1,2
0.5526174040759402,0,2
0.42581477259670963,0,2
0.47092282916477113,1,2
0.3849473709525326,0,2
0.47092282916477113,1,2
0.37950847373094687,0,2
0.3849473709525326,0,2
0.48686411642175753,0,2
0.37950847373094687,0,2
0.3849473709525326,0,2
0.3084659331063567,0,2
0.55196485758509,1,2
0.3084659331063567,0,2
0.39945270331703786,0,2
0.37197022575793715,0,2
0.37197022575793715,0,2
0.39945270331703786,0,2
0.37197022575793715,0,2
0.3084659331063567,0,2
0.3084659331063567,1,2
0.37197022575793715,0,2
0.37197022575793715,1,2
0.3084659331063567,0,2
0.55196485758509,0,2
0.55196485758509,1,2
0.55196485758509,0,2
0.39945270331703786,0,2
0.4252892708332635,1,2
0.4252892708332635,1,2
0.41334038078336055,1,2
0.41334038078336055,0,2
0.495454769212773,0,2
0.4252892708332635,1,2
0.41334038078336055,1,2
0.4252892708332635,1,2
0.41334038078336055,0,2
0.39945270331703786,1,2
0.4252892708332635,0,2
0.49209538231353667,0,2
0.49209538231353667,0,2
0.33860162487110634,0,2
0.33860162487110634,0,2
0.33860162487110634,1,2
0.49209538231353667,0,2
0.49209538231353667,0,2
0.33860162487110634,1,2
0.33860162487110634,1,2
0.49209538231353667,0,2
0.5212150845031185,0,2
0.43854218693647606,1,2
0.43854218693647606,1,2
0.4946034180365041,0,2
0.4946034180365041,1,2
0.4946034180365041,0,2
0.5212150845031185,0,2
0.5212150845031185,0,2
0.43854218693647606,1,2
0.4946034180365041,1,2
0.4946034180365041,1,2
0.4946034180365041,1,2
0.4031343064604975,0,2
0.4031343064604975,1,2
0.5818651857655561,0,2
0.4031343064604975,1,2
0.4031343064604975,1,2
0.49961073411722956,1,2
0.5818651857655561,1,2
0.5818651857655561,1,2
0.5818651857655561,1,2
0.4386447635105466,1,2
0.390491897762709,0,2
0.390491897762709,1,2
0.4386447635105466,1,2
0.4386447635105466,0,2
0.4031343064604975,1,2
0.390491897762709,0,2
0.33860162487110634,0,2
0.49209538231353667,0,2
0.49209538231353667,1,2
0.33860162487110634,1,2
0.33860162487110634,0,2
0.33860162487110634,1,2
0.49209538231353667,1,2
0.49209538231353667,0,2
0.3616664351844612,0,2
0.24052768671759306,0,2
0.24052768671759306,0,2
0.31185232464990675,1,2
0.3645143201592289,0,2
0.3701161194262348,0,2
0.3645143201592289,0,2
0.31185232464990675,0,2
0.24879264896296927,0,2
0.36462013468325516,0,2
0.3616664351844612,1,2
0.36889059617688547,1,2
0.36931303519844827,0,2
0.36931303519844827,0,2
0.36931303519844827,0,2
0.36931303519844827,0,2
0.36931303519844827,0,2
0.36931303519844827,0,2
0.36931303519844827,0,2
0.24879264896296927,0,2
0.3360726914389701,1,2
0.4757080567197032,0,2
0.37139507711447795,1,2
0.36931303519844827,0,2
0.36931303519844827,0,2
0.36931303519844827,0,2
0.33485779406544103,0,2
0.34108198650347954,1,2
0.4757080567197032,0,2
0.37494938142718703,0,2
0.3659949222607777,0,2
0.3659949222607777,0,2
0.36993976328100886,0,2
0.383557104935078,0,2
0.383557104935078,0,2
0.37494938142718703,0,2
0.37494938142718703,0,2
0.383557104935078,0,2
0.36931303519844827,1,2
0.36993976328100886,0,2
0.36931303519844827,0,2
0.36931303519844827,0,2
0.36931303519844827,0,2
0.3506280597653394,1,2
0.3506280597653394,0,2
0.4068597388052796,0,2
0.4068597388052796,0,2
0.3506280597653394,0,2
0.3593299651927657,1,2
0.36931303519844827,0,2
0.3593299651927657,0,2
0.36931303519844827,0,2
0.33284083525932506,0,2
0.3593299651927657,0,2
0.39588559654792377,1,2
0.3560282973220211,0,2
0.39588559654792377,0,2
0.3560282973220211,0,2
0.3560282973220211,1,2
0.39588559654792377,1,2
0.36931303519844827,1,2
0.36931303519844827,0,2
0.36993976328100886,0,2
0.36993976328100886,0,2
0.3529851596690239,0,2
0.23455589554654754,0,2
0.2040176384349115,0,2
0.3616664351844612,0,2
0.3529851596690239,0,2
0.36993976328100886,0,2
0.3560282973220211,1,2
0.38485657045265476,0,2
0.39984293792565784,0,2
0.3560282973220211,0,2
0.37494938142718703,0,2
0.38485657045265476,0,2
0.37494938142718703,0,2
0.38485657045265476,0,2
0.37494938142718703,1,2
0.2040176384349115,1,2
0.39984293792565784,0,2
0.451156027193904,0,2
0.3529851596690239,0,2
0.253545583800144,0,2
0.3529851596690239,1,2
0.36889059617688547,0,2
0.36889059617688547,0,2
0.3529851596690239,0,2
0.36889059617688547,1,2
0.3529851596690239,1,2
0.253545583800144,0,2
0.42372291033802556,0,2
0.4560586928648116,1,2
0.24527648393411772,0,2
0.2984544079399054,0,2
0.2526557048680228,0,2
0.44637904199138256,0,2
0.36993976328100886,1,2
0.36931303519844827,0,2
0.36931303519844827,0,2
0.37416197327349854,0,2
0.36931303519844827,0,2
0.36993976328100886,0,2
0.36993976328100886,0,2
0.3680180799759887,1,2
0.36931303519844827,0,2
0.36931303519844827,0,2
0.3680180799759887,1,2
0.36931303519844827,0,2
0.3644572619767986,0,2
0.36931303519844827,0,2
0.3644572619767986,0,2
0.36931303519844827,0,2
0.24984655579177262,0,2
0.35462266360733785,1,2
0.35462266360733785,0,2
0.24984655579177262,0,2
0.35462266360733785,0,2
0.2634643283358892,1,2
0.36931303519844827,0,2
0.26046468533855116,1,2
0.36931303519844827,0,2
0.3644572619767986,0,2
0.36931303519844827,0,2
0.36315560433613847,0,2
0.41445029823274426,0,2
0.41445029823274426,0,2
0.270898108923876,0,2
0.36315560433613847,1,2
0.35094777389341014,1,2
0.36931303519844827,1,2
0.3703571868208392,0,2
0.36931303519844827,0,2
0.3672774865926275,0,2
0.3672774865926275,0,2
0.3703571868208392,1,2
0.3672774865926275,0,2
0.3703571868208392,1,2
0.270898108923876,0,2
0.36315560433613847,0,2
0.36526246569025933,0,2
0.36089143652024036,0,2
0.47130106057032517,0,2
0.3360726914389701,1,2
0.36931303519844827,0,2
0.3360726914389701,1,2
0.31071874793602305,0,2
0.4560586928648116,0,2
0.2561534798526599,0,2
0.36089143652024036,0,2
0.2561534798526599,0,2
0.44637904199138256,0,2
0.3436889597656958,0,2
0.3654494278376691,0,2
0.3654494278376691,1,2
0.3436889597656958,0,2
0.36089143652024036,0,2
0.4095718366302533,0,2
0.36526246569025933,0,2
0.4560586928648116,0,2
0.3667629656071343,1,2
0.35094777389341014,1,2
0.40450775940946837,1,2
0.40450775940946837,1,2
0.36737910200929247,0,2
0.36737910200929247,0,2
0.3436889597656958,0,2
0.3436889597656958,0,2
0.34096928527501114,0,2
0.3436889597656958,0,2
0.36599905097163343,0,2
0.25121456170195244,0,2
0.3680180799759887,0,2
0.3703571868208392,0,2
0.3703571868208392,0,2
0.3680180799759887,0,2
0.3680180799759887,1,2
0.3703571868208392,0,2
0.3240061865166185,1,2
0.36737910200929247,0,2
0.3240061865166185,0,2
0.25121456170195244,0,2
0.3601686678906991,1,2
0.3619254416320773,1,2
0.36526246569025933,0,2
0.36526246569025933,0,2
0.365473850046367,0,2
0.36931303519844827,1,2
0.36931303519844827,1,2
0.3531180853790512,0,2
0.3680180799759887,0,2
0.3680180799759887,0,2
0.3566701479025247,0,2
0.3680180799759887,1,2
0.3566701479025247,0,2
0.3489430069619497,1,2
0.2543545571697865,0,2
0.365473850046367,1,2
0.2543545571697865,0,2
0.37139507711447795,0,2
0.37453828881781936,1,2
0.3672774865926275,1,2
0.37139507711447795,1,2
0.37139507711447795,1,2
0.3672774865926275,0,2
0.36526246569025933,0,2
0.3619254416320773,0,2
0.3619254416320773,1,2
0.3489430069619497,0,2
0.4882085904061967,1,2
0.47844677743184627,1,2
0.4882085904061967,1,2
0.2439740568035912,0,2
0.2969807182069303,1,2
0.2439740568035912,1,2
0.5208364809786636,1,2
0.5208364809786636,0,2
0.3154824481206231,1,2
0.5208364809786636,1,2
0.2415214063236042,0,2
0.41445029823274426,1,2
0.2415214063236042,1,2
0.24052448411934746,1,2
0.37139507711447795,0,2
0.4329987386481151,0,2
0.31855453203757356,1,2
0.4329987386481151,0,2
0.3713197003780855,0,2
0.25116388554045366,1,2
0.37139507711447795,0,2
0.37139507711447795,0,2
0.3713197003780855,0,2
0.3713197003780855,0,2
0.37139507711447795,0,2
0.36931303519844827,0,2
0.3713197003780855,0,2
0.33929128876481396,0,2
0.3667629656071343,1,2
0.36407234161283875,1,2
0.29066389815921534,0,2
0.38234360829154534,1,2
0.3767722436658222,1,2
0.3531088161236301,0,2
0.36931303519844827,0,2
0.36931303519844827,0,2
0.36931303519844827,0,2
0.357645933679569,1,2
0.3667463579952893,0,2
0.36407234161283875,1,2
0.3667463579952893,1,2
0.36407234161283875,1,2
0.3667463579952893,0,2
0.36931303519844827,0,2
0.401987392366272,0,2
0.3611732292627333,0,2
0.3560282973220211,0,2
0.401987392366272,1,2
0.3560282973220211,0,2
0.24098457600750867,1,2
0.27702743571482524,1,2
0.24098457600750867,0,2
0.24098457600750867,0,2
0.27702743571482524,0,2
0.41988900399044893,0,2
0.2709618864643999,0,2
0.2709618864643999,0,2
0.3656588704550211,0,2
0.41445029823274426,0,2
0.2709618864643999,1,2
0.27702743571482524,1,2
0.449294667651144,1,2
0.40450775940946837,1,2
0.449294667651144,1,2
0.3656588704550211,0,2
0.4094689047471445,0,2
0.34453211015618634,0,2
0.4094689047471445,0,2
0.4094689047471445,1,2
0.34453211015618634,1,2
0.2670502456656967,0,2
0.38298747277000034,0,2
0.34453211015618634,1,2
0.2670502456656967,0,2
0.2593965313816735,0,2
0.41445029823274426,1,2
0.5183916781912128,1,2
0.34396464684830874,0,2
0.5183916781912128,0,2
0.41445029823274426,1,2
0.34396464684830874,0,2
0.1582004199324465,0,2
0.2833744723453273,0,2
0.3519040711689835,1,2
0.3519040711689835,1,2
0.3519040711689835,0,2
0.449294667651144,1,2
0.2833744723453273,0,2
0.43612350273284806,1,2
0.1582004199324465,0,2
0.449294667651144,1,2
0.2944057991549903,0,2
0.4261000111569908,1,2
0.2944057991549903,0,2
0.5183916781912128,1,2
0.34396464684830874,0,2
0.5183916781912128,1,2
0.34396464684830874,0,2
0.34396464684830874,0,2
0.5183916781912128,0,2
0.4261000111569908,1,2
0.36633020405263805,0,2
0.44126431551109724,1,2
0.4252892708332635,1,2
0.4252892708332635,1,2
0.3667463579952893,0,2
0.44126431551109724,0,2
0.37802533778238256,0,2
0.3667463579952893,0,2
0.3648570366820806,1,2
0.37802533778238256,1,2
0.44126431551109724,0,2
0.3648570366820806,1,2
0.34046051703635016,0,2
0.36633020405263805,0,2
0.3695670313904962,0,2
0.36633020405263805,1,2
0.3629745324621194,0,2
0.36931303519844827,0,2
0.3629745324621194,0,2
0.36931303519844827,0,2
0.3629745324621194,1,2
0.36931303519844827,1,2
0.3629745324621194,0,2
0.36931303519844827,0,2
0.36633020405263805,0,2
0.36191383005544586,0,2
0.43487514539938754,0,2
0.43487514539938754,0,2
0.43487514539938754,0,2
0.36636364157950196,0,2
0.36318895550303076,1,2
0.36191383005544586,0,2
0.36318895550303076,1,2
0.4018413037970914,0,2
0.36931303519844827,0,2
0.4023773621964061,0,2
0.36931303519844827,0,2
0.36931303519844827,0,2
0.36931303519844827,0,2
0.24909099187369688,0,2
0.3492854093610428,0,2
0.3492854093610428,1,2
0.24909099187369688,0,2
0.37802533778238256,1,2
0.36407234161283875,0,2
0.3655565931989815,0,2
0.36407234161283875,1,2
0.36407234161283875,0,2
0.31855453203757356,0,2
0.4329987386481151,0,2
0.4329987386481151,1,2
0.31855453203757356,0,2
0.31855453203757356,0,2
0.4329987386481151,0,2
0.37802533778238256,0,2
0.5578338102797386,0,2
0.3432139437473374,1,2
0.3432139437473374,0,2
0.5578338102797386,1,2
0.45209501187880474,1,2
0.5089929595854471,1,2
0.45209501187880474,1,2
0.5089929595854471,1,2
0.5578338102797386,0,2
0.45209501187880474,1,2
0.3432139437473374,0,2
0.5089929595854471,1,2
0.5578338102797386,1,2
0.3432139437473374,0,2
0.3685380877092975,1,2
0.40699796016246037,1,2
0.40699796016246037,1,2
0.40699796016246037,0,2
0.3685380877092975,0,2
0.38068854478579095,0,2
0.5222162636864436,1,2
0.5222162636864436,1,2
0.38068854478579095,0,2
0.3685380877092975,1,2
0.31610413653004754,1,2
0.36696416877985916,0,2
0.290343706024937,0,2
0.290343706024937,0,2
0.36696416877985916,0,2
0.5105506512486873,1,2
0.5164609055584546,1,2
0.36931303519844827,0,2
0.31610413653004754,1,2
0.37802533778238256,0,2
0.36931303519844827,0,2
0.3685380877092975,1,2
0.4015629908849867,0,2
0.4015629908849867,0,2
0.35620305748669157,1,2
0.3685380877092975,0,2
0.4015629908849867,0,2
0.37802533778238256,1,2
0.31610413653004754,0,2
0.29807353092766686,0,2
0.29807353092766686,0,2
0.31610413653004754,1,2
0.31610413653004754,0,2
0.29807353092766686,1,2
0.31855453203757356,0,2
0.4329987386481151,1,2
0.4329987386481151,1,2
0.3685380877092975,1,2
0.416012864725792,0,2
0.3685380877092975,1,2
0.416012864725792,0,2
0.31855453203757356,0,2
0.5222162636864436,1,2
0.28806068591293876,0,2
0.28806068591293876,1,2
0.2048094536502797,0,2
0.2048094536502797,1,2
0.28806068591293876,0,2
0.37348108519220713,0,2
0.5222162636864436,1,2
0.37348108519220713,0,2
0.20795716583952184,0,2
0.5532177704806158,0,2
0.3426071330918138,1,2
0.32355937836139437,0,2
0.3426071330918138,1,2
0.32355937836139437,1,2
0.22807472856359046,1,2
0.3326236204978127,1,2
0.27890136902463714,0,2
0.4560586928648116,0,2
0.43131145541259464,1,2
0.35462266360733785,1,2
0.3432139437473374,0,2
0.5578338102797386,1,2
0.3432139437473374,1,2
0.5578338102797386,1,2
0.35462266360733785,1,2
0.36931303519844827,0,2
0.36931303519844827,0,2
0.19998988355440173,1,2
0.24048469571343545,0,2
0.24048469571343545,0,2
0.19998988355440173,0,2
0.24048469571343545,0,2
0.4166298333252204,0,2
0.3965906363752094,0,2
0.3965906363752094,0,2
0.4166298333252204,0,2
0.680574125892695,1,2
0.3965906363752094,0,2
0.19998988355440173,0,2
0.33854424149135165,0,2
0.45348756393902057,1,2
0.33854424149135165,0,2
0.33854424149135165,0,2
0.45348756393902057,1,2
0.4016617544927573,0,2
0.3918207181762563,0,2
0.3918207181762563,0,2
0.3391616965427895,0,2
0.427554136465668,1,2
0.3391616965427895,0,2
0.45348756393902057,0,2
0.45921232697106473,0,2
0.3360726914389701,1,2
0.4740200100168711,1,2
0.3590339297355888,1,2
0.4100614427953134,0,2
0.4100614427953134,0,2
0.4100614427953134,1,2
0.3590339297355888,0,2
0.4100614427953134,1,2
0.3360726914389701,1,2
0.3698160914722016,0,2
0.3590339297355888,0,2
0.3666219101632954,1,2
0.19178721719998926,0,2
0.424928499310255,0,2
0.19178721719998926,0,2
0.424928499310255,0,2
0.424928499310255,0,2
0.19178721719998926,0,2
0.3666219101632954,1,2
0.2455518295383966,0,2
0.2455518295383966,0,2
0.6001897168137013,1,2
0.30911979393690936,0,2
0.5182334390080787,1,2
0.5182334390080787,1,2
0.3347498435522015,0,2
0.4428459257287817,1,2
0.5182334390080787,1,2
0.30911979393690936,0,2
0.4428459257287817,1,2
0.3347498435522015,0,2
0.24028196516066902,0,2
0.3006043642985188,1,2
0.6859199926499859,1,2
0.24028196516066902,0,2
0.24028196516066902,1,2
0.6859199926499859,1,2
0.30615765871302525,1,2
0.3006043642985188,0,2
0.30615765871302525,0,2
0.28915790351109394,0,2
0.6859199926499859,1,2
0.30615765871302525,0,2
0.35462266360733785,1,2
0.35462266360733785,1,2
0.3680180799759887,1,2
0.3680180799759887,1,2
0.35462266360733785,0,2
0.4653967752664503,0,2
0.4876516895553914,0,2
0.4876516895553914,1,2
0.4653967752664503,1,2
0.5906473908543808,0,2
0.4653967752664503,0,2
0.3680180799759887,0,2
0.5995735382153073,1,2
0.19596634096300625,0,2
0.36306834817864553,0,2
0.19596634096300625,1,2
0.5995735382153073,1,2
0.36306834817864553,0,2
0.36306834817864553,1,2
0.3047707397341386,0,2
0.3047707397341386,0,2
0.3047707397341386,0,2
0.4210016358667552,1,2
0.5995735382153073,1,2
0.36931303519844827,0,2
0.3698160914722016,1,2
0.43894343302472405,0,2
0.34040346357248097,1,2
0.5593529995453879,1,2
0.34040346357248097,0,2
0.5593529995453879,1,2
0.36931303519844827,0,2
0.367856010667312,1,2
0.36931303519844827,0,2
0.3698160914722016,0,2
0.5593529995453879,1,2
0.23829357208915714,0,2
0.3363183001389477,0,2
0.30441837555192963,0,2
0.3363183001389477,1,2
0.30441837555192963,0,2
0.3363183001389477,0,2
0.30441837555192963,1,2
0.4560586928648116,1,2
0.4560586928648116,1,2
0.309424804941562,1,2
0.24191331379266323,0,2
0.309424804941562,0,2
0.24191331379266323,0,2
0.6080396605250824,0,2
0.2669859265006157,0,2
0.2669859265006157,0,2
0.6080396605250824,1,2
0.290540359228185,0,2
0.36931303519844827,0,2
0.3360726914389701,1,2
0.3218533058592079,0,2
0.2252647057741194,0,2
0.33089313320242364,0,2
0.3218533058592079,1,2
0.29732884140512816,0,2
0.2252647057741194,1,2
0.3360726914389701,1,2
0.2944057991549903,0,2
0.34871699379012877,0,2
0.4293546499327304,1,2
0.34871699379012877,0,2
0.6061022615686676,0,2
0.4526681431345758,1,2
0.2944057991549903,0,2
0.4526681431345758,0,2
0.36931303519844827,0,2
0.5154087972144501,1,2
0.5154087972144501,1,2
0.2134378188953484,0,2
0.3648753441774274,0,2
0.4400069104240907,0,2
0.4400069104240907,1,2
0.4400069104240907,0,2
0.3648753441774274,1,2
0.3648753441774274,0,2
0.4400069104240907,1,2
0.2134378188953484,0,2
0.3648753441774274,1,2
0.2536767601259371,0,2
0.2833166293232311,0,2
0.2536767601259371,0,2
0.4313877309793106,0,2
0.3335356110564598,0,2
0.2833166293232311,0,2
0.3335356110564598,0,2
0.2833166293232311,1,2
0.2833166293232311,0,2
0.2536767601259371,1,2
0.44637904199138256,1,2
0.44637904199138256,0,2
0.3335356110564598,0,2
0.44637904199138256,1,2
0.3345555341033195,0,2
0.36191383005544586,1,2
0.43487514539938754,0,2
0.36191383005544586,1,2
0.43487514539938754,0,2
0.2768338203921561,1,2
0.22183840756855422,0,2
0.22183840756855422,0,2
0.2768338203921561,0,2
0.46727671116466196,1,2
0.36353062718002693,1,2
0.6107321581949016,0,2
0.4031343064604975,1,2
0.6107321581949016,1,2
0.4031343064604975,1,2
0.4031343064604975,1,2
0.6107321581949016,1,2
0.3345555341033195,0,2
0.4386447635105466,1,2
0.390491897762709,0,2
0.4386447635105466,0,2
0.390491897762709,0,2
0.17545672627065212,0,2
0.4263165529214624,0,2
0.4263165529214624,0,2
0.17545672627065212,0,2
0.4263165529214624,0,2
0.17545672627065212,0,2
0.4288044563565565,0,2
0.390491897762709,1,2
0.3858550231771657,0,2
0.4288044563565565,0,2
0.3858550231771657,1,2
0.4288044563565565,0,2
0.45128685644174493,0,2
0.4288044563565565,1,2
0.45309182113860147,1,2
0.27898026923597186,0,2
0.45309182113860147,1,2
0.27898026923597186,0,2
0.3858550231771657,1,2
0.5222162636864436,1,2
0.33860124117548995,1,2
0.6266602895172944,1,2
0.6266602895172944,1,2
0.1582004199324465,0,2
0.2833744723453273,1,2
0.1582004199324465,0,2
0.2833744723453273,1,2
0.1582004199324465,0,2
0.33860124117548995,0,2
0.2833744723453273,0,2
0.505162824491459,1,2
0.4221309524189085,0,2
0.505162824491459,0,2
0.5220693678550075,0,2
0.33860162487110634,1,2
0.4221309524189085,1,2
0.33860162487110634,0,2
0.5220693678550075,1,2
0.5220693678550075,0,2
0.5220693678550075,0,2
0.33860162487110634,1,2
0.4221309524189085,0,2
0.505162824491459,1,2
0.33860162487110634,0,2
0.36402829782828194,1,2
0.30767282278524233,0,2
0.36402829782828194,1,2
0.36402829782828194,1,2
0.30767282278524233,1,2
0.30767282278524233,1,2
0.36402829782828194,0,2
0.30767282278524233,0,2
0.30767282278524233,0,2
0.4400069104240907,0,2
0.3648753441774274,1,2
0.4400069104240907,1,2
0.3648753441774274,0,2
0.4400069104240907,1,2
0.3648753441774274,1,2
0.4400069104240907,1,2
0.3648753441774274,1,2
0.3648753441774274,0,2
0.2849622858902183,0,2
0.2519703078629071,0,2
0.2849622858902183,0,2
0.2519703078629071,1,2
0.2849622858902183,0,2
0.2519703078629071,1,2
0.2849622858902183,1,2
0.2519703078629071,0,2
0.2849622858902183,1,2
0.5089929595854471,1,2
0.45209501187880474,0,2
0.5089929595854471,1,2
0.37187031451303276,1,2
0.37187031451303276,1,2
0.5089929595854471,1,2
0.2519703078629071,0,2
0.49034645550155687,0,2
0.3823299534917718,0,2
0.49034645550155687,0,2
0.3730082876388878,1,2
0.28713213934741455,0,2
0.438477369894401,1,2
0.3529963561761349,0,2
0.3730082876388878,0,2
0.3529963561761349,0,2
0.3823299534917718,0,2
0.2849622858902183,0,2
0.37700638444283774,0,2
0.2609515771615938,0,2
0.2849622858902183,0,2
0.2609515771615938,1,2
0.2849622858902183,0,2
0.2609515771615938,0,2
0.2609515771615938,0,2
0.2849622858902183,0,2
0.49034645550155687,0,2
0.3148510870613195,0,2
0.47084571408912934,1,2
0.5297187867470432,0,2
0.5085329910870515,0,2
0.27893908833835934,1,2
0.3675601118581209,0,2
0.3239416863922756,0,2
0.27893908833835934,0,2
0.3239416863922756,0,2
0.3713197003780855,0,2
0.4068597388052796,0,2
0.4068597388052796,0,2
0.3118808477025651,0,2
0.3675601118581209,0,2
0.47642234287725094,1,2
0.3239416863922756,1,2
0.569788749290878,0,2
0.4953199156312703,0,2
0.4292865334507129,0,2
0.27046099549955993,0,2
0.4292865334507129,1,2
0.3327877141266681,0,2
0.43280888531263795,0,2
0.3327877141266681,1,2
0.27046099549955993,0,2
0.3327877141266681,0,2
0.4114789949942126,1,2
0.569788749290878,0,2
0.4953199156312703,0,2
0.4953199156312703,0,2
0.569788749290878,1,2
0.4114789949942126,0,2
0.31096065606227896,0,2
0.31096065606227896,1,2
0.47084571408912934,1,2
0.25636870692394365,0,2
0.47084571408912934,0,2
0.34580323840170213,0,2
0.3205565463392068,0,2
0.34580323840170213,0,2
0.34580323840170213,1,2
0.5439594081421031,0,2
0.40999580808350045,0,2
0.47084571408912934,0,2
0.4565147047800264,0,2
0.23420674845354317,0,2
0.3205565463392068,0,2
0.28806068591293876,0,2
0.34156513860497484,0,2
0.4590570149824599,1,2
0.34156513860497484,0,2
0.28806068591293876,0,2
0.29481006706828283,0,2
0.3730082876388878,0,2
0.4374311858035932,0,2
0.2995310112764431,0,2
0.36071076167992944,0,2
0.2995310112764431,1,2
0.28806068591293876,0,2
0.23420674845354317,0,2
0.23420674845354317,0,2
0.36071076167992944,0,2
0.4095998250400762,1,2
0.4292865334507129,1,2
0.4292865334507129,0,2
0.4095998250400762,0,2
0.4095998250400762,0,2
0.495474556256728,0,2
0.3481147498944135,0,2
0.3606090816585009,0,2
0.26595413985287164,1,2
0.3730082876388878,1,2
0.26595413985287164,0,2
0.35478114608083244,0,2
0.37025939875323655,1,2
0.37025939875323655,1,2
0.35478114608083244,0,2
0.37025939875323655,1,2
0.35478114608083244,1,2
0.26595413985287164,1,2
0.4247198926106428,0,2
0.2744869851540461,0,2
0.3624981736564523,1,2
0.3624981736564523,0,2
0.32906958989334767,0,2
0.2744869851540461,1,2
0.4247198926106428,0,2
0.35508067660185316,0,2
0.23442276244024218,1,2
0.3528191063756272,0,2
0.4566027332848833,0,2
0.49389282878116025,1,2
0.49389282878116025,0,2
0.23442276244024218,1,2
0.23442276244024218,0,2
0.39100267339707295,0,2
0.4247198926106428,1,2
0.5030739301150201,0,2
0.49389282878116025,1,2
0.3011713077436857,0,2
0.47597305452834127,0,2
0.3945308692660935,1,2
0.3945308692660935,0,2
0.47597305452834127,1,2
0.47597305452834127,0,2
0.4759400335056154,1,2
0.2833744723453273,1,2
0.21365128069473138,0,2
0.39100267339707295,1,2
0.2833744723453273,0,2
0.45164382098325384,1,2
0.45164382098325384,0,2
0.3011713077436857,0,2
0.21365128069473138,0,2
0.45164382098325384,0,2
0.21365128069473138,0,2
0.2833744723453273,0,2
0.29643545146573436,0,2
0.4655456944681243,1,2
0.40626717153130165,0,2
0.4566027332848833,0,2
0.46215800398423845,0,2
0.277629231198139,1,2
0.277629231198139,0,2
0.4566027332848833,0,2
0.35887257298103825,1,2
0.355837528611207,0,2
0.3414819068356133,0,2
0.3288597274271432,1,2
0.3755536958673523,1,2
0.3239416863922756,1,2
0.4112339002887574,0,2
0.36066022691903277,0,2
0.35887257298103825,1,2
0.4924924933035604,1,2
0.47915680173785735,0,2
0.36402829782828194,0,2
0.29201527962826124,0,2
0.3414819068356133,0,2
0.36402829782828194,0,2
0.36402829782828194,1,2
0.29201527962826124,0,2
0.29201527962826124,0,2
0.4599426480301978,0,2
0.35400228661519517,0,2
0.4599426480301978,0,2
0.4599426480301978,1,2
0.3414819068356133,0,2
0.37867486881451273,0,2
0.35400228661519517,0,2
0.2598558009162385,1,2
0.43206001074594014,0,2
0.4203690164894318,1,2
0.4203690164894318,1,2
0.43206001074594014,0,2
0.43206001074594014,0,2
0.4203690164894318,0,2
0.4120862521127435,1,2
0.3414819068356133,0,2
0.4253783716905559,1,2
0.2598558009162385,1,2
0.4059395395712416,0,2
0.46478756570668345,0,2
0.5313530861955527,0,2
0.4059395395712416,0,2
0.4059395395712416,0,2
0.46478756570668345,1,2
0.4120862521127435,1,2
0.3277635882266562,1,2
0.323289020071312,1,2
0.323289020071312,0,2
0.3444980188761648,0,2
0.3444980188761648,0,2
0.4792668528552363,0,2
0.44415363114121764,0,2
0.323289020071312,0,2
0.4792668528552363,0,2
0.26745548984528134,0,2
0.3363183001389477,1,2
0.26745548984528134,0,2
0.336753678467005,0,2
0.26745548984528134,0,2
0.336753678467005,0,2
0.37966230305540705,1,2
0.48187264286681497,1,2
0.4463519314357618,0,2
0.21684172301464788,0,2
0.47629025219618193,1,2
0.270898108923876,0,2
0.4247198926106428,0,2
0.3911041276367341,0,2
0.4247198926106428,1,2
0.270898108923876,0,2
0.47629025219618193,1,2
0.18072858548567727,0,2
0.3440300658913541,0,2
0.5136683123389824,1,2
0.47659841255863844,1,2
0.438477369894401,0,2
0.503582166130186,1,2
0.37966230305540705,0,2
0.3440300658913541,1,2
0.37966230305540705,1,2
0.438477369894401,0,2
0.2929700409607007,0,2
0.438477369894401,1,2
0.37762677652382093,1,2
0.3199820070367485,0,2
0.37762677652382093,0,2
0.503582166130186,1,2
0.3440300658913541,0,2
0.3199820070367485,0,2
0.3049084197520414,0,2
0.21378445879890984,0,2
0.4418845818604865,0,2
0.47629025219618193,0,2
0.2316127404093884,0,2
0.46161812253509316,0,2
0.46161812253509316,1,2
0.2316127404093884,1,2
0.47629025219618193,1,2
0.4247198926106428,0,2
0.2316127404093884,1,2
0.37098151950054714,1,2
0.3755536958673523,1,2
0.3713197003780855,0,2
0.3755536958673523,0,2
0.3755536958673523,0,2
0.46161812253509316,1,2
0.3713197003780855,0,2
0.4163657177380773,0,2
0.30437092804760135,1,2
0.30437092804760135,1,2
0.44126431551109724,0,2
0.4071663639275037,1,2
0.44126431551109724,0,2
0.4163657177380773,0,2
0.404058556941713,0,2
0.45447159743361853,1,2
0.404058556941713,1,2
0.3895320019000228,0,2
0.45447159743361853,1,2
0.4924924933035604,1,2
0.4071663639275037,0,2
0.3639127837581121,1,2
0.45432109884268346,0,2
0.25367061138818237,0,2
0.401909776506746,0,2
0.4566027332848833,0,2
0.2740147874980272,0,2
0.4566027332848833,0,2
0.2740147874980272,0,2
0.47084571408912934,0,2
0.26800101695618395,0,2
0.26800101695618395,1,2
0.20303066763239364,0,2
0.4894802387604148,0,2
0.4894802387604148,0,2
0.20303066763239364,1,2
0.25367061138818237,1,2
0.4566027332848833,0,2
0.49740382072330036,0,2
0.4894802387604148,1,2
0.27702743571482524,0,2
0.3639127837581121,1,2
0.46478756570668345,1,2
0.46478756570668345,1,2
0.2674807762433692,1,2
0.2674807762433692,0,2
0.46478756570668345,0,2
0.46478756570668345,1,2
0.2674807762433692,0,2
0.37802914499271634,1,2
0.3909755734327427,0,2
0.40244847490888513,0,2
0.2774181428054554,0,2
0.24098457600750867,1,2
0.40244847490888513,1,2
0.24098457600750867,0,2
0.3909755734327427,0,2
0.40244847490888513,0,2
0.3909755734327427,0,2
0.47084571408912934,0,2
0.18072858548567727,0,2
0.5136683123389824,1,2
0.18072858548567727,0,2
0.5136683123389824,0,2
0.31096065606227896,1,2
0.3911041276367341,1,2
0.31096065606227896,0,2
0.34580323840170213,0,2
0.25636870692394365,0,2
0.4522256125147851,1,2
0.4565147047800264,0,2
0.3205565463392068,0,2
0.34580323840170213,1,2
0.4347877681109309,1,2
0.3205565463392068,1,2
0.4522256125147851,1,2
0.47629025219618193,0,2
0.4649219568101557,0,2
0.4649219568101557,0,2
0.48257550000733285,1,2
0.40451156737838867,0,2
0.4147844123220238,0,2
0.4147844123220238,1,2
0.3922251532850619,0,2
0.34918519085208366,0,2
0.17412894086916864,0,2
0.17412894086916864,1,2
0.17412894086916864,0,2
0.34918519085208366,0,2
0.34918519085208366,1,2
0.17412894086916864,1,2
0.4731195292405562,0,2
0.4649219568101557,1,2
0.4731195292405562,0,2
0.34918519085208366,0,2
0.4112339002887574,0,2
0.3755536958673523,0,2
0.3239416863922756,1,2
0.4875250528240668,0,2
0.4112339002887574,0,2
0.3239416863922756,1,2
0.5085329910870515,0,2
0.3239416863922756,0,2
0.3675601118581209,0,2
0.27893908833835934,0,2
0.26800101695618395,0,2
0.4875250528240668,0,2
0.26800101695618395,0,2
0.4875250528240668,0,2
0.20303066763239364,0,2
0.5297187867470432,0,2
0.3492854093610428,0,2
0.3492854093610428,0,2
0.19925978960126367,0,2
0.3582583318742001,0,2
0.3374265567930247,0,2
0.3582583318742001,0,2
0.3374265567930247,0,2
0.3582583318742001,1,2
0.3208674859785021,0,2
0.3945379496540511,0,2
0.19925978960126367,0,2
0.3945379496540511,1,2
0.36359590749542847,0,2
0.36359590749542847,0,2
0.3945379496540511,1,2
0.19925978960126367,1,2
0.3492854093610428,0,2
0.37553964459977496,1,2
0.3713197003780855,1,2
0.3755536958673523,0,2
0.3713197003780855,0,2
0.37098151950054714,0,2
0.3755536958673523,0,2
0.48239184891142084,0,2
0.39100267339707295,0,2
0.3435992885033097,0,2
0.32906958989334767,0,2
0.3435992885033097,1,2
0.3435992885033097,0,2
0.32906958989334767,1,2
0.3639127837581121,1,2
0.49740382072330036,0,2
0.3755536958673523,0,2
0.25367061138818237,0,2
0.32906958989334767,1,2
0.4692600459054078,0,2
0.45432109884268346,1,2
0.4692600459054078,0,2
0.315613622597147,0,2
0.37674583510749693,0,2
0.46760248160875284,0,2
0.37674583510749693,1,2
0.46760248160875284,0,2
0.37674583510749693,1,2
0.438477369894401,0,2
0.46080309935090225,0,2
0.46760248160875284,1,2
0.46080309935090225,0,2
0.438477369894401,1,2
0.46080309935090225,0,2
0.315613622597147,0,2
0.4692600459054078,1,2
0.315613622597147,0,2
0.4556841089835102,0,2
0.315613622597147,1,2
0.438477369894401,0,2
0.34676731641536596,1,2
0.2738431728477413,0,2
0.40999580808350045,0,2
0.34676731641536596,1,2
0.2738431728477413,1,2
0.2738431728477413,0,2
0.4566027332848833,0,2
0.4247198926106428,1,2
0.2740147874980272,1,2
0.4566027332848833,0,2
0.4247198926106428,0,2
0.2744869851540461,0,2
0.35508067660185316,1,2
0.4247198926106428,1,2
0.2744869851540461,0,2
0.40999580808350045,0,2
0.401909776506746,0,2
0.5233667629782484,0,2
0.3545758251778339,0,2
0.3545758251778339,1,2
0.3296772454758048,0,2
0.3391612048572733,1,2
0.3391612048572733,0,2
0.36141362583493286,0,2
0.3391612048572733,1,2
0.35821108219759545,0,2
0.383038544774561,1,2
0.36141362583493286,0,2
0.383038544774561,0,2
0.34626283609469455,1,2
0.383038544774561,1,2
0.34626283609469455,0,2
0.367171439063503,0,2
0.3281771796615054,0,2
0.3296772454758048,1,2
0.34626283609469455,0,2
0.4415272691454153,0,2
0.21354101996634944,0,2
0.47629025219618193,1,2
0.4558308734791854,1,2
0.21354101996634944,0,2
0.47629025219618193,1,2
0.4566027332848833,1,2
0.3528191063756272,0,2
0.23442276244024218,0,2
0.45028798341381293,0,2
0.3148510870613195,0,2
0.3148510870613195,0,2
0.47629025219618193,0,2
0.4566027332848833,1,2
0.3945379496540511,0,2
0.19996361593547396,0,2
0.3743451383084957,1,2
0.36359590749542847,1,2
0.3582583318742001,0,2
0.3374265567930247,1,2
0.3374265567930247,0,2
0.3582583318742001,0,2
0.3374265567930247,0,2
0.3582583318742001,1,2
0.19996361593547396,0,2
0.36141362583493286,0,2
0.3945379496540511,0,2
0.36359590749542847,0,2
0.3945379496540511,1,2
0.3492854093610428,1,2
0.3400618796252093,0,2
0.46215800398423845,0,2
0.4566027332848833,0,2
0.277629231198139,1,2
0.3400618796252093,1,2
0.36066022691903277,1,2
0.36066022691903277,0,2
0.3038375333896527,1,2
0.3400618796252093,1,2
0.3239416863922756,0,2
0.3713197003780855,0,2
0.4068597388052796,0,2
0.4068597388052796,0,2
0.277629231198139,0,2
0.3065615763528676,0,2
0.40626717153130165,0,2
0.3038375333896527,0,2
0.4463005689501698,0,2
0.4566027332848833,0,2
0.41668041442506565,0,2
0.46760248160875284,0,2
0.41668041442506565,1,2
0.46760248160875284,0,2
0.41668041442506565,0,2
0.438477369894401,1,2
0.46760248160875284,0,2
0.438477369894401,0,2
0.46080309935090225,1,2
0.438477369894401,0,2
0.5579659166325863,1,2
0.31708336561193373,1,2
0.45983311585740727,0,2
0.31708336561193373,1,2
0.46080309935090225,1,2
0.4247198926106428,0,2
0.270898108923876,1,2
0.4247198926106428,1,2
0.48187264286681497,1,2
0.4463519314357618,0,2
0.47629025219618193,0,2
0.21684172301464788,0,2
0.21541285393009768,0,2
0.47629025219618193,1,2
0.4247198926106428,0,2
0.21541285393009768,0,2
0.46161812253509316,0,2
0.46161812253509316,0,2
0.270898108923876,0,2
0.21541285393009768,1,2
0.21684172301464788,0,2
0.270898108923876,1,2
0.367171439063503,0,2
0.3414819068356133,1,2
0.3391612048572733,0,2
0.36141362583493286,0,2
0.3391612048572733,0,2
0.4247198926106428,0,2
0.34626283609469455,0,2
0.383038544774561,1,2
0.383038544774561,0,2
0.36141362583493286,0,2
0.34626283609469455,0,2
0.383038544774561,0,2
0.3414819068356133,0,2
0.367171439063503,0,2
0.3414819068356133,0,2
0.367171439063503,0,2
0.34626283609469455,0,2
0.3199820070367485,0,2
0.3440300658913541,0,2
0.3440300658913541,0,2
0.4902362553857784,1,2
0.47659841255863844,1,2
0.3440300658913541,1,2
0.37762677652382093,0,2
0.3199820070367485,0,2
0.4902362553857784,1,2
0.37762677652382093,0,2
0.2929700409607007,0,2
0.4254861614429213,0,2
0.2929700409607007,0,2
0.37762677652382093,1,2
0.2929700409607007,0,2
0.438477369894401,1,2
0.31002029223789185,0,2
0.4254861614429213,1,2
0.32425430286820334,0,2
0.21378445879890984,0,2
0.47629025219618193,1,2
0.47629025219618193,0,2
0.4793810957294451,0,2
0.39100267339707295,0,2
0.39100267339707295,1,2
0.2316127404093884,0,2
0.2316127404093884,1,2
0.46161812253509316,1,2
0.2316127404093884,0,2
0.4418845818604865,0,2
0.46161812253509316,0,2
0.2316127404093884,1,2
0.46161812253509316,1,2
0.2316127404093884,0,2
0.4247198926106428,0,2
0.47629025219618193,0,2
0.21378445879890984,0,2
0.3444980188761648,0,2
0.323289020071312,0,2
0.3561095851212671,1,2
0.3561095851212671,0,2
0.26745548984528134,0,2
0.44415363114121764,1,2
0.5448697172974527,0,2
0.44415363114121764,0,2
0.5448697172974527,1,2
0.26745548984528134,0,2
0.44415363114121764,1,2
0.44415363114121764,0,2
0.5448697172974527,0,2
0.323289020071312,0,2
0.3444980188761648,0,2
0.323289020071312,1,2
0.3444980188761648,0,2
0.5448697172974527,1,2
0.270898108923876,1,2
0.4247198926106428,0,2
0.4247198926106428,0,2
0.270898108923876,0,2
0.270898108923876,1,2
0.4247198926106428,0,2
0.5085329910870515,1,2
0.27893908833835934,0,2
0.3675601118581209,0,2
0.27893908833835934,1,2
0.3675601118581209,0,2
0.27893908833835934,1,2
0.27893908833835934,0,2
0.3675601118581209,0,2
0.3675601118581209,1,2
0.270898108923876,0,2
0.5297187867470432,1,2
0.4247198926106428,0,2
0.43206001074594014,1,2
0.270898108923876,0,2
0.4247198926106428,0,2
0.5313530861955527,0,2
0.47057561406431847,1,2
0.47057561406431847,0,2
0.46478756570668345,0,2
0.4253783716905559,1,2
0.2598558009162385,0,2
0.2598558009162385,0,2
0.4203690164894318,1,2
0.4203690164894318,0,2
0.43206001074594014,0,2
0.43206001074594014,1,2
0.4203690164894318,1,2
0.4203690164894318,0,2
0.43206001074594014,0,2
0.4253783716905559,1,2
0.3873725204676476,0,2
0.38792144027563513,0,2
0.37966230305540705,0,2
0.37966230305540705,0,2
0.38792144027563513,0,2
0.4590570149824599,0,2
0.3873725204676476,0,2
0.28806068591293876,0,2
0.23420674845354317,0,2
0.23420674845354317,0,2
0.28806068591293876,0,2
0.28806068591293876,0,2
0.23420674845354317,0,2
0.4590570149824599,1,2
0.3208187135063807,0,2
0.3208187135063807,0,2
0.30115657290181685,1,2
0.49740382072330036,1,2
0.3639127837581121,0,2
0.25367061138818237,0,2
0.25367061138818237,0,2
0.3639127837581121,0,2
0.3639127837581121,1,2
0.25367061138818237,0,2
0.36066022691903277,1,2
0.3639127837581121,1,2
0.36066022691903277,1,2
0.3639127837581121,0,2
0.3823299534917718,0,2
0.2609515771615938,0,2
0.2849622858902183,0,2
0.2609515771615938,0,2
0.2849622858902183,0,2
0.43280888531263795,1,2
0.3208187135063807,0,2
0.378093905563743,0,2
0.43280888531263795,1,2
0.49034645550155687,1,2
0.3823299534917718,0,2
0.49034645550155687,1,2
0.378093905563743,0,2
0.5607539019614037,0,2
0.503582166130186,0,2
0.5607539019614037,1,2
0.5607539019614037,0,2
0.503582166130186,1,2
0.3675601118581209,1,2
0.5297187867470432,0,2
0.27893908833835934,0,2
0.3675601118581209,1,2
0.27893908833835934,0,2
0.503582166130186,0,2
0.5085329910870515,1,2
0.503582166130186,1,2
0.3529963561761349,0,2
0.3169357075236865,0,2
0.416258564437777,1,2
0.27046099549955993,1,2
0.5607539019614037,0,2
0.416258564437777,0,2
0.416258564437777,1,2
0.27046099549955993,0,2
0.27046099549955993,0,2
0.40305153203818467,1,2
0.3169357075236865,0,2
0.3529963561761349,1,2
0.27046099549955993,1,2
0.3938259636180492,0,2
0.3011713077436857,0,2
0.3011713077436857,0,2
0.45164382098325384,1,2
0.26595413985287164,0,2
0.3808662915240565,1,2
0.26595413985287164,0,2
0.26595413985287164,0,2
0.45164382098325384,1,2
0.26595413985287164,0,2
0.3938259636180492,0,2
0.4292865334507129,1,2
0.47435334003867735,1,2
0.47435334003867735,0,2
0.4292865334507129,0,2
0.4292865334507129,0,2
0.47435334003867735,0,2
0.3938259636180492,0,2
0.21792247733668313,0,2
0.2833744723453273,0,2
0.37025939875323655,0,2
0.35478114608083244,0,2
0.35478114608083244,1,2
0.35478114608083244,1,2
0.37025939875323655,0,2
0.21792247733668313,1,2
0.37025939875323655,1,2
0.2833744723453273,1,2
0.2833744723453273,1,2
0.21792247733668313,0,2
0.4759400335056154,1,2
0.4759400335056154,0,2
0.4978181965457724,0,2
0.4978181965457724,1,2
0.4759400335056154,0,2
0.4759400335056154,0,2
0.4978181965457724,1,2
0.4978181965457724,0,2
0.4599426480301978,0,2
0.3414819068356133,0,2
0.5447603612492997,0,2
0.3414819068356133,0,2
0.5447603612492997,0,2
0.3414819068356133,0,2
0.5447603612492997,1,2
0.37424740224186415,0,2
0.36402829782828194,0,2
0.4599426480301978,0,2
0.37424740224186415,0,2
0.4599426480301978,0,2
0.29201527962826124,1,2
0.36402829782828194,0,2
0.29201527962826124,1,2
0.37424740224186415,1,2
0.30437092804760135,1,2
0.4163657177380773,0,2
0.4163657177380773,0,2
0.30437092804760135,1,2
0.44126431551109724,1,2
0.4071663639275037,0,2
0.4071663639275037,0,2
0.4686313952090546,1,2
0.40664092632968407,0,2
0.40664092632968407,0,2
0.4686313952090546,0,2
0.44126431551109724,1,2
0.34918519085208366,0,2
0.5522719842147862,1,2
0.43793096903937423,0,2
0.5522719842147862,1,2
0.4731195292405562,0,2
0.17412894086916864,0,2
0.34918519085208366,0,2
0.17412894086916864,1,2
0.34918519085208366,1,2
0.4147844123220238,1,2
0.34918519085208366,0,2
0.17412894086916864,0,2
0.40937304306678224,1,2
0.4147844123220238,1,2
0.40937304306678224,1,2
0.4147844123220238,0,2
0.40937304306678224,0,2
0.17315381141107378,0,2
0.40244847490888513,1,2
0.3909755734327427,0,2
0.46096627353980657,1,2
0.40244847490888513,0,2
0.42364722276077205,1,2
0.46096627353980657,0,2
0.45153461275428164,1,2
0.298126360148526,0,2
0.298126360148526,1,2
0.2674807762433692,0,2
0.45153461275428164,0,2
0.24098457600750867,0,2
0.27702743571482524,1,2
0.27702743571482524,1,2
0.24098457600750867,0,2
0.45153461275428164,1,2
0.37025939875323655,1,2
0.35478114608083244,1,2
0.37025939875323655,0,2
0.35478114608083244,0,2
0.29201527962826124,1,2
0.29201527962826124,0,2
0.36402829782828194,0,2
0.29201527962826124,0,2
0.36402829782828194,0,2
0.37025939875323655,0,2
0.36402829782828194,0,2
0.35478114608083244,0,2
0.37966230305540705,0,2
0.37025939875323655,1,2
0.37966230305540705,0,2
0.35478114608083244,0,2
0.37966230305540705,0,2
0.5448697172974527,0,2
0.5448697172974527,0,2
0.44415363114121764,0,2
0.5448697172974527,1,2
0.37966230305540705,0,2
0.5448697172974527,0,2
0.5448697172974527,0,2
0.41668041442506565,1,2
0.41668041442506565,0,2
0.41668041442506565,0,2
0.46760248160875284,1,2
0.46760248160875284,1,2
0.41668041442506565,1,2
0.41668041442506565,0,2
0.46760248160875284,1,2
0.46760248160875284,0,2
0.438477369894401,0,2
0.438477369894401,0,2
0.46080309935090225,0,2
0.438477369894401,0,2
0.46080309935090225,0,2
0.438477369894401,1,2
0.5579659166325863,1,2
0.46080309935090225,1,2
0.5048289809929302,1,2
0.29201527962826124,1,2
0.36402829782828194,0,2
0.36402829782828194,0,2
0.29201527962826124,0,2
0.36402829782828194,0,2
0.27702743571482524,1,2
0.24098457600750867,0,2
0.29201527962826124,1,2
0.27702743571482524,1,2
0.24098457600750867,1,2
0.27702743571482524,0,2
0.24098457600750867,0,2
0.27702743571482524,0,2
0.24098457600750867,0,2
0.27702743571482524,0,2
0.24098457600750867,1,2
0.41668041442506565,0,2
0.46760248160875284,1,2
0.41668041442506565,0,2
0.46760248160875284,1,2
0.46760248160875284,0,2
0.41668041442506565,0,2
0.46760248160875284,0,2
0.41668041442506565,0,2
0.3374265567930247,0,2
0.5481350698660125,0,2
0.3720335345026001,0,2
0.5481350698660125,1,2
0.5481350698660125,0,2
0.3720335345026001,0,2
0.3222962712821339,1,2
0.3720335345026001,0,2
0.3374265567930247,1,2
0.4292865334507129,0,2
0.399475415573717,1,2
0.46760248160875284,0,2
0.41668041442506565,0,2
0.46760248160875284,0,2
0.41668041442506565,1,2
0.3222962712821339,1,2
0.28485111185908507,0,3
0.4173812554885089,0,3
0.28485111185908507,1,3
0.28485111185908507,0,3
0.4039745771326826,0,3
0.4039745771326826,1,3
0.4173812554885089,0,3
0.28485111185908507,0,3
0.2977552970042314,0,3
0.5300501330329384,1,3
0.2977552970042314,1,3
0.5300501330329384,1,3
0.5762262089756357,1,3
0.2977552970042314,0,3
0.48643817495984953,0,3
0.1936557746140547,0,3
0.1936557746140547,0,3
0.48643817495984953,1,3
0.2936666579610989,1,3
0.2936666579610989,0,3
0.3220666829759983,1,3
0.2936666579610989,0,3
0.4369488297499762,0,3
0.26929044341682506,1,3
0.3131929232694919,0,3
0.3131929232694919,0,3
0.3220666829759983,0,3
0.3131929232694919,0,3
0.26929044341682506,1,3
0.372525253752646,1,3
0.2934808233403048,0,3
0.37942784062374546,0,3
0.2934808233403048,0,3
0.4243301483737193,0,3
0.39938766555875116,0,3
0.26929044341682506,0,3
0.39200401307910226,0,3
0.21429676453782154,0,3
0.21429676453782154,0,3
0.43734574480303856,0,3
0.20768603829055965,0,3
0.5520463437490726,1,3
0.20768603829055965,0,3
0.5520463437490726,0,3
0.3865488920282565,0,3
0.31777610441212134,1,3
0.31777610441212134,1,3
0.3865488920282565,0,3
0.26688283260005463,0,3
0.3134001457476586,0,3
0.26688283260005463,0,3
0.2144823903667924,0,3
0.4440348389724722,1,3
0.3134001457476586,0,3
0.4440348389724722,1,3
0.2144823903667924,1,3
0.26194461829886584,1,3
0.49053921179134663,0,3
0.5505592317240577,1,3
0.5505592317240577,0,3
0.26194461829886584,0,3
0.5505592317240577,1,3
0.36699040748082346,0,3
0.2144823903667924,0,3
0.25238625125422465,1,3
0.25238625125422465,0,3
0.4177396760514124,0,3
0.3433139691624182,0,3
0.3386812243081676,0,3
0.34091821679659084,0,3
0.35777155199178734,0,3
0.441072835613604,0,3
0.24896631174380313,1,3
0.441072835613604,0,3
0.24896631174380313,0,3
0.441072835613604,0,3
0.24896631174380313,0,3
0.4177396760514124,0,3
0.3075419517810474,0,3
0.49011068489697085,0,3
0.3433139691624182,1,3
0.3062597453749706,0,3
0.33018628121541493,0,3
0.363982513038974,0,3
0.3917205041763545,1,3
0.3917205041763545,1,3
0.363982513038974,0,3
0.5024120833033923,1,3
0.38199536326104144,1,3
0.31213781696586695,1,3
0.31213781696586695,1,3
0.38199536326104144,0,3
0.31213781696586695,1,3
0.3090488260254407,1,3
0.4917758826281633,0,3
0.4917758826281633,1,3
0.3090488260254407,0,3
0.37673721629499246,1,3
0.30505130760324606,0,3
0.4581218001654992,1,3
0.246207027528218,0,3
0.3703160331546401,0,3
0.350796159474003,0,3
0.350796159474003,0,3
0.246207027528218,0,3
0.350796159474003,0,3
0.4329492382072426,1,3
0.2788945671082438,0,3
0.3502208431587813,0,3
0.4329492382072426,0,3
0.28090440384414017,0,3
0.28090440384414017,0,3
0.4581218001654992,0,3
0.28090440384414017,0,3
0.30505130760324606,0,3
0.3229250221525741,1,3
0.4329492382072426,0,3
0.5375493736988105,1,3
0.4556474298268689,0,3
0.25952537365242045,0,3
0.25242436438504456,0,3
0.25952537365242045,0,3
0.25242436438504456,1,3
0.25242436438504456,0,3
0.3560279824100432,0,3
0.3362966913799653,0,3
0.25952537365242045,1,3
0.3144059117510065,0,3
0.42432561613342434,0,3
0.3144059117510065,1,3
0.5375493736988105,0,3
0.32224303977117374,0,3
0.32224303977117374,0,3
0.5375493736988105,0,3
0.42432561613342434,0,3
0.32224303977117374,1,3
0.5447028220559609,1,3
0.6274066296040047,0,3
0.28929203871126363,1,3
0.5704102546314029,1,3
0.28929203871126363,1,3
0.28929203871126363,0,3
0.28929203871126363,0,3
0.21907135036451086,0,3
0.5704102546314029,0,3
0.3874911962219778,0,3
0.21907135036451086,0,3
0.3874911962219778,0,3
0.21907135036451086,0,3
0.489036903905554,0,3
0.2699116680524831,0,3
0.3765224976297371,0,3
0.489036903905554,0,3
0.3874911962219778,0,3
0.47299444075886143,1,3
0.2531598526491263,0,3
0.47299444075886143,1,3
0.2531598526491263,0,3
0.5175119955670878,1,3
0.25428907378150645,0,3
0.42440313684330633,0,3
0.25428907378150645,0,3
0.39238361884595585,0,3
0.39238361884595585,1,3
0.3346108782392839,1,3
0.3346108782392839,0,3
0.39238361884595585,0,3
0.3346108782392839,0,3
0.39238361884595585,0,3
0.3346108782392839,1,3
0.2812059396648956,0,3
0.39116150157383833,0,3
0.39116150157383833,1,3
0.2812059396648956,1,3
0.32238590108456766,0,3
0.37973234338662754,0,3
0.40925720231100593,0,3
0.32456808682623894,0,3
0.32456808682623894,0,3
0.40925720231100593,0,3
0.40925720231100593,0,3
0.3484405819215365,1,3
0.40130081335430545,0,3
0.285284498395343,1,3
0.2875271333626911,1,3
0.32456808682623894,0,3
0.2204434827206826,1,3
0.2278134103579147,0,3
0.2204434827206826,0,3
0.4514862672026769,0,3
0.4378073031205342,1,3
0.2875271333626911,0,3
0.23440767277228336,0,3
0.3713377661492039,1,3
0.35269145382769496,0,3
0.3713377661492039,0,3
0.35269145382769496,1,3
0.23440767277228336,0,3
0.35269145382769496,1,3
0.3119012329541321,0,3
0.44906599010972204,0,3
0.3328815073723087,1,3
0.3119012329541321,0,3
0.3328815073723087,1,3
0.3119012329541321,1,3
0.3713377661492039,0,3
0.3775289666768855,1,3
0.3178298839513507,1,3
0.40699492018874495,0,3
0.40699492018874495,0,3
0.29192832815412384,0,3
0.22205711404783002,1,3
0.3177315693127718,0,3
0.35331180701583387,0,3
0.3933941586964439,1,3
0.3875398368676225,0,3
0.3154555437806552,0,3
0.41726337294977034,1,3
0.41726337294977034,1,3
0.3178298839513507,0,3
0.3198971236039605,0,3
0.3711982376155518,0,3
0.3154555437806552,1,3
0.3711982376155518,0,3
0.34979212684504735,1,3
0.6109041389138055,0,3
0.34510580821356096,0,3
0.34510580821356096,0,3
0.2949151982031494,0,3
0.2597372256689009,0,3
0.2949151982031494,0,3
0.6109041389138055,1,3
0.2949151982031494,0,3
0.2597372256689009,0,3
0.4677405829963698,0,3
0.3711982376155518,0,3
0.34979212684504735,1,3
0.3711982376155518,1,3
0.34979212684504735,1,3
0.2597372256689009,0,3
0.4559362966826902,0,3
0.39920925747923985,0,3
0.2342099440457872,0,3
0.39920925747923985,0,3
0.2342099440457872,0,3
0.2662359833294662,0,3
0.4559362966826902,0,3
0.2662359833294662,1,3
0.2850897372052358,0,3
0.2662359833294662,0,3
0.485445954961643,1,3
0.2850897372052358,0,3
0.485445954961643,1,3
0.2850897372052358,0,3
0.4813687255384107,0,3
0.4559362966826902,0,3
0.4133731142960141,0,3
0.4133731142960141,0,3
0.5877802528877836,1,3
0.4660674103534317,1,3
0.4133731142960141,0,3
0.4133731142960141,0,3
0.4660674103534317,0,3
0.5877802528877836,0,3
0.45251507184057405,1,3
0.20353153405712854,0,3
0.3209377476377373,1,3
0.45251507184057405,1,3
0.45251507184057405,0,3
0.3209377476377373,0,3
0.4253007006058068,1,3
0.20353153405712854,0,3
0.4253007006058068,0,3
0.3209377476377373,0,3
0.4278584226288229,0,3
0.17313865963148833,0,3
0.5144075482185585,1,3
0.5144075482185585,0,3
0.17313865963148833,0,3
0.42041106972859377,1,3
0.20279428919764686,0,3
0.36626603387817014,1,3
0.42041106972859377,0,3
0.341421961447548,0,3
0.36626603387817014,0,3
0.3084403770629036,0,3
0.42041106972859377,1,3
0.2339743854597096,0,3
0.2339743854597096,0,3
0.2341613517479395,0,3
0.3484405819215365,0,3
0.24253981757173693,1,3
0.3209197079589917,0,3
0.24253981757173693,0,3
0.3726025225101056,0,3
0.284347522935951,0,3
0.284347522935951,1,3
0.3726025225101056,0,3
0.3726025225101056,0,3
0.284347522935951,0,3
0.284347522935951,1,3
0.3726025225101056,1,3
0.3480191728068809,0,3
0.3295717517169532,0,3
0.3480191728068809,1,3
0.23955293881963158,0,3
0.3480191728068809,0,3
0.4061385337591379,0,3
0.4987121578681054,1,3
0.3295717517169532,0,3
0.4987121578681054,0,3
0.20750474063064883,0,3
0.29366158990155633,1,3
0.37082193887918957,0,3
0.3636040765602261,0,3
0.29366158990155633,0,3
0.49011068489697085,0,3
0.2733209388241875,0,3
0.20482253916502258,0,3
0.20482253916502258,0,3
0.49011068489697085,1,3
0.25102372121465066,0,3
0.29381382742391216,0,3
0.25102372121465066,0,3
0.41656578653040277,0,3
0.41656578653040277,0,3
0.25102372121465066,0,3
0.49011068489697085,1,3
0.335117843995703,0,3
0.15468510680821834,0,3
0.4098574368227472,0,3
0.44999791895311736,0,3
0.40376360064030814,0,3
0.2930651505722047,0,3
0.25897423920669493,1,3
0.44999791895311736,1,3
0.2930651505722047,0,3
0.38156940555506336,1,3
0.44999791895311736,0,3
0.38156940555506336,0,3
0.4561331060476925,0,3
0.4098574368227472,0,3
0.25897423920669493,0,3
0.4098574368227472,0,3
0.4561331060476925,0,3
0.2558533333543598,0,3
0.32239169319288385,0,3
0.28929203871126363,0,3
0.5704102546314029,0,3
0.28929203871126363,0,3
0.5447028220559609,0,3
0.39238361884595585,0,3
0.32239169319288385,0,3
0.39238361884595585,0,3
0.39238361884595585,0,3
0.3711982376155518,0,3
0.34979212684504735,0,3
0.3711982376155518,0,3
0.34979212684504735,0,3
0.3711982376155518,0,3
0.4677405829963698,0,3
0.3346108782392839,0,3
0.2836873461033319,1,3
0.20136111982810578,0,3
0.47362633113915253,1,3
0.19641203582354338,0,3
0.2982709667723161,0,3
0.37582557736983724,0,3
0.3840641763449937,0,3
0.40925720231100593,0,3
0.26909366235612997,0,3
0.38642576910391246,0,3
0.34084437271244095,0,3
0.34084437271244095,0,3
0.38642576910391246,0,3
0.28185400006111494,0,3
0.2836873461033319,0,3
0.28185400006111494,1,3
0.3480191728068809,1,3
0.24253981757173693,0,3
0.39920925747923985,0,3
0.36475603225289077,0,3
0.38599956376149447,0,3
0.2342099440457872,0,3
0.38599956376149447,1,3
0.3726025225101056,0,3
0.2342099440457872,0,3
0.284347522935951,0,3
0.3726025225101056,0,3
0.284347522935951,0,3
0.3726025225101056,0,3
0.23955293881963158,0,3
0.3480191728068809,0,3
0.284347522935951,0,3
0.38642576910391246,0,3
0.4049141798025174,1,3
0.3075419517810474,0,3
0.28185400006111494,0,3
0.4049141798025174,1,3
0.3840641763449937,0,3
0.40925720231100593,0,3
0.4980248608444331,1,3
0.38642576910391246,0,3
0.47362633113915253,1,3
0.2836873461033319,0,3
0.26909366235612997,0,3
0.47362633113915253,0,3
0.20136111982810578,1,3
0.19641203582354338,0,3
0.47362633113915253,1,3
0.19641203582354338,0,3
0.4049141798025174,0,3
0.3414843462425443,0,3
0.28185400006111494,0,3
0.3560279824100432,0,3
0.2982709667723161,0,3
0.34105540576400506,0,3
0.3560279824100432,0,3
0.4295238390161328,0,3
0.28185400006111494,0,3
0.34105540576400506,1,3
0.363982513038974,0,3
0.3917205041763545,0,3
0.32945498522351613,0,3
0.3560279824100432,0,3
0.363982513038974,0,3
0.363982513038974,1,3
0.25897423920669493,1,3
0.4098574368227472,0,3
0.25897423920669493,0,3
0.4098574368227472,1,3
0.4098574368227472,1,3
0.32945498522351613,0,3
0.2558533333543598,0,3
0.5520463437490726,1,3
0.32224303977117374,0,3
0.5237527013651422,1,3
0.5237527013651422,0,3
0.32224303977117374,0,3
0.5375493736988105,0,3
0.32224303977117374,0,3
0.20768603829055965,0,3
0.5430565927426803,0,3
0.39617025063043376,0,3
0.5520463437490726,0,3
0.20768603829055965,0,3
0.39617025063043376,0,3
0.2979056205384061,0,3
0.39617025063043376,1,3
0.2979056205384061,1,3
0.40449504557187044,0,3
0.20768603829055965,0,3
0.24896631174380313,1,3
0.441072835613604,1,3
0.441072835613604,1,3
0.35777155199178734,0,3
0.24896631174380313,0,3
0.441072835613604,0,3
0.3606806243094699,0,3
0.24896631174380313,1,3
0.3433139691624182,0,3
0.25238625125422465,0,3
0.362983167670885,0,3
0.49011068489697085,0,3
0.33018628121541493,0,3
0.4177396760514124,0,3
0.4177396760514124,1,3
0.25238625125422465,0,3
0.25238625125422465,1,3
0.4177396760514124,0,3
0.3433139691624182,1,3
0.3121860475497483,0,3
0.2936666579610989,0,3
0.25428907378150645,0,3
0.5175119955670878,1,3
0.2326546339490394,0,3
0.2326546339490394,0,3
0.3131929232694919,0,3
0.3131929232694919,0,3
0.2326546339490394,0,3
0.3131929232694919,0,3
0.2326546339490394,0,3
0.2936666579610989,1,3
0.3131929232694919,0,3
0.3220666829759983,0,3
0.2936666579610989,0,3
0.3220666829759983,0,3
0.25428907378150645,0,3
0.5175119955670878,0,3
0.5175119955670878,0,3
0.25428907378150645,0,3
0.4369488297499762,1,3
0.3502208431587813,1,3
0.2788945671082438,0,3
0.28090440384414017,0,3
0.28090440384414017,0,3
0.4329492382072426,0,3
0.350796159474003,1,3
0.39314870055446494,0,3
0.3259428945450027,0,3
0.4556474298268689,1,3
0.350796159474003,0,3
0.3259428945450027,0,3
0.3229250221525741,0,3
0.4581218001654992,0,3
0.246207027528218,0,3
0.4581218001654992,1,3
0.246207027528218,0,3
0.350796159474003,0,3
0.2930651505722047,0,3
0.4329492382072426,0,3
0.4363281776682235,0,3
0.35269145382769496,0,3
0.3713377661492039,0,3
0.3713377661492039,0,3
0.35269145382769496,0,3
0.3713377661492039,0,3
0.35269145382769496,0,3
0.2662359833294662,0,3
0.4559362966826902,0,3
0.4559362966826902,0,3
0.2662359833294662,0,3
0.4559362966826902,0,3
0.40376360064030814,0,3
0.44999791895311736,0,3
0.4363281776682235,1,3
0.4363281776682235,0,3
0.2930651505722047,1,3
0.2930651505722047,0,3
0.2662359833294662,1,3
0.28485111185908507,0,3
0.3022169731433252,0,3
0.5762262089756357,1,3
0.3022169731433252,1,3
0.5762262089756357,0,3
0.3022169731433252,0,3
0.4173812554885089,0,3
0.5762262089756357,0,3
0.28485111185908507,0,3
0.4173812554885089,0,3
0.28485111185908507,0,3
0.2850897372052358,1,3
0.485445954961643,0,3
0.3896384714118556,1,3
0.4813687255384107,0,3
0.4173812554885089,0,3
0.4133731142960141,0,3
0.4660674103534317,0,3
0.4133731142960141,0,3
0.4660674103534317,0,3
0.5877802528877836,0,3
0.4133731142960141,0,3
0.2180837791625092,1,3
0.49053921179134663,0,3
0.49053921179134663,1,3
0.2180837791625092,0,3
0.49053921179134663,0,3
0.25952537365242045,0,3
0.21740043665336706,0,3
0.21740043665336706,0,3
0.25952537365242045,1,3
0.2180837791625092,0,3
0.3119012329541321,1,3
0.3090488260254407,0,3
0.4917758826281633,0,3
0.3125460784031818,1,3
0.37673721629499246,0,3
0.37673721629499246,0,3
0.2910401990760616,0,3
0.3125460784031818,0,3
0.2910401990760616,1,3
0.2597372256689009,0,3
0.40140808034264575,0,3
0.3119012329541321,0,3
0.2597372256689009,0,3
0.2949151982031494,1,3
0.2597372256689009,0,3
0.2949151982031494,0,3
0.2949151982031494,0,3
0.3119012329541321,1,3
0.4253007006058068,1,3
0.20353153405712854,0,3
0.2556435552020463,0,3
0.315656649780815,0,3
0.2434417373443697,1,3
0.4253007006058068,1,3
0.2434417373443697,0,3
0.315656649780815,0,3
0.20353153405712854,1,3
0.424754927255767,0,3
0.4253007006058068,0,3
0.20353153405712854,1,3
0.36699040748082346,0,3
0.4571379826989802,1,3
0.26194461829886584,1,3
0.5505592317240577,1,3
0.5505592317240577,0,3
0.20353153405712854,0,3
0.4253007006058068,0,3
0.26194461829886584,0,3
0.3177315693127718,0,3
0.3419742092293506,1,3
0.3703160331546401,0,3
0.3178298839513507,0,3
0.3178298839513507,1,3
0.3703160331546401,0,3
0.3154555437806552,0,3
0.3933941586964439,0,3
0.3933941586964439,1,3
0.3198971236039605,0,3
0.313177098628171,0,3
0.3817235436825711,0,3
0.3875398368676225,1,3
0.41726337294977034,0,3
0.3178298839513507,1,3
0.22205711404783002,0,3
0.3209377476377373,0,3
0.390051056892163,0,3
0.3209377476377373,0,3
0.38156940555506336,0,3
0.4561331060476925,0,3
0.4561331060476925,1,3
0.38156940555506336,1,3
0.38156940555506336,0,3
0.4561331060476925,0,3
0.390051056892163,0,3
0.3623187421237217,1,3
0.21789590106668544,0,3
0.390051056892163,0,3
0.21789590106668544,0,3
0.390051056892163,0,3
0.21789590106668544,0,3
0.45251507184057405,0,3
0.21789590106668544,0,3
0.26688283260005463,0,3
0.3134001457476586,0,3
0.3134001457476586,0,3
0.26688283260005463,1,3
0.3134001457476586,0,3
0.26688283260005463,0,3
0.42889669415709797,1,3
0.20611595832604956,1,3
0.20611595832604956,1,3
0.43196132956546274,0,3
0.23440767277228336,0,3
0.4514862672026769,0,3
0.4084041423311343,1,3
0.30369680685817824,0,3
0.4084041423311343,0,3
0.30369680685817824,0,3
0.5249678138490528,0,3
0.4425163929291366,1,3
0.20750474063064883,0,3
0.4500898379399745,1,3
0.5024120833033923,0,3
0.20750474063064883,0,3
0.31213781696586695,0,3
0.31213781696586695,1,3
0.3734660829594796,0,3
0.4500898379399745,1,3
0.3734660829594796,1,3
0.20759810107805798,0,3
0.4500898379399745,0,3
0.38268453583515993,0,3
0.4271496863736669,0,3
0.31777610441212134,0,3
0.31213781696586695,0,3
0.3865488920282565,0,3
0.3865488920282565,0,3
0.31777610441212134,1,3
0.27411898512106514,1,3
0.489036903905554,0,3
0.27411898512106514,0,3
0.489036903905554,0,3
0.489036903905554,1,3
0.381523216930745,0,3
0.4060509579618534,0,3
0.3321742102612206,0,3
0.3321742102612206,0,3
0.41483169201301784,0,3
0.3919831429195729,0,3
0.39245748082747056,0,3
0.48643817495984953,1,3
0.48643817495984953,0,3
0.1936557746140547,0,3
0.48643817495984953,0,3
0.19461783503157493,0,3
0.4060509579618534,0,3
0.40144179565814464,1,3
0.4269784226896144,0,3
0.28286020667738465,0,3
0.28286020667738465,0,3
0.28412330213535375,0,3
0.42334628250704764,0,3
0.42334628250704764,0,3
0.6109041389138055,0,3
0.42334628250704764,0,3
0.40144179565814464,0,3
0.35178517209455473,0,3
0.4951485073663071,0,3
0.39348869348134885,0,3
0.40144179565814464,0,3
0.3550551850258922,1,3
0.2812059396648956,0,3
0.2812059396648956,0,3
0.1950470761517008,0,3
0.1950470761517008,1,3
0.2875271333626911,0,3
0.2875271333626911,0,3
0.1950470761517008,1,3
0.3887665718255713,0,3
0.441072835613604,0,3
0.3887665718255713,1,3
0.3887665718255713,1,3
0.441072835613604,0,3
0.35777155199178734,0,3
0.39393943227855965,0,3
0.35777155199178734,0,3
0.3121860475497483,0,3
0.441072835613604,1,3
0.2881909902440435,0,3
0.21707918594294828,0,3
0.42041106972859377,0,3
0.21707918594294828,0,3
0.21707918594294828,0,3
0.42041106972859377,0,3
0.42041106972859377,1,3
0.42041106972859377,0,3
0.28090440384414017,0,3
0.4329492382072426,1,3
0.4329492382072426,0,3
0.28090440384414017,1,3
0.28090440384414017,0,3
0.4329492382072426,0,3
0.3502208431587813,1,3
0.28090440384414017,0,3
0.2832830413577567,0,3
0.3502208431587813,0,3
0.246207027528218,0,3
0.4581218001654992,0,3
0.4581218001654992,0,3
0.246207027528218,0,3
0.4556474298268689,1,3
0.3229250221525741,0,3
0.25102372121465066,0,3
0.25102372121465066,0,3
0.39325443918319414,1,3
0.25102372121465066,0,3
0.25102372121465066,0,3
0.31391205113863463,0,3
0.31391205113863463,0,3
0.39325443918319414,1,3
0.28742597366434064,1,3
0.2597372256689009,1,3
0.28742597366434064,0,3
0.2597372256689009,0,3
0.3328815073723087,0,3
0.3119012329541321,0,3
0.3328815073723087,1,3
0.3119012329541321,0,3
0.3328815073723087,0,3
0.3119012329541321,0,3
0.3328815073723087,1,3
0.2597372256689009,0,3
0.3119012329541321,0,3
0.28742597366434064,0,3
0.38156940555506336,0,3
0.28742597366434064,0,3
0.2597372256689009,1,3
0.38156940555506336,0,3
0.3901967915480402,0,3
0.3901967915480402,1,3
0.3901967915480402,0,3
0.38156940555506336,1,3
0.3901967915480402,1,3
0.3901967915480402,0,3
0.38156940555506336,0,3
0.2949151982031494,0,3
0.2597372256689009,0,3
0.38156940555506336,0,3
0.3131929232694919,0,3
0.26929044341682506,0,3
0.3054406150044142,0,3
0.26929044341682506,0,3
0.3054406150044142,0,3
0.26929044341682506,0,3
0.3711982376155518,1,3
0.34979212684504735,0,3
0.3711982376155518,1,3
0.3711982376155518,0,3
0.34979212684504735,0,3
0.34979212684504735,0,3
0.3711982376155518,0,3
0.34979212684504735,0,3
0.3328815073723087,1,3
0.3328815073723087,1,3
0.3119012329541321,0,3
0.3328815073723087,0,3
0.3119012329541321,1,3
0.3328815073723087,1,3
0.3328815073723087,1,3
0.3119012329541321,0,3
0.3119012329541321,1,3
0.3119012329541321,0,3
0.3220666829759983,0,3
0.2936666579610989,0,3
0.3220666829759983,1,3
0.3220666829759983,0,3
0.2936666579610989,0,3
0.3220666829759983,0,3
0.2936666579610989,0,3
0.3220666829759983,0,3
0.2936666579610989,0,3
0.2936666579610989,1,3
0.3054406150044142,0,3
0.26929044341682506,1,3
0.26929044341682506,1,3
0.3054406150044142,1,3
0.3131929232694919,0,3
0.3054406150044142,0,3
0.26929044341682506,0,3
0.26929044341682506,0,3
0.29568444441074815,0,3
0.29456811391641036,1,3
0.3729239306455937,0,3
0.21659962751367023,0,3
0.3133482632925517,0,3
0.3898821846313947,0,3
0.35331180701583387,0,3
0.2873766017794991,0,3
0.3133482632925517,0,3
0.35331180701583387,1,3
0.41726337294977034,1,3
0.41077591188620577,0,3
0.32702430951818895,0,3
0.32702430951818895,0,3
0.3407371649040155,0,3
0.43189838144599746,0,3
0.41726337294977034,0,3
0.28966532160533864,1,3
0.28966532160533864,1,3
0.3875398368676225,0,3
0.35331180701583387,1,3
0.43189838144599746,0,3
0.4005754774744028,1,3
0.4005754774744028,0,3
0.26956202536891505,1,3
0.2703708276507273,0,3
0.38480000310341245,0,3
0.22886891789900188,0,3
0.3261985936501789,1,3
0.34504430335045844,1,3
0.2703708276507273,0,3
0.2660035421583997,0,3
0.3484405819215365,0,3
0.34504430335045844,0,3
0.2785037719175847,0,3
0.32670819540723184,1,3
0.2785037719175847,0,3
0.41726337294977034,0,3
0.41726337294977034,1,3
0.33479437449452176,1,3
0.35114507983081833,0,3
0.2764279437624505,0,3
0.3202255424103424,1,3
0.34744911774558884,0,3
0.3484405819215365,0,3
0.35088823428153326,1,3
0.35088823428153326,0,3
0.3209197079589917,0,3
0.3407371649040155,0,3
0.3611767706317127,1,3
0.40130081335430545,0,3
0.285284498395343,1,3
0.285284498395343,0,3
0.41468241897944913,0,3
0.3356984066692068,0,3
0.3484405819215365,0,3
0.3407371649040155,0,3
0.3407371649040155,0,3
0.3356984066692068,0,3
0.3611767706317127,0,3
0.41468241897944913,0,3
0.3407371649040155,0,3
0.3327321377876723,1,3
0.3983434904019527,0,3
0.3983434904019527,0,3
0.21880379649927917,0,3
0.3983434904019527,0,3
0.3407371649040155,0,3
0.3407371649040155,0,3
0.3407371649040155,0,3
0.3407371649040155,1,3
0.3327321377876723,0,3
0.3404025801475329,0,3
0.3407371649040155,0,3
0.4333072276795106,1,3
0.3327321377876723,0,3
0.3407371649040155,0,3
0.21880379649927917,0,3
0.4284850554838622,1,3
0.21880379649927917,0,3
0.4284850554838622,1,3
0.25964440933437694,0,3
0.33277782956202817,0,3
0.47574942697567235,1,3
0.33277782956202817,0,3
0.3401307927845111,0,3
0.3408009144588816,0,3
0.3408009144588816,0,3
0.3401307927845111,0,3
0.3401307927845111,1,3
0.3548941107700013,0,3
0.334519790491551,0,3
0.334519790491551,1,3
0.3548941107700013,0,3
0.25102372121465066,0,3
0.3145018069454011,0,3
0.47574942697567235,1,3
0.25102372121465066,0,3
0.39390767552883377,0,3
0.32982563533721965,0,3
0.340333259328261,0,3
0.32982563533721965,1,3
0.340333259328261,0,3
0.3342496008845893,1,3
0.34336463480009993,0,3
0.25964440933437694,0,3
0.34336463480009993,0,3
0.3301725410734072,0,3
0.34336463480009993,0,3
0.3301725410734072,0,3
0.3290220893675465,0,3
0.3342496008845893,0,3
0.2540724979545914,0,3
0.41726337294977034,1,3
0.41726337294977034,1,3
0.2540724979545914,1,3
0.45578779474912035,1,3
0.3611767706317127,0,3
0.3611767706317127,1,3
0.3611767706317127,0,3
0.3327321377876723,1,3
0.33135208663944826,0,3
0.5505592317240577,1,3
0.3327321377876723,0,3
0.3133482632925517,0,3
0.5505592317240577,1,3
0.384889852290062,1,3
0.32982563533721965,0,3
0.33462784172642257,1,3
0.3327321377876723,1,3
0.3342496008845893,1,3
0.3342496008845893,0,3
0.33462784172642257,0,3
0.32047212717866147,0,3
0.36076189471900844,0,3
0.3301725410734072,0,3
0.3645909535036542,0,3
0.2867865378945451,0,3
0.36076189471900844,0,3
0.32982563533721965,1,3
0.32982563533721965,0,3
0.36076189471900844,1,3
0.3628993050572463,0,3
0.33135208663944826,0,3
0.33135208663944826,1,3
0.36951743015199523,1,3
0.3401147465889639,0,3
0.3865488920282565,0,3
0.4271496863736669,1,3
0.31777610441212134,0,3
0.3865488920282565,0,3
0.35331180701583387,0,3
0.34744911774558884,0,3
0.2702002205020283,0,3
0.3199680966570706,0,3
0.3408746799008068,0,3
0.2702002205020283,1,3
0.3821461425656699,0,3
0.2395062364179511,1,3
0.4744398360102482,0,3
0.3821461425656699,0,3
0.3821461425656699,1,3
0.3227914593254546,0,3
0.36951743015199523,0,3
0.3401147465889639,0,3
0.3401147465889639,1,3
0.36951743015199523,0,3
0.3401147465889639,0,3
0.4744398360102482,1,3
0.3245780509262094,0,3
0.36951743015199523,1,3
0.3245780509262094,0,3
0.33130824101791767,0,3
0.3369988148710954,0,3
0.3342496008845893,0,3
0.3369988148710954,0,3
0.3301725410734072,0,3
0.33130824101791767,0,3
0.2435423107812258,1,3
0.3504863780712415,0,3
0.3504863780712415,0,3
0.34744911774558884,0,3
0.31491319876225776,0,3
0.3370248162157593,0,3
0.36192929583983635,0,3
0.36192929583983635,0,3
0.37734225358821183,1,3
0.3269874618876183,0,3
0.25736455208971676,0,3
0.44004577591292415,0,3
0.25736455208971676,0,3
0.44004577591292415,0,3
0.1940381569970877,1,3
0.32507865759374355,0,3
0.2902991500279277,0,3
0.295037188925521,0,3
0.37926517103002955,0,3
0.4612824299399917,0,3
0.4612824299399917,0,3
0.27221682616534315,1,3
0.295037188925521,0,3
0.32507865759374355,0,3
0.33517788560522,0,3
0.30255707105360696,0,3
0.33466435879388956,0,3
0.30255707105360696,0,3
0.3293499361613468,0,3
0.30255707105360696,0,3
0.26180605822096503,0,3
0.2845181035532264,0,3
0.26180605822096503,0,3
0.2845181035532264,0,3
0.26180605822096503,0,3
0.2845181035532264,0,3
0.25736455208971676,0,3
0.33517788560522,1,3
0.44004577591292415,0,3
0.4841540491345109,0,3
0.441072835613604,0,3
0.24896631174380313,0,3
0.3658203550782836,0,3
0.3658203550782836,0,3
0.4841540491345109,1,3
0.4841540491345109,0,3
0.3658203550782836,0,3
0.30049052685798683,1,3
0.3425903604943107,1,3
0.29192832815412384,1,3
0.29192832815412384,0,3
0.37095446203437343,0,3
0.37095446203437343,0,3
0.29192832815412384,0,3
0.37095446203437343,0,3
0.34029421369911783,0,3
0.24896631174380313,0,3
0.3291619005356151,0,3
0.441072835613604,1,3
0.3075419517810474,0,3
0.35777155199178734,0,3
0.39238361884595585,0,3
0.35084118434323774,0,3
0.39238361884595585,0,3
0.35084118434323774,0,3
0.39238361884595585,0,3
0.34029421369911783,0,3
0.3291619005356151,1,3
0.35084118434323774,0,3
0.28863051326198963,0,3
0.28863051326198963,0,3
0.29502343457682445,0,3
0.2938580139709842,0,3
0.30381143228425267,0,3
0.25102372121465066,1,3
0.39390767552883377,1,3
0.39390767552883377,0,3
0.25102372121465066,1,3
0.25102372121465066,1,3
0.39390767552883377,0,3
0.4244158967655327,0,3
0.39390767552883377,1,3
0.4244158967655327,1,3
0.28361163889788155,0,3
0.31575075488452886,1,3
0.33517788560522,1,3
0.31575075488452886,0,3
0.33517788560522,0,3
0.31575075488452886,0,3
0.3286266962979004,0,3
0.2602834243079575,0,3
0.32961920096201835,0,3
0.2602834243079575,0,3
0.2826992472057317,0,3
0.2826992472057317,0,3
0.22790876088175416,0,3
0.25102372121465066,0,3
0.22790876088175416,1,3
0.4244158967655327,0,3
0.3145018069454011,1,3
0.23536503228822503,0,3
0.3389278606149356,1,3
0.25102372121465066,0,3
0.19495820047220425,0,3
0.3983434904019527,0,3
0.3983434904019527,0,3
0.19495820047220425,0,3
0.36847882516396213,0,3
0.24840465856060423,0,3
0.24840465856060423,0,3
0.36847882516396213,0,3
0.35568216538259867,0,3
0.24840465856060423,1,3
0.4166270970166046,0,3
0.5127901279172482,1,3
0.30849688042087997,0,3
0.3039426736541321,0,3
0.5127901279172482,1,3
0.231345405353245,1,3
0.33517788560522,0,3
0.3195402509508404,0,3
0.3195402509508404,0,3
0.3423501792660578,0,3
0.2929079235508504,0,3
0.33717281153598955,0,3
0.33717281153598955,0,3
0.3443472161142216,1,3
0.3291619005356151,0,3
0.33118042638978284,1,3
0.33118042638978284,0,3
0.3291619005356151,0,3
0.3698029352952149,0,3
0.3443472161142216,1,3
0.37349768811115025,0,3
0.36127245731646396,1,3
0.5762262089756357,0,3
0.36127245731646396,1,3
0.5762262089756357,0,3
0.31777610441212134,0,3
0.21880379649927917,0,3
0.4271496863736669,1,3
0.21880379649927917,0,3
0.21880379649927917,0,3
0.3983434904019527,1,3
0.3983434904019527,0,3
0.37349768811115025,0,3
0.2643686033876034,0,3
0.4284850554838622,1,3
0.2643686033876034,0,3
0.5505592317240577,0,3
0.4284850554838622,0,3
0.334519790491551,0,3
0.3548941107700013,1,3
0.334519790491551,0,3
0.3548941107700013,0,3
0.5505592317240577,1,3
0.3983434904019527,0,3
0.27221682616534315,1,3
0.27221682616534315,0,3
0.4612824299399917,1,3
0.4612824299399917,0,3
0.37926517103002955,1,3
0.4612824299399917,1,3
0.3983434904019527,1,3
0.3713377661492039,1,3
0.3713377661492039,1,3
0.21907135036451086,1,3
0.3713377661492039,0,3
0.3983434904019527,0,3
0.37442759583769614,1,3
0.37442759583769614,1,3
0.37442759583769614,1,3
0.21907135036451086,0,3
0.4612824299399917,1,3
0.4612824299399917,1,3
0.27039847546942264,0,3
0.37710226994519336,0,3
0.3973919176323565,0,3
0.45251507184057405,0,3
0.45251507184057405,0,3
0.29590568861348854,0,3
0.3973919176323565,1,3
0.29590568861348854,0,3
0.29590568861348854,1,3
0.3405860823353576,0,3
0.3973919176323565,0,3
0.3405860823353576,0,3
0.3658203550782836,0,3
0.3658203550782836,0,3
0.3405860823353576,0,3
0.3407371649040155,0,3
0.4931184967081783,1,3
0.3407371649040155,0,3
0.4931184967081783,0,3
0.3658203550782836,0,3
0.34265475521309774,0,3
0.48136207889846316,0,3
0.34265475521309774,0,3
0.48136207889846316,1,3
0.4271779216955258,0,3
0.4271779216955258,0,3
0.48136207889846316,0,3
0.48136207889846316,0,3
0.3658203550782836,1,3
0.48136207889846316,0,3
0.3658203550782836,0,3
0.3658203550782836,0,3
0.25334091413277315,0,3
0.4280446694414137,0,3
0.25334091413277315,0,3
0.4280446694414137,0,3
0.3347968150380315,1,3
0.3297010953799059,0,3
0.3347968150380315,0,3
0.3297010953799059,1,3
0.3256523780311401,0,3
0.3129090035184944,1,3
0.32063739702485816,1,3
0.31869224335637036,0,3
0.31869224335637036,0,3
0.3708654342229545,0,3
0.40818327828267276,0,3
0.28759587997292946,0,3
0.52977851325591,0,3
0.40818327828267276,0,3
0.31869224335637036,0,3
0.3129090035184944,0,3
0.3129090035184944,0,3
0.28759587997292946,0,3
0.17739501003463065,0,3
0.3296985043843892,0,3
0.4627766972851668,1,3
0.3296985043843892,0,3
0.4537680772594561,1,3
0.3296985043843892,1,3
0.4627766972851668,1,3
0.42185490097879597,1,3
0.17739501003463065,0,3
0.21066477470613632,0,3
0.40935885380583126,0,3
0.21066477470613632,0,3
0.40935885380583126,0,3
0.31838087820012406,0,3
0.2902991500279277,0,3
0.2902991500279277,0,3
0.3658203550782836,0,3
0.33997542640457046,0,3
0.4452022519809138,0,3
0.4452022519809138,0,3
0.3322138000969185,0,3
0.25401874399110613,0,3
0.18909895750763317,0,3
0.18909895750763317,0,3
0.5789705909919223,0,3
0.5789705909919223,0,3
0.3322138000969185,0,3
0.5789705909919223,1,3
0.4452022519809138,0,3
0.33000532511158875,0,3
0.3329006327816524,0,3
0.41726337294977034,1,3
0.27138801807352,0,3
0.41228478115706435,0,3
0.32982563533721965,0,3
0.3030910908750035,0,3
0.35290097464913084,1,3
0.35290097464913084,0,3
0.26688283260005463,1,3
0.31213781696586695,0,3
0.38199536326104144,0,3
0.31213781696586695,0,3
0.3734660829594796,1,3
0.5024120833033923,0,3
0.31213781696586695,0,3
0.3134001457476586,0,3
0.3134001457476586,0,3
0.26688283260005463,0,3
0.3342496008845893,0,3
0.3678006644362327,1,3
0.3529861111072443,0,3
0.3301725410734072,0,3
0.2887286158728666,0,3
0.2805716406483174,0,3
0.2805716406483174,1,3
0.2887286158728666,0,3
0.2753867989846258,0,3
0.3954542777451684,0,3
0.5704102546314029,0,3
0.3309331756244094,1,3
0.5704102546314029,1,3
0.5704102546314029,0,3
0.3309331756244094,1,3
0.2753867989846258,1,3
0.3309331756244094,0,3
0.3954542777451684,0,3
0.36701349961868934,0,3
0.3930728560627813,0,3
0.28185400006111494,0,3
0.37582557736983724,1,3
0.2982709667723161,0,3
0.3075419517810474,0,3
0.26025624731286,0,3
0.36701349961868934,0,3
0.32035510435288983,0,3
0.2753867989846258,0,3
0.3979125144082821,0,3
0.37226920546926967,0,3
0.3374843217119443,0,3
0.19287522134536406,0,3
0.3374843217119443,0,3
0.2814328024264925,0,3
0.3374843217119443,0,3
0.2814328024264925,0,3
0.3979125144082821,0,3
0.19287522134536406,0,3
0.3329006327816524,0,3
0.3329006327816524,1,3
0.361075238308487,1,3
0.3658203550782836,0,3
0.361075238308487,0,3
0.3329006327816524,1,3
0.34516433684923997,1,3
0.36042117727086476,0,3
0.34516433684923997,1,3
0.36042117727086476,0,3
0.3985088043602616,0,3
0.4284850554838622,0,3
0.27360427616891014,0,3
0.4284850554838622,1,3
0.26194461829886584,0,3
0.5505592317240577,1,3
0.36699040748082346,0,3
0.5505592317240577,0,3
0.27360427616891014,0,3
0.27360427616891014,0,3
0.27360427616891014,0,3
0.4284850554838622,0,3
0.27258957904253533,0,3
0.26709236233710854,0,3
0.26904888057924736,0,3
0.3663041252467141,0,3
0.3663041252467141,1,3
0.3663041252467141,0,3
0.403773420543161,1,3
0.3301725410734072,0,3
0.41933802271254383,1,3
0.26904888057924736,0,3
0.49011068489697085,1,3
0.23042545047539897,1,3
0.4539367710956861,0,3
0.4539367710956861,0,3
0.4539367710956861,0,3
0.23042545047539897,0,3
0.49011068489697085,1,3
0.30438683461898197,0,3
0.30438683461898197,0,3
0.38985751545939373,1,3
0.23042545047539897,0,3
0.35165663345150966,0,3
0.49011068489697085,0,3
0.31590595715573155,0,3
0.32522701775782004,0,3
0.28355406291433516,1,3
0.287792880094756,0,3
0.30715906210025945,0,3
0.35165663345150966,1,3
0.30715906210025945,0,3
0.30715906210025945,1,3
0.2768770959965846,0,3
0.20966029039540734,0,3
0.5430565927426803,1,3
0.20768603829055965,0,3
0.5520463437490726,0,3
0.20966029039540734,0,3
0.3983434904019527,1,3
0.3691140186991957,1,3
0.20966029039540734,0,3
0.3983434904019527,0,3
0.20768603829055965,0,3
0.30096924590162366,0,3
0.305090427606141,0,3
0.4008524315930726,1,3
0.307208618781721,0,3
0.4008524315930726,1,3
0.41726337294977034,1,3
0.3658203550782836,0,3
0.41726337294977034,0,3
0.30096924590162366,0,3
0.41726337294977034,0,3
0.3997505639235286,1,3
0.45243769270733725,0,3
0.23441718973361192,0,3
0.45243769270733725,0,3
0.23441718973361192,1,3
0.3684047712236057,0,3
0.4612824299399917,1,3
0.3997505639235286,0,3
0.4612824299399917,0,3
0.23441718973361192,0,3
0.52104539966802,0,3
0.18135788977766898,0,3
0.37453570231473376,0,3
0.37453570231473376,0,3
0.18135788977766898,0,3
0.2995522925926609,0,3
0.28903826013195777,0,3
0.2789490274561507,0,3
0.3301725410734072,1,3
0.4612824299399917,1,3
0.4612824299399917,0,3
0.29274110348857696,0,3
0.29274110348857696,1,3
0.4612824299399917,1,3
0.35331180701583387,1,3
0.3486397436480596,0,3
0.3329006327816524,0,3
0.4612824299399917,0,3
0.35331180701583387,1,3
0.4033869962315779,1,3
0.3329006327816524,0,3
0.246207027528218,1,3
0.4581218001654992,0,3
0.2653081038601569,0,3
0.2653081038601569,0,3
0.26100677834551067,0,3
0.26100677834551067,0,3
0.4556474298268689,0,3
0.3229250221525741,0,3
0.4581218001654992,1,3
0.246207027528218,0,3
0.26100677834551067,0,3
0.3986656583367646,0,3
0.22452720416304572,0,3
0.4537680772594561,0,3
0.22452720416304572,0,3
0.489036903905554,0,3
0.28868815645914236,1,3
0.28868815645914236,0,3
0.489036903905554,0,3
0.489036903905554,0,3
0.4627766972851668,0,3
0.3973836633206863,0,3
0.27486404216824434,0,3
0.3569572568962719,0,3
0.27486404216824434,1,3
0.42651154141209124,0,3
0.3569572568962719,0,3
0.394998214352963,0,3
0.32323690823894724,1,3
0.27486404216824434,0,3
0.32323690823894724,0,3
0.23062094638286146,0,3
0.34084437271244095,0,3
0.48147450941423187,0,3
0.48147450941423187,0,3
0.23062094638286146,0,3
0.23062094638286146,0,3
0.49053921179134663,0,3
0.38642576910391246,0,3
0.38642576910391246,0,3
0.34084437271244095,1,3
0.38642576910391246,0,3
0.40925720231100593,0,3
0.3840641763449937,0,3
0.34084437271244095,0,3
0.27508376370230836,0,3
0.27508376370230836,0,3
0.382735328761861,1,3
0.27508376370230836,0,3
0.382735328761861,0,3
0.27508376370230836,1,3
0.382735328761861,0,3
0.382735328761861,0,3
0.27508376370230836,0,3
0.4627766972851668,0,3
0.43641725284983657,0,3
0.3322138000969185,0,3
0.3322138000969185,0,3
0.43641725284983657,0,3
0.43641725284983657,0,3
0.3322138000969185,1,3
0.43641725284983657,0,3
0.3322138000969185,1,3
0.43641725284983657,0,3
0.33000532511158875,0,3
0.2733209388241875,0,3
0.3826826738411613,0,3
0.32238590108456766,1,3
0.16593004227799368,0,3
0.32554446944826565,0,3
0.16593004227799368,0,3
0.3826826738411613,0,3
0.30457300126915166,0,3
0.16593004227799368,0,3
0.29897210955488374,0,3
0.316333358153872,0,3
0.3826826738411613,0,3
0.35042130414379125,0,3
0.32554446944826565,1,3
0.23243876498269078,0,3
0.24840465856060423,1,3
0.24840465856060423,0,3
0.23243876498269078,0,3
0.23243876498269078,0,3
0.24840465856060423,0,3
0.32561852016953197,0,3
0.35331180701583387,1,3
0.32561852016953197,0,3
0.22604484332879315,0,3
0.46906022109343304,0,3
0.22604484332879315,1,3
0.46906022109343304,0,3
0.35331180701583387,1,3
0.18374245328150784,0,3
0.31856026101194834,0,3
0.35425066833502894,0,3
0.35425066833502894,1,3
0.31856026101194834,0,3
0.42362499872066095,0,3
0.30457300126915166,0,3
0.18374245328150784,1,3
0.31856026101194834,0,3
0.18374245328150784,1,3
0.18543081428151198,0,3
0.46906022109343304,0,3
0.46906022109343304,1,3
0.30457300126915166,0,3
0.18543081428151198,0,3
0.46906022109343304,0,3
0.30457300126915166,1,3
0.18543081428151198,0,3
0.2380783318062848,0,3
0.3825184169560306,1,3
0.28966532160533864,0,3
0.28966532160533864,0,3
0.3825184169560306,0,3
0.35331180701583387,0,3
0.3825184169560306,0,3
0.2380783318062848,0,3
0.41428815983436806,0,3
0.41428815983436806,1,3
0.41428815983436806,0,3
0.3909133229880136,0,3
0.2832830413577567,0,3
0.26686263750506956,1,3
0.17114652420326149,0,3
0.17114652420326149,0,3
0.26686263750506956,0,3
0.26686263750506956,0,3
0.17114652420326149,0,3
0.2380783318062848,0,3
0.4000057470400157,0,3
0.4000057470400157,0,3
0.2573442448460317,0,3
0.20333911059598497,0,3
0.30457300126915166,0,3
0.20333911059598497,0,3
0.33598576226536003,0,3
0.38001222749164754,0,3
0.24636165427731072,0,3
0.3262932411088124,0,3
0.3187112292533174,0,3
0.2573442448460317,0,3
0.30457300126915166,0,3
0.24576572685939113,0,3
0.3902586183018334,1,3
0.24576572685939113,1,3
0.47584860464184875,0,3
0.4836621372481662,0,3
0.22907007818357872,0,3
0.22907007818357872,0,3
0.4836621372481662,0,3
0.27658926047320065,0,3
0.3726539969366228,0,3
0.27658926047320065,0,3
0.27658926047320065,0,3
0.3726539969366228,0,3
0.24576572685939113,0,3
0.38822197502054,0,3
0.47584860464184875,0,3
0.3726539969366228,0,3
0.253049114988101,0,3
0.24781264320069074,0,3
0.3121860475497483,0,3
0.40572565435879016,1,3
0.29192832815412384,0,3
0.37818893786038277,1,3
0.29192832815412384,0,3
0.42362499872066095,1,3
0.4348149074531068,1,3
0.2261665193182958,0,3
0.2261665193182958,0,3
0.30730243040202376,0,3
0.42362499872066095,0,3
0.24781264320069074,0,3
0.3825184169560306,1,3
0.30730243040202376,0,3
0.30730243040202376,1,3
0.3345224249293868,0,3
0.479825617706204,0,3
0.479825617706204,1,3
0.3345224249293868,0,3
0.479825617706204,0,3
0.3345224249293868,0,3
0.3163142737423019,0,3
0.3163142737423019,0,3
0.49993791373809326,0,3
0.3163142737423019,0,3
0.49993791373809326,0,3
0.24781264320069074,0,3
0.4113566792125456,0,3
0.38822197502054,0,3
0.3597430636746357,0,3
0.35783762379381256,1,3
0.35783762379381256,1,3
0.3597430636746357,0,3
0.38822197502054,0,3
0.3106574896426676,0,3
0.3106574896426676,0,3
0.44999791895311736,1,3
0.38822197502054,0,3
0.3413470642264421,0,3
0.45845572570152693,1,3
0.44999791895311736,1,3
0.3413470642264421,0,3
0.44999791895311736,1,3
0.3106574896426676,0,3
0.21510144122745833,0,3
0.31213781696586695,1,3
0.4955304574500158,0,3
0.31213781696586695,1,3
0.3755183648177579,0,3
0.31213781696586695,0,3
0.448093634667898,0,3
0.21510144122745833,0,3
0.3755183648177579,1,3
0.21510144122745833,0,3
0.448093634667898,1,3
0.4113566792125456,0,3
0.3901967915480402,1,3
0.3901967915480402,0,3
0.4113566792125456,0,3
0.3901967915480402,0,3
0.4113566792125456,0,3
0.448093634667898,0,3
0.42362499872066095,1,3
0.20482253916502258,0,3
0.20482253916502258,0,3
0.46906022109343304,0,3
0.46906022109343304,0,3
0.20482253916502258,0,3
0.20345177734401798,0,3
0.3801760707878058,1,3
0.20345177734401798,1,3
0.23166380541486453,1,3
0.26705947883622516,0,3
0.23166380541486453,1,3
0.3801760707878058,0,3
0.23166380541486453,1,3
0.27609190635808056,0,3
0.42362499872066095,0,3
0.46906022109343304,1,3
0.2318649042118377,0,3
0.26705947883622516,0,3
0.470014923219952,0,3
0.41936547741599595,0,3
0.470014923219952,0,3
0.35925324257177815,0,3
0.4286058024003242,0,3
0.44509842040186187,0,3
0.4286058024003242,0,3
0.41936547741599595,0,3
0.44509842040186187,0,3
0.2318649042118377,0,3
0.25145691515352264,0,3
0.2318649042118377,0,3
0.25145691515352264,1,3
0.25145691515352264,0,3
0.4286058024003242,1,3
0.18543081428151198,0,3
0.4933231794726566,1,3
0.23243876498269078,0,3
0.24840465856060423,0,3
0.24840465856060423,0,3
0.23243876498269078,0,3
0.42103312569114326,0,3
0.32238590108456766,0,3
0.3826826738411613,0,3
0.2733209388241875,0,3
0.3826826738411613,0,3
0.3826826738411613,1,3
0.2733209388241875,0,3
0.18543081428151198,0,3
0.24840465856060423,0,3
0.46906022109343304,0,3
0.332416104664777,1,3
0.18543081428151198,0,3
0.489036903905554,0,3
0.2868924089802025,0,3
0.489036903905554,1,3
0.21528757308741764,0,3
0.5225539988591434,0,3
0.21528757308741764,0,3
0.2868924089802025,0,3
0.4003857864355024,0,3
0.332416104664777,0,3
0.4003857864355024,0,3
0.332416104664777,0,3
0.4003857864355024,0,3
0.5225539988591434,0,3
0.46906022109343304,0,3
0.3661904175636097,1,3
0.2008739790744245,0,3
0.3867611084004874,1,3
0.3867611084004874,0,3
0.2008739790744245,0,3
0.45318286459969825,0,3
0.2008739790744245,0,3
0.3661904175636097,0,3
0.2702563194319164,0,3
0.2702563194319164,0,3
0.2702563194319164,0,3
0.3661904175636097,0,3
0.3833508255210789,0,3
0.3833508255210789,1,3
0.32945498522351613,0,3
0.32945498522351613,0,3
0.3833508255210789,0,3
0.3833508255210789,0,3
0.32945498522351613,0,3
0.32945498522351613,1,3
0.32554446944826565,0,3
0.3825184169560306,0,3
0.28966532160533864,0,3
0.16593004227799368,0,3
0.30457300126915166,1,3
0.16593004227799368,1,3
0.32554446944826565,0,3
0.37818893786038277,0,3
0.2261665193182958,0,3
0.4348149074531068,0,3
0.2261665193182958,0,3
0.2261665193182958,0,3
0.37818893786038277,1,3
0.35331180701583387,0,3
0.16593004227799368,0,3
0.3825184169560306,1,3
0.2623430285774839,0,3
0.3339712219522071,1,3
0.4559405107915251,0,3
0.5452298105119591,0,3
0.2623430285774839,0,3
0.3711982376155518,0,3
0.34884842937963045,0,3
0.446689110604655,0,3
0.446689110604655,0,3
0.446689110604655,0,3
0.34884842937963045,0,3
0.3711982376155518,0,3
0.3339712219522071,0,3
0.3711982376155518,0,3
0.3339712219522071,0,3
0.34884842937963045,0,3
0.30457300126915166,1,3
0.42362499872066095,1,3
0.26705947883622516,1,3
0.26705947883622516,0,3
0.4475186918947338,1,3
0.26705947883622516,1,3
0.46906022109343304,1,3
0.4475186918947338,0,3
0.46906022109343304,0,3
0.20482253916502258,0,3
0.46906022109343304,0,3
0.20482253916502258,0,3
0.35088823428153326,0,3
0.20482253916502258,1,3
0.26705947883622516,0,3
0.30457300126915166,0,3
0.4475186918947338,0,3
0.30457300126915166,0,3
0.46707528032169854,0,3
0.34110364202465693,0,3
0.42549185554878877,0,3
0.18374245328150784,0,3
0.3119012329541321,0,3
0.3084729757591572,0,3
0.3119012329541321,0,3
0.4001072231335421,1,3
0.41496664806403594,0,3
0.21398536534700852,0,3
0.21398536534700852,0,3
0.41496664806403594,0,3
0.41496664806403594,0,3
0.21398536534700852,1,3
0.18374245328150784,0,3
0.3084729757591572,0,3
0.5279190716691329,1,3
0.27085318667858604,0,3
0.27085318667858604,0,3
0.5279190716691329,1,3
0.26435113407930155,0,3
0.44467881156961186,1,3
0.26435113407930155,1,3
0.44467881156961186,0,3
0.44467881156961186,1,3
0.3043451774077749,0,3
0.2533507205990676,0,3
0.3043451774077749,1,3
0.2533507205990676,0,3
0.3043451774077749,0,3
0.2533507205990676,0,3
0.26435113407930155,0,3
0.3909133229880136,0,3
0.41428815983436806,0,3
0.24947872210301947,0,3
0.31856026101194834,0,3
0.42362499872066095,0,3
0.31856026101194834,0,3
0.31856026101194834,0,3
0.35425066833502894,0,3
0.29907280864327324,1,3
0.37582557736983724,0,3
0.32561852016953197,1,3
0.29600710095606686,0,3
0.35425066833502894,0,3
0.3296985043843892,0,3
0.35331180701583387,0,3
0.3296985043843892,0,3
0.4707239544194357,0,3
0.2621298037752894,0,3
0.4707239544194357,0,3
0.2621298037752894,0,3
0.2621298037752894,1,3
0.4707239544194357,0,3
0.4559405107915251,0,3
0.31287541925571616,0,3
0.2936666579610989,0,3
0.31287541925571616,1,3
0.2936666579610989,1,3
0.31287541925571616,1,3
0.4559405107915251,1,3
0.2936666579610989,0,3
0.42362499872066095,0,3
0.316333358153872,0,3
0.29897210955488374,1,3
0.316333358153872,0,3
0.29192832815412384,0,3
0.3937545000663599,0,3
0.29192832815412384,0,3
0.29192832815412384,0,3
0.40572565435879016,0,3
0.29192832815412384,1,3
0.42362499872066095,1,3
0.3825184169560306,1,3
0.32561852016953197,0,3
0.40572565435879016,0,3
0.2649171267111813,1,3
0.29897210955488374,0,3
0.2649171267111813,1,3
0.42362499872066095,1,3
0.3826826738411613,0,3
0.4385526247150986,1,3
0.27878315281192023,0,3
0.46965275040067356,0,3
0.3309529769745332,0,3
0.46965275040067356,0,3
0.3309529769745332,0,3
0.3309529769745332,0,3
0.35042130414379125,0,3
0.48136207889846316,0,3
0.40158548850926523,1,3
0.46965275040067356,0,3
0.40158548850926523,0,3
0.40158548850926523,0,3
0.5704102546314029,1,3
0.4385526247150986,0,3
0.27878315281192023,1,3
0.27878315281192023,0,3
0.4385526247150986,0,3
0.5704102546314029,0,3
0.3997505639235286,0,3
0.39134528619101583,0,3
0.4924004645818466,0,3
0.39134528619101583,0,3
0.4924004645818466,0,3
0.39134528619101583,0,3
0.4040755818133491,0,3
0.4612824299399917,0,3
0.2516644193312282,0,3
0.4612824299399917,0,3
0.28922370634723193,0,3
0.2516644193312282,0,3
0.28922370634723193,0,3
0.2516644193312282,0,3
0.28922370634723193,1,3
0.3997505639235286,0,3
0.30457300126915166,0,3
0.20333911059598497,0,3
0.24636165427731072,0,3
0.24636165427731072,0,3
0.20333911059598497,0,3
0.4000057470400157,1,3
0.2573442448460317,0,3
0.4000057470400157,0,3
0.2596401456885681,0,3
0.27609190635808056,0,3
0.20345177734401798,1,3
0.20345177734401798,1,3
0.23166380541486453,0,3
0.2573442448460317,0,3
0.3774724269833364,1,3
0.20333911059598497,0,3
0.3774724269833364,0,3
0.2596401456885681,0,3
0.22887550585076122,0,3
0.4099848103651954,0,3
0.22887550585076122,1,3
0.22887550585076122,0,3
0.4099848103651954,0,3
0.4771693245104518,0,3
0.4099848103651954,1,3
0.4771693245104518,0,3
0.2630300698250416,0,3
0.4771693245104518,1,3
0.2630300698250416,0,3
0.3774724269833364,0,3
0.2596401456885681,0,3
0.2630300698250416,0,3
0.33598576226536003,0,3
0.22604484332879315,0,3
0.22604484332879315,1,3
0.3973751165782272,1,3
0.3187112292533174,1,3
0.3902586183018334,0,3
0.3187112292533174,0,3
0.46641531421354365,1,3
0.17114652420326149,0,3
0.33598576226536003,1,3
0.26686263750506956,0,3
0.17114652420326149,0,3
0.26686263750506956,0,3
0.17114652420326149,0,3
0.3973751165782272,0,3
0.3187112292533174,0,3
0.46906022109343304,1,3
0.35925324257177815,0,3
0.2700390174294258,0,3
0.22604484332879315,0,3
0.4612824299399917,1,3
0.3256159779285639,0,3
0.5505592317240577,0,3
0.5091827889741822,0,3
0.35925324257177815,0,3
0.5091827889741822,0,3
0.3256159779285639,0,3
0.35925324257177815,1,3
0.3000103558060171,0,3
0.2700390174294258,0,3
0.2700390174294258,0,3
0.3000103558060171,0,3
0.3000103558060171,1,3
0.5091827889741822,0,3
0.5704102546314029,1,3
0.46965275040067356,0,3
0.3309529769745332,0,3
0.3309529769745332,1,3
0.40259431696173564,1,3
0.3309529769745332,1,3
0.40158548850926523,0,3
0.46965275040067356,1,3
0.5704102546314029,0,3
0.4385526247150986,0,3
0.27878315281192023,0,3
0.4385526247150986,0,3
0.27878315281192023,0,3
0.4385526247150986,0,3
0.27878315281192023,0,3
0.40158548850926523,0,3
0.27085318667858604,0,3
0.5279190716691329,0,3
0.27085318667858604,1,3
0.45975324560498443,1,3
0.27085318667858604,0,3
0.5279190716691329,0,3
0.26435113407930155,0,3
0.44467881156961186,1,3
0.26435113407930155,1,3
0.44467881156961186,0,3
0.26435113407930155,0,3
0.3043451774077749,0,3
0.2533507205990676,0,3
0.2533507205990676,0,3
0.3043451774077749,0,3
0.44467881156961186,0,3
0.31287541925571616,0,3
0.3296985043843892,1,3
0.4559405107915251,0,3
0.4559405107915251,0,3
0.3296985043843892,0,3
0.2936666579610989,0,3
0.31287541925571616,0,3
0.2936666579610989,0,3
0.2621298037752894,0,3
0.31287541925571616,0,3
0.4707239544194357,0,3
0.2621298037752894,0,3
0.2621298037752894,0,3
0.4707239544194357,1,3
0.3833508255210789,0,3
0.2936666579610989,0,3
0.47584860464184875,1,3
0.24576572685939113,0,3
0.24576572685939113,0,3
0.47584860464184875,1,3
0.24576572685939113,1,3
0.38822197502054,0,3
0.24576572685939113,0,3
0.2641368615728831,1,3
0.47584860464184875,0,3
0.3726539969366228,0,3
0.2641368615728831,1,3
0.3726539969366228,0,3
0.2641368615728831,0,3
0.22907007818357872,0,3
0.4836621372481662,1,3
0.22907007818357872,0,3
0.4836621372481662,0,3
0.3726539969366228,1,3
0.35425066833502894,1,3
0.31856026101194834,0,3
0.31856026101194834,0,3
0.35425066833502894,0,3
0.31856026101194834,0,3
0.26686263750506956,1,3
0.17114652420326149,0,3
0.26686263750506956,1,3
0.17114652420326149,0,3
0.26686263750506956,0,3
0.46641531421354365,0,3
0.17114652420326149,0,3
0.35425066833502894,1,3
0.17114652420326149,0,3
0.31856026101194834,1,3
0.35425066833502894,0,3
0.31856026101194834,0,3
0.5479490143981377,1,3
0.34110364202465693,0,3
0.34110364202465693,0,3
0.5479490143981377,1,3
0.4113566792125456,0,3
0.49993791373809326,0,3
0.3163142737423019,0,3
0.3163142737423019,0,3
0.30730243040202376,0,3
0.24781264320069074,0,3
0.30730243040202376,1,3
0.24781264320069074,0,3
0.31856026101194834,0,3
0.42362499872066095,0,3
0.35425066833502894,0,3
0.2573442448460317,0,3
0.20333911059598497,1,3
0.24636165427731072,0,3
0.38001222749164754,1,3
0.24636165427731072,0,3
0.24636165427731072,0,3
0.4000057470400157,1,3
0.4000057470400157,0,3
0.2573442448460317,0,3
0.4000057470400157,1,3
0.2573442448460317,0,3
0.4000057470400157,0,3
0.2573442448460317,0,3
0.2573442448460317,0,3
0.30457300126915166,0,3
0.4000057470400157,0,3
0.20333911059598497,0,3
0.4227161333445387,0,3
0.20333911059598497,0,3
0.44999791895311736,0,3
0.3272982591593705,0,3
0.3272982591593705,0,3
0.44999791895311736,0,3
0.30457300126915166,0,3
0.3272982591593705,0,3
0.38822197502054,1,3
0.3106574896426676,1,3
0.44999791895311736,1,3
0.38822197502054,0,3
0.38822197502054,1,3
0.3106574896426676,0,3
0.34110364202465693,1,3
0.34110364202465693,1,3
0.4227161333445387,0,3
0.3106574896426676,0,3
0.4771693245104518,0,3
0.2516644193312282,0,3
0.28922370634723193,0,3
0.28922370634723193,0,3
0.2516644193312282,0,3
0.4771693245104518,0,3
0.2630300698250416,0,3
0.2630300698250416,1,3
0.4771693245104518,1,3
0.3833508255210789,1,3
0.4771693245104518,0,3
0.2630300698250416,0,3
0.22887550585076122,0,3
0.22887550585076122,1,3
0.3833508255210789,1,3
0.3833508255210789,1,3
0.22887550585076122,0,3
0.2630300698250416,0,3
0.2700390174294258,0,3
0.3000103558060171,0,3
0.2700390174294258,0,3
0.3000103558060171,0,3
0.2700390174294258,1,3
0.34884842937963045,0,3
0.4040755818133491,0,3
0.34884842937963045,0,3
0.3000103558060171,1,3
0.4040755818133491,0,3
0.4612824299399917,0,3
0.32502324865245935,0,3
0.5505592317240577,1,3
0.4040755818133491,1,3
0.4612824299399917,0,3
0.32502324865245935,0,3
0.34884842937963045,0,3
0.32502324865245935,0,3
0.4612824299399917,0,3
0.3907022261039226,1,3
0.3907022261039226,0,3
0.4924004645818466,0,3
0.4040755818133491,0,3
0.3907022261039226,1,3
0.3997505639235286,1,3
0.4924004645818466,0,3
0.3997505639235286,1,3
0.2008739790744245,0,3
0.45318286459969825,0,3
0.2008739790744245,0,3
0.45318286459969825,1,3
0.45318286459969825,0,3
0.2008739790744245,0,3
0.4612824299399917,0,3
0.470014923219952,0,3
0.21528757308741764,0,3
0.5225539988591434,0,3
0.21528757308741764,0,3
0.5225539988591434,0,3
0.37163118228698155,0,3
0.470014923219952,0,3
0.37163118228698155,0,3
0.4612824299399917,1,3
0.4040755818133491,0,3
0.470014923219952,0,3
0.2920348716133684,0,3
0.2920348716133684,0,3
0.4612824299399917,0,3
0.4612824299399917,0,3
0.2920348716133684,0,3
0.3755183648177579,1,3
0.3755183648177579,0,3
0.31213781696586695,0,3
0.3755183648177579,0,3
0.31213781696586695,0,3
0.21510144122745833,0,3
0.448093634667898,0,3
0.31213781696586695,0,3
0.21510144122745833,1,3
0.21510144122745833,0,3
0.448093634667898,0,3
0.2896418305846836,0,3
0.4003857864355024,0,3
0.4003857864355024,1,3
0.2896418305846836,0,3
0.448093634667898,0,3
0.2318649042118377,0,3
0.25145691515352264,1,3
0.25145691515352264,1,3
0.2318649042118377,0,3
0.40158548850926523,0,3
0.44509842040186187,0,3
0.40158548850926523,0,3
0.3901967915480402,0,3
0.4113566792125456,1,3
0.3901967915480402,0,3
0.4113566792125456,0,3
0.4113566792125456,1,3
0.3901967915480402,0,3
0.35925324257177815,1,3
0.3084729757591572,0,3
0.3774724269833364,1,3
0.3774724269833364,0,3
0.24768954866087378,0,3
0.24768954866087378,0,3
0.23281819750566868,0,3
0.3084729757591572,0,3
0.3119012329541321,0,3
0.3119012329541321,1,3
0.3774724269833364,0,3
0.3119012329541321,0,3
0.42549185554878877,0,3
0.46707528032169854,0,3
0.42549185554878877,0,3
0.46707528032169854,0,3
0.3084729757591572,0,3
0.42549185554878877,0,3
0.42549185554878877,0,3
0.46707528032169854,1,3
0.46707528032169854,0,3
0.3661904175636097,0,3
0.5181098036954135,1,4
0.5181098036954135,0,4
0.15107352761151494,0,4
0.5181098036954135,0,4
0.15107352761151494,0,4
0.1955072381673506,0,4
0.2913032804524346,1,4
0.1955072381673506,0,4
0.15107352761151494,1,4
0.2913032804524346,1,4
0.1955072381673506,1,4
0.29038701260019995,0,4
0.24378852922393934,0,4
0.29038701260019995,0,4
0.24378852922393934,0,4
0.24378852922393934,0,4
0.24378852922393934,1,4
0.29038701260019995,0,4
0.29038701260019995,0,4
0.3198831694106615,0,4
0.22465428815654975,0,4
0.3198831694106615,0,4
0.2549781587979977,0,4
0.2549781587979977,0,4
0.3198831694106615,0,4
0.3073027676379536,0,4
0.5486114854201973,0,4
0.24164982896142528,0,4
0.5486114854201973,0,4
0.24164982896142528,0,4
0.41446429714348865,0,4
0.17816790975208519,1,4
0.17816790975208519,0,4
0.40853930968592367,0,4
0.5486114854201973,0,4
0.29090685589171117,0,4
0.27008180172914087,0,4
0.3129029093976633,0,4
0.27008180172914087,1,4
0.27008180172914087,0,4
0.27008180172914087,0,4
0.3129029093976633,0,4
0.27008180172914087,0,4
0.3129029093976633,0,4
0.3129029093976633,1,4
0.2057162542597809,1,4
0.3129029093976633,0,4
0.2057162542597809,0,4
0.21603721664360453,0,4
0.29090685589171117,0,4
0.34724000768230967,0,4
0.21603721664360453,0,4
0.21603721664360453,1,4
0.34724000768230967,0,4
0.34724000768230967,0,4
0.29090685589171117,0,4
0.34724000768230967,1,4
0.29090685589171117,0,4
0.2057162542597809,0,4
0.2057162542597809,0,4
0.21603721664360453,0,4
0.2450103797279154,0,4
0.2450103797279154,0,4
0.3160572740217332,0,4
0.3160572740217332,0,4
0.2450103797279154,0,4
0.2450103797279154,0,4
0.3160572740217332,0,4
0.2450103797279154,0,4
0.3160572740217332,0,4
0.3160572740217332,1,4
0.3198831694106615,0,4
0.2549781587979977,0,4
0.3198831694106615,0,4
0.3198831694106615,1,4
0.2938967573014053,1,4
0.2549781587979977,0,4
0.3198831694106615,0,4
0.2549781587979977,0,4
0.3198831694106615,0,4
0.2549781587979977,1,4
0.2920383912818848,1,4
0.2577676526941751,0,4
0.2920383912818848,0,4
0.2920383912818848,0,4
0.2577676526941751,1,4
0.2577676526941751,0,4
0.2577676526941751,0,4
0.2920383912818848,1,4
0.16244409683632532,0,4
0.26735267611791547,0,4
0.16244409683632532,0,4
0.26735267611791547,0,4
0.16244409683632532,1,4
0.26735267611791547,0,4
0.16244409683632532,0,4
0.16244409683632532,0,4
0.26735267611791547,0,4
0.26735267611791547,0,4
0.3160572740217332,0,4
0.2450103797279154,0,4
0.2450103797279154,0,4
0.3160572740217332,0,4
0.3160572740217332,1,4
0.2450103797279154,1,4
0.3160572740217332,0,4
0.2450103797279154,1,4
0.2450103797279154,0,4
0.3160572740217332,0,4
0.35592779319234524,0,4
0.17639846263550274,0,4
0.35592779319234524,0,4
0.17639846263550274,1,4
0.17639846263550274,0,4
0.35592779319234524,1,4
0.22798095758685855,0,4
0.22798095758685855,0,4
0.27713507045051977,1,4
0.2331117556368223,0,4
0.2896543578661528,0,4
0.2331117556368223,0,4
0.2896543578661528,0,4
0.27713507045051977,0,4
0.21398056921709985,0,4
0.20513547088529072,0,4
0.20513547088529072,0,4
0.20531431261290367,0,4
0.21398056921709985,0,4
0.20513547088529072,0,4
0.31602627533367045,1,4
0.21398056921709985,0,4
0.14033817372957114,1,4
0.3846930256500154,1,4
0.31602627533367045,1,4
0.14033817372957114,0,4
0.31602627533367045,0,4
0.3846930256500154,0,4
0.20531431261290367,0,4
0.20531431261290367,0,4
0.3846930256500154,0,4
0.14033817372957114,0,4
0.21603721664360453,0,4
0.33838399091576576,0,4
0.21603721664360453,0,4
0.21603721664360453,0,4
0.33838399091576576,0,4
0.21603721664360453,0,4
0.40014168575760467,0,4
0.33838399091576576,0,4
0.33838399091576576,0,4
0.19102843481987597,0,4
0.19102843481987597,1,4
0.3393278157592525,1,4
0.1878737967366232,0,4
0.1878737967366232,0,4
0.3393278157592525,0,4
0.40014168575760467,1,4
0.3393278157592525,0,4
0.19102843481987597,0,4
0.40014168575760467,0,4
0.1878737967366232,0,4
0.2586919003386876,1,4
0.2676968633062736,0,4
0.2676968633062736,0,4
0.2586919003386876,0,4
0.2676968633062736,0,4
0.39148968055989275,1,4
0.2586919003386876,0,4
0.14490704036391555,0,4
0.37178855671387234,1,4
0.3811304317342291,1,4
0.20771195762944838,0,4
0.3811304317342291,1,4
0.20771195762944838,0,4
0.14180818236655535,1,4
0.17243688787518685,0,4
0.3166119350326343,0,4
0.3166119350326343,0,4
0.2503184826473194,1,4
0.2503184826473194,0,4
0.2503184826473194,0,4
0.3166119350326343,0,4
0.3574582931454876,1,4
0.17243688787518685,1,4
0.3733960467794043,0,4
0.17243688787518685,0,4
0.37685558582014633,0,4
0.1474994751585812,0,4
0.1474994751585812,0,4
0.3733960467794043,0,4
0.1474994751585812,0,4
0.3574582931454876,0,4
0.3733960467794043,1,4
0.18909755207982315,1,4
0.27008180172914087,0,4
0.27008180172914087,0,4
0.3129029093976633,1,4
0.3129029093976633,0,4
0.27008180172914087,0,4
0.2830478171150852,1,4
0.18909755207982315,1,4
0.2830478171150852,1,4
0.3129029093976633,0,4
0.2830478171150852,0,4
0.2555556230216164,0,4
0.195232441662597,0,4
0.2555556230216164,1,4
0.195232441662597,1,4
0.195232441662597,0,4
0.2555556230216164,0,4
0.195232441662597,0,4
0.2555556230216164,0,4
0.18909755207982315,0,4
0.1534343081920463,0,4
0.1534343081920463,0,4
0.2951241672667315,0,4
0.1534343081920463,0,4
0.2951241672667315,0,4
0.17816790975208519,0,4
0.41446429714348865,0,4
0.2951241672667315,1,4
0.41446429714348865,0,4
0.17816790975208519,0,4
0.41446429714348865,0,4
0.24758271205373705,0,4
0.3198831694106615,0,4
0.24758271205373705,0,4
0.3198831694106615,0,4
0.17816790975208519,1,4
0.2913032804524346,0,4
0.1893981966879842,1,4
0.2913032804524346,0,4
0.1893981966879842,0,4
0.2913032804524346,0,4
0.1893981966879842,0,4
0.2253381617313085,0,4
0.2800758386543909,0,4
0.2800758386543909,0,4
0.31814509433888116,1,4
0.29975932640976144,0,4
0.31814509433888116,0,4
0.29975932640976144,0,4
0.31814509433888116,0,4
0.29975932640976144,0,4
0.2253381617313085,0,4
0.3028395906756841,0,4
0.2656256227199181,0,4
0.3148834049578587,0,4
0.3148834049578587,0,4
0.3148834049578587,1,4
0.3028395906756841,1,4
0.27861480220716806,1,4
0.3028395906756841,0,4
0.27861480220716806,0,4
0.29570264647262867,1,4
0.2656256227199181,0,4
0.2656256227199181,1,4
0.27861480220716806,0,4
0.165108768986725,0,4
0.2119471795136113,0,4
0.2119471795136113,0,4
0.165108768986725,1,4
0.2656256227199181,0,4
0.3160572740217332,0,4
0.2450103797279154,0,4
0.3160572740217332,0,4
0.2671198281819688,0,4
0.2671198281819688,0,4
0.3160572740217332,0,4
0.21826253367398896,0,4
0.3160572740217332,0,4
0.2673955908350528,0,4
0.2671198281819688,0,4
0.2673955908350528,0,4
0.21826253367398896,0,4
0.2673955908350528,0,4
0.18754266935939345,0,4
0.2395298819997821,0,4
0.18754266935939345,0,4
0.2395298819997821,0,4
0.2395298819997821,0,4
0.18754266935939345,0,4
0.21826253367398896,1,4
0.36101352024896727,0,4
0.30405547159179325,0,4
0.22110574473586997,0,4
0.25372525893127895,0,4
0.27494713396444315,0,4
0.25372525893127895,0,4
0.16407171083467276,1,4
0.16407171083467276,0,4
0.2511314503093762,0,4
0.2511314503093762,0,4
0.3411311572459722,1,4
0.2511314503093762,0,4
0.30405547159179325,0,4
0.27494713396444315,0,4
0.36101352024896727,0,4
0.25372525893127895,0,4
0.30405547159179325,0,4
0.36101352024896727,0,4
0.3995352714863307,0,4
0.21017765660120213,0,4
0.3995352714863307,0,4
0.21017765660120213,0,4
0.3995352714863307,0,4
0.15501675919238256,0,4
0.21468527643653834,0,4
0.15501675919238256,0,4
0.3533309261103088,0,4
0.2570806828084037,0,4
0.15716635105349508,0,4
0.15716635105349508,1,4
0.2570806828084037,0,4
0.3533309261103088,0,4
0.3227281979418559,0,4
0.3227281979418559,1,4
0.41541307709542474,1,4
0.3227281979418559,1,4
0.37001129436827596,0,4
0.37001129436827596,1,4
0.24644905674086637,0,4
0.25849847304967877,0,4
0.2579858958020712,0,4
0.24644905674086637,0,4
0.25849847304967877,0,4
0.17632580135000808,1,4
0.17632580135000808,0,4
0.29666053214259736,0,4
0.3227281979418559,0,4
0.360900038562907,1,4
0.20651987691912366,1,4
0.37001129436827596,0,4
0.23807557274184676,0,4
0.23807557274184676,0,4
0.42401794636580803,1,4
0.18877748399409622,0,4
0.18877748399409622,0,4
0.42401794636580803,0,4
0.23094998449843862,1,4
0.30134467374989937,0,4
0.30134467374989937,0,4
0.44377292865669604,0,4
0.44377292865669604,1,4
0.30134467374989937,1,4
0.30134467374989937,0,4
0.44377292865669604,0,4
0.23094998449843862,0,4
0.23807557274184676,0,4
0.23094998449843862,0,4
0.44377292865669604,0,4
0.3458804938428388,1,4
0.3150608256121511,0,4
0.13471011682328982,0,4
0.13642503818888818,0,4
0.3150608256121511,0,4
0.33918999878303513,0,4
0.31366840258966544,0,4
0.3458804938428388,0,4
0.3458804938428388,0,4
0.17723137784998422,0,4
0.31734103199690067,0,4
0.31366840258966544,0,4
0.17723137784998422,0,4
0.31734103199690067,0,4
0.2995345641840911,0,4
0.17723137784998422,0,4
0.2944768245095949,0,4
0.2944768245095949,1,4
0.4545463601961549,1,4
0.2944768245095949,1,4
0.19294322180593082,0,4
0.057088229890434716,1,4
0.19294322180593082,0,4
0.3588120812622285,0,4
0.28929846057363584,0,4
0.29523510319034973,0,4
0.24006928780334158,0,4
0.28929846057363584,1,4
0.28929846057363584,0,4
0.3588120812622285,0,4
0.17458261457177848,0,4
0.23389789841666575,0,4
0.24006928780334158,1,4
0.4474976670802149,1,4
0.4474976670802149,1,4
0.24277319721945234,0,4
0.2615077620551507,0,4
0.24277319721945234,0,4
0.2615077620551507,0,4
0.24277319721945234,1,4
0.33254734316451173,0,4
0.11913392978216675,0,4
0.2615077620551507,0,4
0.11913392978216675,0,4
0.35133198847011227,0,4
0.11913392978216675,0,4
0.23389789841666575,0,4
0.4474976670802149,0,4
0.23389789841666575,0,4
0.35133198847011227,0,4
0.12070104692313222,1,4
0.24933860407826314,1,4
0.2658411703609528,0,4
0.27970672315983525,1,4
0.31340987807700615,0,4
0.12229586944228732,1,4
0.3273968033637856,0,4
0.15459943000675636,0,4
0.3273968033637856,1,4
0.31340987807700615,0,4
0.19913469149369278,0,4
0.24933860407826314,1,4
0.15459943000675636,0,4
0.3254161105846972,0,4
0.17938617630463993,0,4
0.31340987807700615,0,4
0.12070104692313222,0,4
0.22757992807020144,0,4
0.22757992807020144,0,4
0.24211968484473445,0,4
0.19858567249050196,0,4
0.19858567249050196,0,4
0.24211968484473445,1,4
0.19858567249050196,1,4
0.30230520441001085,0,4
0.24211968484473445,1,4
0.30230520441001085,1,4
0.2681012051497563,1,4
0.30230520441001085,0,4
0.2681012051497563,0,4
0.27869897965218116,0,4
0.27869897965218116,1,4
0.2681012051497563,0,4
0.17938617630463993,0,4
0.22259875537214624,1,4
0.2395298819997821,0,4
0.18754266935939345,1,4
0.2395298819997821,0,4
0.18754266935939345,1,4
0.2395298819997821,0,4
0.18754266935939345,0,4
0.2825477108606703,0,4
0.2825477108606703,0,4
0.2659330177996193,0,4
0.22259875537214624,0,4
0.21468527643653834,0,4
0.3995352714863307,0,4
0.3995352714863307,0,4
0.21468527643653834,0,4
0.21468527643653834,0,4
0.3995352714863307,0,4
0.22259875537214624,0,4
0.1955988448835707,0,4
0.27602333249424604,0,4
0.24803412534488634,0,4
0.24803412534488634,0,4
0.3156711662015901,0,4
0.19710674308500498,0,4
0.24803412534488634,0,4
0.19710674308500498,0,4
0.19710674308500498,1,4
0.18620925134249822,0,4
0.18620925134249822,1,4
0.19710674308500498,0,4
0.28900173342346325,0,4
0.28900173342346325,0,4
0.175727584720746,1,4
0.27602333249424604,0,4
0.175727584720746,1,4
0.30134467374989937,0,4
0.23807557274184676,0,4
0.165237159256585,0,4
0.3533309261103088,0,4
0.165237159256585,0,4
0.3533309261103088,1,4
0.165237159256585,0,4
0.3533309261103088,0,4
0.30134467374989937,0,4
0.1955988448835707,0,4
0.4153280651437741,1,4
0.23807557274184676,0,4
0.23094998449843862,0,4
0.23807557274184676,0,4
0.23094998449843862,0,4
0.23094998449843862,0,4
0.4153280651437741,0,4
0.2683376052912517,0,4
0.2322014271935331,0,4
0.19972170469237038,0,4
0.20331921843607137,0,4
0.20331921843607137,0,4
0.19972170469237038,0,4
0.3071580007734863,1,4
0.20331921843607137,0,4
0.3071580007734863,0,4
0.26646563107576593,1,4
0.2198302127548566,0,4
0.26646563107576593,1,4
0.2198302127548566,0,4
0.2683376052912517,1,4
0.20331921843607137,1,4
0.2322014271935331,0,4
0.39148968055989275,0,4
0.2683376052912517,0,4
0.15716635105349508,0,4
0.2570806828084037,0,4
0.2570806828084037,0,4
0.15716635105349508,1,4
0.2322014271935331,0,4
0.2570806828084037,0,4
0.19267230138787106,0,4
0.15716635105349508,0,4
0.19267230138787106,0,4
0.42401794636580803,1,4
0.2450103797279154,0,4
0.39148968055989275,0,4
0.2450103797279154,0,4
0.4037660460114574,1,4
0.4474976670802149,1,4
0.4474976670802149,1,4
0.23389789841666575,1,4
0.23389789841666575,1,4
0.4474976670802149,0,4
0.23389789841666575,1,4
0.11651113465638596,0,4
0.11651113465638596,0,4
0.3515777377239302,1,4
0.24277319721945234,1,4
0.24740605873466126,1,4
0.24740605873466126,0,4
0.24277319721945234,0,4
0.3515777377239302,1,4
0.17017251919945642,0,4
0.23404164963424834,0,4
0.26915919303202274,0,4
0.2241573056382924,0,4
0.17017251919945642,0,4
0.2241573056382924,0,4
0.2241573056382924,0,4
0.27685620368221675,0,4
0.30627937444762354,0,4
0.23404164963424834,1,4
0.27685620368221675,1,4
0.267350297371169,1,4
0.267350297371169,0,4
0.27685620368221675,0,4
0.35105084321567026,0,4
0.26915919303202274,0,4
0.13642503818888818,0,4
0.3515777377239302,0,4
0.17358158328284012,0,4
0.31734103199690067,1,4
0.17358158328284012,1,4
0.31734103199690067,1,4
0.17358158328284012,0,4
0.31366840258966544,1,4
0.2995345641840911,0,4
0.3458804938428388,0,4
0.31366840258966544,0,4
0.31366840258966544,1,4
0.3458804938428388,0,4
0.3515777377239302,1,4
0.13642503818888818,0,4
0.3458804938428388,0,4
0.27685620368221675,0,4
0.17017251919945642,0,4
0.17017251919945642,0,4
0.2241573056382924,0,4
0.35105084321567026,0,4
0.2241573056382924,1,4
0.267350297371169,0,4
0.2241573056382924,0,4
0.30627937444762354,0,4
0.23404164963424834,0,4
0.27685620368221675,0,4
0.267350297371169,0,4
0.23404164963424834,1,4
0.26915919303202274,0,4
0.26915919303202274,0,4
0.27685620368221675,0,4
0.27869897965218116,0,4
0.1870177533167594,0,4
0.27869897965218116,0,4
0.22757992807020144,1,4
0.1870177533167594,0,4
0.39148968055989275,0,4
0.39148968055989275,0,4
0.39148968055989275,0,4
0.30134467374989937,0,4
0.30230520441001085,0,4
0.1870177533167594,0,4
0.30134467374989937,1,4
0.30230520441001085,0,4
0.30134467374989937,0,4
0.22757992807020144,0,4
0.27869897965218116,0,4
0.22757992807020144,0,4
0.30230520441001085,1,4
0.24469172924489824,0,4
0.42401794636580803,1,4
0.24469172924489824,0,4
0.24469172924489824,0,4
0.42401794636580803,0,4
0.24469172924489824,0,4
0.42401794636580803,0,4
0.2676968633062736,0,4
0.37178855671387234,0,4
0.3923376503596957,0,4
0.14180818236655535,0,4
0.33802132094514103,1,4
0.14180818236655535,0,4
0.33802132094514103,0,4
0.20771195762944838,0,4
0.3923376503596957,1,4
0.20771195762944838,0,4
0.14180818236655535,0,4
0.19972170469237038,0,4
0.26646563107576593,0,4
0.2137953847127042,0,4
0.26646563107576593,1,4
0.2198302127548566,0,4
0.23592706199951208,0,4
0.2198302127548566,0,4
0.2683376052912517,0,4
0.2683376052912517,1,4
0.20331921843607137,0,4
0.20331921843607137,0,4
0.3071580007734863,0,4
0.2322014271935331,0,4
0.2683376052912517,0,4
0.2322014271935331,1,4
0.2322014271935331,0,4
0.19972170469237038,0,4
0.2198302127548566,0,4
0.3574582931454876,1,4
0.2920383912818848,1,4
0.2503184826473194,0,4
0.1474994751585812,0,4
0.37364833939886066,0,4
0.1474994751585812,1,4
0.37364833939886066,0,4
0.3574582931454876,1,4
0.17243688787518685,0,4
0.17243688787518685,0,4
0.17243688787518685,1,4
0.2503184826473194,0,4
0.2920383912818848,0,4
0.2503184826473194,1,4
0.2920383912818848,1,4
0.2503184826473194,0,4
0.2920383912818848,1,4
0.3574582931454876,0,4
0.19710674308500498,0,4
0.18620925134249822,0,4
0.19710674308500498,0,4
0.19710674308500498,0,4
0.18620925134249822,0,4
0.28900173342346325,0,4
0.27602333249424604,0,4
0.1955988448835707,0,4
0.27602333249424604,0,4
0.24803412534488634,0,4
0.175727584720746,0,4
0.1539955736250468,0,4
0.1955988448835707,0,4
0.175727584720746,0,4
0.2746869674960285,0,4
0.24803412534488634,0,4
0.27008180172914087,0,4
0.27008180172914087,1,4
0.3129029093976633,1,4
0.3129029093976633,0,4
0.25576079336403446,0,4
0.195232441662597,0,4
0.25576079336403446,0,4
0.18909755207982315,0,4
0.31734103199690067,1,4
0.31734103199690067,0,4
0.195232441662597,1,4
0.31734103199690067,0,4
0.2012694189147356,0,4
0.19064782654669443,0,4
0.31734103199690067,0,4
0.27008180172914087,0,4
0.3129029093976633,1,4
0.2012694189147356,1,4
0.21416196366134144,0,4
0.20513547088529072,0,4
0.21416196366134144,1,4
0.20513547088529072,0,4
0.21416196366134144,0,4
0.20513547088529072,0,4
0.3726199843136734,1,4
0.24741526101103295,0,4
0.24741526101103295,0,4
0.40757715005474593,0,4
0.21799534748407046,1,4
0.21799534748407046,0,4
0.40757715005474593,0,4
0.40757715005474593,0,4
0.1909425068182209,0,4
0.3726199843136734,1,4
0.2944768245095949,0,4
0.24006928780334158,0,4
0.4545463601961549,1,4
0.298376328833004,0,4
0.2944768245095949,0,4
0.4545463601961549,1,4
0.19294322180593082,0,4
0.17458261457177848,0,4
0.17458261457177848,0,4
0.19294322180593082,0,4
0.2980913777278795,0,4
0.24933860407826314,0,4
0.15459943000675636,0,4
0.15459943000675636,0,4
0.24933860407826314,1,4
0.17458261457177848,0,4
0.24006928780334158,0,4
0.29627581923399315,0,4
0.21603721664360453,1,4
0.2944768245095949,0,4
0.1997483943204552,0,4
0.37685558582014633,1,4
0.1997483943204552,0,4
0.14033817372957114,0,4
0.29627581923399315,0,4
0.14033817372957114,0,4
0.37685558582014633,0,4
0.14033817372957114,0,4
0.21603721664360453,0,4
0.33838399091576576,0,4
0.33838399091576576,0,4
0.21603721664360453,1,4
0.33838399091576576,0,4
0.29627581923399315,0,4
0.31340987807700615,0,4
0.3273968033637856,0,4
0.3273968033637856,1,4
0.31340987807700615,0,4
0.17938617630463993,0,4
0.12070104692313222,0,4
0.17938617630463993,0,4
0.3588120812622285,0,4
0.2658411703609528,0,4
0.27970672315983525,1,4
0.28929846057363584,0,4
0.3588120812622285,1,4
0.28929846057363584,0,4
0.3588120812622285,1,4
0.12070104692313222,0,4
0.31340987807700615,0,4
0.28929846057363584,1,4
0.33490466861724455,0,4
0.2896543578661528,0,4
0.2331117556368223,0,4
0.3273968033637856,1,4
0.2331117556368223,1,4
0.2162869748699643,0,4
0.24524233839032128,0,4
0.2162869748699643,0,4
0.2896543578661528,0,4
0.2162869748699643,0,4
0.277351111075018,0,4
0.17639846263550274,0,4
0.33490466861724455,0,4
0.33490466861724455,0,4
0.17639846263550274,1,4
0.17639846263550274,0,4
0.277351111075018,0,4
0.28029328283947064,0,4
0.2057162542597809,0,4
0.2057162542597809,1,4
0.28029328283947064,0,4
0.27989676544629205,0,4
0.27989676544629205,0,4
0.1547480010418153,0,4
0.16357057230249483,0,4
0.3139753980995189,1,4
0.1547480010418153,0,4
0.2057162542597809,0,4
0.2057162542597809,0,4
0.28029328283947064,0,4
0.17816790975208519,0,4
0.3791604537455022,1,4
0.3791604537455022,1,4
0.17816790975208519,1,4
0.17816790975208519,0,4
0.3791604537455022,0,4
0.3791604537455022,0,4
0.17816790975208519,0,4
0.26802281326570065,0,4
0.16407171083467276,0,4
0.2511314503093762,0,4
0.2511314503093762,0,4
0.3411311572459722,0,4
0.25372525893127895,0,4
0.22110574473586997,1,4
0.30405547159179325,0,4
0.29145963143775244,0,4
0.36101352024896727,0,4
0.30405547159179325,0,4
0.36101352024896727,0,4
0.36101352024896727,0,4
0.30405547159179325,1,4
0.27494713396444315,1,4
0.2511314503093762,0,4
0.16407171083467276,0,4
0.26179967461019116,0,4
0.1893981966879842,0,4
0.2660113030130581,1,4
0.29572388463096966,0,4
0.29572388463096966,0,4
0.2840622919196293,0,4
0.2656256227199181,1,4
0.2656256227199181,0,4
0.29975932640976144,0,4
0.2656256227199181,0,4
0.2840622919196293,0,4
0.1893981966879842,0,4
0.26179967461019116,0,4
0.26179967461019116,0,4
0.1893981966879842,0,4
0.2840622919196293,0,4
0.24644905674086637,1,4
0.25849847304967877,1,4
0.360900038562907,1,4
0.25849847304967877,0,4
0.20651987691912366,0,4
0.24644905674086637,0,4
0.2579858958020712,1,4
0.3227281979418559,1,4
0.24644905674086637,0,4
0.3227281979418559,1,4
0.41541307709542474,0,4
0.3227281979418559,1,4
0.37001129436827596,1,4
0.17632580135000808,1,4
0.37001129436827596,0,4
0.2579858958020712,1,4
0.17632580135000808,0,4
0.29038701260019995,0,4
0.3028395906756841,0,4
0.21212731541722807,0,4
0.15511349311019407,0,4
0.29666053214259736,0,4
0.15511349311019407,1,4
0.15511349311019407,0,4
0.21212731541722807,0,4
0.21212731541722807,1,4
0.21212731541722807,1,4
0.24758271205373705,0,4
0.2973928937821009,0,4
0.24758271205373705,0,4
0.2973928937821009,1,4
0.3028395906756841,0,4
0.29038701260019995,1,4
0.15511349311019407,0,4
0.267350297371169,1,4
0.27685620368221675,0,4
0.267350297371169,0,4
0.267350297371169,0,4
0.267350297371169,0,4
0.27685620368221675,0,4
0.27685620368221675,1,4
0.30627937444762354,0,4
0.27685620368221675,1,4
0.27685620368221675,0,4
0.27970672315983525,1,4
0.12070104692313222,0,4
0.17938617630463993,0,4
0.12070104692313222,0,4
0.17938617630463993,1,4
0.2658411703609528,0,4
0.27970672315983525,0,4
0.27970672315983525,0,4
0.2658411703609528,0,4
0.2658411703609528,0,4
0.2511314503093762,0,4
0.2511314503093762,1,4
0.3411311572459722,0,4
0.3411311572459722,0,4
0.2511314503093762,0,4
0.2511314503093762,0,4
0.3411311572459722,0,4
0.16407171083467276,0,4
0.2511314503093762,0,4
0.20331921843607137,0,4
0.23592706199951208,0,4
0.3071580007734863,0,4
0.20331921843607137,0,4
0.3071580007734863,0,4
0.20331921843607137,0,4
0.23592706199951208,0,4
0.19972170469237038,0,4
0.19972170469237038,0,4
0.16407171083467276,0,4
0.17632580135000808,1,4
0.360900038562907,1,4
0.25849847304967877,0,4
0.29666053214259736,0,4
0.360900038562907,0,4
0.25849847304967877,1,4
0.360900038562907,1,4
0.25849847304967877,1,4
0.29666053214259736,0,4
0.30627937444762354,0,4
0.267350297371169,0,4
0.27685620368221675,0,4
0.27685620368221675,1,4
0.267350297371169,0,4
0.30627937444762354,0,4
0.27685620368221675,1,4
0.27685620368221675,0,4
0.17632580135000808,0,4
0.310390645136855,0,4
0.310390645136855,1,4
0.31366840258966544,0,4
0.31366840258966544,1,4
0.310390645136855,0,4
0.2331117556368223,1,4
0.2896543578661528,0,4
0.2896543578661528,0,4
0.2331117556368223,0,4
0.2896543578661528,0,4
0.31366840258966544,0,4
0.2331117556368223,1,4
0.3224289318839768,0,4
0.1474994751585812,1,4
0.3224289318839768,0,4
0.37364833939886066,0,4
0.31366840258966544,0,4
0.37364833939886066,0,4
0.37364833939886066,1,4
0.1474994751585812,0,4
0.1474994751585812,0,4
0.37364833939886066,0,4
0.37364833939886066,1,4
0.1474994751585812,1,4
0.31366840258966544,1,4
0.1474994751585812,0,4
0.2842643605777575,0,4
0.29975932640976144,0,4
0.2842643605777575,0,4
0.2842643605777575,1,4
0.29975932640976144,0,4
0.29572388463096966,0,4
0.29975932640976144,0,4
0.29975932640976144,0,4
0.29572388463096966,1,4
0.20513547088529072,1,4
0.21416196366134144,0,4
0.21416196366134144,0,4
0.20513547088529072,0,4
0.21416196366134144,0,4
0.21416196366134144,1,4
0.20513547088529072,0,4
0.20513547088529072,0,4
0.21416196366134144,0,4
0.20513547088529072,0,4
0.3028395906756841,0,4
0.3028395906756841,1,4
0.29038701260019995,0,4
0.29038701260019995,0,4
0.3028395906756841,1,4
0.29038701260019995,0,4
0.3028395906756841,0,4
0.29038701260019995,0,4
0.29038701260019995,1,4
0.2057162542597809,0,4
0.2057162542597809,1,4
0.28029328283947064,1,4
0.28029328283947064,0,4
0.3028395906756841,0,4
0.2057162542597809,1,4
0.28029328283947064,0,4
0.28029328283947064,0,4
0.2057162542597809,1,4
0.2842643605777575,0,4
0.29975932640976144,0,4
0.2842643605777575,1,4
0.29975932640976144,0,4
0.29975932640976144,0,4
0.29975932640976144,0,4
0.29572388463096966,0,4
0.2842643605777575,1,4
0.239407594908142,0,4
0.3474735571055926,0,4
0.17395188815337181,0,4
0.24700394413893823,0,4
0.17395188815337181,0,4
0.2511314503093762,0,4
0.2746869674960285,0,4
0.1955988448835707,1,4
0.175727584720746,1,4
0.1539955736250468,0,4
0.175727584720746,0,4
0.1955988448835707,0,4
0.2122948236262392,0,4
0.34487456751020407,0,4
0.32581176326962924,0,4
0.2122948236262392,0,4
0.32581176326962924,0,4
0.28216712469657845,0,4
0.2122948236262392,0,4
0.28311744155560437,1,4
0.28311744155560437,0,4
0.28216712469657845,0,4
0.28216712469657845,0,4
0.2122948236262392,0,4
0.34487456751020407,0,4
0.26885908629833233,0,4
0.26885908629833233,0,4
0.26687017515128664,1,4
0.27592694490889125,0,4
0.28144752890332814,0,4
0.24841430827317867,0,4
0.31294402012447164,0,4
0.24841430827317867,1,4
0.28144752890332814,0,4
0.14655746507245704,0,4
0.24619016011828498,0,4
0.14655746507245704,0,4
0.2831020746016958,0,4
0.26687017515128664,0,4
0.25319517961376425,0,4
0.239554511360915,1,4
0.1608387422952664,0,4
0.2539972749378565,0,4
0.28337897734172846,0,4
0.2879958178843858,0,4
0.2879958178843858,0,4
0.28337897734172846,0,4
0.34312241642553476,0,4
0.20944819530422265,0,4
0.20944819530422265,0,4
0.264967868704424,0,4
0.29521188600142945,0,4
0.264967868704424,0,4
0.29521188600142945,0,4
0.34297005290314364,0,4
0.2836320717235108,0,4
0.22548913070149557,0,4
0.344753553051788,0,4
0.22548913070149557,0,4
0.1608387422952664,0,4
0.16179679229563682,0,4
0.25319517961376425,0,4
0.25319517961376425,0,4
0.2484856843121086,1,4
0.344753553051788,0,4
0.344753553051788,1,4
0.2484856843121086,1,4
0.16179679229563682,0,4
0.2686040433260273,0,4
0.2686040433260273,1,4
0.2829476244903608,0,4
0.2829476244903608,0,4
0.2686040433260273,0,4
0.2831020746016958,0,4
0.28311744155560437,0,4
0.27853115105028636,1,4
0.3147189601147108,1,4
0.27853115105028636,0,4
0.27853115105028636,0,4
0.2829476244903608,0,4
0.29521188600142945,0,4
0.26616711624300515,0,4
0.3275465730367624,1,4
0.32293243687122186,0,4
0.2836320717235108,0,4
0.19544587775220468,0,4
0.32293243687122186,0,4
0.3103032848391192,1,4
0.32293243687122186,0,4
0.26616711624300515,0,4
0.19544587775220468,0,4
0.26616711624300515,0,4
0.19544587775220468,0,4
0.27853115105028636,0,4
0.27853115105028636,0,4
0.206988387038878,0,4
0.2836320717235108,0,4
0.206988387038878,0,4
0.20982193136676885,0,4
0.23959056261898382,0,4
0.2198302127548566,0,4
0.29622132009900537,0,4
0.2198302127548566,0,4
0.26891461193581934,0,4
0.2198302127548566,1,4
0.28337897734172846,0,4
0.29521188600142945,0,4
0.29521188600142945,0,4
0.28337897734172846,0,4
0.29521188600142945,0,4
0.14808480495083443,0,4
0.28337897734172846,0,4
0.2600917442679176,0,4
0.20982193136676885,0,4
0.206988387038878,0,4
0.20982193136676885,0,4
0.206988387038878,0,4
0.20982193136676885,0,4
0.3008540944612045,0,4
0.3139106231909261,0,4
0.2738056738756728,0,4
0.2971856175577251,0,4
0.2829476244903608,1,4
0.27394012215362784,0,4
0.14808480495083443,0,4
0.2738056738756728,0,4
0.2875365660854612,0,4
0.27895538390500707,0,4
0.23714972719090943,0,4
0.32581176326962924,0,4
0.23714972719090943,0,4
0.17458261457177848,0,4
0.21691665414336836,1,4
0.17458261457177848,0,4
0.21691665414336836,0,4
0.23714972719090943,0,4
0.34281644799596844,0,4
0.34281644799596844,0,4
0.26954328395292515,0,4
0.3159229406316778,0,4
0.2770839306608911,1,4
0.2770839306608911,0,4
0.3159229406316778,0,4
0.3159229406316778,0,4
0.31529202942877044,1,4
0.20212096964402282,0,4
0.20212096964402282,0,4
0.3350828685211936,0,4
0.20212096964402282,0,4
0.35286982592834315,0,4
0.2770839306608911,0,4
0.26954328395292515,1,4
0.2829476244903608,0,4
0.2829476244903608,0,4
0.29794042363864837,0,4
0.276116323213761,0,4
0.2828168049704013,0,4
0.381859596154576,0,4
0.276116323213761,0,4
0.2240908349163251,1,4
0.26954328395292515,1,4
0.31191043416964126,0,4
0.2851581969289464,0,4
0.2569665816269874,0,4
0.2851581969289464,0,4
0.2829476244903608,0,4
0.2829476244903608,1,4
0.2829476244903608,0,4
0.2240908349163251,0,4
0.2499865515605585,0,4
0.3127661247794892,0,4
0.2499865515605585,0,4
0.29546981844708287,1,4
0.18567459784619478,0,4
0.2956105742522387,0,4
0.2829476244903608,0,4
0.2831324898516707,0,4
0.2831324898516707,0,4
0.23347435997873323,1,4
0.2829476244903608,0,4
0.2829476244903608,0,4
0.29794042363864837,0,4
0.27129354241209547,0,4
0.2829476244903608,1,4
0.27129354241209547,1,4
0.2829476244903608,0,4
0.2831324898516707,1,4
0.23347435997873323,0,4
0.2829476244903608,0,4
0.2829476244903608,0,4
0.29546981844708287,0,4
0.29794042363864837,0,4
0.2499865515605585,0,4
0.2499865515605585,0,4
0.343843038016757,1,4
0.343843038016757,0,4
0.3127661247794892,1,4
0.29794042363864837,0,4
0.14714127483760187,0,4
0.2699098214020278,0,4
0.2829476244903608,0,4
0.2829476244903608,0,4
0.2699582410092889,0,4
0.343843038016757,0,4
0.2699098214020278,0,4
0.28651219238398995,1,4
0.3058559788331874,0,4
0.3192924991104438,1,4
0.3192924991104438,1,4
0.2770839306608911,0,4
0.3192924991104438,0,4
0.276116323213761,0,4
0.38615231592039545,1,4
0.3058559788331874,0,4
0.3352154401954208,0,4
0.2770839306608911,0,4
0.28651219238398995,0,4
0.27558093573924825,0,4
0.27534280920108156,0,4
0.27534280920108156,0,4
0.13096199562610678,0,4
0.3015626744015949,0,4
0.28444920137435337,0,4
0.282914095641991,1,4
0.27558093573924825,0,4
0.282914095641991,0,4
0.282914095641991,0,4
0.27558093573924825,0,4
0.38615231592039545,0,4
0.13096199562610678,0,4
0.3352154401954208,0,4
0.23943137409455328,0,4
0.22554641769838668,0,4
0.1885931887296397,0,4
0.239554511360915,0,4
0.1885931887296397,0,4
0.2885259346034448,1,4
0.2499865515605585,1,4
0.27129354241209547,0,4
0.27129354241209547,0,4
0.2499865515605585,1,4
0.39993822410223845,1,4
0.39993822410223845,0,4
0.23579578466482798,0,4
0.23579578466482798,0,4
0.27558093573924825,0,4
0.2956105742522387,0,4
0.22554641769838668,0,4
0.2831324898516707,0,4
0.17899075185705005,0,4
0.27558093573924825,1,4
0.27946343429467935,0,4
0.27558093573924825,0,4
0.2828698917164444,0,4
0.2831324898516707,0,4
0.27558093573924825,0,4
0.2828698917164444,1,4
0.3008595831721198,0,4
0.397886250668568,0,4
0.20163266130650626,0,4
0.3171425090458302,0,4
0.20163266130650626,0,4
0.3171425090458302,0,4
0.204013157927594,0,4
0.1567771450522345,1,4
0.14926938276028834,0,4
0.1567771450522345,0,4
0.2915002346512384,0,4
0.1567771450522345,0,4
0.30272128318978286,0,4
0.30272128318978286,0,4
0.3515777377239302,0,4
0.14926938276028834,0,4
0.2915002346512384,1,4
0.1675528621112351,0,4
0.39148968055989275,1,4
0.18618483966934107,0,4
0.3666021905689296,1,4
0.3666021905689296,1,4
0.23407819932805052,0,4
0.3139753980995189,0,4
0.17527050205617267,0,4
0.17527050205617267,0,4
0.17527050205617267,0,4
0.32261230468631985,0,4
0.1675528621112351,0,4
0.3139753980995189,0,4
0.39148968055989275,0,4
0.2910349955041325,0,4
0.34206949874458337,0,4
0.2568375170174374,0,4
0.24741526101103295,1,4
0.2910349955041325,0,4
0.1997483943204552,0,4
0.3393278157592525,0,4
0.28081023605118227,0,4
0.3393278157592525,0,4
0.3139106231909261,0,4
0.2569665816269874,0,4
0.2568375170174374,0,4
0.3139106231909261,0,4
0.1997483943204552,0,4
0.13665752628725747,0,4
0.19710674308500498,0,4
0.29480859632906586,0,4
0.29480859632906586,0,4
0.19710674308500498,0,4
0.13665752628725747,0,4
0.31562638653384567,1,4
0.31562638653384567,1,4
0.2833076528619125,1,4
0.2863066135764062,0,4
0.2714916989782701,0,4
0.2833076528619125,0,4
0.34651064235087004,1,4
0.2833076528619125,0,4
0.34651064235087004,0,4
0.19710674308500498,0,4
0.2714916989782701,0,4
0.29480859632906586,0,4
0.22034269182631216,0,4
0.19710818413274878,0,4
0.3248914996539134,0,4
0.3248914996539134,0,4
0.3248914996539134,0,4
0.19198971946568077,0,4
0.19198971946568077,0,4
0.19710674308500498,0,4
0.35390215297155914,1,4
0.22034269182631216,0,4
0.2241573056382924,0,4
0.22034269182631216,0,4
0.21564706358998043,0,4
0.1881198538661284,0,4
0.1881198538661284,0,4
0.21564706358998043,0,4
0.19710818413274878,0,4
0.19710674308500498,0,4
0.35390215297155914,1,4
0.3254161105846972,0,4
0.24933860407826314,0,4
0.24933860407826314,0,4
0.15459943000675636,0,4
0.15459943000675636,1,4
0.24933860407826314,0,4
0.3254161105846972,0,4
0.3254161105846972,0,4
0.2825477108606703,0,4
0.29414072701690963,0,4
0.31867672885922393,0,4
0.31867672885922393,0,4
0.2585080380975522,0,4
0.28594429465498195,0,4
0.29970849791572474,0,4
0.29970849791572474,0,4
0.28594429465498195,0,4
0.19913469149369278,0,4
0.29970849791572474,1,4
0.2585080380975522,0,4
0.24211968484473445,0,4
0.2585080380975522,0,4
0.1870177533167594,0,4
0.1870177533167594,0,4
0.17243688787518685,0,4
0.37685558582014633,0,4
0.17243688787518685,0,4
0.37685558582014633,0,4
0.37685558582014633,1,4
0.17243688787518685,0,4
0.1662301253238322,0,4
0.3008540944612045,0,4
0.30071190781618384,0,4
0.1662301253238322,0,4
0.30071190781618384,1,4
0.175727584720746,0,4
0.1539955736250468,0,4
0.1955988448835707,0,4
0.175727584720746,1,4
0.2746869674960285,1,4
0.1955988448835707,0,4
0.24211968484473445,0,4
0.1870177533167594,0,4
0.24211968484473445,0,4
0.19245149884822776,0,4
0.32132407045181655,1,4
0.32132407045181655,0,4
0.19245149884822776,0,4
0.32132407045181655,0,4
0.31734103199690067,0,4
0.30769461573861434,1,4
0.19245149884822776,0,4
0.31562638653384567,0,4
0.14926938276028834,0,4
0.31562638653384567,0,4
0.14926938276028834,0,4
0.31734103199690067,0,4
0.22485271456296152,1,4
0.23094998449843862,0,4
0.22485271456296152,0,4
0.23094998449843862,0,4
0.23094998449843862,0,4
0.22485271456296152,0,4
0.4010124531106012,0,4
0.17703106666835866,0,4
0.17703106666835866,0,4
0.39148968055989275,1,4
0.17703106666835866,0,4
0.2730228865555203,0,4
0.24741526101103295,0,4
0.2825477108606703,0,4
0.24741526101103295,0,4
0.2825477108606703,0,4
0.21826253367398896,0,4
0.39148968055989275,0,4
0.290856724011368,1,4
0.1789979044558645,0,4
0.37685558582014633,0,4
0.290856724011368,0,4
0.17243688787518685,1,4
0.37685558582014633,0,4
0.37685558582014633,1,4
0.17243688787518685,0,4
0.1789979044558645,0,4
0.17243688787518685,0,4
0.290856724011368,0,4
0.14180818236655535,0,4
0.14180818236655535,0,4
0.21841882704955107,0,4
0.31734103199690067,0,4
0.31734103199690067,0,4
0.21841882704955107,0,4
0.1789979044558645,0,4
0.31734103199690067,0,4
0.39148968055989275,0,4
0.39148968055989275,0,4
0.21841882704955107,0,4
0.3663709807714315,0,4
0.3260265222146882,1,4
0.21472187165992795,0,4
0.31734103199690067,0,4
0.21472187165992795,0,4
0.31734103199690067,0,4
0.3663709807714315,1,4
0.19121115636001917,0,4
0.19121115636001917,0,4
0.21472187165992795,0,4
0.20513547088529072,0,4
0.20396608024137441,0,4
0.20513547088529072,0,4
0.20396608024137441,0,4
0.25834243052815464,0,4
0.15767972423737975,0,4
0.15767972423737975,0,4
0.25834243052815464,0,4
0.20396608024137441,0,4
0.2830478171150852,0,4
0.19351232529855722,0,4
0.19351232529855722,0,4
0.2830478171150852,0,4
0.27869897965218116,0,4
0.27869897965218116,1,4
0.22757992807020144,0,4
0.22757992807020144,0,4
0.3533309261103088,1,4
0.1587916724317583,0,4
0.3533309261103088,1,4
0.1587916724317583,0,4
0.3533309261103088,0,4
0.27869897965218116,0,4
0.282914095641991,0,4
0.29095783415676735,1,4
0.21511657511796023,0,4
0.30165644837523586,0,4
0.21511657511796023,0,4
0.1932335874252128,1,4
0.1932335874252128,0,4
0.30165644837523586,1,4
0.30165644837523586,0,4
0.29521188600142945,1,4
0.30165644837523586,0,4
0.282914095641991,0,4
0.1961086125359719,0,4
0.203374626472835,0,4
0.3139753980995189,0,4
0.3139753980995189,0,4
0.1961086125359719,0,4
0.27048717822332946,0,4
0.1961086125359719,0,4
0.17797027272616772,0,4
0.17797027272616772,0,4
0.203374626472835,0,4
0.30950694439110127,0,4
0.17797027272616772,0,4
0.05942944952470475,0,4
0.22252568714937504,0,4
0.2659299896984336,0,4
0.2659299896984336,0,4
0.22252568714937504,0,4
0.05942944952470475,0,4
0.4202822174950751,1,4
0.4202822174950751,0,4
0.28573191678472387,0,4
0.28573191678472387,1,4
0.1869174494704039,0,4
0.15821263478969672,0,4
0.32131837998313895,1,4
0.32131837998313895,0,4
0.15821263478969672,0,4
0.1869174494704039,0,4
0.261843222732009,0,4
0.25319517961376425,1,4
0.261843222732009,1,4
0.22868844691199008,0,4
0.22868844691199008,0,4
0.22868844691199008,0,4
0.3852323781889271,0,4
0.3852323781889271,0,4
0.261843222732009,0,4
0.3852323781889271,0,4
0.25319517961376425,0,4
0.25319517961376425,0,4
0.21236104511581233,0,4
0.32943160901194035,0,4
0.3043016819551364,0,4
0.32943160901194035,0,4
0.32943160901194035,0,4
0.26164233297526707,0,4
0.3043016819551364,0,4
0.21236104511581233,0,4
0.3864857085290012,0,4
0.41889057244839345,0,4
0.21236104511581233,0,4
0.41889057244839345,1,4
0.2522417825086375,0,4
0.2985226478133839,0,4
0.15419591032785385,0,4
0.2985226478133839,0,4
0.15419591032785385,0,4
0.4202822174950751,1,4
0.07048233780159907,0,4
0.4202822174950751,0,4
0.07048233780159907,0,4
0.25645413020607066,1,4
0.2522417825086375,0,4
0.17606003311676677,0,4
0.25645413020607066,0,4
0.37196825546653645,0,4
0.17606003311676677,0,4
0.16627181181321837,0,4
0.17606003311676677,0,4
0.16627181181321837,0,4
0.16627181181321837,0,4
0.25645413020607066,0,4
0.30134467374989937,0,4
0.3248914996539134,1,4
0.3166119350326343,0,4
0.3248914996539134,0,4
0.31734103199690067,0,4
0.3166119350326343,1,4
0.31734103199690067,0,4
0.31734103199690067,0,4
0.30134467374989937,0,4
0.3166119350326343,0,4
0.3248914996539134,0,4
0.3852323781889271,0,4
0.30134467374989937,0,4
0.18877748399409622,1,4
0.3852323781889271,0,4
0.18877748399409622,1,4
0.4442830167202403,1,4
0.2028796263825835,0,4
0.4442830167202403,0,4
0.2028796263825835,0,4
0.4202822174950751,0,4
0.20899464156523717,0,4
0.17975145148131988,0,4
0.17975145148131988,0,4
0.20899464156523717,0,4
0.28470491394198905,0,4
0.4202822174950751,0,4
0.07450550487932817,0,4
0.4202822174950751,0,4
0.07450550487932817,0,4
0.19583616044592322,0,4
0.2650787606618571,0,4
0.19583616044592322,0,4
0.2650787606618571,0,4
0.3008540944612045,0,4
0.17632580135000808,0,4
0.17632580135000808,0,4
0.3008540944612045,0,4
0.2183034958305835,0,4
0.2183034958305835,0,4
0.3852323781889271,1,4
0.35318471350637004,1,4
0.30679888636053154,0,4
0.30679888636053154,0,4
0.3852323781889271,1,4
0.4894615193334172,0,4
0.45960427983147023,1,4
0.17844255627678418,0,4
0.16794093039490776,0,4
0.45960427983147023,0,4
0.17844255627678418,0,4
0.3139753980995189,0,4
0.17844255627678418,0,4
0.3139753980995189,0,4
0.3139753980995189,0,4
0.16794093039490776,0,4
0.29521188600142945,0,4
0.24741526101103295,0,4
0.29521188600142945,1,4
0.24741526101103295,0,4
0.2568402254143054,0,4
0.29521188600142945,0,4
0.28878672220351853,0,4
0.28878672220351853,0,4
0.29521188600142945,0,4
0.24741526101103295,0,4
0.24741526101103295,0,4
0.2568402254143054,0,4
0.18526876687738325,0,4
0.30134467374989937,0,4
0.3508642346308396,0,4
0.17804471764984975,0,4
0.30134467374989937,0,4
0.25894556659539936,0,4
0.3508642346308396,0,4
0.18526876687738325,0,4
0.17804471764984975,0,4
0.17804471764984975,0,4
0.18526876687738325,0,4
0.3508642346308396,0,4
0.1600869539579718,0,4
0.3610681885623227,1,4
0.30938415030930955,0,4
0.3610681885623227,1,4
0.3008540944612045,1,4
0.3289804372571734,0,4
0.3008540944612045,0,4
0.1600869539579718,0,4
0.3008540944612045,0,4
0.2098761095379874,1,4
0.30938415030930955,0,4
0.3240901329029221,0,4
0.3240901329029221,0,4
0.3391368847437465,0,4
0.10748913350532707,0,4
0.3391368847437465,0,4
0.10748913350532707,0,4
0.3391368847437465,0,4
0.3391368847437465,0,4
0.3780336250896774,0,4
0.2098761095379874,0,4
0.3780336250896774,0,4
0.2896543578661528,0,4
0.2331117556368223,1,4
0.2896543578661528,0,4
0.2331117556368223,0,4
0.2896543578661528,0,4
0.2331117556368223,0,4
0.282914095641991,0,4
0.24741526101103295,1,4
0.24741526101103295,1,4
0.282914095641991,0,4
0.22043456065189082,0,4
0.22043456065189082,0,4
0.38064755691403807,0,4
0.17639846263550274,0,4
0.33490466861724455,0,4
0.17639846263550274,0,4
0.33490466861724455,0,4
0.17639846263550274,0,4
0.33490466861724455,0,4
0.38064755691403807,1,4
0.3129029093976633,1,4
0.3129029093976633,1,4
0.25629974415884293,1,4
0.23952153240676877,0,4
0.3769812814292892,0,4
0.1801744067630906,0,4
0.1801744067630906,0,4
0.23952153240676877,0,4
0.3043016819551364,0,4
0.20918553632435433,0,4
0.24741526101103295,0,4
0.3043016819551364,0,4
0.25022391549768686,0,4
0.20918553632435433,1,4
0.25022391549768686,0,4
0.20918553632435433,0,4
0.25022391549768686,0,4
0.24741526101103295,0,4
0.39148968055989275,0,4
0.39148968055989275,0,4
0.2671198281819688,0,4
0.2671198281819688,0,4
0.08085026533339623,0,4
0.08085026533339623,0,4
0.2671198281819688,1,4
0.26470543135086166,0,4
0.39148968055989275,1,4
0.17243688787518685,0,4
0.26470543135086166,0,4
0.37685558582014633,1,4
0.28262574532580786,0,4
0.28262574532580786,0,4
0.23889177043958842,0,4
0.23889177043958842,0,4
0.28262574532580786,0,4
0.17243688787518685,0,4
0.37685558582014633,0,4
0.23889177043958842,0,4
0.17243688787518685,0,4
0.2670734385030591,0,4
0.2670734385030591,1,4
0.2670734385030591,0,4
0.3842470824399502,0,4
0.3842470824399502,0,4
0.2670734385030591,0,4
0.2670734385030591,0,4
0.1100426001720537,0,4
0.2374401258190616,0,4
0.328832631732646,0,4
0.2374401258190616,0,4
0.37685558582014633,1,4
0.2374401258190616,0,4
0.37685558582014633,1,4
0.2374401258190616,0,4
0.37685558582014633,0,4
0.1100426001720537,0,4
0.34262724615775875,0,4
0.3697192281996403,0,4
0.3148322837103258,0,4
0.10412884646075349,0,4
0.3148322837103258,0,4
0.10412884646075349,0,4
0.3148322837103258,1,4
0.19802823331669572,1,4
0.34262724615775875,0,4
0.19802823331669572,1,4
0.19802823331669572,0,4
0.39148968055989275,0,4
0.19802823331669572,0,4
0.39148968055989275,0,4
0.19802823331669572,0,4
0.34262724615775875,0,4
0.2968549049741209,0,4
0.14745419607234744,1,4
0.14745419607234744,0,4
0.26609932708008266,1,4
0.27489379095063937,1,4
0.27489379095063937,0,4
0.22193587788723412,0,4
0.31330188241052226,1,4
0.31330188241052226,0,4
0.22193587788723412,0,4
0.30904785255638123,0,4
0.2663180695296177,1,4
0.30904785255638123,0,4
0.4202822174950751,0,4
0.08316866017603042,1,4
0.4202822174950751,0,4
0.16966840409685835,1,4
0.08316866017603042,1,4
0.16966840409685835,0,4
0.2552213322961798,0,4
0.2552213322961798,1,4
0.16537634297723403,0,4
0.3465910074680614,0,4
0.27564395801535124,1,4
0.4545463601961549,1,4
0.27564395801535124,0,4
0.4545463601961549,0,4
0.24006928780334158,1,4
0.07011533313710172,1,4
0.07011533313710172,0,4
0.24006928780334158,0,4
0.3818098083022686,0,4
0.21042054997985093,0,4
0.28685631506027776,0,4
0.21042054997985093,0,4
0.17750692383792366,0,4
0.21087939461162974,0,4
0.17750692383792366,0,4
0.21087939461162974,1,4
0.21087939461162974,0,4
0.28685631506027776,0,4
0.21428639955605777,0,4
0.32049940495039275,1,4
0.27713143310175004,1,4
0.3107923720479122,0,4
0.22768306502250768,1,4
0.3362395405255575,0,4
0.3362395405255575,0,4
0.28262574532580786,0,4
0.3107923720479122,0,4
0.22768306502250768,0,4
0.37685558582014633,0,4
0.5285038997319647,0,4
0.3148834049578587,1,4
0.37685558582014633,0,4
0.3148834049578587,0,4
0.37685558582014633,0,4
0.28262574532580786,1,4
0.28163946548754526,1,4
0.3161753828184195,1,4
0.28163946548754526,1,4
0.3161753828184195,1,4
0.26891103975436115,1,4
0.2981646966819178,0,4
0.2981646966819178,0,4
0.26891103975436115,0,4
0.3273968033637856,0,4
0.3576159245938678,0,4
0.09934954468580581,1,4
0.3273968033637856,1,4
0.24527408981821908,1,4
0.16779967559804698,0,4
0.26954507241119485,0,4
0.24888918167299423,0,4
0.24065055444923455,0,4
0.263722938697305,0,4
0.28163946548754526,0,4
0.09934954468580581,0,4
0.14913694889713414,0,4
0.16779967559804698,0,4
0.14913694889713414,0,4
0.18480215124711952,0,4
0.19980992976368295,0,4
0.19980992976368295,0,4
0.3028395906756841,0,4
0.3028395906756841,0,4
0.3784913140137156,0,4
0.3784913140137156,0,4
0.3028395906756841,0,4
0.2681771097192388,1,4
0.14079525680093408,0,4
0.3028395906756841,0,4
0.2681771097192388,0,4
0.40853930968592367,1,4
0.14079525680093408,1,4
0.38567679648247466,1,4
0.17816790975208519,0,4
0.17816790975208519,0,4
0.30134467374989937,0,4
0.2681771097192388,0,4
0.14079525680093408,0,4
0.38567679648247466,0,4
0.23415066929309514,0,4
0.26915919303202274,0,4
0.2841385573301596,0,4
0.3368298578897998,1,4
0.30372163585875156,0,4
0.2841385573301596,0,4
0.061830655298574566,0,4
0.24959281107909814,0,4
0.26915919303202274,0,4
0.39548879546375215,1,4
0.21264264980565217,0,4
0.24904748766689966,0,4
0.3644972060272065,1,4
0.21264264980565217,0,4
0.32810780147236374,0,4
0.061830655298574566,0,4
0.1562053768934054,0,4
0.12815878635101596,0,4
0.23415066929309514,1,4
0.2673650479754198,0,4
0.30840255999128996,0,4
0.30840255999128996,0,4
0.23415066929309514,0,4
0.12815878635101596,0,4
0.201595436967417,0,4
0.201595436967417,0,4
0.2673650479754198,0,4
0.201595436967417,0,4
0.30134467374989937,0,4
0.4203399568698041,0,4
0.4203399568698041,1,4
0.30134467374989937,0,4
0.1562053768934054,0,4
0.12815878635101596,0,4
0.2011748166105961,1,4
0.2029424615153912,0,4
0.2029424615153912,1,4
0.2011748166105961,0,4
0.2011748166105961,0,4
0.2029424615153912,0,4
0.23162267474110365,0,4
0.18848269290873898,0,4
0.18848269290873898,1,4
0.23162267474110365,0,4
0.18848269290873898,0,4
0.30134467374989937,0,4
0.2656256227199181,0,4
0.30134467374989937,0,4
0.24741526101103295,0,4
0.23162267474110365,1,4
0.29523510319034973,1,4
0.07176068676815983,0,4
0.07176068676815983,0,4
0.42011750453887875,0,4
0.32599188840245363,0,4
0.23624501894822214,0,4
0.32262620621830074,0,4
0.30280350334394,0,4
0.2000621071062828,0,4
0.1933981268758077,0,4
0.2553498638053896,0,4
0.2553498638053896,0,4
0.1933981268758077,0,4
0.32599188840245363,0,4
0.20849264200501083,0,4
0.23624501894822214,0,4
0.2000621071062828,1,4
0.20849264200501083,0,4
0.28262574532580786,0,4
0.34549749018804143,0,4
0.28262574532580786,0,4
0.2681771097192388,0,4
0.265488714706007,0,4
0.265488714706007,0,4
0.34549749018804143,1,4
0.2681771097192388,0,4
0.265488714706007,0,4
0.14033817372957114,0,4
0.30840255999128996,0,4
0.14033817372957114,0,4
0.30840255999128996,0,4
0.2681771097192388,1,4
0.3646538252215211,0,4
0.12999934173469685,0,4
0.16618008004736162,0,4
0.12999934173469685,0,4
0.2827253671617821,0,4
0.2614683870504203,0,4
0.2406408471972611,0,4
0.3646538252215211,0,4
0.2406408471972611,0,4
0.2798981121198667,0,4
0.3173937842280038,0,4
0.18656263034507037,0,4
0.302092457786602,0,4
0.2710033849038106,1,4
0.2840010615729567,0,4
0.2840010615729567,1,4
0.2840010615729567,0,4
0.2798981121198667,1,4
0.16618008004736162,1,4
0.17462961717265602,0,4
0.29182063968000926,0,4
0.34247727624430535,1,4
0.36101352024896727,0,4
0.4652264295268761,0,4
0.28262574532580786,0,4
0.34247727624430535,0,4
0.28262574532580786,0,4
0.2331117556368223,0,4
0.28464623055040583,0,4
0.2331117556368223,0,4
0.4924995305197184,0,4
0.2331117556368223,1,4
0.28464623055040583,0,4
0.17639846263550274,0,4
0.30840255999128996,0,4
0.07548718015578282,1,4
0.36101352024896727,0,4
0.30134467374989937,0,4
0.07548718015578282,0,4
0.17639846263550274,0,4
0.32913857817462244,1,4
0.30840255999128996,0,4
0.1474994751585812,0,4
0.37685558582014633,1,4
0.31777788259879425,0,4
0.37685558582014633,0,4
0.31777788259879425,0,4
0.31777788259879425,0,4
0.37685558582014633,0,4
0.3362395405255575,0,4
0.18659037048653238,1,4
0.1474994751585812,0,4
0.38567679648247466,0,4
0.2376584600308217,0,4
0.1830968980543194,0,4
0.2376584600308217,0,4
0.1830968980543194,0,4
0.3362395405255575,0,4
0.3412105373340172,0,4
0.2061656387244517,0,4
0.30994131216678833,1,4
0.23865740227363896,0,4
0.07087826429594857,0,4
0.43825009379363644,0,4
0.4012039215315525,1,4
0.41195713149001534,1,4
0.2779747343658049,0,4
0.28177626785874665,0,4
0.1705850850655961,0,4
0.28177626785874665,0,4
0.1705850850655961,1,4
0.1332361746440709,0,4
0.07087826429594857,0,4
0.18714826643054627,0,4
0.23865740227363896,0,4
0.22574430344279106,0,4
0.22574430344279106,0,4
0.38567679648247466,0,4
0.2671198281819688,1,4
0.38567679648247466,0,4
0.19102843481987597,0,4
0.28262574532580786,0,4
0.1912326356588272,0,4
0.28262574532580786,0,4
0.2671198281819688,0,4
0.22035363968778765,0,4
0.22035363968778765,0,4
0.23094998449843862,0,4
0.37685558582014633,0,4
0.3838929199754024,1,4
0.18714826643054627,0,4
0.23094998449843862,0,4
0.41195713149001534,1,4
0.1705850850655961,0,4
0.28177626785874665,0,4
0.28177626785874665,0,4
0.1705850850655961,1,4
0.22574430344279106,1,4
0.18714826643054627,0,4
0.3412105373340172,1,4
0.22574430344279106,0,4
0.1332361746440709,0,4
0.2061656387244517,0,4
0.23865740227363896,1,4
0.23865740227363896,1,4
0.2779747343658049,1,4
0.30994131216678833,0,4
0.18714826643054627,0,4
0.4012039215315525,1,4
0.4203399568698041,1,4
0.07087826429594857,0,4
0.13647039266919347,0,4
0.26678546079935817,0,4
0.07087826429594857,0,4
0.13647039266919347,0,4
0.2681068277343658,1,4
0.2681771097192388,0,4
0.2681068277343658,0,4
0.26678546079935817,0,4
0.2681068277343658,1,4
0.2059653979263747,1,4
0.24766128405198917,0,4
0.4203399568698041,1,4
0.24741526101103295,0,4
0.43825009379363644,0,4
0.2681771097192388,1,4
0.37685558582014633,0,4
0.37685558582014633,0,4
0.18822863653222766,0,4
0.37685558582014633,1,4
0.18822863653222766,1,4
0.37685558582014633,0,4
0.18822863653222766,0,4
0.18822863653222766,0,4
0.20098714240209714,0,4
0.2681771097192388,1,4
0.1517366747622536,0,4
0.17694881937429408,1,4
0.2681771097192388,0,4
0.17694881937429408,1,4
0.1547451418333995,0,4
0.17694881937429408,1,4
0.20098714240209714,0,4
0.28733216614387136,0,4
0.2433172324021794,0,4
0.24904748766689966,0,4
0.23415066929309514,0,4
0.1637752547583008,0,4
0.3406451483390115,0,4
0.23415066929309514,0,4
0.32008701053282107,1,4
0.3406451483390115,0,4
0.21264264980565217,0,4
0.3644972060272065,0,4
0.3644972060272065,1,4
0.15276661490924104,0,4
0.3132288168772328,0,4
0.061830655298574566,0,4
0.26915919303202274,0,4
0.26915919303202274,1,4
0.061830655298574566,0,4
0.24959281107909814,1,4
0.21264264980565217,0,4
0.3368298578897998,1,4
0.39548879546375215,0,4
0.2841385573301596,0,4
0.2841385573301596,0,4
0.4203399568698041,0,4
0.4236044512460829,0,4
0.4203399568698041,0,4
0.4236044512460829,0,4
0.33918999878303513,1,4
0.37685558582014633,0,4
0.21468527643653834,0,4
0.21468527643653834,0,4
0.4236044512460829,0,4
0.3995352714863307,1,4
0.3368298578897998,0,4
0.37685558582014633,0,4
0.239676255538798,0,4
0.16362324141587448,1,4
0.28262574532580786,0,4
0.16362324141587448,0,4
0.239676255538798,0,4
0.21468527643653834,0,4
0.239676255538798,0,4
0.4545463601961549,0,4
0.21087939461162974,0,4
0.1858816901744046,0,4
0.1858816901744046,0,4
0.21087939461162974,1,4
0.07011533313710172,0,4
0.24006928780334158,0,4
0.07011533313710172,0,4
0.24577859303717164,0,4
0.27564395801535124,0,4
0.27564395801535124,1,4
0.4545463601961549,0,4
0.21428639955605777,0,4
0.28685631506027776,0,4
0.28685631506027776,0,4
0.21428639955605777,0,4
0.32049940495039275,1,4
0.35675254293358327,0,4
0.4545463601961549,0,4
0.15105017805786736,0,4
0.2253381617313085,1,4
0.21042054997985093,0,4
0.1555395611524757,0,4
0.23834463431053232,0,4
0.23834463431053232,0,4
0.1555395611524757,0,4
0.3818098083022686,0,4
0.26785108838401117,0,4
0.18877748399409622,1,4
0.4236044512460829,0,4
0.4236044512460829,0,4
0.40335846982043233,1,4
0.2253381617313085,0,4
0.3362395405255575,0,4
0.3362395405255575,0,4
0.3359989569893732,0,4
0.2253381617313085,0,4
0.3818098083022686,0,4
0.21042054997985093,0,4
0.24741526101103295,0,4
0.30238639570035986,0,4
0.23652998917017642,0,4
0.23652998917017642,1,4
0.38567679648247466,1,4
0.30238639570035986,1,4
0.23652998917017642,0,4
0.28262574532580786,1,4
0.14180818236655535,0,4
0.15395274561751604,0,4
0.38567679648247466,0,4
0.2681771097192388,1,4
0.18532664624937267,0,4
0.18185154446188057,0,4
0.15395274561751604,0,4
0.18185154446188057,0,4
0.14180818236655535,0,4
0.3100859276633391,0,4
0.24888918167299423,1,4
0.263722938697305,0,4
0.16779967559804698,0,4
0.26954507241119485,0,4
0.16779967559804698,0,4
0.26891103975436115,0,4
0.3161753828184195,0,4
0.26954507241119485,0,4
0.26891103975436115,0,4
0.3615816664342353,0,4
0.2669268186060548,0,4
0.28163946548754526,1,4
0.3615816664342353,1,4
0.2669268186060548,0,4
0.3273968033637856,0,4
0.09934954468580581,0,4
0.3273968033637856,0,4
0.24527408981821908,0,4
0.3576159245938678,0,4
0.3100859276633391,0,4
0.3161753828184195,0,4
0.09934954468580581,0,4
0.18480215124711952,0,4
0.18480215124711952,0,4
0.38567679648247466,0,4
0.26974811914669783,0,4
0.38567679648247466,0,4
0.38567679648247466,1,4
0.26974811914669783,0,4
0.3362395405255575,0,4
0.11651113465638596,1,4
0.3362395405255575,0,4
0.11651113465638596,0,4
0.26974811914669783,0,4
0.11651113465638596,0,4
0.14913694889713414,0,4
0.3362395405255575,1,4
0.21656136033974416,0,4
0.16414168357452807,0,4
0.16414168357452807,0,4
0.20836865265638327,0,4
0.16414168357452807,0,4
0.3362395405255575,0,4
0.11651113465638596,0,4
0.20836865265638327,0,4
0.2968549049741209,0,4
0.31330188241052226,0,4
0.08316866017603042,0,4
0.2968549049741209,1,4
0.27489379095063937,1,4
0.31330188241052226,0,4
0.4202822174950751,0,4
0.08316866017603042,0,4
0.30904785255638123,0,4
0.3159446101413146,0,5
0.3357739929479532,0,5
0.10254952435349429,0,5
0.25905337681568896,0,5
0.10254952435349429,0,5
0.11182160486311843,0,5
0.1599330947901676,0,5
0.36438036229609805,1,5
0.15426721850184433,0,5
0.33680645778857754,0,5
0.12427838096542032,0,5
0.11752317367795406,0,5
0.14027385109115587,0,5
0.2203882398028667,0,5
0.2203882398028667,0,5
0.26040315106469325,0,5
0.2933297301289661,0,5
0.2203882398028667,0,5
0.2507351960951012,0,5
0.07457578394674835,0,5
0.14027385109115587,0,5
0.07457578394674835,0,5
0.3573901208014867,1,5
0.3573901208014867,1,5
0.12427838096542032,0,5
0.11752317367795406,0,5
0.1779555712567219,0,5
0.1779555712567219,1,5
0.2507351960951012,0,5
0.2085663029107494,1,5
0.14573687783014666,0,5
0.12145431117828198,0,5
0.12145431117828198,1,5
0.2085663029107494,0,5
0.12145431117828198,0,5
0.2677274920713216,0,5
0.2085663029107494,0,5
0.14387375346323183,0,5
0.13826225008284232,0,5
0.14387375346323183,0,5
0.14632720638873098,0,5
0.24977746785278276,0,5
0.24977746785278276,1,5
0.14632720638873098,1,5
0.24977746785278276,0,5
0.14632720638873098,0,5
0.13826225008284232,0,5
0.17219521133960813,0,5
0.2905793443988214,0,5
0.16402692539035435,0,5
0.34346702431659704,0,5
0.34346702431659704,1,5
0.16402692539035435,0,5
0.14583348028795562,0,5
0.22821455187165196,1,5
0.5299934933136137,1,5
0.22821455187165196,0,5
0.30290839249902424,0,5
0.07591471933799421,1,5
0.16553652266950525,0,5
0.18975441012109617,0,5
0.29297360543907947,1,5
0.16553652266950525,0,5
0.2454358438447709,1,5
0.14583348028795562,1,5
0.20117635580877524,0,5
0.35236096591133304,1,5
0.07591471933799421,0,5
0.20117635580877524,0,5
0.15487728758846986,0,5
0.2475622419879745,1,5
0.2475622419879745,0,5
0.15487728758846986,0,5
0.3179739797646385,1,5
0.2260698128157662,0,5
0.123584853501302,0,5
0.123584853501302,1,5
0.2475622419879745,0,5
0.253104960110218,1,5
0.2260698128157662,0,5
0.28465386907365964,0,5
0.08381924815442987,0,5
0.08381924815442987,0,5
0.28465386907365964,0,5
0.28465386907365964,1,5
0.2260698128157662,1,5
0.08381924815442987,0,5
0.20466568518471628,0,5
0.09182445511452719,1,5
0.3123736725285464,1,5
0.18041881837431284,0,5
0.09182445511452719,0,5
0.4268895799170359,0,5
0.3123736725285464,0,5
0.11435869207793137,0,5
0.12310320866802849,0,5
0.41166485956016774,0,5
0.11435869207793137,0,5
0.4788179161904397,1,5
0.32994506918954947,0,5
0.12310320866802849,0,5
0.18332037780345212,1,5
0.18332037780345212,1,5
0.23438589598748572,0,5
0.2833898523682843,0,5
0.18041881837431284,0,5
0.26156747571972494,0,5
0.28356711134446544,0,5
0.12357315322369322,0,5
0.1606632809693317,0,5
0.1606632809693317,0,5
0.23438589598748572,1,5
0.24316514309908288,0,5
0.16270250545198728,0,5
0.1540430414523093,0,5
0.22265372547084195,0,5
0.12357315322369322,0,5
0.22265372547084195,0,5
0.31659031489568634,0,5
0.22265372547084195,1,5
0.28356711134446544,1,5
0.12827891677762293,1,5
0.28356711134446544,0,5
0.12827891677762293,0,5
0.1540430414523093,0,5
0.22363877310077662,0,5
0.20665798393355006,0,5
0.22363877310077662,0,5
0.2884818036857788,0,5
0.22363877310077662,0,5
0.14435741494303667,0,5
0.13343527844837189,0,5
0.14435741494303667,0,5
0.20665798393355006,0,5
0.13343527844837189,0,5
0.20665798393355006,1,5
0.17554670553854668,0,5
0.15658164018619702,1,5
0.15658164018619702,0,5
0.17554670553854668,0,5
0.17554670553854668,1,5
0.15658164018619702,0,5
0.13343527844837189,0,5
0.20516390235629767,0,5
0.19619506655579189,0,5
0.16327380185289408,0,5
0.16327380185289408,0,5
0.19619506655579189,0,5
0.19619506655579189,0,5
0.16853610553554432,0,5
0.16327380185289408,0,5
0.17542939304655691,0,5
0.20516390235629767,1,5
0.24197944652744208,0,5
0.17542939304655691,1,5
0.20952213167613276,0,5
0.24049177824649737,0,5
0.12200263936480427,0,5
0.2070411983041569,1,5
0.10800426253132933,0,5
0.2070411983041569,0,5
0.07457578394674835,0,5
0.2507351960951012,0,5
0.2507351960951012,0,5
0.07457578394674835,0,5
0.43264211989762047,0,5
0.07562078472158495,1,5
0.25123697685292246,0,5
0.12427838096542032,0,5
0.25123697685292246,0,5
0.1354690579396698,0,5
0.2203882398028667,0,5
0.1354690579396698,0,5
0.2203882398028667,0,5
0.1354690579396698,0,5
0.2203882398028667,0,5
0.12427838096542032,0,5
0.26040315106469325,0,5
0.2698544895973941,0,5
0.12737102936019218,0,5
0.3603028180772675,0,5
0.12737102936019218,0,5
0.12737102936019218,0,5
0.26537981216271345,0,5
0.3603028180772675,1,5
0.33680645778857754,0,5
0.26537981216271345,0,5
0.15575082314284738,0,5
0.22986918565270476,0,5
0.2131579210661949,0,5
0.15575082314284738,0,5
0.31951187909629764,0,5
0.2131579210661949,1,5
0.31951187909629764,0,5
0.31951187909629764,0,5
0.2131579210661949,0,5
0.31951187909629764,0,5
0.2131579210661949,0,5
0.2131579210661949,0,5
0.26040315106469325,0,5
0.3051744647108954,1,5
0.33680645778857754,0,5
0.17839046906313338,0,5
0.33680645778857754,1,5
0.19860018745699448,0,5
0.17839046906313338,0,5
0.17839046906313338,0,5
0.19860018745699448,0,5
0.12381166524982057,1,5
0.3051744647108954,1,5
0.3051744647108954,0,5
0.12381166524982057,0,5
0.19860018745699448,0,5
0.26040315106469325,0,5
0.20302989479795908,0,5
0.154748429138034,0,5
0.154748429138034,0,5
0.20302989479795908,0,5
0.11752317367795406,0,5
0.1779555712567219,0,5
0.1779555712567219,1,5
0.11752317367795406,1,5
0.12381166524982057,0,5
0.1657076900740454,0,5
0.15426721850184433,0,5
0.32621545836339394,0,5
0.4743298930428185,1,5
0.32621545836339394,1,5
0.4743298930428185,1,5
0.1657076900740454,0,5
0.4743298930428185,1,5
0.15426721850184433,0,5
0.25123746871422925,0,5
0.3357739929479532,0,5
0.3357739929479532,0,5
0.3159446101413146,0,5
0.17815713997771387,0,5
0.17815713997771387,0,5
0.25123746871422925,1,5
0.34346702431659704,1,5
0.19279674883794018,0,5
0.3159446101413146,1,5
0.32621545836339394,0,5
0.2799289766202465,0,5
0.23694649457535388,1,5
0.19134266723871596,0,5
0.24720135762859297,0,5
0.24720135762859297,1,5
0.09993797222312806,0,5
0.38204803072487203,0,5
0.07341665621069993,0,5
0.36396796832061273,0,5
0.07341665621069993,0,5
0.07341665621069993,0,5
0.09993797222312806,0,5
0.17395172173215867,1,5
0.1518688634465163,0,5
0.1518688634465163,1,5
0.14549949790312533,0,5
0.14738005098946183,1,5
0.19134266723871596,0,5
0.38204803072487203,0,5
0.23694649457535388,0,5
0.12310320866802849,0,5
0.12310320866802849,1,5
0.18332037780345212,0,5
0.2622472426539606,0,5
0.1982818996535448,1,5
0.1982818996535448,0,5
0.2622472426539606,0,5
0.2131579210661949,0,5
0.2622472426539606,0,5
0.2131579210661949,0,5
0.15575082314284738,0,5
0.31951187909629764,0,5
0.18332037780345212,0,5
0.22986918565270476,0,5
0.1982818996535448,0,5
0.2202489664270476,1,5
0.15575082314284738,0,5
0.1788901446400849,0,5
0.35660398658324965,0,5
0.31188699743505965,0,5
0.07441474207299759,0,5
0.2955392838185975,0,5
0.07441474207299759,0,5
0.07441474207299759,0,5
0.15269346024989683,0,5
0.2955392838185975,0,5
0.16359315636572558,0,5
0.15269346024989683,0,5
0.29110683657911707,1,5
0.16566222858717294,1,5
0.1788901446400849,0,5
0.2202489664270476,0,5
0.2202489664270476,0,5
0.16359315636572558,0,5
0.17635531548015837,1,5
0.24356644894260948,1,5
0.26727585127056774,0,5
0.12540214025941798,1,5
0.12540214025941798,0,5
0.24356644894260948,0,5
0.22869143691381777,0,5
0.24356644894260948,1,5
0.17635531548015837,1,5
0.22869143691381777,0,5
0.3401079277224893,0,5
0.24858239928278858,1,5
0.1434088347411936,0,5
0.1434088347411936,0,5
0.24858239928278858,0,5
0.22869143691381777,1,5
0.3558638638470585,1,5
0.21353600088728208,0,5
0.10014827279917204,0,5
0.19513585246035414,0,5
0.19513585246035414,0,5
0.10014827279917204,0,5
0.1418025738483114,0,5
0.2215951681947843,0,5
0.2215951681947843,0,5
0.1418025738483114,0,5
0.2215951681947843,0,5
0.09318240443307058,0,5
0.31653459746817914,0,5
0.09318240443307058,1,5
0.3000495013150224,0,5
0.09318240443307058,0,5
0.31653459746817914,0,5
0.1418025738483114,1,5
0.14348661384017958,0,5
0.2237795748366982,0,5
0.10821362749967212,0,5
0.22490918641327096,0,5
0.2237795748366982,0,5
0.10821362749967212,0,5
0.22577426427446068,1,5
0.2237795748366982,0,5
0.14348661384017958,0,5
0.2873676872019775,0,5
0.22490918641327096,0,5
0.14348661384017958,0,5
0.22490918641327096,0,5
0.11937520957833703,0,5
0.23953467823356245,0,5
0.11937520957833703,1,5
0.2539010423654252,0,5
0.22490918641327096,0,5
0.26115817143971476,0,5
0.17647311463589732,0,5
0.17576994465112172,0,5
0.17576994465112172,1,5
0.17647311463589732,0,5
0.17576994465112172,0,5
0.14520933236916866,1,5
0.17647311463589732,0,5
0.1876966650865971,0,5
0.17647311463589732,0,5
0.19518966435781238,0,5
0.14520933236916866,0,5
0.19778499872409971,0,5
0.1576920139221233,1,5
0.19778499872409971,1,5
0.1576920139221233,0,5
0.3103014488173048,1,5
0.14520933236916866,0,5
0.19518966435781238,0,5
0.19778499872409971,1,5
0.3513769457613337,0,5
0.12565854437600676,0,5
0.19207119434515774,0,5
0.12565854437600676,0,5
0.19207119434515774,1,5
0.12565854437600676,1,5
0.0986340366854962,0,5
0.30935278444758474,1,5
0.0986340366854962,1,5
0.08217186228391682,0,5
0.30935278444758474,0,5
0.10886195941302135,0,5
0.2844888032160682,0,5
0.2690157445261734,1,5
0.10886195941302135,1,5
0.10886195941302135,0,5
0.4890322063483227,0,5
0.30935278444758474,0,5
0.17643841542780148,0,5
0.33272490689722245,0,5
0.2665351000553653,0,5
0.2665351000553653,1,5
0.33272490689722245,0,5
0.14377391594999267,1,5
0.17643841542780148,0,5
0.14377391594999267,0,5
0.1726670091033503,0,5
0.17643841542780148,0,5
0.1435862853052512,0,5
0.1726670091033503,0,5
0.1435862853052512,1,5
0.1726670091033503,0,5
0.1435862853052512,0,5
0.2878462629257307,0,5
0.154748429138034,0,5
0.20302989479795908,1,5
0.20302989479795908,0,5
0.154748429138034,0,5
0.20302989479795908,0,5
0.20302989479795908,0,5
0.30588925422965485,0,5
0.15269346024989683,0,5
0.154748429138034,0,5
0.16359315636572558,1,5
0.29110683657911707,0,5
0.16359315636572558,1,5
0.29110683657911707,0,5
0.16359315636572558,0,5
0.15269346024989683,0,5
0.16359315636572558,0,5
0.15269346024989683,0,5
0.24482302928418886,0,5
0.12145431117828198,0,5
0.12540214025941798,0,5
0.2085663029107494,1,5
0.24356644894260948,0,5
0.12540214025941798,0,5
0.12540214025941798,0,5
0.26727585127056774,0,5
0.24356644894260948,0,5
0.26727585127056774,0,5
0.24356644894260948,0,5
0.24356644894260948,0,5
0.2085663029107494,0,5
0.24356644894260948,0,5
0.2085663029107494,0,5
0.12145431117828198,0,5
0.12145431117828198,0,5
0.12145431117828198,0,5
0.2878462629257307,0,5
0.17643841542780148,0,5
0.14377391594999267,0,5
0.14377391594999267,0,5
0.3280427533887884,0,5
0.17643841542780148,0,5
0.14377391594999267,1,5
0.14377391594999267,0,5
0.3280427533887884,0,5
0.2085663029107494,0,5
0.12145431117828198,0,5
0.2085663029107494,0,5
0.3280427533887884,0,5
0.24720135762859297,0,5
0.24720135762859297,0,5
0.09993797222312806,0,5
0.09993797222312806,0,5
0.24720135762859297,0,5
0.09993797222312806,1,5
0.24720135762859297,0,5
0.09993797222312806,0,5
0.35660398658324965,0,5
0.1788901446400849,1,5
0.2202489664270476,0,5
0.35660398658324965,0,5
0.2202489664270476,0,5
0.2202489664270476,0,5
0.1788901446400849,0,5
0.4047309480185055,0,5
0.1788901446400849,0,5
0.2202489664270476,0,5
0.19778499872409971,0,5
0.1576920139221233,0,5
0.1576920139221233,0,5
0.1576920139221233,0,5
0.19778499872409971,0,5
0.19778499872409971,0,5
0.19778499872409971,0,5
0.19778499872409971,0,5
0.1576920139221233,0,5
0.1576920139221233,1,5
0.46402149645573054,0,5
0.2539010423654252,0,5
0.11937520957833703,1,5
0.11937520957833703,0,5
0.2539010423654252,1,5
0.11937520957833703,0,5
0.11937520957833703,0,5
0.11937520957833703,0,5
0.2539010423654252,0,5
0.2539010423654252,0,5
0.12540214025941798,0,5
0.24356644894260948,1,5
0.12540214025941798,1,5
0.24356644894260948,0,5
0.24356644894260948,1,5
0.24356644894260948,0,5
0.24356644894260948,0,5
0.12540214025941798,0,5
0.12540214025941798,0,5
0.12540214025941798,0,5
0.23524977920667445,0,5
0.06850250615272735,0,5
0.24622287889102346,0,5
0.06850250615272735,0,5
0.24622287889102346,0,5
0.06850250615272735,0,5
0.24622287889102346,0,5
0.14330437548926467,0,5
0.14330437548926467,0,5
0.4254410532965943,0,5
0.14330437548926467,1,5
0.26727585127056774,0,5
0.2253494402671815,0,5
0.2253494402671815,0,5
0.12540214025941798,0,5
0.12540214025941798,1,5
0.2253494402671815,1,5
0.23524977920667445,0,5
0.14466942114578074,0,5
0.4011294536872003,1,5
0.14466942114578074,0,5
0.20841405157719695,0,5
0.13487723367962645,0,5
0.23662618828072146,1,5
0.13487723367962645,0,5
0.16112993661933772,1,5
0.29110683657911707,0,5
0.15269346024989683,0,5
0.16112993661933772,0,5
0.15269346024989683,0,5
0.16112993661933772,0,5
0.23662618828072146,0,5
0.2873676872019775,1,5
0.27658172848296547,0,5
0.14183350769160497,1,5
0.14367491270777666,1,5
0.14367491270777666,0,5
0.14183350769160497,1,5
0.22342197987283752,0,5
0.14183350769160497,1,5
0.14348661384017958,0,5
0.22830564710192347,0,5
0.17647311463589732,0,5
0.17647311463589732,0,5
0.1514569588445045,0,5
0.1514569588445045,0,5
0.17647311463589732,0,5
0.22342197987283752,0,5
0.12357315322369322,0,5
0.15668528293430306,0,5
0.15668528293430306,0,5
0.24316514309908288,0,5
0.17763749761184633,0,5
0.2033072062506679,0,5
0.2033072062506679,0,5
0.17763749761184633,1,5
0.17763749761184633,0,5
0.2033072062506679,0,5
0.3366561469863665,0,5
0.06871496485273765,0,5
0.3366561469863665,0,5
0.06871496485273765,0,5
0.17500729629914524,1,5
0.13335165527267256,0,5
0.17500729629914524,1,5
0.13335165527267256,0,5
0.24866922535536629,1,5
0.08731654590486437,0,5
0.24866922535536629,1,5
0.08731654590486437,0,5
0.26379398174936985,1,5
0.24866922535536629,0,5
0.12427838096542032,0,5
0.37261246612227983,1,5
0.26379398174936985,0,5
0.12427838096542032,0,5
0.12427838096542032,0,5
0.08731654590486437,0,5
0.1435862853052512,0,5
0.1487057934111975,1,5
0.22913690571174083,0,5
0.15487728758846986,0,5
0.15487728758846986,0,5
0.22913690571174083,1,5
0.3300685431938887,1,5
0.1435862853052512,1,5
0.3179739797646385,0,5
0.1487057934111975,0,5
0.1487057934111975,0,5
0.1435862853052512,0,5
0.17785383543859712,0,5
0.1286391022507788,0,5
0.1286391022507788,1,5
0.17785383543859712,1,5
0.1286391022507788,1,5
0.17785383543859712,0,5
0.1286391022507788,0,5
0.17785383543859712,0,5
0.32859930106056134,0,5
0.17680543208688027,0,5
0.2644148321096691,0,5
0.12380319094465309,0,5
0.17680543208688027,0,5
0.23539567467979616,1,5
0.09219991680814965,0,5
0.12380319094465309,0,5
0.23539567467979616,1,5
0.203772935170757,1,5
0.16621337699769245,0,5
0.203772935170757,0,5
0.3242562106350044,0,5
0.203772935170757,0,5
0.16621337699769245,0,5
0.09219991680814965,0,5
0.4399795068364988,0,5
0.10803515481581882,0,5
0.10803515481581882,0,5
0.2460724325064122,0,5
0.18602402936431406,0,5
0.22771998373768554,1,5
0.11457418779400741,1,5
0.18602402936431406,0,5
0.11457418779400741,0,5
0.18516867800858838,0,5
0.14520933236916866,1,5
0.14520933236916866,0,5
0.18516867800858838,0,5
0.18602402936431406,0,5
0.2501825338227839,0,5
0.23776838009038737,0,5
0.11670695126856945,0,5
0.11670695126856945,0,5
0.23776838009038737,0,5
0.23776838009038737,0,5
0.2034385616389789,1,5
0.2034385616389789,0,5
0.11670695126856945,0,5
0.1159464198989526,0,5
0.15188474777330963,0,5
0.22864006295397765,0,5
0.15188474777330963,0,5
0.22864006295397765,0,5
0.22864006295397765,1,5
0.22889194363957444,0,5
0.2034385616389789,0,5
0.2501825338227839,0,5
0.2754568147566676,0,5
0.14912717734762648,0,5
0.20665798393355006,0,5
0.20665798393355006,1,5
0.14912717734762648,0,5
0.09318240443307058,0,5
0.2754568147566676,1,5
0.09318240443307058,0,5
0.32616055291853085,0,5
0.09318240443307058,0,5
0.14014427268319507,0,5
0.17519927313043993,0,5
0.14014427268319507,0,5
0.2817764051245647,0,5
0.17519927313043993,0,5
0.2754568147566676,0,5
0.25962659806005495,0,5
0.28183306675071473,1,5
0.2589191752712805,1,5
0.2701169570013846,0,5
0.09993797222312806,0,5
0.13325798279914003,0,5
0.25962659806005495,1,5
0.10910703035018854,0,5
0.4154378236630626,0,5
0.21835462996073163,0,5
0.10910703035018854,0,5
0.09993797222312806,0,5
0.07441474207299759,0,5
0.2711730487387143,0,5
0.07441474207299759,0,5
0.2271358048836729,0,5
0.14024200257547248,0,5
0.1142373307289537,0,5
0.14024200257547248,1,5
0.2711730487387143,0,5
0.14024200257547248,0,5
0.17839046906313338,0,5
0.1884451040539814,0,5
0.1884451040539814,1,5
0.17839046906313338,0,5
0.1884451040539814,0,5
0.17839046906313338,0,5
0.1142373307289537,0,5
0.15575082314284738,0,5
0.2131579210661949,0,5
0.0781500113088498,0,5
0.31509494703437047,1,5
0.0781500113088498,0,5
0.31509494703437047,1,5
0.2666014563154042,0,5
0.15807686273544352,0,5
0.1779555712567219,1,5
0.2666014563154042,0,5
0.11752317367795406,0,5
0.26040315106469325,0,5
0.11752317367795406,0,5
0.1808503562353153,0,5
0.26040315106469325,0,5
0.2131579210661949,0,5
0.15807686273544352,0,5
0.15575082314284738,1,5
0.3122999663733166,0,5
0.17635531548015837,0,5
0.3276242117890521,1,5
0.11628765500158811,1,5
0.11628765500158811,1,5
0.28408010314605237,1,5
0.11628765500158811,0,5
0.28408010314605237,0,5
0.11628765500158811,0,5
0.28408010314605237,0,5
0.20565903661638363,0,5
0.09749457454814281,0,5
0.20565903661638363,0,5
0.22718655101617802,1,5
0.3401079277224893,0,5
0.17635531548015837,0,5
0.22718655101617802,0,5
0.09749457454814281,0,5
0.16848404824902363,0,5
0.17552175439995787,1,5
0.22821455187165196,0,5
0.22821455187165196,0,5
0.14583348028795562,0,5
0.3289538924655867,0,5
0.30290839249902424,0,5
0.3076182523033334,0,5
0.12310320866802849,0,5
0.16848404824902363,1,5
0.24007508250890364,0,5
0.4401245423511525,0,5
0.12310320866802849,0,5
0.18332037780345212,0,5
0.18332037780345212,1,5
0.16984558518891324,0,5
0.3076182523033334,0,5
0.16984558518891324,0,5
0.14583348028795562,0,5
0.11574315022384596,0,5
0.166325769720432,0,5
0.13448975093672266,0,5
0.166325769720432,0,5
0.13448975093672266,0,5
0.19619506655579189,0,5
0.19619506655579189,0,5
0.16327380185289408,0,5
0.19619506655579189,0,5
0.16327380185289408,0,5
0.353763017502573,0,5
0.16327380185289408,0,5
0.25119865896518456,0,5
0.17552175439995787,0,5
0.11574315022384596,0,5
0.16984558518891324,0,5
0.2986637426418669,0,5
0.09247857566473028,0,5
0.09247857566473028,0,5
0.3849840192264886,0,5
0.141802278319772,0,5
0.20164972516853086,0,5
0.20164972516853086,0,5
0.141802278319772,0,5
0.2845555031330317,0,5
0.20164972516853086,0,5
0.07254506932910343,0,5
0.2155039848533935,0,5
0.07254506932910343,0,5
0.2155039848533935,0,5
0.20557575662619876,0,5
0.14575194395057878,0,5
0.20557575662619876,0,5
0.30268069534143827,1,5
0.14575194395057878,0,5
0.20557575662619876,1,5
0.07254506932910343,0,5
0.11498156138957993,0,5
0.09357252013177064,1,5
0.4268895799170359,0,5
0.271313536970205,1,5
0.18340168460649164,0,5
0.2475370457410192,1,5
0.271313536970205,1,5
0.09357252013177064,0,5
0.2475370457410192,0,5
0.3123736725285464,1,5
0.17815713997771387,0,5
0.2080697523707462,0,5
0.25123746871422925,1,5
0.17815713997771387,0,5
0.34346702431659704,1,5
0.20003661832653008,0,5
0.12377298007232374,0,5
0.12377298007232374,0,5
0.20003661832653008,0,5
0.3123736725285464,0,5
0.11498156138957993,0,5
0.2589191752712805,1,5
0.24063945795112462,0,5
0.19619506655579189,0,5
0.18340168460649164,0,5
0.19619506655579189,0,5
0.16327380185289408,0,5
0.19619506655579189,1,5
0.16327380185289408,1,5
0.2443914369750828,1,5
0.19619506655579189,0,5
0.2701169570013846,0,5
0.16327380185289408,0,5
0.14024200257547248,0,5
0.13325798279914003,0,5
0.2589191752712805,0,5
0.13325798279914003,0,5
0.14024200257547248,0,5
0.12208925417259375,0,5
0.14024200257547248,0,5
0.12208925417259375,1,5
0.3099263459541606,0,5
0.19134266723871596,1,5
0.23694649457535388,0,5
0.2565279395671839,0,5
0.2565279395671839,0,5
0.16590872494024167,1,5
0.32621545836339394,0,5
0.19134266723871596,0,5
0.32621545836339394,0,5
0.16786331493669115,1,5
0.16786331493669115,0,5
0.10874054437719505,0,5
0.10874054437719505,0,5
0.357004598279015,1,5
0.10023859351331532,0,5
0.10023859351331532,0,5
0.357004598279015,0,5
0.16590872494024167,0,5
0.28174763527847524,0,5
0.2565279395671839,1,5
0.07283396665153596,0,5
0.1286391022507788,0,5
0.17785383543859712,0,5
0.1286391022507788,0,5
0.17785383543859712,0,5
0.15487728758846986,0,5
0.3179739797646385,1,5
0.3300685431938887,1,5
0.3300685431938887,0,5
0.3300685431938887,0,5
0.14183350769160497,1,5
0.14367491270777666,0,5
0.14367491270777666,0,5
0.14183350769160497,0,5
0.3613288513469237,0,5
0.07283396665153596,1,5
0.15487728758846986,0,5
0.13335165527267256,0,5
0.22342197987283752,0,5
0.14348661384017958,0,5
0.14348661384017958,0,5
0.22342197987283752,0,5
0.18615829440121778,1,5
0.18615829440121778,0,5
0.1595564054123113,1,5
0.29110683657911707,1,5
0.1595564054123113,0,5
0.15269346024989683,0,5
0.15269346024989683,0,5
0.1595564054123113,1,5
0.13335165527267256,0,5
0.2698544895973941,0,5
0.2698544895973941,0,5
0.3603028180772675,0,5
0.1617433096309282,0,5
0.21554094699522242,0,5
0.1617433096309282,1,5
0.18538672700932712,0,5
0.19297064213247384,1,5
0.25715886501757357,0,5
0.09743829048821862,0,5
0.19297064213247384,0,5
0.23309068290002177,0,5
0.09743829048821862,0,5
0.23309068290002177,0,5
0.33080316847231894,0,5
0.21554094699522242,0,5
0.33080316847231894,0,5
0.17432489873724177,0,5
0.3603028180772675,0,5
0.18538672700932712,0,5
0.26537981216271345,1,5
0.2698544895973941,1,5
0.23776838009038737,0,5
0.23776838009038737,0,5
0.11670695126856945,0,5
0.11670695126856945,0,5
0.2783854572101684,1,5
0.12540214025941798,0,5
0.2253494402671815,0,5
0.2253494402671815,0,5
0.11670695126856945,0,5
0.12540214025941798,0,5
0.2253494402671815,1,5
0.141802278319772,0,5
0.20164972516853086,0,5
0.20164972516853086,0,5
0.141802278319772,0,5
0.141802278319772,0,5
0.20164972516853086,0,5
0.26727585127056774,1,5
0.25905337681568896,1,5
0.10447827433601609,0,5
0.17219521133960813,0,5
0.20117635580877524,0,5
0.20117635580877524,0,5
0.17219521133960813,0,5
0.17219521133960813,0,5
0.4046726929071829,1,5
0.1609427564635869,0,5
0.30360822407886723,0,5
0.1609427564635869,0,5
0.12082342967902304,0,5
0.2833898523682843,1,5
0.41166485956016774,1,5
0.12082342967902304,0,5
0.10447827433601609,0,5
0.2905793443988214,0,5
0.36438036229609805,0,5
0.2754568147566676,0,5
0.13487723367962645,0,5
0.15668528293430306,0,5
0.12357315322369322,0,5
0.12357315322369322,0,5
0.21628086535168045,0,5
0.15668528293430306,0,5
0.24316514309908288,0,5
0.2754568147566676,0,5
0.15668528293430306,1,5
0.2754568147566676,0,5
0.09318240443307058,0,5
0.09318240443307058,0,5
0.21628086535168045,0,5
0.13487723367962645,0,5
0.21628086535168045,1,5
0.13487723367962645,0,5
0.09318240443307058,0,5
0.07347166421148099,0,5
0.24977746785278276,0,5
0.15188474777330963,0,5
0.20482022914209363,0,5
0.24977746785278276,0,5
0.24977746785278276,0,5
0.20482022914209363,0,5
0.07347166421148099,1,5
0.24622287889102346,0,5
0.07347166421148099,0,5
0.24622287889102346,1,5
0.25118061139447345,0,5
0.32616055291853085,0,5
0.14014427268319507,0,5
0.17519927313043993,1,5
0.2817764051245647,0,5
0.15414350899700413,0,5
0.14014427268319507,0,5
0.23438589598748572,0,5
0.23438589598748572,0,5
0.3466329673990137,1,5
0.11296028463496699,0,5
0.11296028463496699,0,5
0.24446296850824167,0,5
0.43054775327481687,0,5
0.1657076900740454,0,5
0.11182542138848084,0,5
0.29938294459676396,0,5
0.19563067284814994,0,5
0.3159446101413146,1,5
0.3159446101413146,1,5
0.1657076900740454,0,5
0.11182542138848084,0,5
0.19563067284814994,1,5
0.2834436260019475,0,5
0.20557575662619876,0,5
0.16412498376181783,0,5
0.2460724325064122,1,5
0.09413009209109047,0,5
0.4465274684615741,0,5
0.10803515481581882,0,5
0.09993797222312806,0,5
0.25962659806005495,0,5
0.09993797222312806,0,5
0.25962659806005495,0,5
0.09993797222312806,0,5
0.14575194395057878,0,5
0.20557575662619876,0,5
0.30268069534143827,0,5
0.20557575662619876,0,5
0.14575194395057878,1,5
0.25962659806005495,1,5
0.23438589598748572,0,5
0.24446296850824167,0,5
0.11296028463496699,0,5
0.17431442615531756,1,5
0.24446296850824167,0,5
0.19563067284814994,0,5
0.16412498376181783,0,5
0.19563067284814994,0,5
0.3357739929479532,0,5
0.2834436260019475,0,5
0.3159446101413146,0,5
0.1657076900740454,0,5
0.3159446101413146,0,5
0.1657076900740454,0,5
0.3159446101413146,0,5
0.11296028463496699,1,5
0.23438589598748572,1,5
0.3466329673990137,0,5
0.43054775327481687,1,5
0.29938294459676396,0,5
0.20665798393355006,0,5
0.14912717734762648,0,5
0.14912717734762648,0,5
0.20665798393355006,0,5
0.1563442483076325,0,5
0.11182542138848084,0,5
0.38052373179266386,1,5
0.35464440082620396,1,5
0.2033072062506679,0,5
0.2033072062506679,0,5
0.20565903661638363,0,5
0.09749457454814281,0,5
0.20565903661638363,0,5
0.09749457454814281,0,5
0.11182542138848084,0,5
0.17763749761184633,0,5
0.14466942114578074,1,5
0.20841405157719695,0,5
0.14466942114578074,1,5
0.20841405157719695,0,5
0.14466942114578074,0,5
0.20841405157719695,0,5
0.2503612961385484,0,5
0.17839046906313338,1,5
0.1884451040539814,0,5
0.07121561845729352,0,5
0.3366561469863665,1,5
0.07121561845729352,0,5
0.34260713587191016,0,5
0.06871496485273765,0,5
0.36741840041590756,0,5
0.17839046906313338,0,5
0.1184984790796898,0,5
0.18957254942971535,0,5
0.10874054437719505,0,5
0.49555820515155746,0,5
0.18957254942971535,0,5
0.2755978948157969,0,5
0.10023859351331532,1,5
0.10874054437719505,0,5
0.23694649457535388,0,5
0.3816453667417511,0,5
0.32621545836339394,0,5
0.19134266723871596,1,5
0.07283396665153596,1,5
0.07283396665153596,0,5
0.27347499312814494,0,5
0.27347499312814494,0,5
0.16590872494024167,0,5
0.10023859351331532,1,5
0.19134266723871596,0,5
0.357004598279015,0,5
0.2034385616389789,0,5
0.49555820515155746,0,5
0.10023859351331532,0,5
0.14520933236916866,0,5
0.18516867800858838,0,5
0.14520933236916866,0,5
0.14520933236916866,0,5
0.18516867800858838,0,5
0.22483139254635642,0,5
0.11853132378333919,0,5
0.2345497434010405,0,5
0.18516867800858838,1,5
0.20219151165654714,0,5
0.11853132378333919,0,5
0.12389938312556115,0,5
0.2034385616389789,0,5
0.12389938312556115,0,5
0.12389938312556115,0,5
0.2034385616389789,0,5
0.20219151165654714,0,5
0.4401245423511525,0,5
0.24007508250890364,0,5
0.25119865896518456,0,5
0.11574315022384596,0,5
0.16984558518891324,0,5
0.11574315022384596,0,5
0.22821455187165196,0,5
0.18332037780345212,0,5
0.14583348028795562,1,5
0.22821455187165196,0,5
0.12310320866802849,0,5
0.18332037780345212,0,5
0.2622472426539606,0,5
0.3076182523033334,0,5
0.1982818996535448,1,5
0.14583348028795562,0,5
0.24007508250890364,1,5
0.12310320866802849,0,5
0.16848404824902363,0,5
0.4401245423511525,0,5
0.2155039848533935,0,5
0.07254506932910343,0,5
0.3849840192264886,1,5
0.07254506932910343,0,5
0.23524977920667445,0,5
0.23524977920667445,0,5
0.12549855449061909,0,5
0.12549855449061909,0,5
0.14330437548926467,0,5
0.21809335271887442,0,5
0.17647311463589732,1,5
0.17647311463589732,0,5
0.21809335271887442,0,5
0.24324781556484487,1,5
0.17647311463589732,1,5
0.23524977920667445,1,5
0.099381409583987,0,5
0.203772935170757,0,5
0.15452262482010615,0,5
0.15452262482010615,0,5
0.1800326978508061,0,5
0.23539567467979616,0,5
0.11628765500158811,0,5
0.23539567467979616,0,5
0.11628765500158811,0,5
0.3122999663733166,1,5
0.3122999663733166,0,5
0.099381409583987,0,5
0.10910703035018854,0,5
0.2986637426418669,0,5
0.09247857566473028,0,5
0.353763017502573,0,5
0.09247857566473028,0,5
0.2229171766261936,0,5
0.10910703035018854,1,5
0.1435862853052512,1,5
0.1435862853052512,0,5
0.15951518011351673,1,5
0.15951518011351673,0,5
0.1435862853052512,1,5
0.15951518011351673,1,5
0.21835462996073163,0,5
0.271313536970205,0,5
0.23492860441983754,0,5
0.19279674883794018,0,5
0.12377298007232374,0,5
0.30673157437709364,0,5
0.12377298007232374,0,5
0.20003661832653008,0,5
0.09357252013177064,0,5
0.4268895799170359,0,5
0.3123736725285464,0,5
0.09357252013177064,0,5
0.2080697523707462,0,5
0.17815713997771387,0,5
0.25123746871422925,0,5
0.17815713997771387,0,5
0.25123746871422925,0,5
0.34346702431659704,0,5
0.10815444847983291,0,5
0.3123736725285464,0,5
0.18340168460649164,0,5
0.12242084458742364,0,5
0.18340168460649164,0,5
0.10815444847983291,1,5
0.17635531548015837,0,5
0.20140854639750128,0,5
0.17635531548015837,1,5
0.17635531548015837,1,5
0.2971707249243134,0,5
0.08731654590486437,0,5
0.24866922535536629,0,5
0.20140854639750128,0,5
0.09842487662424049,0,5
0.09842487662424049,0,5
0.24866922535536629,1,5
0.12242084458742364,1,5
0.17680543208688027,0,5
0.17680543208688027,0,5
0.32859930106056134,0,5
0.12242084458742364,0,5
0.24866922535536629,0,5
0.2131579210661949,1,5
0.15575082314284738,1,5
0.17672329984515456,0,5
0.2966217394867321,0,5
0.1808503562353153,0,5
0.42731464629559945,1,5
0.0781500113088498,0,5
0.2131579210661949,0,5
0.0781500113088498,0,5
0.15575082314284738,1,5
0.2264500511342139,0,5
0.31951187909629764,0,5
0.15807686273544352,1,5
0.37345057483549904,0,5
0.2666014563154042,0,5
0.15807686273544352,0,5
0.2264500511342139,0,5
0.2666014563154042,1,5
0.26040315106469325,0,5
0.2666014563154042,0,5
0.22986918565270476,0,5
0.1779555712567219,1,5
0.42731464629559945,1,5
0.26040315106469325,0,5
0.11752317367795406,0,5
0.26379398174936985,0,5
0.12427838096542032,0,5
0.3400923776098005,1,5
0.12427838096542032,0,5
0.166325769720432,0,5
0.166325769720432,0,5
0.14444110982767056,1,5
0.18544327459135634,1,5
0.14444110982767056,0,5
0.14444110982767056,1,5
0.14444110982767056,0,5
0.2711730487387143,0,5
0.07441474207299759,0,5
0.07441474207299759,0,5
0.2711730487387143,0,5
0.07441474207299759,0,5
0.2711730487387143,1,5
0.07441474207299759,0,5
0.2711730487387143,0,5
0.18544327459135634,0,5
0.11752317367795406,0,5
0.07591471933799421,1,5
0.1875530061802999,0,5
0.17219521133960813,0,5
0.2729705894845772,0,5
0.11390261088143494,0,5
0.36438036229609805,0,5
0.25905337681568896,0,5
0.10447827433601609,0,5
0.07591471933799421,0,5
0.25905337681568896,0,5
0.10447827433601609,0,5
0.1875530061802999,0,5
0.30360822407886723,0,5
0.3280416337516483,0,5
0.4046726929071829,0,5
0.3280416337516483,0,5
0.1609427564635869,0,5
0.4046726929071829,0,5
0.1609427564635869,0,5
0.2833898523682843,0,5
0.12082342967902304,0,5
0.41166485956016774,1,5
0.12082342967902304,0,5
0.4046726929071829,0,5
0.2739309026394846,1,5
0.17432489873724177,0,5
0.17432489873724177,0,5
0.29729741151357003,0,5
0.19297064213247384,1,5
0.18538672700932712,0,5
0.18538672700932712,0,5
0.1617433096309282,0,5
0.1753218827442744,1,5
0.1617433096309282,0,5
0.25715886501757357,0,5
0.29729741151357003,1,5
0.3404968317609395,0,5
0.2698544895973941,0,5
0.23309068290002177,1,5
0.23309068290002177,0,5
0.09743829048821862,0,5
0.21554094699522242,1,5
0.09743829048821862,0,5
0.24876264507607748,0,5
0.12737102936019218,0,5
0.12737102936019218,0,5
0.3404968317609395,1,5
0.33080316847231894,1,5
0.17647311463589732,0,5
0.16242817030498324,0,5
0.17647311463589732,0,5
0.16242817030498324,0,5
0.17647311463589732,1,5
0.21809335271887442,0,5
0.17647311463589732,0,5
0.21809335271887442,0,5
0.16242817030498324,0,5
0.14014427268319507,0,5
0.17647311463589732,0,5
0.14014427268319507,0,5
0.17519927313043993,0,5
0.32616055291853085,1,5
0.14014427268319507,1,5
0.32616055291853085,0,5
0.14014427268319507,0,5
0.14014427268319507,0,5
0.17435519581280912,0,5
0.15414350899700413,0,5
0.14014427268319507,0,5
0.17519927313043993,0,5
0.14272598347905308,0,5
0.20164972516853086,0,5
0.20164972516853086,0,5
0.14272598347905308,0,5
0.14272598347905308,0,5
0.20070922449052564,0,5
0.14272598347905308,0,5
0.14272598347905308,0,5
0.17810151881307468,0,5
0.20164972516853086,0,5
0.2080697523707462,0,5
0.1753218827442744,0,5
0.3123736725285464,0,5
0.1617433096309282,0,5
0.18538672700932712,0,5
0.1617433096309282,0,5
0.1753218827442744,0,5
0.2739309026394846,0,5
0.2739309026394846,0,5
0.2080697523707462,0,5
0.18538672700932712,0,5
0.3123736725285464,0,5
0.09357252013177064,0,5
0.09357252013177064,0,5
0.12737102936019218,0,5
0.24876264507607748,0,5
0.24876264507607748,0,5
0.12737102936019218,0,5
0.3123736725285464,0,5
0.2698544895973941,0,5
0.3404968317609395,0,5
0.2698544895973941,0,5
0.4268895799170359,0,5
0.3404968317609395,0,5
0.31951187909629764,0,5
0.31951187909629764,0,5
0.22986918565270476,0,5
0.31951187909629764,0,5
0.22986918565270476,0,5
0.18340168460649164,0,5
0.11498156138957993,0,5
0.18340168460649164,0,5
0.271313536970205,0,5
0.22986918565270476,1,5
0.271313536970205,0,5
0.2475370457410192,0,5
0.11498156138957993,0,5
0.2475370457410192,0,5
0.22986918565270476,0,5
0.15575082314284738,0,5
0.31951187909629764,0,5
0.07283396665153596,0,5
0.2565279395671839,0,5
0.07283396665153596,0,5
0.2565279395671839,0,5
0.3613288513469237,0,5
0.2565279395671839,0,5
0.16590872494024167,0,5
0.2131579210661949,0,5
0.15575082314284738,0,5
0.2131579210661949,0,5
0.16590872494024167,0,5
0.2131579210661949,0,5
0.31951187909629764,0,5
0.31951187909629764,0,5
0.22986918565270476,0,5
0.22986918565270476,1,5
0.22986918565270476,0,5
0.31951187909629764,0,5
0.31951187909629764,0,5
0.22986918565270476,0,5
0.15575082314284738,0,5
0.12310320866802849,0,5
0.2131579210661949,0,5
0.2622472426539606,1,5
0.184809211290083,0,5
0.184809211290083,0,5
0.2622472426539606,0,5
0.17064789755300225,0,5
0.12310320866802849,0,5
0.17064789755300225,0,5
0.15575082314284738,0,5
0.07441474207299759,0,5
0.20841405157719695,0,5
0.12344790076982592,0,5
0.12344790076982592,0,5
0.20841405157719695,1,5
0.12344790076982592,0,5
0.12344790076982592,0,5
0.12344790076982592,1,5
0.2711730487387143,1,5
0.20841405157719695,1,5
0.20841405157719695,0,5
0.07441474207299759,0,5
0.20841405157719695,1,5
0.07441474207299759,0,5
0.14024200257547248,0,5
0.2711730487387143,0,5
0.14024200257547248,0,5
0.1142373307289537,0,5
0.14024200257547248,0,5
0.1142373307289537,0,5
0.14024200257547248,0,5
0.24202542204925814,1,5
0.14024200257547248,1,5
0.12290293783675055,0,5
0.2711730487387143,0,5
0.24202542204925814,0,5
0.17785383543859712,0,5
0.1286391022507788,0,5
0.1286391022507788,0,5
0.17785383543859712,0,5
0.1286391022507788,1,5
0.17785383543859712,0,5
0.1286391022507788,0,5
0.17785383543859712,1,5
0.1286391022507788,0,5
0.17785383543859712,0,5
0.15668528293430306,0,5
0.15668528293430306,0,5
0.24316514309908288,1,5
0.15668528293430306,0,5
0.24316514309908288,0,5
0.15668528293430306,1,5
0.12357315322369322,0,5
0.15668528293430306,1,5
0.12357315322369322,0,5
0.12357315322369322,0,5
0.21835462996073163,0,5
0.09253776267648839,0,5
0.21835462996073163,0,5
0.09253776267648839,0,5
0.09253776267648839,0,5
0.21835462996073163,0,5
0.21835462996073163,0,5
0.09253776267648839,0,5
0.09253776267648839,0,5
0.21835462996073163,0,5
0.28953011854128996,1,5
0.12242084458742364,0,5
0.15170599278549135,0,5
0.12242084458742364,0,5
0.28953011854128996,1,5
0.12242084458742364,0,5
0.15170599278549135,0,5
0.12242084458742364,0,5
0.12242084458742364,0,5
0.15170599278549135,0,5
0.17785383543859712,0,5
0.1286391022507788,0,5
0.1286391022507788,0,5
0.17785383543859712,1,5
0.17785383543859712,0,5
0.17785383543859712,0,5
0.1286391022507788,0,5
0.17785383543859712,0,5
0.1286391022507788,0,5
0.1286391022507788,0,5
0.3007945489702304,0,5
0.07865527484505908,1,5
0.07860676279484535,0,5
0.35098280874507903,0,5
0.07860676279484535,0,5
0.35098280874507903,0,5
0.20459383102951612,1,5
0.27616758621966875,0,5
0.3007945489702304,0,5
0.20459383102951612,0,5
0.19558214024169718,0,5
0.12393929036222806,0,5
0.26909873565969944,0,5
0.26909873565969944,1,5
0.12393929036222806,0,5
0.19413990802048253,1,5
0.12320898785797019,0,5
0.241310384005064,0,5
0.10920758448612,0,5
0.10920758448612,0,5
0.12320898785797019,0,5
0.10920758448612,0,5
0.10920758448612,1,5
0.18208071819702576,0,5
0.1847928834713154,0,5
0.12320898785797019,0,5
0.202133865553085,0,5
0.202133865553085,0,5
0.20504734958905613,0,5
0.202133865553085,0,5
0.1928405727236565,0,5
0.1928405727236565,1,5
0.202133865553085,0,5
0.20504734958905613,0,5
0.20504734958905613,0,5
0.20561843275424685,0,5
0.20504734958905613,1,5
0.2709685402989611,0,5
0.1928405727236565,0,5
0.18208071819702576,0,5
0.18457854809581198,0,5
0.19768725132073206,1,5
0.20361960156068915,1,5
0.198184414207615,0,5
0.17777901520442196,0,5
0.19118094950404785,0,5
0.3421954972615472,0,5
0.18457854809581198,0,5
0.18457854809581198,0,5
0.20504734958905613,0,5
0.20504734958905613,1,5
0.27187657081990324,0,5
0.20134262799983937,0,5
0.20504734958905613,0,5
0.23950118709382395,0,5
0.24897690782376458,0,5
0.21130437688187387,0,5
0.20361960156068915,1,5
0.1979903192674306,0,5
0.1979903192674306,0,5
0.20504734958905613,0,5
0.20504734958905613,1,5
0.20504734958905613,0,5
0.1979903192674306,0,5
0.20665284416221796,1,5
0.20504734958905613,0,5
0.20315369259789606,0,5
0.13592660067894424,0,5
0.13592660067894424,0,5
0.20315369259789606,0,5
0.20315369259789606,1,5
0.20147713111299714,0,5
0.20504734958905613,0,5
0.20147713111299714,0,5
0.20504734958905613,0,5
0.2625678099929074,0,5
0.20134262799983937,0,5
0.20147713111299714,0,5
0.20504734958905613,1,5
0.20315369259789606,0,5
0.2677219061269398,0,5
0.19469411529563274,0,5
0.19479912383744324,0,5
0.2677219061269398,1,5
0.20504734958905613,1,5
0.19270320445143974,0,5
0.19270320445143974,0,5
0.20504734958905613,1,5
0.13085688078116842,0,5
0.16030994174256796,0,5
0.20315369259789606,0,5
0.25416406238818323,0,5
0.13085688078116842,0,5
0.20315369259789606,0,5
0.19469411529563274,0,5
0.18457854809581198,0,5
0.19934351406387962,0,5
0.20504734958905613,0,5
0.1770589430760856,0,5
0.2196257346696352,0,5
0.20093080035826494,0,5
0.1770589430760856,0,5
0.1770589430760856,0,5
0.20093080035826494,0,5
0.15667340331112012,0,5
0.17170184263278332,1,5
0.17170184263278332,0,5
0.15667340331112012,0,5
0.20134262799983937,1,5
0.15317396773543956,0,5
0.12773029889364818,0,5
0.15317396773543956,0,5
0.12773029889364818,1,5
0.18316536544184314,0,5
0.1979903192674306,0,5
0.1979903192674306,0,5
0.198184414207615,0,5
0.20504734958905613,0,5
0.1979903192674306,0,5
0.19576621893280144,0,5
0.20504734958905613,0,5
0.19551406752744394,0,5
0.19551406752744394,0,5
0.19569683227809798,0,5
0.198184414207615,0,5
0.35044016958077384,0,5
0.19569683227809798,0,5
0.20970243744115813,0,5
0.16863343979006595,1,5
0.16863343979006595,0,5
0.10632235964751469,0,5
0.10632235964751469,0,5
0.16863343979006595,0,5
0.1788800895497944,0,5
0.11916884712583675,0,5
0.1788800895497944,0,5
0.16475485369037957,0,5
0.11916884712583675,0,5
0.11916884712583675,0,5
0.16475485369037957,0,5
0.13891092708841746,0,5
0.20970243744115813,0,5
0.20164972516853086,1,5
0.14318226415382274,1,5
0.28686036305662976,0,5
0.12560600159818303,0,5
0.3224554197139672,1,5
0.12560600159818303,0,5
0.2759407706724407,0,5
0.2078578337516187,0,5
0.20070922449052564,0,5
0.19714991220909983,0,5
0.20150018050380591,1,5
0.1621748094714861,0,5
0.1621748094714861,0,5
0.21915295980717064,1,5
0.19714991220909983,0,5
0.20504734958905613,0,5
0.2078578337516187,0,5
0.21915295980717064,1,5
0.17826892397616745,0,5
0.20482022914209363,0,5
0.32392081508117077,0,5
0.17826892397616745,1,5
0.20482022914209363,1,5
0.21509150343536498,0,5
0.21509150343536498,0,5
0.20482022914209363,1,5
0.27616758621966875,0,5
0.08342634328835752,0,5
0.27616758621966875,0,5
0.08342634328835752,0,5
0.27616758621966875,1,5
0.1873026346337795,0,5
0.1873026346337795,1,5
0.27616758621966875,1,5
0.32392081508117077,1,5
0.21509150343536498,0,5
0.32392081508117077,0,5
0.21308444794145087,0,5
0.2036384957550399,0,5
0.16887451733468972,1,5
0.10593237874639261,0,5
0.21448944708234607,0,5
0.21448944708234607,0,5
0.10593237874639261,0,5
0.1509504536905898,0,5
0.1509504536905898,0,5
0.2502754664333716,0,5
0.12387665204677867,0,5
0.445418041001306,0,5
0.18989071712743522,0,5
0.445418041001306,1,5
0.06880422024287303,0,5
0.2998615277603661,1,5
0.06880422024287303,0,5
0.2998615277603661,1,5
0.20459383102951612,0,5
0.12387665204677867,0,5
0.2718257683255302,1,5
0.20504734958905613,1,5
0.21926987240823448,0,5
0.22938584914762183,0,5
0.20504734958905613,0,5
0.2718257683255302,0,5
0.2718257683255302,0,5
0.18457854809581198,0,5
0.20504734958905613,0,5
0.22938584914762183,0,5
0.21926987240823448,0,5
0.20504734958905613,1,5
0.21872910021793734,1,5
0.20504734958905613,1,5
0.25905011038435566,0,5
0.2583686146653418,0,5
0.18506532689450705,0,5
0.17523689812830923,0,5
0.24350305263578031,0,5
0.19664804649091294,0,5
0.19664804649091294,0,5
0.12417023759254042,0,5
0.2214723059495871,1,5
0.12417023759254042,0,5
0.2214723059495871,1,5
0.20504734958905613,0,5
0.21915295980717064,0,5
0.14316700273753868,0,5
0.14316700273753868,0,5
0.21915295980717064,0,5
0.14654351977138147,0,5
0.21915295980717064,1,5
0.20282504761155484,0,5
0.1853208351261022,0,5
0.203772935170757,0,5
0.2971707249243134,0,5
0.3538220863289192,0,5
0.2044754545475388,0,5
0.19664804649091294,1,5
0.2044754545475388,0,5
0.19127019051318261,0,5
0.19664804649091294,0,5
0.2044754545475388,0,5
0.19664804649091294,0,5
0.19255015849411916,0,5
0.19827612294672003,0,5
0.19255015849411916,1,5
0.1853208351261022,1,5
0.20504734958905613,0,5
0.2050790509876752,0,5
0.4150162956451029,0,5
0.19615562826107436,0,5
0.28620499998771665,0,5
0.20459383102951612,0,5
0.2083898438356072,0,5
0.20504734958905613,1,5
0.25275386576750136,1,5
0.20504734958905613,0,5
0.18721876498540657,0,5
0.07419026849102717,0,5
0.25110700433655864,0,5
0.07419026849102717,0,5
0.25110700433655864,0,5
0.16868291733522767,0,5
0.11772170989717778,0,5
0.18721876498540657,0,5
0.18721876498540657,0,5
0.11772170989717778,1,5
0.19615562826107436,0,5
0.3547499945353678,0,5
0.2083898438356072,1,5
0.2050790509876752,0,5
0.14087652366749492,0,5
0.14668135297778306,0,5
0.21448944708234607,0,5
0.11383859745446068,0,5
0.11431406805754474,0,5
0.21448944708234607,0,5
0.20782991298018993,0,5
0.2998615277603661,0,5
0.06871496485273765,0,5
0.31268126340184343,0,5
0.06871496485273765,0,5
0.06871496485273765,0,5
0.11383859745446068,0,5
0.10708766108076118,0,5
0.19580405680593538,0,5
0.19580405680593538,0,5
0.10708766108076118,0,5
0.19580405680593538,1,5
0.12003865570272454,0,5
0.26909873565969944,0,5
0.12003865570272454,1,5
0.26040315106469325,0,5
0.14087652366749492,0,5
0.31268126340184343,1,5
0.20591703627829416,1,5
0.20591703627829416,1,5
0.14520933236916866,0,5
0.26262814403450807,1,5
0.17074694931999357,0,5
0.17845568229448705,0,5
0.3312802443951718,0,5
0.17845568229448705,1,5
0.3312802443951718,1,5
0.3312802443951718,0,5
0.3312802443951718,1,5
0.14520933236916866,0,5
0.17845568229448705,0,5
0.20134262799983937,1,5
0.20115768631552977,0,5
0.20134262799983937,0,5
0.1786771971002752,0,5
0.19714991220909983,0,5
0.2214723059495871,0,5
0.2214723059495871,0,5
0.20150018050380591,1,5
0.19714991220909983,1,5
0.20164972516853086,0,5
0.20164972516853086,0,5
0.14318226415382274,1,5
0.20504734958905613,0,5
0.1786771971002752,0,5
0.28686036305662976,1,5
0.07254506932910343,0,5
0.17706389308781822,0,5
0.07254506932910343,1,5
0.17706389308781822,1,5
0.07254506932910343,0,5
0.17706389308781822,0,5
0.17706389308781822,0,5
0.19425459640626042,0,5
0.19255015849411916,0,5
0.20115768631552977,0,5
0.19255015849411916,0,5
0.19425459640626042,0,5
0.1674486685441806,1,5
0.1674486685441806,0,5
0.07254506932910343,0,5
0.19425459640626042,0,5
0.32621545836339394,0,5
0.20482022914209363,0,5
0.32621545836339394,0,5
0.26145520060864813,0,5
0.1509504536905898,1,5
0.1509504536905898,0,5
0.1515544201235728,0,5
0.20482022914209363,0,5
0.20482022914209363,1,5
0.21505867302488613,0,5
0.21505867302488613,1,5
0.26909873565969944,0,5
0.1759662968860155,0,5
0.1759662968860155,0,5
0.32621545836339394,0,5
0.32621545836339394,0,5
0.26145520060864813,0,5
0.26145520060864813,0,5
0.21505867302488613,0,5
0.11457418779400741,1,5
0.21448944708234607,1,5
0.1435862853052512,0,5
0.1600151157239632,0,5
0.1435862853052512,0,5
0.1600151157239632,0,5
0.11457418779400741,0,5
0.1600151157239632,0,5
0.22483139254635642,1,5
0.33409885566353537,1,5
0.27616758621966875,0,5
0.11639549656605142,0,5
0.11639549656605142,0,5
0.2501203475590976,1,5
0.33409885566353537,0,5
0.33409885566353537,0,5
0.2501203475590976,0,5
0.1435862853052512,0,5
0.2501203475590976,0,5
0.22483139254635642,0,5
0.3014745034780135,1,5
0.33409885566353537,0,5
0.3014745034780135,1,5
0.1843737731327857,0,5
0.12792718716019857,0,5
0.21872910021793734,0,5
0.12792718716019857,0,5
0.21872910021793734,0,5
0.21872910021793734,0,5
0.13099923265155244,0,5
0.21359951524788656,0,5
0.21439085172080619,0,5
0.20482022914209363,0,5
0.19838508744853223,0,5
0.1843737731327857,0,5
0.3014745034780135,0,5
0.20482022914209363,0,5
0.3014745034780135,1,5
0.2704188166178525,1,5
0.1843737731327857,0,5
0.1960909597333108,0,5
0.21359951524788656,0,5
0.1843737731327857,0,5
0.23205147784024993,0,5
0.14583325069533914,1,5
0.19714991220909983,1,5
0.19772695510087002,0,5
0.23205147784024993,0,5
0.19772695510087002,0,5
0.19772695510087002,0,5
0.29594986373408083,1,5
0.23205147784024993,0,5
0.2686857835734191,0,5
0.2971707249243134,0,5
0.14930413658727992,0,5
0.21915295980717064,0,5
0.21915295980717064,0,5
0.14930413658727992,0,5
0.21915295980717064,0,5
0.14930413658727992,0,5
0.1324203783472213,0,5
0.2214723059495871,0,5
0.2971707249243134,0,5
0.26080335146855127,0,5
0.2971707249243134,0,5
0.12783676302697322,0,5
0.12783676302697322,0,5
0.2971707249243134,0,5
0.19714991220909983,0,5
0.2214723059495871,1,5
0.2214723059495871,0,5
0.14348661384017958,1,5
0.22342197987283752,0,5
0.14348661384017958,0,5
0.22342197987283752,0,5
0.2873676872019775,1,5
0.22342197987283752,0,5
0.19714991220909983,0,5
0.15080048012813319,0,5
0.15080048012813319,0,5
0.1801908257760545,0,5
0.3540816127076164,0,5
0.1854922460089794,0,5
0.1854922460089794,0,5
0.12917238771633022,0,5
0.12983212500955088,0,5
0.1801908257760545,1,5
0.12917238771633022,1,5
0.1801908257760545,0,5
0.21915295980717064,0,5
0.3400923776098005,1,5
0.14222829331383524,0,5
0.14222829331383524,0,5
0.211604057658774,1,5
0.14222829331383524,0,5
0.15080048012813319,0,5
0.3400923776098005,1,5
0.09259562908926244,0,5
0.09259562908926244,0,5
0.211604057658774,0,5
0.33674143789027666,0,5
0.14490194680307977,0,5
0.18544327459135634,0,5
0.14490194680307977,0,5
0.18544327459135634,1,5
0.14490194680307977,0,5
0.18544327459135634,0,5
0.18544327459135634,0,5
0.14490194680307977,0,5
0.10683341626178111,0,5
0.10683341626178111,0,5
0.12123654036908604,0,5
0.2450402685829619,1,5
0.2450402685829619,0,5
0.12123654036908604,0,5
0.07535010567654976,0,5
0.2998615277603661,0,5
0.2998615277603661,0,5
0.07535010567654976,0,5
0.2998615277603661,0,5
0.07535010567654976,0,5
0.33674143789027666,0,5
0.18208071819702576,0,5
0.163121829298305,0,5
0.17827661299492692,0,5
0.18208071819702576,1,5
0.163121829298305,0,5
0.2413186124639125,0,5
0.163121829298305,0,5
0.11159921188180655,0,5
0.11159921188180655,0,5
0.163121829298305,0,5
0.11159921188180655,0,5
0.26239158898054027,0,5
0.16475485369037957,0,5
0.1234716269693873,0,5
0.1090688845730935,0,5
0.1090688845730935,0,5
0.20705858663457488,0,5
0.1090688845730935,0,5
0.21448944708234607,1,5
0.1234716269693873,0,5
0.16475485369037957,0,5
0.1234716269693873,0,5
0.20705858663457488,1,5
0.16475485369037957,0,5
0.1676294316782052,1,5
0.2971707249243134,0,5
0.14515402774257302,0,5
0.29594986373408083,0,5
0.14515402774257302,1,5
0.29594986373408083,0,5
0.29014071588097645,0,5
0.1676294316782052,0,5
0.11606191266985244,0,5
0.11606191266985244,0,5
0.3360712596045706,1,5
0.09259562908926244,0,5
0.3360712596045706,0,5
0.20981099926981306,0,5
0.15191159934795384,0,5
0.20981099926981306,0,5
0.15191159934795384,0,5
0.09259562908926244,0,5
0.1470163289003823,0,5
0.1470163289003823,1,5
0.12518857729406196,0,5
0.08380570642218488,0,5
0.08380570642218488,0,5
0.2201492987655771,0,5
0.08380570642218488,0,5
0.12518857729406196,0,5
0.2201492987655771,0,5
0.09253776267648839,0,5
0.2201492987655771,0,5
0.09253776267648839,0,5
0.1187433514463796,0,5
0.35449024712393296,0,5
0.2508936368036704,0,5
0.1187433514463796,1,5
0.17952241914490763,1,5
0.1187433514463796,1,5
0.17952241914490763,0,5
0.09253776267648839,0,5
0.17952241914490763,0,5
0.2508936368036704,0,5
0.21872910021793734,1,5
0.27616758621966875,1,5
0.0912270615455133,0,5
0.27616758621966875,0,5
0.0912270615455133,0,5
0.27616758621966875,0,5
0.0912270615455133,0,5
0.12851974929083587,0,5
0.21872910021793734,0,5
0.12851974929083587,0,5
0.202133865553085,0,5
0.20504734958905613,0,5
0.202133865553085,0,5
0.2083898438356072,0,5
0.1873483884426035,0,5
0.2011161964952337,0,5
0.1873483884426035,0,5
0.1873483884426035,0,5
0.1873483884426035,0,5
0.2011161964952337,0,5
0.20504734958905613,0,5
0.2011161964952337,0,5
0.16189165033954056,0,5
0.17763749761184633,1,5
0.33839249718841746,0,5
0.17678419116619015,0,5
0.17678419116619015,0,5
0.33839249718841746,0,5
0.16189165033954056,0,5
0.1380302227460829,1,5
0.1380302227460829,0,5
0.24053882369367707,0,5
0.17524647596737097,0,5
0.0723881173559271,0,5
0.15668528293430306,0,5
0.12357315322369322,1,5
0.15668528293430306,0,5
0.12357315322369322,0,5
0.1380302227460829,0,5
0.15668528293430306,0,5
0.21963432181901177,0,5
0.0723881173559271,0,5
0.21963432181901177,0,5
0.12357315322369322,0,5
0.3407664589534012,1,5
0.13129076633510517,0,5
0.09852563407730897,0,5
0.09852563407730897,0,5
0.13129076633510517,0,5
0.13129076633510517,0,5
0.09852563407730897,0,5
0.3407664589534012,1,5
0.10683341626178111,0,5
0.10683341626178111,0,5
0.2759407706724407,1,5
0.12999834122104992,0,5
0.12999834122104992,0,5
0.2759407706724407,0,5
0.24704027324132427,1,5
0.1233538481606069,0,5
0.24704027324132427,0,5
0.11324745646847911,0,5
0.2554437520170646,0,5
0.11324745646847911,0,5
0.11680201750261043,0,5
0.20529401542370096,0,5
0.11680201750261043,0,5
0.1268905339049129,0,5
0.1268905339049129,0,5
0.1268905339049129,0,5
0.26252762532779894,0,5
0.26252762532779894,0,5
0.20529401542370096,0,5
0.26252762532779894,0,5
0.20529401542370096,0,5
0.2874583257036518,0,5
0.1622969959550855,0,5
0.1234716269693873,0,5
0.1622969959550855,0,5
0.1234716269693873,0,5
0.11737550215109871,1,5
0.19745885224504678,0,5
0.11737550215109871,0,5
0.19745885224504678,0,5
0.11737550215109871,0,5
0.11680201750261043,0,5
0.3782062025770805,0,5
0.11741649034390333,0,5
0.2151561162288248,1,5
0.19288946951799324,0,5
0.16978030154173807,0,5
0.16978030154173807,0,5
0.16978030154173807,1,5
0.3782062025770805,0,5
0.16978030154173807,0,5
0.2151561162288248,1,5
0.19288946951799324,0,5
0.11741649034390333,0,5
0.2035948269547435,0,5
0.2151561162288248,0,5
0.18926182238710654,0,5
0.12822742666470588,0,5
0.12822742666470588,1,5
0.18926182238710654,0,5
0.11741649034390333,0,5
0.10747249826014871,0,5
0.38094218438085203,0,5
0.10747249826014871,0,5
0.10803515481581882,0,5
0.38094218438085203,0,5
0.09369081007428226,0,5
0.187608823259528,1,5
0.11854057842896204,0,5
0.187608823259528,0,5
0.11854057842896204,0,5
0.11854057842896204,0,5
0.15779825701990136,0,5
0.10225318432031183,0,5
0.15779825701990136,0,5
0.09369081007428226,0,5
0.15779825701990136,0,5
0.187608823259528,0,5
0.12513054559957426,1,5
0.20614990200792682,0,5
0.17536369215378222,0,5
0.1123923366684988,0,5
0.20614990200792682,0,5
0.24372588232699233,0,5
0.1123923366684988,0,5
0.20614990200792682,1,5
0.12513054559957426,0,5
0.17536369215378222,0,5
0.17536369215378222,0,5
0.1435862853052512,0,5
0.1435862853052512,0,5
0.1600151157239632,0,5
0.1600151157239632,0,5
0.1435862853052512,0,5
0.1600151157239632,1,5
0.1600151157239632,0,5
0.1435862853052512,0,5
0.1435862853052512,0,5
0.10058656265380028,0,5
0.19352935572887564,0,5
0.19352935572887564,0,5
0.10058656265380028,0,5
0.28236796632657635,0,5
0.10058656265380028,0,5
0.1600151157239632,0,5
0.13114682752693163,0,5
0.31529614588182486,1,5
0.13114682752693163,0,5
0.13114682752693163,0,5
0.15387594538289162,0,5
0.13114682752693163,0,5
0.15387594538289162,0,5
0.15387594538289162,0,5
0.08948421477276702,0,5
0.19827243252624016,0,5
0.08948421477276702,0,5
0.19827243252624016,1,5
0.08948421477276702,0,5
0.08948421477276702,0,5
0.18331146169108403,0,5
0.18331146169108403,0,5
0.08948421477276702,0,5
0.14488917294992987,0,5
0.1286391022507788,1,5
0.14488917294992987,0,5
0.14488917294992987,0,5
0.1286391022507788,0,5
0.14488917294992987,0,5
0.1286391022507788,0,5
0.14024200257547248,1,5
0.1286391022507788,0,5
0.14024200257547248,1,5
0.12330496129610835,0,5
0.14024200257547248,0,5
0.14024200257547248,0,5
0.12330496129610835,0,5
0.12330496129610835,0,5
0.14024200257547248,0,5
0.12330496129610835,0,5
0.09749457454814281,1,5
0.09749457454814281,0,5
0.20565903661638363,1,5
0.09749457454814281,0,5
0.20565903661638363,0,5
0.09749457454814281,0,5
0.20565903661638363,0,5
0.07424420121405817,0,5
0.07424420121405817,0,5
0.07424420121405817,0,5
0.20372632065335183,0,5
0.20372632065335183,0,5
0.07424420121405817,0,5
0.20372632065335183,0,5
0.07424420121405817,0,5
0.20372632065335183,1,5
0.20565903661638363,1,5
0.20372632065335183,1,5
0.20565903661638363,0,5
