fold,date,tier,p_home,actual_home,predicted_home,correct,brier,format
1,2021-10-22,IVL,0.1995147064928945,0.0,0,1,0.039806118106945836,3
1,2021-10-23,IVL,0.44749237903448724,1.0,0,0,0.3052646712249707,3
1,2021-10-23,IVL,0.5108346269961302,1.0,1,1,0.23928276214601502,3
1,2021-10-23,IVL,0.8362534691117889,1.0,1,1,0.026812926377923877,3
1,2021-10-24,IVL,0.5585209539313352,1.0,1,1,0.19490374811769828,3
1,2021-10-24,IVL,0.5164749670159394,0.0,1,0,0.2667463915541157,3
1,2021-10-24,IVL,0.2433030802938257,1.0,0,0,0.5725902282928125,3
1,2021-10-29,IVL,0.1662644819462608,0.0,0,1,0.02764387795685849,3
1,2021-10-29,IVL,0.5720219764175265,1.0,1,1,0.18316518866956025,3
1,2021-10-29,IVL,0.3430367557119144,0.0,0,1,0.11767421576935563,3
1,2021-10-30,IVL,0.5114946903332938,1.0,1,1,0.23863743757256456,3
1,2021-10-30,IVL,0.6380991644048943,0.0,1,0,0.4071705436142244,3
1,2021-10-30,IVL,0.6998919122474416,1.0,1,1,0.09006486433449727,3
1,2021-10-31,IVL,0.6549169368959026,1.0,1,1,0.11908232044130648,3
1,2021-10-31,IVL,0.5564150585483951,1.0,1,1,0.19676760028262372,3
1,2021-11-05,IVL,0.3079641950245212,0.0,0,1,0.09484194541710134,3
1,2021-11-05,IVL,0.310542372319361,0.0,0,1,0.09643656500573662,3
1,2021-11-05,IVL,0.6917395476849386,1.0,1,1,0.09502450646148623,3
1,2021-11-06,IVL,0.5095106287483329,0.0,1,0,0.2596010808075215,3
1,2021-11-06,IVL,0.5170937142322711,1.0,1,1,0.23319848083398342,3
1,2021-11-06,IVL,0.5338069071756171,1.0,1,1,0.21733599979716373,3
1,2021-11-07,IVL,0.6505116488962073,0.0,1,0,0.42316540534966246,3
1,2021-11-07,IVL,0.7618468205920291,1.0,1,1,0.05671693686212516,3
1,2021-11-07,IVL,0.6669289967846266,1.0,1,1,0.11093629318289529,3
1,2021-11-12,IVL,0.639893955670406,1.0,1,1,0.12967636316270753,3
1,2021-11-12,IVL,0.21171998032679934,0.0,0,1,0.0448253500695803,3
1,2021-11-12,IVL,0.46461257127550126,1.0,0,0,0.2866396988362302,3
1,2021-11-13,IVL,0.29277686516792656,1.0,0,0,0.5001645624417052,3
1,2021-11-13,IVL,0.6826068006450499,1.0,1,1,0.10073844299677112,3
1,2021-11-14,IVL,0.21008684213977916,0.0,0,1,0.04413648124026449,3
1,2021-11-14,IVL,0.7034760765042625,1.0,1,1,0.087926437205306,3
1,2021-11-14,IVL,0.45920453822280216,1.0,0,0,0.29245973147881266,3
1,2021-11-19,IVL,0.4759299890083805,1.0,0,0,0.2746493764207561,3
1,2021-11-19,IVL,0.8483450641594283,1.0,1,1,0.022999219564807907,3
1,2021-11-19,IVL,0.6569632442880857,0.0,1,0,0.431600704345527,3
1,2021-11-20,IVL,0.3854124177229864,1.0,0,0,0.37771789628910496,3
1,2021-11-20,IVL,0.38809067153181076,0.0,0,1,0.15061436933001182,3
1,2021-11-20,IVL,0.24693385669589185,0.0,0,1,0.06097632958270725,3
1,2021-11-21,IVL,0.44053900992477035,1.0,0,0,0.3129965994159562,3
1,2021-11-21,IVL,0.34421664638849137,0.0,0,1,0.1184850996509397,3
1,2021-11-21,IVL,0.5002713464231087,1.0,1,1,0.24972872720577266,3
1,2021-11-26,IVL,0.2973283542946952,1.0,0,0,0.49374744167820145,3
1,2021-11-26,IVL,0.6673108998743417,0.0,1,0,0.44530383709110366,3
1,2021-11-26,IVL,0.6731363313316463,1.0,1,1,0.10683985789533532,3
1,2021-11-27,IVL,0.4829062857677288,0.0,0,1,0.23319848083398337,3
1,2021-11-27,IVL,0.40253022153311224,0.0,0,1,0.16203057924749642,3
1,2021-11-27,IVL,0.4589269441370426,0.0,0,1,0.21061394005496423,3
1,2021-11-28,IVL,0.2901320128978706,0.0,0,1,0.08417658490817015,3
1,2021-11-28,IVL,0.34367632734642184,0.0,0,1,0.1181134179783249,3
1,2021-11-28,IVL,0.33249928979955323,0.0,0,1,0.11055577771720729,3
1,2021-12-03,IVL,0.32033269129147646,0.0,0,1,0.10261303311004036,3
1,2021-12-03,IVL,0.7721461178798401,1.0,1,1,0.05191739159722772,3
1,2021-12-03,IVL,0.5353874287244987,0.0,1,0,0.2866396988362302,3
1,2021-12-04,IVL,0.7246214994327094,0.0,1,0,0.5250763174401081,3
1,2021-12-04,IVL,0.6530150076546497,0.0,1,0,0.4264286002222022,3
1,2021-12-04,IVL,0.34798624084508617,1.0,0,0,0.4251219421273219,3
1,2021-12-05,IVL,0.3263903077008731,0.0,0,1,0.1065306329610706,3
1,2021-12-05,IVL,0.5516411817685718,1.0,1,1,0.20102562988588288,3
1,2021-12-05,IVL,0.8013045602327513,1.0,1,1,0.03947987778430035,3
1,2021-12-10,IVL,0.3099698952882066,0.0,0,1,0.09608133598498178,3
1,2021-12-10,IVL,0.5829037911262791,1.0,1,1,0.17396924745683062,3
1,2021-12-10,IVL,0.8089435485741631,1.0,1,1,0.03650256763143319,3
1,2021-12-11,IVL,0.5100815389588369,0.0,1,0,0.2601831763866154,3
1,2021-12-11,IVL,0.5169443555343826,0.0,1,0,0.2672314667188581,3
1,2021-12-11,IVL,0.1652542458831664,0.0,0,1,0.027308965782414017,3
1,2021-12-12,IVL,0.7353457044076672,1.0,1,1,0.07004189617547385,3
1,2021-12-12,IVL,0.43420760372795614,0.0,0,1,0.18853624313517378,3
1,2021-12-12,IVL,0.365827619467828,0.0,0,1,0.13382984716549795,3
1,2021-12-17,IVL,0.6536571932158283,1.0,1,1,0.11995333981113811,3
1,2021-12-17,IVL,0.4170495695246602,0.0,0,1,0.1739303434407044,3
1,2021-12-17,IVL,0.5664810939189873,1.0,1,1,0.18793864192967794,3
1,2021-12-18,IVL,0.5383819097594463,1.0,1,1,0.21309126123733596,3
1,2021-12-18,IVL,0.48960139077569864,1.0,0,0,0.26050674029810106,3
1,2021-12-18,IVL,0.5021386622656347,1.0,1,1,0.2478659116106517,3
1,2021-12-19,IVL,0.3789788082899119,1.0,0,0,0.38566732055301794,3
1,2021-12-19,IVL,0.7114096987315046,1.0,1,1,0.08328436198624092,3
1,2021-12-19,IVL,0.6066323212873586,0.0,1,0,0.368002773230489,3
1,2021-12-31,IVL,0.3486193717298883,0.0,0,1,0.12153546634534206,5
1,2021-12-31,IVL,0.6881198823051518,1.0,1,1,0.0972692078133524,5
1,2021-12-31,IVL,0.7041182536764145,0.0,1,0,0.4957825151603235,5
1,2022-01-01,IVL,0.330238679057637,0.0,0,1,0.10905758514573297,5
1,2022-01-01,IVL,0.3335874916797543,0.0,0,1,0.11128061460519016,3
1,2022-01-02,IVL,0.5477380006415404,1.0,1,1,0.20454091606371128,3
1,2022-01-02,IVL,0.2763645328085561,0.0,0,1,0.07637735499449148,5
1,2022-01-03,IVL,0.516449957033687,0.0,1,0,0.26672055812009715,5
1,2022-02-19,COA,0.5232162326297773,1.0,1,1,0.22732276082774258,3
1,2022-02-19,COA,0.572383721332373,1.0,1,1,0.1828556817815496,3
1,2022-02-19,COA,0.49754134212929985,0.0,0,1,0.247547387127825,3
1,2022-02-19,COA,0.5,1.0,0,0,0.25,3
1,2022-02-19,COA,0.5050987579432699,0.0,1,0,0.2551247552758339,3
1,2022-02-20,COA,0.4860742889500579,1.0,0,0,0.2641196364781886,3
1,2022-02-20,COA,0.5050987579432699,1.0,1,1,0.2449272393892942,3
1,2022-02-20,COA,0.5,1.0,0,0,0.25,3
1,2022-02-20,COA,0.5,0.0,0,1,0.25,3
1,2022-02-20,COA,0.4860742889500579,1.0,0,0,0.2641196364781886,3
1,2022-02-21,COA,0.5,1.0,0,0,0.25,3
1,2022-02-21,COA,0.5720749955369324,1.0,1,1,0.1831198094447164,3
1,2022-02-25,COA,0.5567397392316227,1.0,1,1,0.19647965877644988,3
1,2022-02-25,COA,0.5012555863890493,0.0,1,0,0.2512571628862297,3
1,2022-02-25,COA,0.5086214465339266,0.0,1,0,0.25869577587426396,3
1,2022-02-25,COA,0.47613504627009384,0.0,0,1,0.2267045822866244,3
1,2022-02-26,COA,0.48713906780260646,0.0,0,1,0.23730447137959243,3
1,2022-02-26,COA,0.5,1.0,0,0,0.25,3
1,2022-02-26,COA,0.4462485985078872,1.0,0,0,0.30664061465447906,3
1,2022-02-26,COA,0.4943488866080109,1.0,0,0,0.2556830484745582,3
1,2022-02-27,COA,0.5086214465339265,0.0,1,0,0.25869577587426384,3
1,2022-02-27,COA,0.5295135324133835,1.0,1,1,0.22135751618213234,3
1,2022-02-27,COA,0.5,1.0,0,0,0.25,3
1,2022-02-27,COA,0.5052174011160571,0.0,1,0,0.2552446223904629,3
1,2022-02-27,COA,0.5055087757099868,1.0,1,1,0.24452157089983617,3
1,2022-02-27,COA,0.4891551017032414,1.0,0,0,0.26096251011582566,3
1,2022-03-04,COA,0.33274790189051295,0.0,0,1,0.11072116621253844,3
1,2022-03-04,COA,0.547816853464623,0.0,1,0,0.3001033049398803,3
1,2022-03-05,COA,0.5255379793315809,0.0,1,0,0.2761901677199211,3
1,2022-03-05,COA,0.534339086791888,0.0,1,0,0.28551825967358885,3
1,2022-03-06,COA,0.496840615169154,1.0,0,0,0.25316936654335537,3
1,2022-03-06,COA,0.6064454459635729,0.0,1,0,0.3677760789299568,3
1,2022-03-06,COA,0.7067777551048549,0.0,1,0,0.4995347951110582,3
1,2022-03-11,COA,0.4444165237704535,1.0,0,0,0.30867299905930706,3
1,2022-03-11,COA,0.6939596118850603,1.0,1,1,0.09366071915754294,3
1,2022-03-12,COA,0.4937035485524257,0.0,0,1,0.24374319385325738,3
1,2022-03-12,COA,0.4803944911988728,0.0,0,1,0.23077886717422386,3
1,2022-03-12,COA,0.3385047854206228,0.0,0,1,0.11458548975266188,3
1,2022-03-13,COA,0.4803944911988728,0.0,0,1,0.23077886717422386,3
1,2022-03-13,COA,0.281432021922826,1.0,0,0,0.516339939117918,3
1,2022-03-19,COA,0.49505980881090716,1.0,0,0,0.25496459667807764,3
1,2022-03-19,COA,0.6221975395950197,0.0,1,0,0.3871297782780961,3
1,2022-03-19,COA,0.42725795384616916,1.0,0,0,0.3280334514324769,3
1,2022-03-19,COA,0.5408541084781524,0.0,1,0,0.29252316665769706,3
1,2022-03-20,COA,0.5418841441813961,0.0,1,0,0.29363842571520404,3
1,2022-03-20,COA,0.47724139101482954,1.0,0,0,0.27327656326811034,3
1,2022-03-20,COA,0.35536875439853216,1.0,0,0,0.4155494428056999,3
1,2022-03-20,COA,0.5899864406498748,1.0,1,1,0.1681111188509586,3
1,2022-03-26,COA,0.5984494587225543,1.0,1,1,0.16124283720020963,3
1,2022-03-26,COA,0.3733646441406935,0.0,0,1,0.13940115749430668,3
1,2022-03-26,COA,0.6317103840692833,1.0,1,1,0.13563724120239484,3
1,2022-03-26,COA,0.6622194918268185,1.0,1,1,0.11409567170173274,3
1,2022-03-27,COA,0.3893493369616691,0.0,0,1,0.15159290619249136,3
1,2022-03-27,COA,0.4607974796451852,1.0,0,0,0.2907393579569844,3
1,2022-03-27,COA,0.7181369684089534,1.0,1,1,0.07944676857769535,3
1,2022-03-27,COA,0.49844612029661284,0.0,0,1,0.24844853483874543,3
1,2022-04-03,COA,0.4590226290455055,1.0,0,0,0.29265651588483677,3
1,2022-04-03,COA,0.27563823411643595,0.0,0,1,0.07597643610682715,3
1,2022-04-03,COA,0.6563020055420756,1.0,1,1,0.11812831139439942,3
1,2022-04-04,COA,0.34704699189844945,1.0,0,0,0.4263476307888635,3
1,2022-04-04,COA,0.47500151597448165,1.0,0,0,0.2756234082290925,3
1,2022-04-04,COA,0.39695739884754344,0.0,0,1,0.15757517649980768,3
1,2022-04-09,COA,0.5832586024518065,0.0,1,0,0.34019059733403445,3
1,2022-04-09,COA,0.5832402632155345,1.0,1,1,0.173688678204657,3
1,2022-04-09,COA,0.5047276189604749,1.0,1,1,0.24529473142056052,3
1,2022-04-09,COA,0.550379961742028,1.0,1,1,0.20215817880310025,3
1,2022-04-10,COA,0.6659091154343562,1.0,1,1,0.11161671914985435,3
1,2022-04-10,COA,0.8256334537959256,1.0,1,1,0.030403692435137623,3
1,2022-04-10,COA,0.7686318172777895,1.0,1,1,0.05353123597617818,3
1,2022-04-16,COA,0.4013104295871529,0.0,0,1,0.1610500608954252,3
1,2022-04-16,COA,0.25531467790815804,0.0,0,1,0.06518558475534648,3
1,2022-04-16,COA,0.24563639468586834,0.0,0,1,0.060337238394271686,3
1,2022-04-16,COA,0.40902933016307297,1.0,0,0,0.3492463326075062,3
1,2022-04-17,COA,0.6189314297780282,1.0,1,1,0.14521325521101788,3
1,2022-04-17,COA,0.7295149145117308,1.0,1,1,0.07316218147159631,3
1,2022-04-17,COA,0.5869182420215902,0.0,1,0,0.34447302281771386,3
1,2022-04-17,COA,0.41488909970608745,0.0,0,1,0.17213296505492778,3
1,2022-04-18,COA,0.6851466820507959,1.0,1,1,0.09913261182362262,3
1,2022-04-18,COA,0.38829077145459867,0.0,0,1,0.15076972319680737,3
1,2022-04-18,COA,0.48995472081124014,0.0,0,1,0.24005562844522027,3
1,2022-04-18,COA,0.5012972307596116,1.0,1,1,0.24870445204803204,3
1,2022-04-19,COA,0.3869226363581323,0.0,0,1,0.14970912652632748,3
1,2022-04-19,COA,0.5477380006415404,1.0,1,1,0.20454091606371128,3
1,2022-04-19,COA,0.5360579309791481,1.0,1,1,0.2152422434073489,3
1,2022-04-19,COA,0.5011122340416214,0.0,1,0,0.25111347110618476,3
1,2022-04-20,COA,0.5857906600131793,0.0,1,0,0.34315069735867615,3
1,2022-04-20,COA,0.7042619771642069,1.0,1,1,0.08746097815082407,3
1,2022-04-20,COA,0.44461102557961685,1.0,0,0,0.30845691290772503,3
1,2022-04-20,COA,0.50751213468233,1.0,1,1,0.24254429748515544,3
1,2022-04-21,COA,0.3972296627345787,0.0,0,1,0.15779140495622715,3
1,2022-04-21,COA,0.5284614353870758,0.0,1,0,0.2792714886913685,3
1,2022-04-21,COA,0.24433213819738908,0.0,0,1,0.059698193756108034,3
1,2022-04-21,COA,0.7684025098649014,1.0,1,1,0.05363739743687707,3
1,2022-04-30,COA,0.6191690316288885,1.0,1,1,0.14503222647047853,3
1,2022-04-30,COA,0.5217076987229188,0.0,1,0,0.27217892290676376,3
1,2022-04-30,COA,0.4863091998080813,0.0,0,1,0.23649663781797634,3
1,2022-04-30,COA,0.6528410129914786,0.0,1,0,0.4262013882437399,3
1,2022-05-01,COA,0.68260680064505,1.0,1,1,0.10073844299677105,3
1,2022-05-01,COA,0.6530150076546497,1.0,1,1,0.1203985849129028,3
1,2022-05-01,COA,0.5955366854537009,1.0,1,1,0.1635905728137785,3
1,2022-05-01,COA,0.5164503739618218,1.0,1,1,0.23382024084166197,3
1,2022-05-02,COA,0.567228091377791,0.0,1,0,0.3217477076480916,3
1,2022-05-02,COA,0.48683868321002377,1.0,0,0,0.26333453704962234,3
1,2022-05-03,COA,0.6669289967846266,1.0,1,1,0.11093629318289529,3
1,2022-05-03,COA,0.7318557623851676,1.0,1,1,0.07190133216603971,3
1,2022-06-03,IVL,0.4410434808476468,0.0,0,1,0.19451935199820858,3
1,2022-06-03,IVL,0.6642637921272418,1.0,1,1,0.11271880127677987,3
1,2022-06-03,IVL,0.34589367920520003,0.0,0,1,0.11964243731410983,3
1,2022-06-04,IVL,0.677741559655769,1.0,1,1,0.1038505023730963,3
1,2022-06-04,IVL,0.36640715216727426,0.0,0,1,0.13425420115933206,3
1,2022-06-04,IVL,0.6813116724075858,0.0,1,0,0.46418559495882156,3
1,2022-06-04,IJL,0.5684176603366948,1.0,1,1,0.18626331590925252,3
1,2022-06-04,IJL,0.37867435804340555,1.0,0,0,0.3860455533527742,3
1,2022-06-04,IJL,0.5813984206685735,0.0,1,0,0.33802412355591155,3
1,2022-06-05,IJL,0.5082810945083984,1.0,1,1,0.2417874820178586,3
1,2022-06-05,IJL,0.5037001603359789,0.0,1,0,0.2537138515224908,3
1,2022-06-05,IVL,0.20557375402360495,1.0,0,0,0.6311130602961478,3
1,2022-06-05,IVL,0.5540047482924475,0.0,1,0,0.3069212611305781,3
1,2022-06-05,IJL,0.4412157245182361,1.0,0,0,0.3122398665256798,3
1,2022-06-10,IVL,0.48790787830565174,0.0,0,1,0.23805409771272268,3
1,2022-06-10,IVL,0.24066451140720818,0.0,0,1,0.05791940705087024,3
1,2022-06-10,IVL,0.3280151718252144,1.0,0,0,0.45156360929709605,3
1,2022-06-11,IVL,0.27610538665197426,1.0,0,0,0.5240234112342876,3
1,2022-06-11,IVL,0.48944894252298105,0.0,0,1,0.2395602673368644,3
1,2022-06-11,IVL,0.3547560082938681,0.0,0,1,0.12585182542059903,3
1,2022-06-11,IJL,0.4590653790463871,1.0,0,0,0.29261026414622887,3
1,2022-06-11,IJL,0.6204154178942138,0.0,1,0,0.384915290760852,3
1,2022-06-11,IJL,0.4353637435480408,0.0,0,1,0.18954158919616423,3
1,2022-06-12,IJL,0.557745927915806,0.0,1,0,0.3110805201066635,3
1,2022-06-12,IJL,0.33195183712354503,1.0,0,0,0.4462883479226065,3
1,2022-06-12,IJL,0.5017969371466071,0.0,1,0,0.25180016612971595,3
1,2022-06-12,IVL,0.3670564014702141,0.0,0,1,0.134730401860263,3
1,2022-06-12,IVL,0.520850571186339,1.0,1,1,0.22958417513245755,3
1,2022-06-12,IVL,0.8077496264548851,1.0,1,1,0.0369602061282362,3
1,2022-06-17,IVL,0.46687395452644886,1.0,0,0,0.2842233803622669,3
1,2022-06-17,IVL,0.3251120643925459,0.0,0,1,0.10569785441358293,3
1,2022-06-17,IVL,0.33803951595925774,0.0,0,1,0.11427071434996927,3
1,2022-06-18,IJL,0.5022844143382367,0.0,1,0,0.25228963288710543,3
1,2022-06-18,IJL,0.49859296608643566,1.0,0,0,0.2514090136579983,3
1,2022-06-18,IJL,0.5727651756813636,1.0,1,1,0.18252959511057607,3
1,2022-06-18,IVL,0.35189943965571735,0.0,0,1,0.12383321563000786,3
1,2022-06-18,IVL,0.5087562715978329,1.0,1,1,0.24132040069446214,3
1,2022-06-18,IVL,0.39051232828475835,0.0,0,1,0.15249987854238287,3
1,2022-06-19,IJL,0.5059910599110989,0.0,1,0,0.2560269527099573,3
1,2022-06-19,IVL,0.5192191415356882,0.0,1,0,0.269588516937057,3
1,2022-06-19,IVL,0.6484351620487565,1.0,1,1,0.1235978352836841,3
1,2022-06-19,IVL,0.3487081068678042,0.0,0,1,0.12159734379532794,3
1,2022-06-19,IJL,0.431752760701533,0.0,0,1,0.18641044637339524,3
1,2022-06-19,IJL,0.4718949257138182,1.0,0,0,0.2788949694868136,3
1,2022-06-24,IVL,0.48683868321002366,0.0,0,1,0.23701190346966977,3
1,2022-06-24,IVL,0.34010705190054036,0.0,0,1,0.11567280675247685,3
1,2022-06-24,IVL,0.565075826585132,0.0,1,0,0.3193106897908702,3
1,2022-06-25,IVL,0.5484581565975972,1.0,1,1,0.20389003634324004,3
1,2022-06-25,IVL,0.392967646824174,1.0,0,0,0.3684882778021807,3
1,2022-06-25,IVL,0.4600369647596812,1.0,0,0,0.2915600794259378,3
1,2022-06-25,IJL,0.630971986700104,1.0,1,1,0.13618167460006822,3
1,2022-06-25,IJL,0.4389595839879229,1.0,0,0,0.3147663483990045,3
1,2022-06-25,IJL,0.4954167319444644,1.0,0,0,0.25460427440160444,3
1,2022-06-26,IVL,0.6226057178435855,1.0,1,1,0.14242644420435538,3
1,2022-06-26,IVL,0.6596569874987371,0.0,1,0,0.43514734115590903,3
1,2022-06-26,IVL,0.5283621876305519,0.0,1,0,0.2791666013177425,3
1,2022-06-26,IJL,0.5045832680555358,0.0,1,0,0.25460427440160466,3
1,2022-06-26,IJL,0.5076824863178633,0.0,1,0,0.2577415069138874,3
1,2022-06-26,IJL,0.369028013299896,0.0,0,1,0.13618167460006822,3
1,2022-07-01,IVL,0.641083230506817,1.0,1,1,0.12882124742342263,3
1,2022-07-01,IVL,0.4455459592451648,0.0,0,1,0.1985112017996941,3
1,2022-07-01,IVL,0.6869592383545926,1.0,1,1,0.09799451845153677,3
1,2022-07-02,IJL,0.5074020424372554,1.0,1,1,0.24265274779498752,3
1,2022-07-02,IVL,0.517707363181971,1.0,1,1,0.23260618752888726,3
1,2022-07-02,IVL,0.6320508313718178,1.0,1,1,0.13538659069417044,3
1,2022-07-02,IVL,0.6664071583486619,1.0,1,1,0.11128418400101471,3
1,2022-07-03,IVL,0.2887987942430146,1.0,0,0,0.5058071550701899,3
1,2022-07-03,IVL,0.5369173898052326,0.0,1,0,0.28828028347526413,3
1,2022-07-03,IVL,0.7693392341950153,1.0,1,1,0.05320438888174202,3
1,2022-07-08,IVL,0.1942885024964187,0.0,0,1,0.0377480222023009,3
1,2022-07-08,IVL,0.7591151205781288,1.0,1,1,0.05802552513408943,3
1,2022-07-08,IVL,0.5120921216943484,1.0,1,1,0.23805409771272257,3
1,2022-07-09,IVL,0.5105510574770189,0.0,1,0,0.2606623822909023,3
1,2022-07-09,IVL,0.6430397018459968,1.0,1,1,0.12742065445819487,3
1,2022-07-09,IVL,0.8032386229350217,1.0,1,1,0.038715039504506575,3
1,2022-07-09,IJL,0.41324808209022745,0.0,0,1,0.17077397735125135,3
1,2022-07-09,IJL,0.561341082241315,0.0,1,0,0.3151038106118507,3
1,2022-07-10,IJL,0.42873250849350897,0.0,0,1,0.18381156383913674,3
1,2022-07-10,IJL,0.6284288311452049,1.0,1,1,0.13806513352411867,3
1,2022-07-10,IJL,0.4943163063689714,0.0,0,1,0.2443486107422628,3
1,2022-07-10,IVL,0.47914942881366096,1.0,0,0,0.2712853175051356,3
1,2022-07-10,IVL,0.6452439917061319,1.0,1,1,0.12585182542059903,3
1,2022-07-10,IVL,0.5972392969427422,1.0,1,1,0.16221618392717654,3
1,2022-07-15,IVL,0.6006993972073329,0.0,1,0,0.3608397658052531,3
1,2022-07-15,IVL,0.5310462432343117,1.0,1,1,0.21991762598465234,3
1,2022-07-15,IVL,0.6252721336544023,1.0,1,1,0.14042097381592417,3
1,2022-07-16,IJL,0.6177767808009487,0.0,1,0,0.3816481508967834,3
1,2022-07-16,IVL,0.4149598194411416,0.0,0,1,0.1721916517506248,3
1,2022-07-16,IVL,0.23707727841545198,0.0,0,1,0.056205635940877734,3
1,2022-07-16,IJL,0.44464129584276246,1.0,0,0,0.3084232902832061,3
1,2022-07-16,IJL,0.6661716487506302,1.0,1,1,0.11144136809787264,3
1,2022-07-17,IJL,0.4415692087566253,1.0,0,0,0.31184494860870154,3
1,2022-07-17,IJL,0.5622551953227672,1.0,1,1,0.19162051402190866,3
1,2022-07-17,IJL,0.5644402745066286,1.0,1,1,0.18971227447186106,3
1,2022-07-17,IVL,0.3274181329875507,0.0,0,1,0.10720263380905343,3
1,2022-07-17,IVL,0.4716378123694479,1.0,0,0,0.27916660131774274,3
1,2022-07-17,IVL,0.6619604840407423,1.0,1,1,0.11427071434996927,3
1,2022-07-22,IVL,0.43115246434452476,0.0,0,1,0.1858924475103567,3
1,2022-07-22,IVL,0.307113105288206,0.0,0,1,0.09431845943976472,3
1,2022-07-22,IVL,0.46296808816606444,0.0,0,1,0.21433945066014082,3
1,2022-07-23,IVL,0.7112012057569854,1.0,1,1,0.08340474355621907,3
1,2022-07-23,IVL,0.34034301250126286,0.0,0,1,0.11583336615843477,3
1,2022-07-23,IVL,0.4515418434024028,1.0,0,0,0.3008063495384345,3
1,2022-07-23,IJL,0.4966061883479406,1.0,0,0,0.25340532960958895,3
1,2022-07-23,IJL,0.50686264706795,1.0,1,1,0.24318444885682922,3
1,2022-07-23,IJL,0.5682472392984668,0.0,1,0,0.32290492497032897,3
1,2022-07-24,IJL,0.42723482431863624,0.0,0,1,0.18252959511057598,3
1,2022-07-24,IJL,0.4977155856617633,0.0,0,1,0.24772080421063206,3
1,2022-07-24,IJL,0.4988095993337869,0.0,0,1,0.248811016387533,3
1,2022-07-24,IVL,0.7868128602104649,1.0,1,1,0.04544875657164277,3
1,2022-07-24,IVL,0.33552323633183095,0.0,0,1,0.11257584211858569,3
1,2022-07-24,IVL,0.30280857320915816,0.0,0,1,0.0916930320089661,3
1,2022-07-29,IVL,0.3328201860831381,0.0,0,1,0.11076927626441468,3
1,2022-07-29,IVL,0.324369089857689,0.0,0,1,0.1052153064551055,3
1,2022-07-29,IVL,0.372980143287358,0.0,0,1,0.13911418728665811,3
1,2022-07-30,IVL,0.46308261019476726,0.0,0,1,0.21444550386479877,3
1,2022-07-30,IVL,0.36794916862818233,0.0,0,1,0.13538659069417056,3
1,2022-07-30,IVL,0.6771370688551481,0.0,1,0,0.45851461001774163,3
1,2022-07-31,IVL,0.5544540407548353,1.0,1,1,0.19851120179969398,3
1,2022-07-31,IVL,0.26223270152208644,1.0,0,0,0.5443005867033988,3
1,2022-07-31,IVL,0.6448563053648898,1.0,1,1,0.12612704383907639,3
1,2022-08-05,IVL,0.6612035558845684,1.0,1,1,0.11478303054526079,3
1,2022-08-05,IVL,0.6400078820214292,0.0,1,0,0.40961008904955565,3
1,2022-08-05,IVL,0.662131677947428,0.0,1,0,0.4384183589414765,3
1,2022-08-06,IVL,0.6481005603442827,1.0,1,1,0.12383321563000786,3
1,2022-08-06,IVL,0.6515177169866426,1.0,1,1,0.1214399015742017,3
1,2022-08-06,IVL,0.3627687542675403,1.0,0,0,0.40606366053774245,3
1,2022-08-07,IVL,0.4142031493658943,0.0,0,1,0.17156424894462535,3
1,2022-08-07,IVL,0.5131613167899765,1.0,1,1,0.23701190346966966,3
1,2022-08-07,IVL,0.4822926368180291,1.0,0,0,0.26802091389282906,3
1,2022-08-18,IVL,0.7172077848245758,0.0,1,0,0.514387006612975,5
1,2022-08-18,IVL,0.429366729651561,0.0,0,1,0.18435578853167664,3
1,2022-08-18,IVL,0.6320508313718178,0.0,1,0,0.3994882534378061,3
1,2022-08-19,IJL,0.5136135844313003,1.0,1,1,0.2365717452497678,3
1,2022-08-19,IJL,0.439832866511749,0.0,0,1,0.19345295046394204,3
1,2022-08-19,IJL,0.5727651756813636,1.0,1,1,0.18252959511057607,3
1,2022-08-19,IVL,0.4689537567656882,0.0,0,1,0.21991762598465223,3
1,2022-08-19,IVL,0.28260120277767,1.0,0,0,0.5146610342560458,5
1,2022-08-20,IVL,0.6928868947117939,1.0,1,1,0.09431845943976477,3
1,2022-08-20,IVL,0.6771370688551481,1.0,1,1,0.10424047230744536,3
1,2022-08-20,IJL,0.462046596608488,1.0,0,0,0.28939386422051083,3
1,2022-08-20,IJL,0.4977155856617633,1.0,0,0,0.25228963288710543,3
1,2022-08-21,IVL,0.6481005603442827,1.0,1,1,0.12383321563000786,3
1,2022-08-21,IJL,0.5601312991136701,1.0,1,1,0.19348447401942756,3
1,2022-08-21,IJL,0.4896305945287625,0.0,0,1,0.23973811909858944,5
1,2022-08-26,IJL,0.5032452111950716,1.0,1,1,0.24676532020062902,5
1,2022-08-26,IJL,0.42382472946112837,1.0,0,0,0.3319779423805419,5
1,2022-08-27,IJL,0.49400507102486996,1.0,0,0,0.25603086814854686,5
1,2022-08-27,IJL,0.431752760701533,0.0,0,1,0.18641044637339524,3
1,2022-08-28,IJL,0.5033938116520593,0.0,1,0,0.25340532960958895,3
1,2022-08-28,IJL,0.4362687978665225,0.0,0,1,0.19033046399190068,5
1,2022-10-05,IVL,0.5787601132747505,0.0,1,0,0.3349632687178021,3
1,2022-10-05,IVL,0.6436719937069441,1.0,1,1,0.1269696480687841,3
1,2022-10-05,IVL,0.44960510095302,1.0,0,0,0.30293454489693533,3
1,2022-10-06,IVL,0.6414325324558559,0.0,1,0,0.4114356936927326,3
1,2022-10-06,IVL,0.317732757245348,0.0,0,1,0.10095410502673124,3
1,2022-10-06,IVL,0.40966255426318954,0.0,0,1,0.1678234083654407,3
1,2022-10-07,IVL,0.6787809863793874,1.0,1,1,0.10318165471139927,3
1,2022-10-07,IVL,0.38514006238792975,0.0,0,1,0.14833286765617842,3
1,2022-10-07,IVL,0.3836800033967497,0.0,0,1,0.14721034500652985,3
1,2022-10-14,IVL,0.4330253782331205,0.0,0,1,0.18751097819393706,3
1,2022-10-14,IVL,0.45977568200912067,1.0,0,0,0.2918423137487107,3
1,2022-10-14,IVL,0.20065106728987336,0.0,0,1,0.04026085080456529,3
1,2022-10-15,IVL,0.6900635771238224,0.0,1,0,0.47618774047292556,3
1,2022-10-15,IVL,0.46328297172227184,0.0,0,1,0.21463111188781933,3
1,2022-10-15,IVL,0.5114171437811851,0.0,1,0,0.2615474949533053,3
1,2022-10-15,IJL,0.42873250849350886,0.0,0,1,0.18381156383913663,3
1,2022-10-15,IJL,0.4998388647489598,0.0,0,1,0.2498388907135289,3
1,2022-10-15,IJL,0.5361128803988731,1.0,1,1,0.21519125973183026,3
1,2022-10-16,IJL,0.5035440503327799,1.0,1,1,0.24646850995998135,3
1,2022-10-16,IJL,0.44292959126171066,0.0,0,1,0.19618662281526608,3
1,2022-10-16,IJL,0.5682472392984668,1.0,1,1,0.18641044637339543,3
1,2022-10-16,IVL,0.4999718619605985,1.0,0,0,0.25002813883115077,3
1,2022-10-16,IVL,0.4700376831483699,0.0,0,1,0.2209354235794874,3
1,2022-10-16,IVL,0.3678223718581346,0.0,0,1,0.13529329723934386,3
1,2022-10-21,IVL,0.36697790854416745,0.0,0,1,0.13467278535945132,3
1,2022-10-21,IVL,0.3579846910554295,1.0,0,0,0.4121836569191923,3
1,2022-10-21,IVL,0.3108868788870225,0.0,0,1,0.0966506514641142,3
1,2022-10-22,IVL,0.703490217875734,0.0,1,0,0.49489848664684766,3
1,2022-10-22,IVL,0.4515418434024029,0.0,0,1,0.20389003634324013,3
1,2022-10-22,IVL,0.3212729797482914,0.0,0,1,0.10321632751634605,3
1,2022-10-22,IJL,0.46582365076172766,1.0,0,0,0.28534437208552865,3
1,2022-10-22,IJL,0.5039545407146644,1.0,1,1,0.24606109767759954,3
1,2022-10-22,IJL,0.4844124492018792,0.0,0,1,0.2346554209417632,3
1,2022-10-23,IJL,0.5402155986731636,0.0,1,0,0.29183289304980453,3
1,2022-10-23,IJL,0.4970934574692696,0.0,0,1,0.24710190545875252,3
1,2022-10-23,IJL,0.49145140931019593,1.0,0,0,0.2586216690925859,3
1,2022-10-23,IVL,0.418828854443298,0.0,0,1,0.1754176093142853,3
2,2022-10-23,IVL,0.40021599730135304,1.0,0,0,0.35974084989321053,3
2,2022-10-23,IVL,0.47484841768037334,0.0,0,1,0.22548101977355428,3
2,2022-10-28,IVL,0.29903780074615893,1.0,0,0,0.49134800478278157,3
2,2022-10-28,IVL,0.5131559455091512,0.0,1,0,0.263329024411391,3
2,2022-10-28,IVL,0.44585530671535345,1.0,0,0,0.307076341095535,3
2,2022-10-29,IVL,0.1674689094886012,0.0,0,1,0.028045835645301297,3
2,2022-10-29,IVL,0.5253234647934074,0.0,1,0,0.27596474266255033,3
2,2022-10-29,IVL,0.4299198747026236,1.0,0,0,0.32499134925907236,3
2,2022-10-29,IJL,0.8111437136467781,1.0,1,1,0.03566669689513016,3
2,2022-10-29,IJL,0.6287267496642529,1.0,1,1,0.13784382641487034,3
2,2022-10-29,IJL,0.6421650893189979,0.0,1,0,0.4123760019400765,3
2,2022-10-30,IJL,0.25203291007778633,0.0,0,1,0.06352058776227754,3
2,2022-10-30,IJL,0.7399413035057633,1.0,1,1,0.06763052562228154,3
2,2022-10-30,IJL,0.7265284999820885,1.0,1,1,0.07478666132204659,3
2,2022-10-30,IVL,0.2735585824068869,0.0,0,1,0.07483429800846554,3
2,2022-10-30,IVL,0.2693145677880703,0.0,0,1,0.0725303364228751,3
2,2022-11-04,IVL,0.7398914414901511,1.0,1,1,0.0676564622100715,3
2,2022-11-04,IVL,0.5775662439063345,0.0,1,0,0.3335827661000715,3
2,2022-11-04,IVL,0.7170889018598345,1.0,1,1,0.08003868945087433,3
2,2022-11-05,IVL,0.48053389629042886,0.0,0,1,0.23091282548406064,3
2,2022-11-05,IVL,0.7942604444695537,1.0,1,1,0.0423287647098656,3
2,2022-11-05,IVL,0.5920268220884692,1.0,1,1,0.16644211389523353,3
2,2022-11-05,IJL,0.6022146697836616,1.0,1,1,0.1582331689353214,3
2,2022-11-05,IJL,0.42200447194280555,0.0,0,1,0.17808777433972617,3
2,2022-11-05,IJL,0.3404536411988406,0.0,0,1,0.11590868180554888,3
2,2022-11-06,IJL,0.39778533021633844,1.0,0,0,0.36266250850264453,3
2,2022-11-06,IJL,0.5956636069239301,0.0,1,0,0.35481513261362624,3
2,2022-11-06,IJL,0.6595463588011592,0.0,1,0,0.4350013994078674,3
2,2022-11-06,IVL,0.6162415663602019,1.0,1,1,0.14727053538967133,3
2,2022-11-06,IVL,0.6385671700451214,1.0,1,1,0.13063369056919216,3
2,2022-11-06,IVL,0.3965277960941008,0.0,0,1,0.1572342930752448,3
2,2022-11-11,IVL,0.6165219068466082,1.0,1,1,0.1470554479285614,3
2,2022-11-11,IVL,0.7592679437816172,1.0,1,1,0.05795192289113061,3
2,2022-11-11,IVL,0.4756189081417634,0.0,0,1,0.22621334578196317,3
2,2022-11-12,IJL,0.38401416889695356,0.0,0,1,0.14746688191361798,3
2,2022-11-12,IJL,0.29090269605107333,0.0,0,1,0.08462437856978315,3
2,2022-11-12,IJL,0.7526149449482047,1.0,1,1,0.0611993654629798,3
2,2022-11-12,IVL,0.6264334719681701,1.0,1,1,0.13955195086575595,3
2,2022-11-12,IVL,0.5917496815661065,0.0,1,0,0.35016768563358847,3
2,2022-11-12,IVL,0.6157668622756086,1.0,1,1,0.1476351041255311,3
2,2022-11-13,IVL,0.34925835428938934,1.0,0,0,0.42346468946215393,3
2,2022-11-13,IVL,0.7015642332131092,0.0,1,0,0.4921923733238979,3
2,2022-11-13,IVL,0.29543842570142337,0.0,0,1,0.08728386338093545,3
2,2022-11-13,IJL,0.272176081793448,0.0,0,1,0.07407981950043369,3
2,2022-11-13,IJL,0.3712732503357471,0.0,0,1,0.13784382641487034,3
2,2022-11-13,IJL,0.1888562863532221,0.0,0,1,0.035666696895130225,3
2,2022-11-18,IVL,0.38334493413758214,1.0,0,0,0.380263470253783,3
2,2022-11-18,IVL,0.6200226984190411,1.0,1,1,0.14438274971674697,3
2,2022-11-18,IVL,0.6785660760314558,1.0,1,1,0.10331976747781585,3
2,2022-11-19,IJL,0.377383343727947,1.0,0,0,0.3876515006673918,3
2,2022-11-19,IJL,0.6947341682088893,0.0,1,0,0.48265556447689734,3
2,2022-11-19,IJL,0.3731572642979794,0.0,0,1,0.13924634389835205,3
2,2022-11-19,IVL,0.6036514785098005,1.0,1,1,0.15709215048746714,3
2,2022-11-19,IVL,0.4837446782519501,0.0,0,1,0.23400891373708274,3
2,2022-11-19,IVL,0.6419468753712887,0.0,1,0,0.41209579079896086,3
2,2022-11-20,IVL,0.5239200012585856,1.0,1,1,0.22665216520162512,3
2,2022-11-20,IVL,0.36676129316006456,0.0,0,1,0.13451384616044282,3
2,2022-11-20,IVL,0.4354317360954276,0.0,0,1,0.18960079679907813,3
2,2022-11-20,IJL,0.4621038318313999,0.0,0,1,0.21353995139326273,3
2,2022-11-20,IJL,0.4631281318721393,1.0,0,0,0.288231402787099,3
2,2022-11-20,IJL,0.4917467311177104,0.0,0,1,0.24181484756495375,3
2,2022-11-25,IVL,0.32029341042860626,1.0,0,0,0.4620010479067751,3
2,2022-11-25,IVL,0.2738555951992606,1.0,0,0,0.5272856966234201,3
2,2022-11-25,IVL,0.4224337560936654,0.0,0,1,0.1784502782874024,3
2,2022-11-26,IJL,0.6386867720603974,1.0,1,1,0.13054724868413525,3
2,2022-11-26,IVL,0.407823725945082,1.0,0,0,0.35067273955356537,3
2,2022-11-26,IJL,0.6873920497257572,0.0,1,0,0.47250783002617786,3
2,2022-11-26,IVL,0.527947936670439,1.0,1,1,0.22283315049369581,3
2,2022-11-26,IVL,0.2057395555304462,0.0,0,1,0.04232876470986556,3
2,2022-11-27,IJL,0.21972026855418156,0.0,0,1,0.048276996413521664,3
2,2022-11-27,IJL,0.5024849801749234,0.0,1,0,0.25249115530139316,3
2,2022-11-27,IJL,0.5463763990937568,1.0,1,1,0.2057743712991466,3
2,2022-11-27,IVL,0.3614328299548788,1.0,0,0,0.40776803065943473,3
2,2022-11-27,IVL,0.4574342314869083,1.0,0,0,0.2943776131622018,3
2,2022-11-27,IVL,0.606319067374547,1.0,1,1,0.15498467671284646,3
2,2022-12-02,IVL,0.5282690094683373,1.0,1,1,0.22253012742798362,3
2,2022-12-02,IVL,0.7009621992538408,1.0,1,1,0.08942360627509958,3
2,2022-12-03,IVL,0.5494827413639991,1.0,1,1,0.20296580032889733,3
2,2022-12-03,IVL,0.804223945105073,1.0,1,1,0.03832826367022147,3
2,2022-12-03,IVL,0.5535821086068315,1.0,1,1,0.19928893375592274,3
2,2022-12-04,IVL,0.6784273166960443,1.0,1,1,0.1034089906473062,3
2,2022-12-04,IVL,0.7094888967213595,1.0,1,1,0.08439670112817292,3
2,2022-12-04,IVL,0.6367471285763575,0.0,1,0,0.40544690575023634,3
2,2022-12-09,IVL,0.6606875639037081,0.0,1,0,0.43650805709701634,3
2,2022-12-09,IVL,0.49919338472973107,1.0,0,0,0.25080726589846314,3
2,2022-12-09,IVL,0.48166500855893274,0.0,0,1,0.23200118047007676,3
2,2022-12-10,IVL,0.47090601291359,0.0,0,1,0.22175247299817422,3
2,2022-12-10,IVL,0.7011816500657435,1.0,1,1,0.08929240625743176,3
2,2022-12-10,IVL,0.5004522655575809,1.0,1,1,0.24954793898655364,3
2,2022-12-11,IVL,0.5667329771445748,1.0,1,1,0.18772031309400353,3
2,2022-12-11,IVL,0.628613205509535,0.0,1,0,0.39515456214097294,3
2,2022-12-11,IVL,0.7408309356941217,1.0,1,1,0.06716860389318446,3
2,2022-12-22,IJL,0.3893628512349123,0.0,0,1,0.15160342992178047,3
2,2022-12-22,IJL,0.477849074069683,1.0,0,0,0.27264158944988737,3
2,2022-12-23,IJL,0.2899401850475767,0.0,0,1,0.084065310905423,5
2,2022-12-23,IJL,0.6268427357020204,0.0,1,0,0.392931815302393,3
2,2022-12-24,IJL,0.6386867720603974,1.0,1,1,0.13054724868413525,3
2,2022-12-24,IJL,0.6773132942518059,0.0,1,0,0.45875329857023334,5
2,2022-12-25,IJL,0.5054572681325257,0.0,1,0,0.255487049907996,3
2,2022-12-25,IJL,0.1579430139593271,0.0,0,1,0.024945995658556198,5
2,2022-12-30,IVL,0.5002753875933454,1.0,1,1,0.24972468824498112,3
2,2022-12-30,IVL,0.6712104358011417,1.0,1,1,0.10810257752607516,5
2,2022-12-30,IVL,0.5917496815661065,1.0,1,1,0.16666832250137542,3
2,2022-12-31,IVL,0.5004522655575809,1.0,1,1,0.24954793898655364,3
2,2022-12-31,IVL,0.6446312990740499,0.0,1,0,0.4155495117458972,5
2,2023-01-01,IVL,0.36204467829062836,0.0,0,1,0.13107634907856458,3
2,2023-01-01,IVL,0.44684999098386835,0.0,0,1,0.19967491444228322,5
2,2023-01-02,IVL,0.38334493413758214,1.0,0,0,0.380263470253783,3
2,2023-02-17,COA,0.5,0.0,0,1,0.25,3
2,2023-02-17,COA,0.37756836571670493,0.0,0,1,0.14255787078998344,3
2,2023-02-17,COA,0.5042078849227407,1.0,1,1,0.24580982137278232,3
2,2023-02-17,COA,0.4169081296291184,0.0,0,1,0.17381238855084977,3
2,2023-02-18,COA,0.5206860373945353,0.0,1,0,0.27111394953762347,3
2,2023-02-18,COA,0.510045079903096,1.0,1,1,0.24005582372716358,3
2,2023-02-18,COA,0.537083170927501,1.0,1,1,0.21429199063853724,3
2,2023-02-18,COA,0.407363706632902,1.0,0,0,0.35121777621589306,3
2,2023-02-18,COA,0.50400714494031,1.0,1,1,0.2460089122702627,3
2,2023-02-18,COA,0.49127857190313107,1.0,0,0,0.2587974914049178,3
2,2023-02-19,COA,0.540890126731751,0.0,1,0,0.29256212919588964,3
2,2023-02-19,COA,0.48296632584000043,0.0,0,1,0.23325647189538948,3
2,2023-02-19,COA,0.6331025910131107,0.0,1,0,0.40081889074751414,3
2,2023-02-19,COA,0.4900689420348546,0.0,0,1,0.2401675679471617,3
2,2023-02-19,COA,0.5007153309737429,1.0,1,1,0.2492851807246591,3
2,2023-02-19,COA,0.360830061702277,0.0,0,1,0.13019833342806902,3
2,2023-02-19,COA,0.48409736770422035,1.0,0,0,0.26615552600971437,3
2,2023-02-19,COA,0.6671362886251935,1.0,1,1,0.1107982503502105,3
2,2023-02-24,COA,0.6134705000322752,0.0,1,0,0.3763460544098498,3
2,2023-02-24,COA,0.6144131880023782,1.0,1,1,0.14867718958648934,3
2,2023-02-24,COA,0.4951192949205783,0.0,0,1,0.2451431162026506,3
2,2023-02-24,COA,0.4987686986713269,1.0,0,0,0.2512328174316351,3
2,2023-02-25,COA,0.49696657266928435,0.0,0,1,0.24697577435065507,3
2,2023-02-25,COA,0.4938472465590108,0.0,0,1,0.2438851029339164,3
2,2023-02-25,COA,0.4811593612035666,0.0,0,1,0.23151433087382428,3
2,2023-02-25,COA,0.5919468851261573,0.0,1,0,0.35040111481056013,3
2,2023-02-25,COA,0.36111109653952345,0.0,0,1,0.13040122404397703,3
2,2023-02-25,COA,0.5221810152804756,1.0,1,1,0.22831098215839712,3
2,2023-02-26,COA,0.5818380915535744,1.0,1,1,0.17485938167555687,3
2,2023-02-26,COA,0.4977630286833603,1.0,0,0,0.25224197535731113,3
2,2023-02-26,COA,0.4951261182044613,0.0,0,1,0.24514987292821816,3
2,2023-02-26,COA,0.5033335832208619,0.0,1,0,0.2533446959979523,3
2,2023-02-26,COA,0.524101686402378,1.0,1,1,0.2264792048850606,3
2,2023-02-26,COA,0.39657495594720116,0.0,0,1,0.15727169568452454,3
2,2023-02-26,COA,0.4875556772348711,0.0,0,1,0.23771053840395379,3
2,2023-02-26,COA,0.5038407154540383,1.0,1,1,0.24617403564116058,3
2,2023-02-26,COA,0.5023342035680015,1.0,1,1,0.24767124493829537,3
2,2023-03-03,COA,0.7009577198194756,0.0,1,0,0.4913417249745185,3
2,2023-03-03,COA,0.3220199451894917,0.0,0,1,0.10369684509984323,3
2,2023-03-04,COA,0.321433923968544,1.0,0,0,0.4604519195407278,3
2,2023-03-04,COA,0.49712362993758086,1.0,0,0,0.2528846435671551,3
2,2023-03-04,COA,0.504567546656261,1.0,1,1,0.2454533158261961,3
2,2023-03-04,COA,0.4530210704105779,0.0,0,1,0.20522809023594576,3
2,2023-03-04,COA,0.5,1.0,0,0,0.25,3
2,2023-03-05,COA,0.43640401377366933,1.0,0,0,0.3176404356904303,3
2,2023-03-05,COA,0.3539216034976575,0.0,0,1,0.1252605014223531,3
2,2023-03-05,COA,0.6601812869304546,1.0,1,1,0.115476757752242,3
2,2023-03-05,COA,0.5776806033219687,1.0,1,1,0.17835367281049636,3
2,2023-03-05,COA,0.5418534198241567,1.0,1,1,0.20989828892682041,3
2,2023-03-05,COA,0.5771130679067349,1.0,1,1,0.17883335733525382,3
2,2023-03-05,COA,0.6466043926582646,1.0,1,1,0.124888455288434,3
2,2023-03-11,COA,0.587589520803298,1.0,1,1,0.1700824033512534,3
2,2023-03-11,COA,0.2738555951992606,0.0,0,1,0.0749968870219413,3
2,2023-03-11,COA,0.3669041339995301,0.0,0,1,0.13461864354594513,3
2,2023-03-11,COA,0.33981871306954525,0.0,0,1,0.11547675775224192,3
2,2023-03-12,COA,0.5063445819731627,1.0,1,1,0.2436956717472515,3
2,2023-03-12,COA,0.491668805987576,1.0,0,0,0.25840060280609667,3
2,2023-03-12,COA,0.4985688960989778,1.0,0,0,0.2514331519593977,3
2,2023-03-12,COA,0.4887328042427753,0.0,0,1,0.23885975394300693,3
2,2023-03-17,COA,0.5,1.0,0,0,0.25,3
2,2023-03-17,COA,0.537570150976065,0.0,1,0,0.2889816672204293,3
2,2023-03-17,COA,0.5670343358622285,0.0,1,0,0.3215279380467186,3
2,2023-03-18,COA,0.36905428094261095,0.0,0,1,0.1362010622820676,3
2,2023-03-18,COA,0.34437611904233,0.0,0,1,0.11859491136665705,3
2,2023-03-18,COA,0.5100696023268342,1.0,1,1,0.2400317945641864,3
2,2023-03-19,COA,0.46317946044565605,1.0,0,0,0.28817629168741693,3
2,2023-03-19,COA,0.6287550052713557,1.0,1,1,0.1378228461110711,3
2,2023-03-19,COA,0.3075886851889741,0.0,0,1,0.09461079925628181,3
2,2023-03-19,COA,0.5532166372627585,0.0,1,0,0.3060486477443145,3
2,2023-03-25,COA,0.4811809811894291,1.0,0,0,0.26917317427956355,3
2,2023-03-25,COA,0.6334587235995216,1.0,1,1,0.1343525073052919,3
2,2023-03-25,COA,0.46445122843412945,1.0,0,0,0.286812486725713,3
2,2023-03-25,COA,0.5087635872011297,1.0,1,1,0.2413132132595021,3
2,2023-03-26,COA,0.5454928711836109,0.0,1,0,0.2975624725121395,3
2,2023-03-26,COA,0.6556238809576698,1.0,1,1,0.1185949113666572,3
2,2023-03-26,COA,0.472382039822678,1.0,0,0,0.2783807119016781,3
2,2023-04-07,COA,0.42245904662228917,0.0,0,1,0.1784716460730135,3
2,2023-04-07,COA,0.7270311044389436,0.0,1,0,0.5285742268217101,3
2,2023-04-07,COA,0.6355133782240225,1.0,1,1,0.13285049745366445,3
2,2023-04-07,COA,0.6202852229251608,1.0,1,1,0.14418331192899486,3
2,2023-04-08,COA,0.692411314811026,1.0,1,1,0.09461079925628174,3
2,2023-04-08,COA,0.5768078263176171,1.0,1,1,0.17909161586602015,3
2,2023-04-08,COA,0.6015243153195984,0.0,1,0,0.3618315019207116,3
2,2023-04-08,COA,0.5146180620598819,0.0,1,0,0.26483174979826846,3
2,2023-04-09,COA,0.6093793290380491,1.0,1,1,0.15258450858276468,3
2,2023-04-09,COA,0.47442023948120565,0.0,0,1,0.22507456362940453,3
2,2023-04-09,COA,0.514604972923224,1.0,1,1,0.23560833231086406,3
2,2023-04-09,COA,0.40620967627828997,1.0,0,0,0.3525869485455332,3
2,2023-04-10,COA,0.6125526904541047,1.0,1,1,0.15011541767435285,3
2,2023-04-10,COA,0.41514617168513884,0.0,0,1,0.17234634386482678,3
2,2023-04-10,COA,0.29903780074615893,0.0,0,1,0.08942360627509945,3
2,2023-04-10,COA,0.23995414481661398,0.0,0,1,0.05757799161467255,3
2,2023-04-11,COA,0.551695742449783,1.0,1,1,0.20097670733765127,3
2,2023-04-11,COA,0.4866124592832096,1.0,0,0,0.2635667669632341,3
2,2023-04-11,COA,0.49721874247781733,0.0,0,1,0.24722647787122204,3
2,2023-04-11,COA,0.1371114965853483,0.0,0,1,0.018799562495873976,3
2,2023-04-14,COA,0.33336841033830544,0.0,0,1,0.1111344970114888,3
2,2023-04-14,COA,0.500069356759576,0.0,1,0,0.2500693615699361,3
2,2023-04-14,COA,0.1887821114343048,0.0,0,1,0.03563868559759427,3
2,2023-04-14,COA,0.394893860140737,0.0,0,1,0.15594116077685197,3
2,2023-04-15,COA,0.34439502733332633,0.0,0,1,0.11860793485192259,3
2,2023-04-15,COA,0.4464178913931687,0.0,0,1,0.19928893375592294,3
2,2023-04-15,COA,0.20378319811238335,0.0,0,1,0.04152759183291088,3
2,2023-04-15,COA,0.6074399211318664,1.0,1,1,0.15410341552095527,3
2,2023-04-16,COA,0.655737435518768,1.0,1,1,0.11851671330319445,3
2,2023-04-16,COA,0.3710441964521247,0.0,0,1,0.13767379572080293,3
2,2023-04-16,COA,0.4787799509268753,1.0,0,0,0.2716703395557905,3
2,2023-04-16,COA,0.6298421474859444,0.0,1,0,0.3967011307497061,3
2,2023-04-17,COA,0.7969339941174414,1.0,1,1,0.041235802745095335,3
2,2023-04-17,COA,0.6020470146730885,0.0,1,0,0.3624606078767781,3
2,2023-04-17,COA,0.3944420133763965,0.0,0,1,0.15558450191642537,3
2,2023-04-17,COA,0.6758866281347438,1.0,1,1,0.10504947782186587,3
2,2023-04-18,COA,0.31637902465020395,0.0,0,1,0.10009568723861437,3
2,2023-04-18,COA,0.5883948591389445,1.0,1,1,0.16941879198324933,3
2,2023-04-18,COA,0.42910495607720267,0.0,0,1,0.18413106333001802,3
2,2023-04-18,COA,0.5671850028152869,0.0,1,0,0.3216988274185771,3
2,2023-04-30,COA,0.6963731135408822,1.0,1,1,0.09218928618085803,3
2,2023-04-30,COA,0.4727440507671008,0.0,0,1,0.22348693753568719,3
2,2023-04-30,COA,0.4574342314869083,0.0,0,1,0.20924607613601842,3
2,2023-04-30,COA,0.8118453671136253,0.0,1,0,0.659092900103857,3
2,2023-05-01,COA,0.7261444048007393,1.0,1,1,0.07499688702194135,3
2,2023-05-01,COA,0.2810833539937594,0.0,0,1,0.07900785189238105,3
2,2023-05-01,COA,0.4224337560936653,1.0,0,0,0.3335827661000717,3
2,2023-05-01,COA,0.6412387888039889,0.0,1,0,0.41118718426680667,3
2,2023-05-02,COA,0.6020470146730885,1.0,1,1,0.15836657853060102,3
2,2023-05-02,COA,0.4219314718627438,0.0,0,1,0.17802616694826137,3
2,2023-05-03,COA,0.6030839694171656,1.0,1,1,0.15754233533363354,5
2,2023-05-03,COA,0.5290939870864101,1.0,1,1,0.2217524729981741,3
2,2023-06-09,IVL,0.39074820166906543,1.0,0,0,0.37118775376947777,3
2,2023-06-09,IVL,0.5465331223307834,0.0,1,0,0.2986984538046351,3
2,2023-06-10,IVL,0.3371072685838162,0.0,0,1,0.11364131053204118,3
2,2023-06-10,IVL,0.42965752879269764,0.0,0,1,0.1846055920482478,3
2,2023-06-10,IVL,0.43374587170692425,0.0,0,1,0.18813548122279958,3
2,2023-06-10,IJL,0.6058292076615777,1.0,1,1,0.15537061353269965,3
2,2023-06-10,IJL,0.5694166124708135,0.0,1,0,0.32423527855773665,3
2,2023-06-10,IJL,0.4382265663389304,0.0,0,1,0.19204252344520897,3
2,2023-06-11,IJL,0.5250043310976356,1.0,1,1,0.22562088547600462,3
2,2023-06-11,IJL,0.507477462025395,0.0,1,0,0.25753337446373625,3
2,2023-06-11,IJL,0.6350686609692052,0.0,1,0,0.40331220414521934,3
2,2023-06-11,IVL,0.4454051159319753,1.0,0,0,0.30757548543442575,3
2,2023-06-11,IVL,0.6166357824360809,1.0,1,1,0.14696812330839593,3
2,2023-06-11,IVL,0.5859361622274253,1.0,1,1,0.17144886175095309,3
2,2023-06-16,IVL,0.5479246860218459,1.0,1,1,0.20437208950844665,3
2,2023-06-16,IVL,0.41463333907455463,1.0,0,0,0.34265412772300524,3
2,2023-06-16,IVL,0.5369354715955095,1.0,1,1,0.21442875746647322,3
2,2023-06-17,IVL,0.5493124087443362,0.0,1,0,0.3017441224005047,3
2,2023-06-17,IVL,0.6319812289979772,1.0,1,1,0.13543781580983932,3
2,2023-06-17,IVL,0.6725560724825137,1.0,1,1,0.10721952566807683,3
2,2023-06-17,IJL,0.501083464569364,0.0,1,0,0.2510846384648371,3
2,2023-06-17,IJL,0.3948761300231224,0.0,0,1,0.15592715806203786,3
2,2023-06-17,IJL,0.6917914350951743,1.0,1,1,0.09499251948069218,3
2,2023-06-18,IJL,0.565274225462173,0.0,1,0,0.3195349499718596,3
2,2023-06-18,IJL,0.36764220682522375,1.0,0,0,0.3998763785888731,3
2,2023-06-18,IJL,0.46510832651699974,1.0,0,0,0.28610910236144454,3
2,2023-06-18,IVL,0.3983916275563576,0.0,0,1,0.15871588890700356,3
2,2023-06-18,IVL,0.5953143489024979,1.0,1,1,0.1637704762042092,3
2,2023-06-18,IVL,0.6382103359316663,1.0,1,1,0.13089176102667774,3
2,2023-06-22,IVL,0.4077797435570392,0.0,0,1,0.16628431925544468,3
2,2023-06-22,IVL,0.3662353113220357,0.0,0,1,0.1341283032591484,3
2,2023-06-22,IVL,0.4899883049371553,1.0,0,0,0.2601119291008761,3
2,2023-06-23,IVL,0.5927569431287913,1.0,1,1,0.16584690736980648,3
2,2023-06-23,IVL,0.5633438598363861,0.0,1,0,0.31735630441535784,3
2,2023-06-23,IVL,0.4569610419027496,0.0,0,1,0.2088133938168465,3
2,2023-06-24,IVL,0.4055963730891326,1.0,0,0,0.3533156716847937,3
2,2023-06-24,IVL,0.6033214699433371,1.0,1,1,0.15735385620791478,3
2,2023-06-24,IVL,0.35196941559781136,0.0,0,1,0.12388246951626486,3
2,2023-06-24,IJL,0.6955075554142791,1.0,1,1,0.0927156488097883,3
2,2023-06-24,IJL,0.35616049321361476,0.0,0,1,0.1268502969261653,3
2,2023-06-24,IJL,0.7494340019071384,1.0,1,1,0.06278331940027193,3
2,2023-06-25,IJL,0.3013435006019968,0.0,0,1,0.09080790535506567,3
2,2023-06-25,IJL,0.33168814332153645,0.0,0,1,0.11001702442008811,3
2,2023-06-25,IJL,0.4944417492248009,1.0,0,0,0.2555891449268791,3
2,2023-06-30,IVL,0.480201665357754,0.0,0,1,0.23059363941236036,3
2,2023-06-30,IVL,0.48115361642128907,1.0,0,0,0.2692015697527068,3
2,2023-06-30,IVL,0.37942563923533024,1.0,0,0,0.3851125372384785,3
2,2023-07-01,IJL,0.36423421462734595,1.0,0,0,0.4041981338505076,3
2,2023-07-01,IVL,0.3238616066837309,0.0,0,1,0.10488634028376759,3
2,2023-07-01,IVL,0.5095256015610997,1.0,1,1,0.2405651355240011,3
2,2023-07-01,IVL,0.5759626082581601,0.0,1,0,0.33173292611154287,3
2,2023-07-01,IJL,0.596682709673048,1.0,1,1,0.16266483667667486,3
2,2023-07-01,IJL,0.6949875580641984,0.0,1,0,0.4830077058640376,3
2,2023-07-02,IVL,0.45514319981843626,0.0,0,1,0.207155332340965,3
2,2023-07-02,IVL,0.509984342975881,0.0,1,0,0.26008403008054104,3
2,2023-07-02,IJL,0.2505659980928616,0.0,0,1,0.06278331940027193,3
2,2023-07-02,IJL,0.36824715437948774,0.0,0,1,0.13560596670859026,3
2,2023-07-02,IJL,0.5272602102549386,1.0,1,1,0.22348290880820482,3
2,2023-07-07,IJL,0.4305833875291865,1.0,0,0,0.32423527855773665,3
2,2023-07-07,IJL,0.43289389949273965,1.0,0,0,0.3216093292325509,3
2,2023-07-07,IJL,0.28949443939260355,1.0,0,0,0.5048181516540307,3
2,2023-07-07,IVL,0.4458417285589075,0.0,0,1,0.19877484692439457,3
2,2023-07-07,IVL,0.48646309858798675,0.0,0,1,0.23664634628782533,3
2,2023-07-07,IVL,0.29987060345373673,1.0,0,0,0.4901811719082348,3
2,2023-07-08,IVL,0.3965829390520436,0.0,0,1,0.15727802754715695,3
2,2023-07-08,IVL,0.534823413268319,0.0,1,0,0.2860360833799751,3
2,2023-07-08,IJL,0.505558250775199,0.0,1,0,0.255589144926879,3
2,2023-07-08,IJL,0.5258263333543294,0.0,1,0,0.2764933328488583,3
2,2023-07-08,IJL,0.3688947499378316,0.0,0,1,0.13608333653169533,3
2,2023-07-09,IVL,0.5446453743633931,0.0,1,0,0.2966385838154406,3
2,2023-07-09,IVL,0.5568074235578255,1.0,1,1,0.19641965981345266,3
2,2023-07-09,IVL,0.5322763427698616,1.0,1,1,0.218765419532736,3
2,2023-07-09,IJL,0.5719787345757977,1.0,1,1,0.1832022036553354,3
2,2023-07-09,IJL,0.6357657853726543,0.0,1,0,0.4041981338505079,3
2,2023-07-09,IJL,0.6051238699768775,1.0,1,1,0.15592715806203794,3
2,2023-07-14,IJL,0.3948220828519427,0.0,0,1,0.1558844771075463,3
2,2023-07-14,IJL,0.6989882672835355,1.0,1,1,0.09060806323296829,3
2,2023-07-14,IJL,0.33579874049642056,0.0,0,1,0.11276079411898239,3
2,2023-07-14,IVL,0.7034452565715867,1.0,1,1,0.08794471584989201,3
2,2023-07-14,IVL,0.5089440154126635,0.0,1,0,0.2590240108243655,3
2,2023-07-14,IVL,0.5544229509449399,0.0,1,0,0.3073848085344952,3
2,2023-07-15,IVL,0.5660058923616895,0.0,1,0,0.32036267018815245,3
2,2023-07-15,IVL,0.43924646697061426,0.0,0,1,0.1929374587461669,3
2,2023-07-15,IVL,0.6411423498985982,0.0,1,0,0.4110635128334965,3
2,2023-07-15,IJL,0.6323577931747763,0.0,1,0,0.3998763785888731,3
2,2023-07-15,IJL,0.512172724290036,0.0,1,0,0.26232089950667725,3
2,2023-07-15,IJL,0.5771823505599631,0.0,1,0,0.3331394657979242,3
2,2023-07-16,IJL,0.719992340156304,0.0,1,0,0.5183889698837509,3
2,2023-07-16,IJL,0.3044924445857211,0.0,0,1,0.09271564880978844,3
2,2023-07-16,IJL,0.6438395067863856,0.0,1,0,0.4145293104989362,3
2,2023-07-16,IVL,0.45839042667592017,0.0,0,1,0.21012178326813213,3
2,2023-07-16,IVL,0.44319257644217425,1.0,0,0,0.31003450692910395,3
2,2023-07-16,IVL,0.4851703048439967,1.0,0,0,0.2650496150144233,3
2,2023-07-21,IVL,0.6346390817679326,1.0,1,1,0.13348860057137943,3
2,2023-07-21,IVL,0.39278434162186243,0.0,0,1,0.15427953902331992,3
2,2023-07-21,IVL,0.640584424342443,1.0,1,1,0.12917955602525308,3
2,2023-07-22,IJL,0.30018616865919134,0.0,0,1,0.09011173585428447,3
2,2023-07-22,IJL,0.46363334005789786,0.0,0,1,0.21495587401324234,3
2,2023-07-22,IVL,0.3856271879575146,0.0,0,1,0.1487083280920203,3
2,2023-07-22,IVL,0.5475924202967534,1.0,1,1,0.20467261817294946,3
2,2023-07-22,IJL,0.698656499398003,1.0,1,1,0.09080790535506576,3
2,2023-07-23,IVL,0.5325998686745814,0.0,1,0,0.28366262011218135,3
2,2023-07-23,IVL,0.6598572275493073,1.0,1,1,0.11569710565044371,3
2,2023-07-23,IJL,0.35616049321361476,0.0,0,1,0.1268502969261653,3
2,2023-07-23,IJL,0.5694166124708135,0.0,1,0,0.32423527855773665,3
2,2023-07-28,IVL,0.4140638377725747,0.0,0,1,0.17144886175095309,3
2,2023-07-28,IVL,0.4147920544500042,0.0,0,1,0.17205244843485526,3
2,2023-07-28,IVL,0.519572238524608,0.0,1,0,0.26995531104547216,3
2,2023-07-29,IVL,0.47090601291358997,1.0,0,0,0.27994044717099414,3
2,2023-07-29,IVL,0.5382745723376966,1.0,1,1,0.21319037054993697,3
2,2023-07-29,IVL,0.6098119733482221,1.0,1,1,0.15224669614240852,3
2,2023-07-29,IJL,0.5065407747790546,0.0,1,0,0.2565835565137649,5
2,2023-07-29,IJL,0.5629026854126145,1.0,1,1,0.19105406241950387,3
2,2023-07-30,IJL,0.3925179207714715,0.0,0,1,0.1540703181267592,5
2,2023-07-30,IVL,0.4473764693819864,1.0,0,0,0.30539276659271863,3
2,2023-07-30,IVL,0.6517260093669985,1.0,1,1,0.12129477255143599,3
2,2023-07-30,IVL,0.4489225532726201,0.0,0,1,0.20153145883680842,3
2,2023-08-04,IVL,0.5436444494678336,1.0,1,1,0.20826038850151665,3
2,2023-08-04,IVL,0.6117717612665052,1.0,1,1,0.1507211653501114,3
2,2023-08-04,IVL,0.32691419143269396,0.0,0,1,0.10687288856009207,3
2,2023-08-05,IVL,0.4808322007660326,0.0,0,1,0.2311996052935063,3
2,2023-08-05,IVL,0.3731437214474791,0.0,0,1,0.13923623685567388,3
2,2023-08-05,IVL,0.4520753139781539,1.0,0,0,0.3002214615521386,3
2,2023-08-06,IVL,0.31068978149291115,0.0,0,1,0.09652814032411287,3
2,2023-08-06,IVL,0.4046856510975022,1.0,0,0,0.3543991740092049,3
2,2023-08-06,IVL,0.5913151713124398,0.0,1,0,0.34965363182426007,3
2,2023-08-11,IVL,0.5846987807590867,1.0,1,1,0.17247510270298916,3
2,2023-08-11,IVL,0.5188463835787109,1.0,1,1,0.23150880259528497,3
2,2023-08-11,IVL,0.6205743607646699,0.0,1,0,0.38511253723847866,3
2,2023-08-12,IVL,0.7283920405471476,1.0,1,1,0.07377088363814233,3
2,2023-08-12,IVL,0.5318373093593871,1.0,1,1,0.2191763049078582,3
2,2023-08-12,IVL,0.5928096963517627,1.0,1,1,0.16580394338514368,3
2,2023-08-13,IVL,0.6801128667118927,1.0,1,1,0.10232777804328329,3
2,2023-08-13,IVL,0.4228869320932649,0.0,0,1,0.17883335733525363,3
2,2023-08-13,IVL,0.5310433858147037,0.0,1,0,0.28200707761754423,3
2,2023-08-24,IVL,0.5598241889069081,1.0,1,1,0.1937547446714613,5
2,2023-08-24,IVL,0.659741549094174,1.0,1,1,0.11577581341283237,3
2,2023-08-24,IVL,0.3815026823486824,1.0,0,0,0.3825389319418748,5
2,2023-08-25,IVL,0.43399410763831026,0.0,0,1,0.18835088546477322,3
2,2023-08-25,IVL,0.4392464669706142,1.0,0,0,0.31444452480493845,3
2,2023-08-26,IVL,0.4228869320932649,0.0,0,1,0.17883335733525363,3
2,2023-08-26,IVL,0.3815026823486824,1.0,0,0,0.3825389319418748,5
3,2023-08-27,IVL,0.5177296857409626,1.0,1,1,0.23258465601551073,5
3,2023-10-13,IVL,0.48581455961569897,1.0,0,0,0.2643866671031976,3
3,2023-10-13,IVL,0.5018062583797241,1.0,1,1,0.2481970041896102,3
3,2023-10-13,IVL,0.4449420319768357,0.0,0,1,0.19797341181967545,3
3,2023-10-14,IVL,0.6282697118497074,1.0,1,1,0.1381834071282996,3
3,2023-10-14,IVL,0.2692056729201021,0.0,0,1,0.072471694332365,3
3,2023-10-14,IVL,0.7922253568449003,1.0,1,1,0.043170302338229036,3
3,2023-10-15,IVL,0.4031083611183896,1.0,0,0,0.35627962856677475,3
3,2023-10-15,IVL,0.45710675707322274,1.0,0,0,0.29473307321555275,3
3,2023-10-15,IVL,0.3821754153486848,1.0,0,0,0.38170721739957014,3
3,2023-10-19,IVL,0.41012925902129915,1.0,0,0,0.34794749106276157,3
3,2023-10-19,IVL,0.8181752334275046,1.0,1,1,0.03306024573914242,3
3,2023-10-19,IVL,0.289684255017772,0.0,0,1,0.08391696760520156,3
3,2023-10-20,IVL,0.5575732919959202,1.0,1,1,0.19574139195532728,3
3,2023-10-20,IVL,0.6944380794751166,1.0,1,1,0.09336808727485515,3
3,2023-10-20,IVL,0.25494032244664067,0.0,0,1,0.06499456800919712,3
3,2023-10-21,IVL,0.5282300814921057,1.0,1,1,0.2225668560089452,3
3,2023-10-21,IVL,0.6546336618841687,0.0,1,0,0.4285452312718761,3
3,2023-10-21,IVL,0.5929327011305221,1.0,1,1,0.16570378580889283,3
3,2023-10-21,IJL,0.33490199700939305,1.0,0,0,0.44235535358209344,3
3,2023-10-21,IJL,0.5075026251813066,1.0,1,1,0.24255366420330454,3
3,2023-10-22,IVL,0.49756548403399325,0.0,0,1,0.247571410901982,3
3,2023-10-22,IVL,0.4262686046474267,1.0,0,0,0.3291677140132108,3
3,2023-10-22,IVL,0.7038633329760804,0.0,1,0,0.4954235915081966,3
3,2023-10-22,IJL,0.6851420963453925,1.0,1,1,0.09913549949377412,3
3,2023-10-22,IJL,0.4699863949187614,0.0,0,1,0.22088721140873394,3
3,2023-10-22,IJL,0.3677581542045598,0.0,0,1,0.1352460599839448,3
3,2023-10-26,IVL,0.3154720512402571,1.0,0,0,0.46857851263322114,3
3,2023-10-26,IVL,0.6344689284406418,1.0,1,1,0.13361296427533262,3
3,2023-10-27,IVL,0.332210422705444,0.0,0,1,0.11036376495412978,3
3,2023-10-27,IVL,0.7251000703428842,1.0,1,1,0.07556997132548725,3
3,2023-10-27,IVL,0.5634399765493558,0.0,1,0,0.31746460717393865,3
3,2023-10-28,IVL,0.7139563620666268,1.0,1,1,0.08182096280215868,3
3,2023-10-28,IVL,0.5259173891977498,0.0,1,0,0.2765891002605774,3
3,2023-10-28,IVL,0.3847838923649247,0.0,0,1,0.14805864382350198,3
3,2023-10-28,IJL,0.5246458279918367,1.0,1,1,0.22596158884556652,3
3,2023-10-28,IJL,0.4680834527491194,1.0,0,0,0.2829352132392984,3
3,2023-10-29,IVL,0.6898129980479706,1.0,1,1,0.0962159761799883,3
3,2023-10-29,IVL,0.4594371615428521,1.0,0,0,0.2922081823208486,3
3,2023-10-29,IVL,0.43851357392711077,0.0,0,1,0.19229415451832765,3
3,2023-10-29,IJL,0.5908909802307702,1.0,1,1,0.16737019005654002,3
3,2023-10-29,IJL,0.5087287273039259,1.0,1,1,0.24134746337642038,3
3,2023-10-29,IJL,0.5822298352142571,0.0,1,0,0.338991581013621,3
3,2023-11-02,IVL,0.28909872550786503,0.0,0,1,0.08357807309027189,3
3,2023-11-02,IVL,0.31115856368765915,1.0,0,0,0.4745025243808487,3
3,2023-11-02,IVL,0.31796716851104906,0.0,0,1,0.10110312025093386,3
3,2023-11-03,IVL,0.3609563196733352,0.0,0,1,0.13028946471211894,3
3,2023-11-03,IVL,0.36835463017408593,0.0,0,1,0.13568513357068762,3
3,2023-11-03,IVL,0.7386697314099633,1.0,1,1,0.06829350928134073,3
3,2023-11-04,IVL,0.6867249477359355,1.0,1,1,0.09814125837105234,3
3,2023-11-04,IVL,0.6019452233056976,0.0,1,0,0.3623380518605461,3
3,2023-11-04,IJL,0.7931908144591727,1.0,1,1,0.04277003922406032,3
3,2023-11-04,IJL,0.5385622764362094,1.0,1,1,0.21292477272773327,3
3,2023-11-04,IJL,0.670604639171901,1.0,1,1,0.10850130373507351,3
3,2023-11-05,IJL,0.648377178186337,1.0,1,1,0.123638608820203,3
3,2023-11-05,IJL,0.2382700920927669,0.0,0,1,0.056772636785895614,3
3,2023-11-05,IJL,0.6220068274119013,0.0,1,0,0.38689249334701875,3
3,2023-11-05,IVL,0.3601103446300964,0.0,0,1,0.12967946030960678,3
3,2023-11-05,IVL,0.4181974543147535,1.0,0,0,0.3384942021658333,3
3,2023-11-05,IVL,0.5701565481267481,1.0,1,1,0.18476539311831264,3
3,2023-11-10,IVL,0.5614864260728891,0.0,1,0,0.315267006664106,3
3,2023-11-10,IVL,0.4311078231785531,1.0,0,0,0.32363830884864436,3
3,2023-11-10,IVL,0.7532932003497859,1.0,1,1,0.060864244993650896,3
3,2023-11-11,IJL,0.4775598078819977,0.0,0,1,0.22806337010429056,3
3,2023-11-11,IJL,0.6340834842538905,1.0,1,1,0.1338948964957728,3
3,2023-11-11,IJL,0.4263631312716102,1.0,0,0,0.32905925716451195,3
3,2023-11-11,IVL,0.596867355121206,1.0,1,1,0.16251592936697182,3
3,2023-11-11,IVL,0.6313575215665386,1.0,1,1,0.13589727690556508,3
3,2023-11-11,IVL,0.3980547766943024,0.0,0,1,0.15844760524915094,3
3,2023-11-12,IVL,0.514593491606824,1.0,1,1,0.23561947839045444,3
3,2023-11-12,IVL,0.5177458654283976,1.0,1,1,0.23256905031140518,3
3,2023-11-12,IVL,0.6398896553699034,1.0,1,1,0.12967946030960695,3
3,2023-11-12,IJL,0.5840348111129918,1.0,1,1,0.17302703836580438,3
3,2023-11-12,IJL,0.47178115039838564,0.0,0,1,0.22257745387122418,3
3,2023-11-12,IJL,0.3044764147947118,0.0,0,1,0.09270588716624141,3
3,2023-11-17,IVL,0.5999433695685763,0.0,1,0,0.35993204668929735,3
3,2023-11-17,IVL,0.1841066914189032,0.0,0,1,0.03389527382521525,3
3,2023-11-17,IVL,0.3007490393122855,0.0,0,1,0.09044998464726267,3
3,2023-11-18,IVL,0.6178245846513148,1.0,1,1,0.14605804809694,3
3,2023-11-18,IVL,0.2523604863878359,0.0,0,1,0.06368581508990512,3
3,2023-11-18,IJL,0.5168298134093061,0.0,1,0,0.26711305602869817,3
3,2023-11-18,IJL,0.6650980029906071,0.0,1,0,0.44235535358209355,3
3,2023-11-19,IJL,0.3148579036546075,0.0,0,1,0.09913549949377408,3
3,2023-11-19,IJL,0.5056898562504347,1.0,1,1,0.2443425182137159,3
3,2023-11-19,IJL,0.6322418457954402,1.0,1,1,0.1352460599839448,3
3,2023-11-19,IVL,0.6888414363123407,1.0,1,1,0.09681965175616711,3
3,2023-11-19,IVL,0.4352500375549929,0.0,0,1,0.18944259519162274,3
3,2023-11-19,IVL,0.47408261080224995,1.0,0,0,0.27658910026057765,3
3,2023-11-24,IVL,0.6919196757354902,0.0,1,0,0.4787528376699059,3
3,2023-11-24,IVL,0.3691440101469447,0.0,0,1,0.1362673002273676,3
3,2023-11-24,IVL,0.7549429898426632,1.0,1,1,0.060052938227253085,3
3,2023-11-25,IVL,0.7690522492953106,0.0,1,0,0.5914413621461765,3
3,2023-11-25,IVL,0.6390436803266646,0.0,1,0,0.4083768253654483,3
3,2023-11-25,IVL,0.5527717459395043,1.0,1,1,0.2000131112299993,3
3,2023-11-26,IVL,0.5405628384571481,1.0,1,1,0.21108250540655255,3
3,2023-11-26,IVL,0.567080586241312,1.0,1,1,0.18741921880916612,3
3,2023-11-26,IVL,0.433786702559082,1.0,0,0,0.3205974981989175,3
3,2023-12-01,IVL,0.33023027453140735,0.0,0,1,0.10905203421708867,3
3,2023-12-01,IVL,0.26133026859003644,0.0,0,1,0.06829350928134059,3
3,2023-12-01,IVL,0.586503401325567,1.0,1,1,0.17097943711532512,3
3,2023-12-02,IJL,0.48850018160709796,0.0,0,1,0.2386324274301677,3
3,2023-12-02,IJL,0.4281578156603083,0.0,0,1,0.18331911511100654,3
3,2023-12-02,IJL,0.4575357233666283,1.0,0,0,0.2942674914233672,3
3,2023-12-02,IVL,0.5818025456852463,0.0,1,0,0.33849420216583304,3
3,2023-12-02,IVL,0.5778509263487217,1.0,1,1,0.1782098403846324,3
3,2023-12-03,IVL,0.48096787891089254,0.0,0,1,0.231330100544043,3
3,2023-12-03,IVL,0.7329697852104304,1.0,1,1,0.07130513561056366,3
3,2023-12-03,IVL,0.4424267080040795,0.0,0,1,0.19574139195532703,3
3,2023-12-03,IJL,0.41707686492291507,1.0,0,0,0.3397993814080974,3
3,2023-12-03,IJL,0.5229069100098747,1.0,1,1,0.22761781651632584,3
3,2023-12-08,IVL,0.24652381434798193,0.0,0,1,0.06077399104067826,3
3,2023-12-08,IVL,0.35211606352990776,0.0,0,1,0.12398572219579804,3
3,2023-12-08,IVL,0.5663437147391688,0.0,1,0,0.32074520322456096,3
3,2023-12-09,IVL,0.2677201971012432,0.0,0,1,0.07167410393592849,3
3,2023-12-09,IVL,0.5500846444350522,1.0,1,1,0.20242382717313337,3
3,2023-12-09,IVL,0.3689830081773895,0.0,0,1,0.13614846032363548,3
3,2023-12-09,IJL,0.3611255375748522,0.0,0,1,0.130411653888726,3
3,2023-12-09,IJL,0.3625278319285961,1.0,0,0,0.4063707650656563,3
3,2023-12-09,IJL,0.43926504717525333,0.0,0,1,0.19295378166987753,3
3,2023-12-10,IJL,0.4195515051188678,1.0,0,0,0.3369204552097717,3
3,2023-12-10,IJL,0.29883267274802083,0.0,0,1,0.08930096630172571,3
3,2023-12-10,IJL,0.6353438474306561,1.0,1,1,0.13297410960667663,3
3,2023-12-10,IVL,0.48041186319182017,1.0,0,0,0.2699718319117958,3
3,2023-12-10,IVL,0.36904386854103793,0.0,0,1,0.1361933769077349,3
3,2023-12-10,IVL,0.407512029271375,0.0,0,1,0.16606605400087399,3
3,2023-12-22,IJL,0.5243499147638,0.0,1,0,0.2749428331128043,3
3,2023-12-22,IJL,0.4408093928336831,1.0,0,0,0.31269413514303407,5
3,2023-12-23,IJL,0.6044550661082481,1.0,1,1,0.1564557947274304,3
3,2023-12-23,IJL,0.7470090564795346,1.0,1,1,0.0640044175033753,5
3,2023-12-24,IJL,0.4008725538330825,0.0,0,1,0.16069880441665763,3
3,2023-12-24,IJL,0.3148579036546075,0.0,0,1,0.09913549949377408,3
3,2023-12-29,IVL,0.48586056512182657,1.0,0,0,0.2643393584968475,3
3,2023-12-29,IVL,0.466644410822338,0.0,0,1,0.21775700615172694,3
3,2023-12-29,IVL,0.5732485980341218,1.0,1,1,0.1821167590798426,5
3,2023-12-30,IVL,0.5045895166365295,0.0,1,0,0.25461058029948647,5
3,2023-12-30,IVL,0.45719513247662763,0.0,0,1,0.2090273891603211,5
3,2023-12-31,IVL,0.5587191504184282,1.0,1,1,0.19472878820743378,3
3,2023-12-31,IVL,0.5612376022506629,0.0,1,0,0.3149876461800733,3
3,2024-01-01,IVL,0.5357063502579034,0.0,1,0,0.28698129370664344,3
3,2024-03-01,COA,0.5914928194022491,0.0,1,0,0.34986375540442166,3
3,2024-03-01,COA,0.5679457828957047,1.0,1,1,0.1866708465176055,3
3,2024-03-02,COA,0.43433983268102205,0.0,0,1,0.18865109025337823,3
3,2024-03-02,COA,0.361619770266242,0.0,0,1,0.13076885824740964,3
3,2024-03-02,COA,0.397017993944557,1.0,0,0,0.3635872996266462,3
3,2024-03-02,COA,0.6043515885580397,1.0,1,1,0.15653766547654668,3
3,2024-03-03,COA,0.5128516621811285,1.0,1,1,0.23731350303968932,3
3,2024-03-03,COA,0.5926453838545781,1.0,1,1,0.16593778329498401,3
3,2024-03-08,COA,0.48210884691742917,0.0,0,1,0.23242894027605315,3
3,2024-03-09,COA,0.5442566636441618,0.0,1,0,0.2962153159210743,3
3,2024-03-09,COA,0.4999999999999997,0.0,0,1,0.24999999999999972,3
3,2024-03-09,COA,0.3066968337542071,1.0,0,0,0.4806692803264416,3
3,2024-03-09,COA,0.5241835796464591,1.0,1,1,0.2264012658780575,3
3,2024-03-09,COA,0.5060010456440869,0.0,1,0,0.2560370581929093,3
3,2024-03-09,COA,0.3233428772812652,0.0,0,1,0.10455061628852733,3
3,2024-03-09,COA,0.3945935935319378,1.0,0,0,0.36651691699257255,3
3,2024-03-09,COA,0.5086407080817523,0.0,1,0,0.2587153699179064,3
3,2024-03-09,COA,0.37380038789639825,1.0,0,0,0.3921259541987013,3
3,2024-03-09,COA,0.517372939157021,0.0,1,0,0.26767475817197456,3
3,2024-03-09,COA,0.4993809625315856,1.0,0,0,0.25061942067580173,3
3,2024-03-09,COA,0.6504763146105006,1.0,1,1,0.12216680664825776,3
3,2024-03-09,COA,0.510597989805285,0.0,1,0,0.260710307193198,3
3,2024-03-10,COA,0.46524345820750723,1.0,0,0,0.28596455898986606,3
3,2024-03-10,COA,0.30473223079641554,0.0,0,1,0.09286173248615986,3
3,2024-03-10,COA,0.3329591792396508,0.0,0,1,0.1108618150399419,3
3,2024-03-10,COA,0.5241835796464591,1.0,1,1,0.2264012658780575,3
3,2024-03-10,COA,0.49846402439433063,0.0,0,1,0.24846638361539183,3
3,2024-03-10,COA,0.4992691063243694,0.0,0,1,0.24926964052993447,3
3,2024-03-10,COA,0.5065390600915589,0.0,1,0,0.25658181939843994,3
3,2024-03-10,COA,0.4957154494176451,0.0,0,1,0.24573380679133788,3
3,2024-03-10,COA,0.5464302511861407,0.0,1,0,0.2985860194113489,3
3,2024-03-10,COA,0.4314302601530671,1.0,0,0,0.323271549069609,3
3,2024-03-10,COA,0.4530987657738078,0.0,0,1,0.20529849154574795,3
3,2024-03-10,COA,0.5333953864258976,1.0,1,1,0.21771986540863747,3
3,2024-03-10,COA,0.5040106267570681,1.0,1,1,0.2460054583699164,3
3,2024-03-15,COA,0.5902190057736922,0.0,1,0,0.34835847477648574,3
3,2024-03-15,COA,0.5534403056657918,1.0,1,1,0.19941556060386142,3
3,2024-03-16,COA,0.521039232647076,0.0,1,0,0.27148188195745376,3
3,2024-03-16,COA,0.47215366829538824,0.0,0,1,0.2229290864847915,3
3,2024-03-16,COA,0.6102254758290941,0.0,1,0,0.3723751313508444,3
3,2024-03-16,COA,0.5492464422085487,0.0,1,0,0.3016716542787486,3
3,2024-03-16,COA,0.684803674052985,1.0,1,1,0.0993487238904969,3
3,2024-03-16,COA,0.48791086170856335,0.0,0,1,0.23805700897319282,3
3,2024-03-16,COA,0.5456145305254243,0.0,1,0,0.29769521592047915,3
3,2024-03-16,COA,0.4868133632965723,1.0,0,0,0.2633605240909759,3
3,2024-03-16,COA,0.42882393942718383,1.0,0,0,0.3262420921714814,3
3,2024-03-16,COA,0.38466187212695757,0.0,0,1,0.14796475586821586,3
3,2024-03-16,COA,0.7107948788974866,1.0,1,1,0.08363960207191944,5
3,2024-03-17,COA,0.626199612103602,0.0,1,0,0.39212595419870155,3
3,2024-03-17,COA,0.43294381083223354,1.0,0,0,0.3215527216734697,3
3,2024-03-17,COA,0.5832052360258049,1.0,1,1,0.17371787527630503,3
3,2024-03-17,COA,0.5231160368889667,1.0,1,1,0.22741831427248538,3
3,2024-03-17,COA,0.5602132756871487,0.0,1,0,0.3138389142561253,3
3,2024-03-17,COA,0.4911308618742791,0.0,0,1,0.24120952348537225,3
3,2024-03-17,COA,0.5214470582012051,1.0,1,1,0.22901291810428082,3
3,2024-03-17,COA,0.5026917400863855,1.0,1,1,0.24731550537830715,3
3,2024-03-17,COA,0.6027990943795367,0.0,1,0,0.3633667481847896,3
3,2024-03-17,COA,0.30852275353208464,0.0,0,1,0.09518628944701944,3
3,2024-03-17,COA,0.6260901149006579,1.0,1,1,0.1398086021750032,3
3,2024-03-17,COA,0.2677909296169218,0.0,0,1,0.07171198198509517,3
3,2024-03-17,COA,0.491613438438695,0.0,0,1,0.24168377285351655,3
3,2024-03-22,COA,0.3066968337542071,0.0,0,1,0.09406294783485573,3
3,2024-03-22,COA,0.5604509792487053,0.0,1,0,0.31410530014083277,3
3,2024-03-22,COA,0.7041740204479459,0.0,1,0,0.49586105107382406,3
3,2024-03-23,COA,0.482627060842979,0.0,0,1,0.23292887985793256,3
3,2024-03-23,COA,0.6952677692035845,1.0,1,1,0.09286173248615986,3
3,2024-03-23,COA,0.3307096025279572,0.0,0,1,0.10936884120419946,3
3,2024-03-24,COA,0.3897745241709058,0.0,0,1,0.15192417969265604,3
3,2024-03-24,COA,0.48269824266048067,0.0,0,1,0.23299759346751628,3
3,2024-03-24,COA,0.6142697060534119,1.0,1,1,0.14878785966812125,3
3,2024-03-24,COA,0.3228250847048701,0.0,0,1,0.10421603531470655,3
3,2024-03-30,COA,0.36745553273517045,1.0,0,0,0.40011250306734697,3
3,2024-03-30,COA,0.6297626652888062,0.0,1,0,0.39660101459166097,3
3,2024-03-30,COA,0.4644712749680004,0.0,0,1,0.21573356527039983,3
3,2024-03-30,COA,0.6504000693886386,1.0,1,1,0.12222011148346872,3
3,2024-03-31,COA,0.3885796795486097,1.0,0,0,0.3738348082608808,3
3,2024-03-31,COA,0.5930013425692816,0.0,1,0,0.3516505922889705,3
3,2024-03-31,COA,0.6411443751883136,1.0,1,1,0.12877735945898586,3
3,2024-04-12,COA,0.3236355635387288,1.0,0,0,0.45746885090957295,3
3,2024-04-12,COA,0.5034532083430675,0.0,1,0,0.25346513299092815,3
3,2024-04-12,COA,0.49796123069175774,0.0,0,1,0.24796538727204998,3
3,2024-04-12,COA,0.6825611038261913,1.0,1,1,0.10076745280404611,3
3,2024-04-13,COA,0.5578153321662994,1.0,1,1,0.1955272804672001,3
3,2024-04-13,COA,0.27667979137453286,0.0,0,1,0.07655170695505503,3
3,2024-04-13,COA,0.7468133837622863,1.0,1,1,0.0641034626419033,3
3,2024-04-13,COA,0.620393225065265,1.0,1,1,0.1441013035763506,3
3,2024-04-14,COA,0.6135714294597627,0.0,1,0,0.37646989904929656,3
3,2024-04-14,COA,0.832417132470249,1.0,1,1,0.028084017489494087,3
3,2024-04-14,COA,0.546159281504077,1.0,1,1,0.20597139776489562,3
3,2024-04-14,COA,0.36593449145525847,0.0,0,1,0.13390805203661862,3
3,2024-04-15,COA,0.5089912823293465,0.0,1,0,0.25907212548727254,3
3,2024-04-15,COA,0.4588743647239062,0.0,0,1,0.2105656826007685,3
3,2024-04-15,COA,0.44242670800407946,1.0,0,0,0.31088797594716805,3
3,2024-04-15,COA,0.6512676853122104,1.0,1,1,0.12161422730750354,3
3,2024-04-16,COA,0.4050057086872173,0.0,0,1,0.16402962406923513,3
3,2024-04-16,COA,0.43667251193134093,0.0,0,1,0.19068288267642708,3
3,2024-04-16,COA,0.3698582598554023,1.0,0,0,0.39707861267246164,3
3,2024-04-16,COA,0.7217311065760112,0.0,1,0,0.5208957901994337,3
3,2024-04-17,COA,0.512351713686658,0.0,1,0,0.2625042785176552,3
3,2024-04-17,COA,0.5409158472593174,0.0,1,0,0.2925899538162652,3
3,2024-04-17,COA,0.732838525697971,1.0,1,1,0.07137525335123368,3
3,2024-04-17,COA,0.5307464652091202,0.0,1,0,0.2816918103319758,3
3,2024-04-18,COA,0.3055619205248835,0.0,0,1,0.09336808727485522,3
3,2024-04-18,COA,0.3500514046752825,0.0,0,1,0.1225359859151384,3
3,2024-04-18,COA,0.6325508513130031,1.0,1,1,0.13501887687079872,3
3,2024-04-18,COA,0.611364849247609,1.0,1,1,0.15103728040033365,3
3,2024-04-19,COA,0.5489573366063911,0.0,1,0,0.3013541574139826,3
3,2024-04-19,COA,0.48270078359509405,1.0,0,0,0.26759847929312974,3
3,2024-04-19,COA,0.35463270961771,0.0,0,1,0.12576435873079903,3
3,2024-04-19,COA,0.2672856498552648,1.0,0,0,0.5368703189080216,3
3,2024-04-20,COA,0.3977239544045507,0.0,0,1,0.15818434390719313,3
3,2024-04-20,COA,0.592896933726397,1.0,1,1,0.16573290656936962,3
3,2024-04-20,COA,0.7024931742046108,1.0,1,1,0.08851031139484808,3
3,2024-04-20,COA,0.18640374185829073,0.0,0,1,0.034746354978772286,3
3,2024-04-21,COA,0.5098132571277115,1.0,1,1,0.24028304288774305,3
3,2024-04-21,COA,0.26858549310518476,0.0,0,1,0.07213816710655525,3
3,2024-04-21,COA,0.4678498796920678,1.0,0,0,0.28318375054374667,3
3,2024-04-21,COA,0.6978136120999459,0.0,1,0,0.4869438372319737,3
3,2024-05-01,COA,0.4778872376500995,0.0,0,1,0.22837621190884266,3
3,2024-05-01,COA,0.5799103054081388,1.0,1,1,0.17647535150228322,3
3,2024-05-01,COA,0.3148579036546074,1.0,0,0,0.4694196921845592,3
3,2024-05-01,COA,0.4911283822160253,0.0,0,1,0.24120708781813022,3
3,2024-05-02,COA,0.3831743563173806,1.0,0,0,0.38047387470447774,3
3,2024-05-02,COA,0.5714000034144122,0.0,1,0,0.3264979639019903,3
3,2024-05-02,COA,0.38600959618841696,1.0,0,0,0.37698421597271087,3
3,2024-05-02,COA,0.7380778236232264,1.0,1,1,0.06860322647794571,3
3,2024-05-03,COA,0.5398598218834648,1.0,1,1,0.21172898351711672,5
3,2024-05-03,COA,0.7986136337154441,1.0,1,1,0.0405564685252973,5
3,2024-05-04,COA,0.3693505785516909,1.0,0,0,0.3977186927730871,5
3,2024-05-04,COA,0.3631332690122024,0.0,0,1,0.13186577106348854,3
3,2024-05-31,IJL,0.5255934658506777,0.0,1,0,0.27624849134492746,3
3,2024-05-31,IJL,0.2985271203161341,0.0,0,1,0.0891184415642436,3
3,2024-05-31,IJL,0.39752798352435725,1.0,0,0,0.36297253063622714,3
3,2024-06-01,IJL,0.5295438996650106,1.0,1,1,0.22132894234240563,3
3,2024-06-01,IJL,0.5239897686467025,1.0,1,1,0.22658574035301976,3
3,2024-06-01,IJL,0.2559459823121495,1.0,0,0,0.5536163812374322,3
3,2024-06-02,IJL,0.6623867521900861,0.0,1,0,0.43875620947693056,3
3,2024-06-02,IJL,0.5635112397634894,0.0,1,0,0.3175449173397848,3
3,2024-06-02,IJL,0.7909965054254744,1.0,1,1,0.04368246074436376,3
3,2024-06-07,IJL,0.37243047623497505,0.0,0,1,0.1387044596286103,3
3,2024-06-07,IJL,0.6658194840866163,1.0,1,1,0.11167661721613531,3
3,2024-06-07,IJL,0.5774672108160817,1.0,1,1,0.17853395793554158,3
3,2024-06-08,IJL,0.5353439651363134,1.0,1,1,0.2159052307352435,3
3,2024-06-08,IJL,0.4581537804364968,0.0,0,1,0.2099048865282537,3
3,2024-06-08,IJL,0.35126044359268777,1.0,0,0,0.42086301204755616,3
3,2024-06-08,IVL,0.7013564617925278,1.0,1,1,0.08918796291307794,3
3,2024-06-08,IVL,0.24693868042107897,1.0,0,0,0.567101351045946,3
3,2024-06-08,IVL,0.5913105576391819,1.0,1,1,0.1670270602971964,3
3,2024-06-09,IVL,0.6441741173099804,1.0,1,1,0.12661205879213158,3
3,2024-06-09,IVL,0.639163713975772,1.0,1,1,0.1302028253117585,3
3,2024-06-09,IVL,0.5735227953029494,0.0,1,0,0.3289283967321088,3
3,2024-06-09,IJL,0.366202537629073,0.0,0,1,0.13410429856597264,3
3,2024-06-09,IJL,0.36133886536591253,0.0,0,1,0.13056577562392507,3
3,2024-06-09,IJL,0.6839026005480934,1.0,1,1,0.09991756594025822,3
3,2024-06-10,IVL,0.5119833402024138,1.0,1,1,0.23816026023999304,3
3,2024-06-10,IVL,0.576965440810655,0.0,1,0,0.3328891198898335,3
3,2024-06-10,IVL,0.505143059711161,0.0,1,0,0.25516951077435357,3
3,2024-06-14,IVL,0.5094979744951534,0.0,1,0,0.25958818601466405,3
3,2024-06-14,IVL,0.7305089839000501,1.0,1,1,0.07262540775858344,3
3,2024-06-14,IVL,0.35150805418379705,1.0,0,0,0.4205418037884851,3
3,2024-06-15,IJL,0.7690275006821155,0.0,1,0,0.5914032968053811,3
3,2024-06-15,IJL,0.33384998428710294,0.0,0,1,0.11145581200849888,3
3,2024-06-15,IVL,0.4556548936191382,0.0,0,1,0.20762138207906813,3
3,2024-06-15,IVL,0.5201486201889596,1.0,1,1,0.23025734670655937,3
3,2024-06-15,IVL,0.531076806673729,1.0,1,1,0.2198889612393073,3
3,2024-06-16,IVL,0.32691733524046346,0.0,0,1,0.10687494408072556,3
3,2024-06-16,IVL,0.21399208063532257,0.0,0,1,0.0457926105746344,3
3,2024-06-16,IVL,0.4455964654031947,1.0,0,0,0.30736327917343104,3
3,2024-06-16,IJL,0.2041600798337158,0.0,0,1,0.041681338197709215,3
3,2024-06-16,IJL,0.5459604136179796,0.0,1,0,0.2980727732379154,3
3,2024-06-16,IJL,0.6024720164756425,1.0,1,1,0.15802849768494182,3
3,2024-06-21,IVL,0.6094146597002106,1.0,1,1,0.15255690805710231,3
3,2024-06-21,IVL,0.723435690736262,1.0,1,1,0.07648781715852851,3
3,2024-06-22,IJL,0.3160973994519066,0.0,0,1,0.09991756594025822,3
3,2024-06-22,IJL,0.4225327891839184,0.0,0,1,0.17853395793554164,3
3,2024-06-22,IJL,0.7014728796838658,1.0,1,1,0.08911844156424363,3
3,2024-06-22,IVL,0.6068477091341202,0.0,1,0,0.3682641420813298,3
3,2024-06-22,IVL,0.26433523987818214,0.0,0,1,0.06987311904145609,3
3,2024-06-22,IVL,0.48404480175121634,1.0,0,0,0.26620976659994167,3
3,2024-06-23,IVL,0.5243632857936045,1.0,1,1,0.22623028390105637,3
3,2024-06-23,IVL,0.5213513155940195,0.0,1,0,0.2718071942716149,3
3,2024-06-23,IVL,0.7195885251895997,0.0,1,0,0.5178076455845432,3
3,2024-06-23,IJL,0.4049572994476963,0.0,0,1,0.16399041437597117,3
3,2024-06-23,IJL,0.6786183039125813,0.0,1,0,0.4605228024051885,3
3,2024-06-23,IJL,0.23097249931788497,0.0,0,1,0.05334829544115037,3
3,2024-06-28,IVL,0.43189798266513935,0.0,0,1,0.186535867430217,3
3,2024-06-28,IVL,0.6601880450963258,1.0,1,1,0.11547216469545672,3
3,2024-06-28,IVL,0.28847796467279074,0.0,0,1,0.0832195361017559,3
3,2024-06-29,IJL,0.44613514412495614,1.0,0,0,0.3067662785734831,3
3,2024-06-29,IJL,0.3479098643659724,0.0,0,1,0.1210412737231493,3
3,2024-06-29,IJL,0.4364887602365106,1.0,0,0,0.3175449173397848,3
3,2024-06-29,IVL,0.5522063518649998,1.0,1,1,0.20051915131005238,3
3,2024-06-29,IVL,0.6974522311806204,0.0,1,0,0.4864396147788255,3
3,2024-06-29,IVL,0.38257853332515135,0.0,0,1,0.14636633416122394,3
3,2024-06-30,IVL,0.6482273734862423,1.0,1,1,0.1237439807643877,3
3,2024-06-30,IVL,0.37172684551910695,0.0,0,1,0.138180847679586,3
3,2024-06-30,IVL,0.6587877485476339,1.0,1,1,0.11642580054119273,3
3,2024-06-30,IJL,0.4744065341493223,1.0,0,0,0.27624849134492746,3
3,2024-06-30,IJL,0.6196425733148339,0.0,1,0,0.38395691866422926,3
3,2024-07-05,IVL,0.5860890900984014,0.0,1,0,0.34350042153237204,3
3,2024-07-05,IVL,0.5252556888336706,1.0,1,1,0.2253821609847926,3
3,2024-07-05,IVL,0.45709153021259175,1.0,0,0,0.2947496065669052,3
3,2024-07-06,IVL,0.3070089677295932,1.0,0,0,0.480236570807204,3
3,2024-07-06,IVL,0.698060443692291,1.0,1,1,0.09116749566329616,3
3,2024-07-06,IVL,0.6211069742896507,1.0,1,1,0.14355992493194344,3
3,2024-07-06,IJL,0.5877981184594899,0.0,1,0,0.34550662806451654,3
3,2024-07-06,IJL,0.6487395564073124,1.0,1,1,0.12338389923293167,3
3,2024-07-06,IJL,0.5625121273889793,0.0,1,0,0.31641989345967525,3
3,2024-07-07,IJL,0.46171481828830957,0.0,0,1,0.21318057342700672,3
3,2024-07-07,IJL,0.7059844757487366,1.0,1,1,0.08644512850074527,3
3,2024-07-07,IJL,0.6905911763254415,1.0,1,1,0.09573382016767401,3
3,2024-07-07,IVL,0.35178573546778324,1.0,0,0,0.42018173274304266,3
3,2024-07-07,IVL,0.5373650437736663,1.0,1,1,0.21403110272254167,3
3,2024-07-07,IVL,0.6531914061951876,1.0,1,1,0.12027620073687138,3
3,2024-07-12,IVL,0.34121225145236617,1.0,0,0,0.4340012976364605,3
3,2024-07-12,IVL,0.6523069224456235,1.0,1,1,0.12089047617923368,3
3,2024-07-12,IVL,0.3701333476978935,1.0,0,0,0.3967319996822627,3
3,2024-07-13,IVL,0.5681020173348608,1.0,1,1,0.1865358674302169,3
3,2024-07-13,IVL,0.3398119549036741,0.0,0,1,0.11547216469545664,3
3,2024-07-13,IVL,0.6945710152082303,1.0,1,1,0.09328686475093109,3
3,2024-07-14,IVL,0.3259088293948398,0.0,0,1,0.10621656507751479,3
3,2024-07-14,IVL,0.44779364813500044,0.0,0,1,0.20051915131005257,3
3,2024-07-14,IVL,0.6174214666748488,0.0,1,0,0.3812092675109214,3
3,2024-07-19,IVL,0.7530613195789211,1.0,1,1,0.06097871188810374,3
3,2024-07-19,IVL,0.40868944236081856,1.0,0,0,0.34964817557555977,3
3,2024-07-19,IVL,0.29864353820747225,0.0,0,1,0.08918796291307794,3
3,2024-07-20,IJL,0.43206868306221735,0.0,0,1,0.18668334688311883,5
3,2024-07-20,IJL,0.7475396842590142,1.0,1,1,0.06373621102403826,5
3,2024-07-20,IVL,0.42647720469705086,0.0,0,1,0.18188280612621022,3
3,2024-07-20,IVL,0.360836286024228,1.0,0,0,0.40853025326330245,3
3,2024-07-20,IVL,0.3125540966379188,0.0,0,1,0.09769006332514547,3
3,2024-07-21,IVL,0.42997130262836447,0.0,0,1,0.1848753210839326,3
3,2024-07-21,IVL,0.4230345591893449,0.0,0,1,0.17895823826852336,3
3,2024-07-21,IVL,0.5718382286499695,0.0,1,0,0.3269989597455348,3
3,2024-07-21,IJL,0.389606519070551,1.0,0,0,0.3725802015611696,3
3,2024-07-21,IJL,0.35126044359268777,0.0,0,1,0.12338389923293179,3
3,2024-07-26,IVL,0.5429084697874083,1.0,1,1,0.20893266699208868,3
3,2024-07-26,IVL,0.30193955630770897,0.0,0,1,0.09116749566329616,3
3,2024-07-26,IVL,0.6678949438057215,1.0,1,1,0.11029376834980491,3
4,2024-07-27,IVL,0.40998201462397343,0.0,0,1,0.16808525231513197,3
4,2024-07-27,IVL,0.24641674578328582,0.0,0,1,0.06072121260242451,3
4,2024-07-27,IVL,0.4311897224249198,1.0,0,0,0.32354513187503975,3
4,2024-07-28,IVL,0.20639218958376818,0.0,0,1,0.04259773592118211,3
4,2024-07-28,IVL,0.43801637549864314,1.0,0,0,0.3158255942076821,3
4,2024-07-28,IVL,0.518168784996285,1.0,1,1,0.2321613197519562,3
4,2024-08-02,IVL,0.7802463023237736,1.0,1,1,0.04829168764237433,3
4,2024-08-02,IVL,0.862200066544872,1.0,1,1,0.018988821660237697,3
4,2024-08-02,IVL,0.6151128859691042,1.0,1,1,0.1481380905470318,3
4,2024-08-03,IVL,0.5612964450210123,1.0,1,1,0.1924608091512017,3
4,2024-08-03,IVL,0.2821491662932141,1.0,0,0,0.5153098194535276,3
4,2024-08-03,IVL,0.5292335120330065,1.0,1,1,0.22162108619277743,3
4,2024-08-04,IVL,0.5564633195175999,0.0,1,0,0.30965142596854645,3
4,2024-08-04,IVL,0.23418378583120752,1.0,0,0,0.5864744738838219,3
4,2024-08-04,IVL,0.4029451922592383,0.0,0,1,0.16236482796483453,3
4,2024-08-09,IVL,0.2803966319413348,0.0,0,1,0.07862227120404437,3
4,2024-08-09,IVL,0.5503295509209398,1.0,1,1,0.20220351277496365,3
4,2024-08-09,IVL,0.4457034010732095,0.0,0,1,0.19865152172822625,3
4,2024-08-10,IVL,0.5122858340999032,1.0,1,1,0.2378651076196271,3
4,2024-08-10,IVL,0.3544647803454108,0.0,0,1,0.1256452805053203,3
4,2024-08-10,IVL,0.10777178974504716,0.0,0,1,0.011614758664850651,3
4,2024-08-11,IVL,0.736523498218503,0.0,1,0,0.5424668634280213,3
4,2024-08-11,IVL,0.8178970000099,1.0,1,1,0.033161502605394376,3
4,2024-08-11,IVL,0.6288318876077196,0.0,1,0,0.39542954287228765,3
4,2024-08-22,IVL,0.46347662707669846,0.0,0,1,0.214810583846393,5
4,2024-08-22,IVL,0.6306457215857622,1.0,1,1,0.13642258298290233,5
4,2024-08-22,IVL,0.634935869007353,0.0,1,0,0.4031435577521225,5
4,2024-08-23,IVL,0.39942304765830433,1.0,0,0,0.36069267568403945,3
4,2024-08-23,IVL,0.6132620740862104,1.0,1,1,0.14956622334009984,5
4,2024-08-24,IVL,0.6622002848309183,0.0,1,0,0.43850921723014935,3
4,2024-08-24,IVL,0.570445504126131,1.0,1,1,0.1845170649254537,5
4,2024-08-25,IVL,0.40894022835049104,0.0,0,1,0.16723211036335175,3
4,2024-10-04,IVL,0.5126664751475903,1.0,1,1,0.23749396444507417,3
4,2024-10-04,IVL,0.5338502393881208,1.0,1,1,0.21729559931851228,3
4,2024-10-04,IVL,0.701903434820333,1.0,1,1,0.08886156217191545,3
4,2024-10-05,IVL,0.4954656883668827,1.0,0,0,0.2545548716151036,3
4,2024-10-05,IVL,0.30213805169711705,0.0,0,1,0.09128740228332978,3
4,2024-10-05,IVL,0.7477916733184482,1.0,1,1,0.06360904004750835,3
4,2024-10-06,IVL,0.7357720583947942,1.0,1,1,0.06981640512492404,3
4,2024-10-06,IVL,0.6023323815095474,0.0,1,0,0.36280429781496293,3
4,2024-10-06,IVL,0.2871042503342374,0.0,0,1,0.08242885055998447,3
4,2024-10-11,IVL,0.2242899172633454,0.0,0,1,0.050305966985998325,3
4,2024-10-11,IVL,0.481061622233687,0.0,0,1,0.23142028438610657,3
4,2024-10-11,IVL,0.3264498296634726,0.0,0,1,0.10656949128731026,3
4,2024-10-12,IVL,0.7419218085856516,1.0,1,1,0.06660435288370105,3
4,2024-10-12,IVL,0.7696863819935438,1.0,1,1,0.05304436263922384,3
4,2024-10-12,IVL,0.5938619334559816,1.0,1,1,0.16494812909611353,3
4,2024-10-13,IVL,0.4151140763864157,1.0,0,0,0.34209154364131567,3
4,2024-10-13,IVL,0.5292335120330065,0.0,1,0,0.28008811025879043,3
4,2024-10-18,IVL,0.620305047815773,1.0,1,1,0.14416825671418243,3
4,2024-10-18,IVL,0.7376281733458492,1.0,1,1,0.06883897542183577,3
4,2024-10-18,IVL,0.682074214343251,1.0,1,1,0.10107680518546111,3
4,2024-10-19,IVL,0.48334981893717066,1.0,0,0,0.26692740959225436,3
4,2024-10-19,IVL,0.4388946420907444,0.0,0,1,0.19262850685596264,3
4,2024-10-19,IVL,0.6483328620017661,0.0,1,0,0.42033549995140107,3
4,2024-10-20,IVL,0.5528163244692164,0.0,1,0,0.3056058885996539,3
4,2024-10-20,IVL,0.4575684234876095,0.0,0,1,0.20936886217293635,3
4,2024-10-20,IVL,0.4560668115949604,0.0,0,1,0.20799693663839308,3
4,2024-10-25,IVL,0.5669475938853836,1.0,1,1,0.18753438644165862,3
4,2024-10-25,IVL,0.39742694812355933,0.0,0,1,0.15794817909480632,3
4,2024-10-26,IVL,0.2669348147817314,0.0,0,1,0.07125419534255727,3
4,2024-10-26,IVL,0.7234873592684379,1.0,1,1,0.07645924048434195,3
4,2024-10-26,IVL,0.34742752687139955,1.0,0,0,0.425850832685178,3
4,2024-10-26,IJL,0.44292922113513755,0.0,0,1,0.1961862949353796,3
4,2024-10-26,IJL,0.5025318063439597,1.0,1,1,0.24747460369940366,3
4,2024-10-26,IJL,0.45128209351265114,1.0,0,0,0.30109134089985895,3
4,2024-10-27,IVL,0.6290100739353486,0.0,1,0,0.39565367311215266,3
4,2024-10-27,IVL,0.752932720829742,1.0,1,1,0.061042240436594175,3
4,2024-10-27,IVL,0.5357110272346868,1.0,1,1,0.21556425023146977,3
4,2024-10-27,IJL,0.5068167597610038,0.0,1,0,0.25686322797464306,3
4,2024-10-27,IJL,0.5538183765684145,0.0,1,0,0.30671479422487413,3
4,2024-11-01,IVL,0.6439122118899561,1.0,1,1,0.12679851284110355,3
4,2024-11-01,IVL,0.5504180453988795,1.0,1,1,0.20212393390296396,3
4,2024-11-01,IVL,0.2863755433454654,0.0,0,1,0.08201095182641052,3
4,2024-11-02,IJL,0.3852601936260892,1.0,0,0,0.3779050295406333,3
4,2024-11-02,IJL,0.44956317729703105,1.0,0,0,0.3029806957873397,3
4,2024-11-02,IJL,0.5081743188923964,1.0,1,1,0.2418925005969582,3
4,2024-11-02,IVL,0.5437294933592844,0.0,1,0,0.29564176194874414,3
4,2024-11-02,IVL,0.2243385568619934,0.0,0,1,0.05032778809492184,3
4,2024-11-02,IVL,0.7122897714604091,1.0,1,1,0.08277717560630365,3
4,2024-11-03,IVL,0.548319458283637,1.0,1,1,0.2040153117651871,3
4,2024-11-03,IVL,0.537960491622996,0.0,1,0,0.2894014905472555,3
4,2024-11-03,IVL,0.6365318443863515,1.0,1,1,0.13210910014518742,3
4,2024-11-03,IJL,0.5759790426776858,1.0,1,1,0.17979377224853177,3
4,2024-11-03,IJL,0.5778349650175489,0.0,1,0,0.333893246796832,3
4,2024-11-03,IJL,0.45854639668928804,0.0,0,1,0.21026479791672992,3
4,2024-11-08,IVL,0.7273765932850516,0.0,1,0,0.5290767084589673,3
4,2024-11-08,IVL,0.41894074178672314,1.0,0,0,0.33762986155536356,3
4,2024-11-08,IVL,0.6025730518764407,0.0,1,0,0.36309428284768774,3
4,2024-11-09,IJL,0.4712766183145244,1.0,0,0,0.27954841434092514,3
4,2024-11-09,IJL,0.4519682264863832,1.0,0,0,0.30033882478048024,3
4,2024-11-09,IJL,0.5302241436307041,0.0,1,0,0.2811376424889136,3
4,2024-11-09,IVL,0.4642889727653132,0.0,0,1,0.21556425023146977,3
4,2024-11-09,IVL,0.2933520337898322,0.0,0,1,0.08605541572863086,3
4,2024-11-09,IVL,0.40404325379048034,0.0,0,1,0.1632509509335985,3
4,2024-11-10,IVL,0.6525724731286003,0.0,1,0,0.4258508326851778,3
4,2024-11-10,IVL,0.25141081636940255,0.0,0,1,0.06320739858752945,3
4,2024-11-10,IVL,0.6523372834975201,0.0,1,0,0.4255439314409239,3
4,2024-11-10,IJL,0.5431503268210245,1.0,1,1,0.20871162388373674,3
4,2024-11-10,IJL,0.5380007106386027,0.0,1,0,0.28944476464764146,3
4,2024-11-10,IJL,0.5581669143812131,1.0,1,1,0.19521647554741825,3
4,2024-11-15,IVL,0.46600242391569013,1.0,0,0,0.2851534112639183,3
4,2024-11-15,IVL,0.7794790627912738,1.0,1,1,0.04862948374741498,3
4,2024-11-15,IVL,0.28771022853959116,1.0,0,0,0.5073567185271215,3
4,2024-11-16,IJL,0.5058660691211483,0.0,1,0,0.2559004798880824,3
4,2024-11-16,IJL,0.5425888551942846,0.0,1,0,0.2944026657810443,3
4,2024-11-16,IJL,0.5049897992909568,1.0,1,1,0.24503509880600727,3
4,2024-11-16,IVL,0.43801637549864314,1.0,0,0,0.3158255942076821,3
4,2024-11-16,IVL,0.3491443848566976,0.0,0,1,0.12190180147696175,3
4,2024-11-16,IVL,0.7476198838602628,1.0,1,1,0.06369572302270725,3
4,2024-11-17,IJL,0.45741114480571554,1.0,0,0,0.2944026657810442,3
4,2024-11-17,IJL,0.49501020070904334,0.0,0,1,0.24503509880600738,3
4,2024-11-17,IJL,0.4941339308788518,0.0,0,1,0.2441683416457859,3
4,2024-11-17,IVL,0.5070666887833923,1.0,1,1,0.242983249306969,3
4,2024-11-17,IVL,0.2912880807571012,0.0,0,1,0.08484874599115552,3
4,2024-11-17,IVL,0.3634681556136486,0.0,0,1,0.13210910014518748,3
4,2024-11-22,IVL,0.6823351582943548,1.0,1,1,0.10091095165587265,3
4,2024-11-22,IVL,0.7636126360185714,1.0,1,1,0.055878985850088395,3
4,2024-11-22,IVL,0.6330287221754769,1.0,1,1,0.1346679187481633,3
4,2024-11-23,IVL,0.2582608236151257,1.0,0,0,0.5501770057841117,3
4,2024-11-23,IVL,0.22880835365679258,0.0,0,1,0.05235326270313187,3
4,2024-11-23,IVL,0.4405620790788828,0.0,0,1,0.19409494552230777,3
4,2024-11-23,IJL,0.4636124734251428,0.0,0,1,0.21493652551537873,3
4,2024-11-23,IJL,0.47641367298288034,1.0,0,0,0.2741426418392782,3
4,2024-11-23,IJL,0.4568496731789755,0.0,0,1,0.20871162388373674,3
4,2024-11-24,IJL,0.5338030148245687,1.0,1,1,0.2173396289866613,3
4,2024-11-24,IJL,0.5287233816854756,0.0,1,0,0.27954841434092514,3
4,2024-11-24,IJL,0.5357081121671853,0.0,1,0,0.2869831814417296,3
4,2024-11-24,IVL,0.5169891225970135,0.0,1,0,0.2672777528836298,3
4,2024-11-24,IVL,0.4707664879669934,0.0,0,1,0.22162108619277732,3
4,2024-11-29,IVL,0.5043036832468466,1.0,1,1,0.24571483844264258,3
4,2024-11-29,IVL,0.714555539904187,0.0,1,0,0.5105896196077642,3
4,2024-11-29,IVL,0.3516678351450051,0.0,0,1,0.12367026627557448,3
4,2024-11-30,IVL,0.7335886135302455,1.0,1,1,0.07097502684073688,3
4,2024-11-30,IVL,0.2639358372732552,1.0,0,0,0.5417904516506239,3
4,2024-11-30,IVL,0.39766761849045235,1.0,0,0,0.3628042978149632,3
4,2024-11-30,IJL,0.5715413995721521,0.0,1,0,0.32665957142489443,3
4,2024-11-30,IJL,0.6347010334091445,1.0,1,1,0.13344333499234695,3
4,2024-11-30,IJL,0.49324422655753764,0.0,0,1,0.2432898670323435,3
4,2024-12-01,IJL,0.5719260620324894,1.0,1,1,0.1832472963670121,3
4,2024-12-01,IVL,0.4873335248524093,1.0,0,0,0.2628269147402552,3
4,2024-12-01,IVL,0.4609847904754644,1.0,0,0,0.29053739609877893,3
4,2024-12-01,IVL,0.31079785192215426,1.0,0,0,0.47499960091511684,3
4,2024-12-01,IJL,0.5144346151234969,1.0,1,1,0.23577374299026663,3
4,2024-12-01,IJL,0.4240209573223144,0.0,0,1,0.17979377224853194,3
4,2024-12-06,IVL,0.3213665354891658,0.0,0,1,0.10327645013230928,3
4,2024-12-06,IVL,0.29035519498223433,0.0,0,1,0.08430613925317132,3
4,2024-12-06,IVL,0.5912448094153333,0.0,1,0,0.3495704246605738,3
4,2024-12-07,IVL,0.5307535002044356,1.0,1,1,0.22019227757038864,3
4,2024-12-07,IVL,0.5546268766317933,0.0,1,0,0.3076109722823385,3
4,2024-12-07,IVL,0.3838126295659485,0.0,0,1,0.14731213461432802,3
4,2024-12-07,IJL,0.5487179064873486,1.0,1,1,0.2036555279251614,3
4,2024-12-07,IJL,0.5261887630209047,0.0,1,0,0.27687461432946975,3
4,2024-12-07,IJL,0.5570707788648626,0.0,1,0,0.3103278526651046,3
4,2024-12-08,IVL,0.4377175047023114,0.0,0,1,0.19159661392281802,3
4,2024-12-08,IVL,0.4046625551348283,0.0,0,1,0.16375178352824796,3
4,2024-12-08,IVL,0.5787562933051957,0.0,1,0,0.33495884704036977,3
4,2024-12-08,IJL,0.4461816234315854,1.0,0,0,0.3067147942248743,3
4,2024-12-08,IJL,0.49318324023899635,1.0,0,0,0.25686322797464284,3
4,2024-12-08,IJL,0.43822463610988827,1.0,0,0,0.31559155947386747,3
4,2024-12-20,IJL,0.4950102007090433,0.0,0,1,0.24503509880600732,3
4,2024-12-20,IJL,0.43462268928706016,0.0,0,1,0.18889688204311644,5
4,2024-12-21,IJL,0.4909667920213894,0.0,0,1,0.24104839086777421,3
4,2024-12-21,IJL,0.5141007332473497,0.0,1,0,0.26429956392546267,5
4,2024-12-22,IJL,0.5098246698400237,0.0,1,0,0.2599211939774892,5
4,2024-12-22,IJL,0.43178675159890423,1.0,0,0,0.32286629565852537,3
4,2024-12-29,IVL,0.7417391763848743,1.0,1,1,0.06669865301436306,3
4,2024-12-29,IVL,0.4680934343362389,0.0,0,1,0.2191114632686948,3
4,2024-12-29,IVL,0.48416841157367724,1.0,0,0,0.2660822276184232,5
4,2024-12-30,IVL,0.5053795450122363,1.0,1,1,0.2446493944923024,5
4,2024-12-30,IVL,0.45287816492599553,1.0,0,0,0.29934230241474613,3
4,2024-12-31,IVL,0.404467534077812,1.0,0,0,0.35465891796736204,3
4,2024-12-31,IVL,0.5787562933051957,1.0,1,1,0.1774462604299783,3
4,2025-01-01,IVL,0.5515835655845751,0.0,1,0,0.30424442982299327,3
4,2025-02-21,COA,0.4715115390581128,1.0,0,0,0.2793000533487246,3
4,2025-02-21,COA,0.5357081121671853,0.0,1,0,0.2869831814417296,3
4,2025-02-22,COA,0.6432330614850396,1.0,1,1,0.12728264841733755,3
4,2025-02-22,COA,0.5014449015046955,1.0,1,1,0.2485571862356628,3
4,2025-02-22,COA,0.45948062507462406,1.0,0,0,0.2921611946697191,3
4,2025-02-22,COA,0.5013330878097918,0.0,1,0,0.2513348649329004,3
4,2025-02-22,COA,0.4389045229541385,0.0,0,1,0.1926371802695999,3
4,2025-02-22,COA,0.35021487644639243,0.0,0,1,0.12265045968436192,3
4,2025-02-22,COA,0.5938458332813841,0.0,1,0,0.3526528737056614,3
4,2025-02-22,COA,0.466925732477107,0.0,0,1,0.2180196396492829,3
4,2025-02-22,COA,0.6551361434698613,1.0,1,1,0.11893107954084012,3
4,2025-02-22,COA,0.4946222755055881,1.0,0,0,0.25540664441514965,3
4,2025-02-22,COA,0.3696172164569643,0.0,0,1,0.1366168867013944,3
4,2025-02-23,COA,0.405212583030234,0.0,0,1,0.1641972374460343,3
4,2025-02-23,COA,0.48279277053855046,1.0,0,0,0.2675033182071886,3
4,2025-02-23,COA,0.4664324599599261,1.0,0,0,0.28469431978441584,3
4,2025-02-23,COA,0.45734003878201734,0.0,0,1,0.20915991107313714,3
4,2025-02-23,COA,0.5170646156777272,0.0,1,0,0.26735581678595577,3
4,2025-02-23,COA,0.5606332598692851,0.0,1,0,0.3143096520716614,3
4,2025-02-23,COA,0.5277289662435556,1.0,1,1,0.22303992932538066,3
4,2025-02-23,COA,0.48565592162386784,0.0,0,1,0.23586167420832846,3
4,2025-02-23,COA,0.5048937194692813,1.0,1,1,0.24513022902096274,3
4,2025-02-23,COA,0.32619832902651613,0.0,0,1,0.10640534985969127,3
4,2025-02-28,COA,0.5631479821669934,1.0,1,1,0.19083968548476957,3
4,2025-02-28,COA,0.4259394534782639,0.0,0,1,0.18142441802936213,3
4,2025-03-01,COA,0.5450756454339358,0.0,1,0,0.29710745924522175,3
4,2025-03-01,COA,0.5139871080132583,0.0,1,0,0.2641827472038329,3
4,2025-03-01,COA,0.4997869102975966,0.0,0,1,0.24978695570481785,3
4,2025-03-01,COA,0.5975007966912613,0.0,1,0,0.357007202046692,3
4,2025-03-01,COA,0.5158344145074718,0.0,1,0,0.2660851431902662,3
4,2025-03-01,COA,0.6081490923104713,1.0,1,1,0.15354713385710753,3
4,2025-03-01,COA,0.6566140284892577,1.0,1,1,0.11791392543037636,3
4,2025-03-01,COA,0.417797751871263,1.0,0,0,0.33895945772615543,3
4,2025-03-01,COA,0.5,0.0,0,1,0.25,3
4,2025-03-01,COA,0.5716940778987399,0.0,1,0,0.32683411870449053,3
4,2025-03-01,COA,0.457223962154956,1.0,0,0,0.29460582725876466,3
4,2025-03-02,COA,0.5222342860548244,0.0,1,0,0.27272864953119214,3
4,2025-03-02,COA,0.4006740995564173,0.0,0,1,0.1605397340553458,3
4,2025-03-02,COA,0.5087711083526356,1.0,1,1,0.24130582398909806,3
4,2025-03-02,COA,0.3521101856400356,0.0,0,1,0.12398158283146034,3
4,2025-03-02,COA,0.5487921953254489,1.0,1,1,0.20358848299922788,3
4,2025-03-02,COA,0.32367830469574604,0.0,0,1,0.10476764493071221,3
4,2025-03-02,COA,0.526295228915682,0.0,1,0,0.27698666797941013,3
4,2025-03-02,COA,0.4279013413682786,0.0,0,1,0.18309955794477212,3
4,2025-03-02,COA,0.4493499780601631,0.0,0,1,0.20191540278266903,3
4,2025-03-06,COA,0.3009313429495462,1.0,0,0,0.48869698727032507,3
4,2025-03-06,COA,0.5175583753312357,1.0,1,1,0.23274992121303684,3
4,2025-03-06,COA,0.302928494814477,0.0,0,1,0.09176567297056461,3
4,2025-03-06,COA,0.36311260309539695,0.0,0,1,0.13185076252671526,3
4,2025-03-07,COA,0.3322740074504546,0.0,0,1,0.11040601602718476,3
4,2025-03-07,COA,0.522953933491203,0.0,1,0,0.2734808165539216,3
4,2025-03-07,COA,0.3042512260990693,0.0,0,1,0.09256880858278699,3
4,2025-03-07,COA,0.575342210349427,1.0,1,1,0.1803342383109103,3
4,2025-03-07,COA,0.7438673608738556,1.0,1,1,0.0656039288257237,3
4,2025-03-07,COA,0.6846887741699701,1.0,1,1,0.09942116913443612,3
4,2025-03-08,COA,0.5223016274721674,1.0,1,1,0.22819573511573998,3
4,2025-03-08,COA,0.5111805781568621,1.0,1,1,0.23894442717105957,3
4,2025-03-08,COA,0.2781201516876706,0.0,0,1,0.07735081877477291,3
4,2025-03-08,COA,0.4953486270478964,1.0,0,0,0.25467300822244315,3
4,2025-03-08,COA,0.5838926989104049,1.0,1,1,0.17314528602006699,3
4,2025-03-08,COA,0.5421942660772667,1.0,1,1,0.20958609001253245,3
4,2025-03-09,COA,0.2333381648144901,0.0,0,1,0.054446699158994145,3
4,2025-03-09,COA,0.3265279893075676,0.0,0,1,0.10662052780124298,3
4,2025-03-09,COA,0.5357081121671853,1.0,1,1,0.21556695710735901,3
4,2025-03-09,COA,0.4419503345147438,1.0,0,0,0.3114194291482064,3
4,2025-03-09,COA,0.5414536033107119,1.0,1,1,0.21026479791672995,3
4,2025-03-09,COA,0.5635929483434557,1.0,1,1,0.19045111473555768,3
4,2025-03-09,COA,0.5125136639073878,1.0,1,1,0.23764292787699923,3
4,2025-03-14,COA,0.297092393759949,1.0,0,0,0.4940791029101186,3
4,2025-03-14,COA,0.3768060678636974,0.0,0,1,0.14198281277890135,3
4,2025-03-14,COA,0.32518869361714997,1.0,0,0,0.4553702992221287,3
4,2025-03-15,COA,0.26638701316441116,0.0,0,1,0.07096204078265617,3
4,2025-03-15,COA,0.45452139620929427,1.0,0,0,0.2975469071934578,3
4,2025-03-15,COA,0.44711849266922477,1.0,0,0,0.30567796114835005,3
4,2025-03-16,COA,0.5910841242846687,0.0,1,0,0.3493804419813737,3
4,2025-03-16,COA,0.22392477075597056,1.0,0,0,0.6022927614461727,3
4,2025-03-16,COA,0.6599602197476702,0.0,1,0,0.4355474916493931,3
4,2025-03-16,COA,0.2333381648144901,1.0,0,0,0.5877703695300139,3
4,2025-03-22,COA,0.6461766280299743,0.0,1,0,0.4175442346121878,3
4,2025-03-22,COA,0.5089970235368567,1.0,1,1,0.24108392289566605,3
4,2025-03-22,COA,0.7396131657971872,1.0,1,1,0.06780130342616314,3
4,2025-03-22,COA,0.5973278644735152,1.0,1,1,0.16214484872945978,3
4,2025-03-23,COA,0.7164280229663903,1.0,1,1,0.08041306615875007,3
4,2025-03-23,COA,0.3634681556136486,0.0,0,1,0.13210910014518748,3
4,2025-03-23,COA,0.5766395794600008,1.0,1,1,0.179234045679805,3
4,2025-04-11,COA,0.4885535142479646,0.0,0,1,0.23868453628403616,3
4,2025-04-11,COA,0.3626895891176316,1.0,0,0,0.40616455981905325,3
4,2025-04-11,COA,0.5811146971549173,0.0,1,0,0.3376942912494512,3
4,2025-04-11,COA,0.6049235907867314,1.0,1,1,0.15608536911685006,3
4,2025-04-12,COA,0.4765325434516766,0.0,0,1,0.22708326496852407,3
4,2025-04-12,COA,0.0855002693587355,0.0,0,1,0.007310296060416326,3
4,2025-04-12,COA,0.6697437536226611,1.0,1,1,0.10906918827124955,3
4,2025-04-12,COA,0.30498172361171516,0.0,0,1,0.09301385173717262,3
4,2025-04-13,COA,0.45496869161795067,0.0,0,1,0.2069965103525499,3
4,2025-04-13,COA,0.7100860680539689,1.0,1,1,0.08405008793640795,3
4,2025-04-13,COA,0.48859079607279965,0.0,0,1,0.2387209660070521,3
4,2025-04-13,COA,0.32502864675063253,0.0,0,1,0.10564362120854746,3
4,2025-04-14,COA,0.5063447022279532,0.0,1,0,0.25638495747431467,3
4,2025-04-14,COA,0.46040324231407836,1.0,0,0,0.29116466090515924,3
4,2025-04-14,COA,0.09978713189882008,0.0,0,1,0.009957471692592515,3
4,2025-04-14,COA,0.6810955781022419,1.0,1,1,0.10170003030594332,3
4,2025-04-15,COA,0.27859433012398443,1.0,0,0,0.5204261405292628,3
4,2025-04-15,COA,0.7837401540538222,1.0,1,1,0.04676832096866453,3
4,2025-04-15,COA,0.48834696698388536,0.0,0,1,0.23848276016236,3
4,2025-04-15,COA,0.5295661258054257,1.0,1,1,0.22130802998971655,3
4,2025-04-16,COA,0.54180361701155,0.0,1,0,0.2935511594067983,3
4,2025-04-16,COA,0.17249373077001537,0.0,0,1,0.029754087154958548,3
4,2025-04-16,COA,0.6590866015527808,0.0,1,0,0.434395148346394,3
4,2025-04-16,COA,0.5916060560597112,1.0,1,1,0.16678561344710377,3
4,2025-04-17,COA,0.6789713593437009,0.0,1,0,0.46100210680903303,3
4,2025-04-17,COA,0.7926745554649546,1.0,1,1,0.042983839951654196,3
4,2025-04-17,COA,0.31162029764461824,0.0,0,1,0.09710720990412046,3
4,2025-04-17,COA,0.5908065528311217,1.0,1,1,0.1674392772059496,3
4,2025-04-18,COA,0.5822576215856996,1.0,1,1,0.17450869472323655,3
4,2025-04-18,COA,0.44350179533999445,1.0,0,0,0.3096902517898094,3
4,2025-04-18,COA,0.4816519370382698,1.0,0,0,0.2686847143761778,3
4,2025-04-19,COA,0.3621309500848836,1.0,0,0,0.40687692483961324,3
4,2025-04-19,COA,0.6181504534669106,1.0,1,1,0.14580907618752603,3
4,2025-04-19,COA,0.552567926774159,1.0,1,1,0.20019546015117434,3
4,2025-04-20,COA,0.4618338107406847,1.0,0,0,0.28962284726189313,3
4,2025-04-20,COA,0.5126664751475905,0.0,1,0,0.262826914740255,3
4,2025-04-20,COA,0.6892021480778459,1.0,1,1,0.09659530475942525,3
4,2025-04-20,COA,0.6472660731634104,1.0,1,1,0.12442122314156051,3
4,2025-05-01,COA,0.6526756590674261,1.0,1,1,0.12063419780424683,3
4,2025-05-01,COA,0.5684977029449021,1.0,1,1,0.18619423236382596,3
4,2025-05-01,COA,0.43970186411887985,1.0,0,0,0.3139340010718581,3
4,2025-05-01,COA,0.42222348865724535,1.0,0,0,0.3338256970594043,3
4,2025-05-02,COA,0.4687588919881858,1.0,0,0,0.2822171148416201,3
4,2025-05-02,COA,0.7666618351855099,1.0,1,1,0.054446699158994145,3
4,2025-05-02,COA,0.3807970603775799,0.0,0,1,0.1450064011922062,3
4,2025-05-02,COA,0.7813860644482411,1.0,1,1,0.04779205281742859,3
4,2025-05-03,COA,0.28473212510935886,0.0,0,1,0.08107238306929158,5
4,2025-05-03,COA,0.630890252749782,1.0,1,1,0.13624200551511978,3
4,2025-05-04,COA,0.44659800118409826,0.0,0,1,0.19944977466163183,5
4,2025-05-04,COA,0.7179292344678517,0.0,1,0,0.5154223857035957,5
4,2025-05-31,IJL,0.11773217297211927,1.0,0,0,0.7783965186084986,3
4,2025-05-31,IJL,0.5345936843611957,0.0,1,0,0.28579040735887773,3
4,2025-05-31,IJL,0.6032431689543993,1.0,1,1,0.15741598298134732,3
4,2025-06-01,IJL,0.49546758970130167,0.0,0,1,0.24548813244441742,3
4,2025-06-01,IJL,0.5061420370472106,0.0,1,0,0.2561797616662999,3
4,2025-06-01,IJL,0.3327911915370454,0.0,0,1,0.11074997716464643,3
4,2025-06-06,IVL,0.39569731890413606,1.0,0,0,0.3651817303796494,3
4,2025-06-06,IVL,0.47194223279616737,1.0,0,0,0.27884500550429714,3
4,2025-06-06,IVL,0.4386025941612779,1.0,0,0,0.3151670472824469,3
4,2025-06-07,IVL,0.6930623109438154,0.0,1,0,0.48033536685078193,3
4,2025-06-07,IVL,0.32210473494651337,0.0,0,1,0.10375146027496364,3
4,2025-06-07,IJL,0.4634626649714335,1.0,0,0,0.2878723118795562,3
4,2025-06-07,IJL,0.3202030723946163,1.0,0,0,0.46212386278171924,3
4,2025-06-07,IJL,0.5759557075435796,1.0,1,1,0.1798135619648662,3
4,2025-06-08,IJL,0.7792523871595467,1.0,1,1,0.04872950857475866,3
4,2025-06-08,IVL,0.4484159607338103,1.0,0,0,0.30424495237320553,3
4,2025-06-08,IVL,0.40995942102113003,0.0,0,1,0.16806672688398017,3
4,2025-06-08,IVL,0.390844212047095,0.0,0,1,0.1527591980907146,3
4,2025-06-08,IJL,0.45928355915064223,0.0,0,1,0.21094138770608148,3
4,2025-06-08,IJL,0.46829055244284445,0.0,0,1,0.21929604150722445,3
4,2025-06-08,IJL,0.3680185532160105,0.0,0,1,0.13543765551120557,3
4,2025-06-13,IVL,0.5897106555412953,1.0,1,1,0.16833734617635362,3
4,2025-06-13,IVL,0.44432254828598594,1.0,0,0,0.3087774303433804,3
4,2025-06-13,IVL,0.49223702673620384,0.0,0,1,0.24229729049009827,3
4,2025-06-14,IVL,0.5191058066040926,1.0,1,1,0.23125922524190043,3
4,2025-06-14,IJL,0.5625204091779452,1.0,1,1,0.1913883923858325,3
4,2025-06-14,IJL,0.4154169674257703,1.0,0,0,0.34173732197368295,3
4,2025-06-14,IJL,0.8779483923277728,1.0,1,1,0.014896594935375276,3
4,2025-06-14,IVL,0.39903811015685964,0.0,0,1,0.15923141335755805,3
4,2025-06-14,IVL,0.7247758770643451,1.0,1,1,0.07574831784570048,3
4,2025-06-14,IJL,0.49043282278429184,1.0,0,0,0.259658708095585,3
4,2025-06-15,IVL,0.40318112985975474,0.0,0,1,0.1625550234749884,3
4,2025-06-15,IVL,0.41214511520900643,1.0,0,0,0.3455733655726323,3
4,2025-06-15,IVL,0.6193025057054626,0.0,1,0,0.3835355935730646,3
4,2025-06-15,IJL,0.807583169101919,1.0,1,1,0.03702423681286071,3
4,2025-06-15,IJL,0.4646521073258366,0.0,0,1,0.2159015808423408,3
4,2025-06-15,IJL,0.3493122190664655,0.0,0,1,0.12201902638913836,3
4,2025-06-15,IJL,0.458973195612152,0.0,0,1,0.21065639429043073,3
4,2025-06-20,IVL,0.3881947987839538,1.0,0,0,0.3743056042350068,3
4,2025-06-20,IVL,0.2890340342022787,0.0,0,1,0.083540672927244,3
4,2025-06-20,IVL,0.6030474352627258,1.0,1,1,0.15757133865149991,3
4,2025-06-21,IJL,0.647370412144008,0.0,1,0,0.41908845051950283,3
4,2025-06-21,IJL,0.16855651037963898,0.0,0,1,0.028411297191361342,3
4,2025-06-21,IJL,0.4562238299844341,0.0,0,1,0.20814018304566584,3
4,2025-06-21,IJL,0.37298781841798123,0.0,0,1,0.13911991268820495,3
4,2025-06-21,IVL,0.5320620932242391,0.0,1,0,0.28309007104615896,3
4,2025-06-21,IVL,0.4158635575358067,0.0,0,1,0.17294249848633722,3
4,2025-06-21,IVL,0.6152950850403596,0.0,1,0,0.3785880416748233,3
4,2025-06-22,IVL,0.3007152410352758,1.0,0,0,0.48899917412035243,3
4,2025-06-22,IVL,0.48641220028182874,0.0,0,1,0.23659682858300987,3
4,2025-06-22,IVL,0.6748393539875963,1.0,1,1,0.1057294457152037,3
4,2025-06-22,IJL,0.8314434896203609,1.0,1,1,0.028411297191361398,3
4,2025-06-22,IJL,0.3526295878559921,1.0,0,0,0.41908845051950266,3
4,2025-06-22,IJL,0.6270121815820188,1.0,1,1,0.13911991268820495,3
4,2025-06-22,IJL,0.5437761700155659,0.0,1,0,0.2956925230767976,3
4,2025-06-27,IVL,0.36428555008789276,1.0,0,0,0.4041328618270531,3
4,2025-06-27,IVL,0.5506292239182478,1.0,1,1,0.20193409439631632,3
4,2025-06-28,IJL,0.22074761284045355,0.0,0,1,0.04872950857475877,3
4,2025-06-28,IJL,0.6601842543934993,1.0,1,1,0.11547474096210203,3
4,2025-06-28,IJL,0.48619352358559537,1.0,0,0,0.2639970952053861,3
4,2025-06-28,IJL,0.5627420143563493,1.0,1,1,0.19119454600914304,3
4,2025-06-28,IVL,0.588688782791035,1.0,1,1,0.1691769174019204,3
4,2025-06-28,IVL,0.7156639350332294,1.0,1,1,0.08084699784078757,3
4,2025-06-28,IVL,0.5320870653275569,0.0,1,0,0.2831166450888918,3
4,2025-06-29,IVL,0.40202537724900306,0.0,0,1,0.16162440395220323,3
4,2025-06-29,IVL,0.6984866821730267,1.0,1,1,0.09091028082702943,3
4,2025-06-29,IVL,0.39144729037927484,1.0,0,0,0.37033640038672666,3
4,2025-06-29,IJL,0.7069431961010743,1.0,1,1,0.08588229031145342,3
4,2025-06-29,IJL,0.535006906536533,1.0,1,1,0.2162185769687245,3
5,2025-06-29,IJL,0.2907837461878502,1.0,0,0,0.5029876946713397,3
5,2025-06-29,IJL,0.6555420536003398,1.0,1,1,0.11865127683787119,3
5,2025-07-04,IVL,0.35946040316361844,1.0,0,0,0.4102909751153143,3
5,2025-07-04,IVL,0.48674863020698955,1.0,0,0,0.26342696859440157,3
5,2025-07-04,IVL,0.5068737218402103,1.0,1,1,0.2431735262117263,3
5,2025-07-05,IJL,0.5100849106447808,1.0,1,1,0.24001679477793242,3
5,2025-07-05,IJL,0.183006550479877,0.0,0,1,0.03349139751854376,3
5,2025-07-05,IJL,0.4198427528117116,0.0,0,1,0.17626793708851596,3
5,2025-07-05,IJL,0.5859139366400536,0.0,1,0,0.3432951411490448,3
5,2025-07-05,IVL,0.5944306099621699,1.0,1,1,0.16448653013565756,3
5,2025-07-05,IVL,0.3438804074774279,1.0,0,0,0.4304929196919861,3
5,2025-07-06,IVL,0.429348555305431,1.0,0,0,0.3256430713319987,3
5,2025-07-06,IVL,0.21413505290423596,0.0,0,1,0.04585382088229993,3
5,2025-07-06,IVL,0.20762870457853289,0.0,0,1,0.04310967896495968,3
5,2025-07-06,IJL,0.5906590689184295,1.0,1,1,0.16755999785872708,3
5,2025-07-06,IJL,0.41699411783517126,0.0,0,1,0.1738840943091327,3
5,2025-07-06,IJL,0.4753651463653261,0.0,0,1,0.2259720223789279,3
5,2025-07-06,IJL,0.20363354407756207,0.0,0,1,0.04146662027358841,3
5,2025-07-11,IVL,0.32271570298167995,0.0,0,1,0.10414542495095988,3
5,2025-07-11,IVL,0.48155334002335826,1.0,0,0,0.2687869392409356,3
5,2025-07-11,IVL,0.6272900634876963,1.0,1,1,0.13891269677500542,3
5,2025-07-12,IJL,0.36786266533599754,0.0,0,1,0.13532294054810412,3
5,2025-07-12,IJL,0.23631255344413127,0.0,0,1,0.0558436229152854,3
5,2025-07-12,IJL,0.2668474747229873,0.0,0,1,0.07120757476603536,3
5,2025-07-12,IJL,0.47881870983254016,0.0,0,1,0.2292673568856983,3
5,2025-07-12,IVL,0.4230571324166813,1.0,0,0,0.3328630724552628,3
5,2025-07-12,IVL,0.4505461070350252,0.0,0,1,0.20299179456441638,3
5,2025-07-12,IVL,0.19336656273378622,0.0,0,1,0.03739062758347928,3
5,2025-07-13,IJL,0.3963150569109697,0.0,0,1,0.15706562433434515,3
5,2025-07-13,IJL,0.19849115549853552,0.0,0,1,0.03939873881114381,3
5,2025-07-13,IJL,0.3990340361573334,0.0,0,1,0.15922816201201206,3
5,2025-07-13,IJL,0.7119261790544626,1.0,1,1,0.08298652631416152,3
5,2025-07-13,IVL,0.5004049175820335,0.0,1,0,0.2504050815402818,3
5,2025-07-13,IVL,0.4602340582351703,1.0,0,0,0.29134727188927356,3
5,2025-07-13,IVL,0.6509644559613355,1.0,1,1,0.12182581100236654,3
5,2025-07-18,IVL,0.42566700091841314,1.0,0,0,0.3298583938340501,3
5,2025-07-18,IVL,0.37489451541853286,0.0,0,1,0.14054589769089657,3
5,2025-07-18,IVL,0.5899256536617459,1.0,1,1,0.1681609695247464,3
5,2025-07-19,IVL,0.579592541959894,1.0,1,1,0.17674243077574353,3
5,2025-07-19,IVL,0.6281722400244878,1.0,1,1,0.1382558830884071,3
5,2025-07-19,IVL,0.4789241791323301,1.0,0,0,0.271520011092916,3
5,2025-07-20,IVL,0.8178916207029019,1.0,1,1,0.033163461810215754,3
5,2025-07-20,IVL,0.6412751202211707,1.0,1,1,0.1286835393723355,3
5,2025-07-20,IVL,0.6894684759597691,0.0,1,0,0.4753667793422867,3
5,2025-07-25,IVL,0.44973424045092797,1.0,0,0,0.3027924061321172,3
5,2025-07-25,IVL,0.24231624543941052,0.0,0,1,0.05871716280385264,3
5,2025-07-25,IVL,0.5614433930777321,0.0,1,0,0.31521868363063676,3
5,2025-07-25,IJL,0.44024454812643865,0.0,0,1,0.19381526215505215,5
5,2025-07-25,IJL,0.7580677088852468,1.0,1,1,0.058531233484033704,3
5,2025-07-25,IJL,0.4899150893552193,0.0,0,1,0.24001679477793253,3
5,2025-07-26,IVL,0.7556805688603289,1.0,1,1,0.059691984432412505,3
5,2025-07-26,IVL,0.8825598782949364,1.0,1,1,0.013792182186100144,3
5,2025-07-26,IVL,0.5555141715738527,0.0,1,0,0.3085959948193839,3
5,2025-07-26,IJL,0.5420965310771728,0.0,1,0,0.2938686490059042,3
5,2025-07-26,IJL,0.4753651463653261,1.0,0,0,0.2752417296482757,3
5,2025-07-26,IJL,0.732240827500222,1.0,1,1,0.07169497445776586,5
5,2025-07-27,IJL,0.4705998071071159,0.0,0,1,0.2214641784492547,5
5,2025-07-27,IVL,0.4871612361245526,0.0,0,1,0.23732606998240208,3
5,2025-07-27,IJL,0.5612375894030139,1.0,1,1,0.1925124529528782,5
5,2025-07-27,IVL,0.8360061827023746,0.0,1,0,0.6989063375165961,3
5,2025-07-27,IVL,0.5398659919839746,1.0,1,1,0.21172330533289177,3
5,2025-08-01,IVL,0.7011875908033498,1.0,1,1,0.08928885588990632,3
5,2025-08-01,IVL,0.4726467650675192,1.0,0,0,0.27810143439375223,3
5,2025-08-01,IVL,0.3734064199929469,1.0,0,0,0.39261951450605526,3
5,2025-08-02,IVL,0.787844054769606,1.0,1,1,0.04501014509660196,3
5,2025-08-02,IVL,0.6335586945307369,0.0,1,0,0.40139661941549154,3
5,2025-08-02,IVL,0.3378992283188428,0.0,0,1,0.11417588849846945,3
5,2025-08-03,IVL,0.5519090544370542,0.0,1,0,0.3046036043696032,3
5,2025-08-03,IVL,0.35214405844963775,1.0,0,0,0.4197173210021063,3
5,2025-08-03,IVL,0.31294491953020065,1.0,0,0,0.47204468359936247,3
5,2025-08-07,IVL,0.5086378919688082,0.0,1,0,0.2587125051464729,3
5,2025-08-07,IVL,0.3744836761744449,1.0,0,0,0.3912706713722367,3
5,2025-08-07,IVL,0.5186515827685472,1.0,1,1,0.2316962987712248,3
5,2025-08-08,IVL,0.3437195615344869,0.0,0,1,0.11814313698145994,3
5,2025-08-08,IVL,0.8052820475982664,1.0,1,1,0.037915080987523796,3
5,2025-08-08,IVL,0.8232289059761582,1.0,1,1,0.03124801968238593,3
5,2025-08-09,IVL,0.4176921983349814,1.0,0,0,0.33908237587994666,3
5,2025-08-09,IVL,0.4646043906394878,0.0,0,1,0.21585723980148974,3
5,2025-08-09,IVL,0.5554132716493853,0.0,1,0,0.3084839023242738,3
5,2025-08-10,IVL,0.4681431967224793,1.0,0,0,0.2828716591925834,5
5,2025-08-10,IVL,0.5031890477483651,0.0,1,0,0.2531992177739065,3
5,2025-08-21,IVL,0.401341121352036,0.0,0,1,0.16107469568810967,5
5,2025-08-21,IVL,0.6272900634876961,0.0,1,0,0.39349282375039785,3
5,2025-08-21,IVL,0.6265935800070532,0.0,1,0,0.3926195145060554,3
5,2025-08-22,IVL,0.5445928096225368,1.0,1,1,0.20739570904749505,5
5,2025-08-22,IVL,0.8065797946640131,0.0,1,0,0.6505709651602415,5
5,2025-08-23,IVL,0.7802008805638346,0.0,1,0,0.608713414032583,5
5,2025-08-23,IVL,0.422768202288381,1.0,0,0,0.3331965482893875,3
5,2025-08-24,IVL,0.3084617891363678,0.0,0,1,0.09514867535720903,3
5,2025-10-02,IVL,0.6042244575332649,1.0,1,1,0.15663828001483843,3
5,2025-10-02,IVL,0.2862977952032236,0.0,0,1,0.08196642753822697,3
5,2025-10-02,IVL,0.8002008128701401,1.0,1,1,0.03991971517775277,3
5,2025-10-03,IVL,0.7145961602947186,1.0,1,1,0.08145535171851795,3
5,2025-10-03,IVL,0.26537978167501997,0.0,0,1,0.07042642852188126,3
5,2025-10-03,IVL,0.5440854147516577,1.0,1,1,0.20785810904216795,3
5,2025-10-04,IVL,0.41776499122108773,1.0,0,0,0.3389976054477801,3
5,2025-10-04,IVL,0.5171751069838477,1.0,1,1,0.2331198773160589,3
5,2025-10-04,IVL,0.5069121632211707,1.0,1,1,0.24313561477922538,3
5,2025-10-05,IVL,0.8770745794599685,1.0,1,1,0.015110659014943606,3
5,2025-10-05,IVL,0.5515153622727653,0.0,1,0,0.3041691948228596,3
5,2025-10-05,IVL,0.46639562972088666,1.0,0,0,0.2847336239809691,3
5,2025-10-06,IVL,0.7334901497915094,1.0,1,1,0.0710275002581521,3
5,2025-10-06,IVL,0.7279881308116753,1.0,1,1,0.07399045697932624,3
5,2025-10-06,IVL,0.5809725676098432,1.0,1,1,0.17558398909548745,3
5,2025-10-10,IVL,0.4804204049093066,0.0,0,1,0.2308037654532221,3
5,2025-10-10,IVL,0.5683114144937692,1.0,1,1,0.18635503485637034,3
5,2025-10-11,IVL,0.568987337213924,1.0,1,1,0.18577191548194363,3
5,2025-10-11,IVL,0.5565925637408351,0.0,1,0,0.30979528201159556,3
5,2025-10-11,IVL,0.7473441065438443,1.0,1,1,0.06383500049812829,3
5,2025-10-12,IVL,0.615270665749815,0.0,1,0,0.37855799213222063,3
5,2025-10-12,IVL,0.4034220346139875,1.0,0,0,0.3559052687841143,3
5,2025-10-12,IVL,0.817974802889567,1.0,1,1,0.03313317238309198,3
5,2025-10-17,IVL,0.6649529804053937,1.0,1,1,0.11225650533922847,3
5,2025-10-17,IVL,0.5975991323883448,1.0,1,1,0.16192645825461283,3
5,2025-10-17,IVL,0.5137877291880737,1.0,1,1,0.23640237228808997,3
5,2025-10-18,IVL,0.39156722518825077,0.0,0,1,0.1533248918416263,3
5,2025-10-18,IVL,0.47428831050185644,1.0,0,0,0.2763727804749925,3
5,2025-10-18,IVL,0.24194853905600835,0.0,0,1,0.0585390955513368,3
5,2025-10-19,IVL,0.20954591109632487,0.0,0,1,0.043909488857188886,3
5,2025-10-19,IVL,0.7631073742178063,1.0,1,1,0.056118116149982473,3
5,2025-10-19,IVL,0.6487956226110072,1.0,1,1,0.12334451469719007,3
5,2025-10-24,IVL,0.4631090855249458,1.0,0,0,0.28825185404585996,3
5,2025-10-24,IVL,0.48617668711918327,0.0,0,1,0.23636777109818422,3
5,2025-10-24,IVL,0.18539524960261367,0.0,0,1,0.03437139857521542,3
5,2025-10-25,IVL,0.3051964881986108,1.0,0,0,0.4827519200115432,3
5,2025-10-25,IVL,0.7646789168737989,1.0,1,1,0.05537601216368847,3
5,2025-10-25,IVL,0.522862171805675,1.0,1,1,0.22766050709399724,3
5,2025-10-25,IJL,0.5818005712683718,0.0,1,0,0.3384919047282038,3
5,2025-10-25,IJL,0.8065273944483538,1.0,1,1,0.0374316490989429,3
5,2025-10-25,IJL,0.6543506018456104,0.0,1,0,0.4281747101357126,3
5,2025-10-25,IJL,0.3185023526235182,0.0,0,1,0.10144374862671594,3
5,2025-10-26,IJL,0.38120389899501833,0.0,0,1,0.14531641260900413,3
5,2025-10-26,IJL,0.3963150569109697,0.0,0,1,0.15706562433434515,3
5,2025-10-26,IJL,0.42296373686303934,0.0,0,1,0.1788983227011464,3
5,2025-10-26,IVL,0.4204074580401063,1.0,0,0,0.33592751469553117,3
5,2025-10-26,IVL,0.8198257709637216,1.0,1,1,0.03246275280881732,3
5,2025-10-26,IVL,0.5959653014555346,1.0,1,1,0.16324403762791703,3
5,2025-10-26,IJL,0.4008522011958515,1.0,0,0,0.3589780848118564,3
5,2025-10-31,IVL,0.48935908091547015,0.0,0,1,0.23947231007443365,3
5,2025-10-31,IVL,0.20957164380171514,0.0,0,1,0.04392027388575297,3
5,2025-10-31,IVL,0.5282237514026049,1.0,1,1,0.22257282874063114,3
5,2025-11-01,IVL,0.579592541959894,0.0,1,0,0.33592751469553145,3
5,2025-11-01,IVL,0.3630126593731118,0.0,0,1,0.13177819086513887,3
5,2025-11-01,IVL,0.5021781918920115,1.0,1,1,0.2478265526279069,3
5,2025-11-01,IJL,0.5865620444193989,1.0,1,1,0.17093094311466714,3
5,2025-11-01,IJL,0.790692348098542,1.0,1,1,0.04380969314450189,3
5,2025-11-01,IJL,0.2905017401660289,0.0,0,1,0.08439126103949098,3
5,2025-11-01,IJL,0.5557306675666454,1.0,1,1,0.19737523974077859,3
5,2025-11-02,IJL,0.2085726728958353,0.0,0,1,0.04350255987891311,3
5,2025-11-02,IJL,0.6462543701253547,1.0,1,1,0.12513597065540955,3
5,2025-11-02,IJL,0.6413839796303178,0.0,1,0,0.4113734093264239,3
5,2025-11-02,IJL,0.20312457400363518,1.0,0,0,0.6350104445568879,3
5,2025-11-02,IVL,0.3493270690725427,0.0,0,1,0.122029401186813,3
5,2025-11-02,IVL,0.42683494689027435,1.0,0,0,0.32851817810627465,3
5,2025-11-02,IVL,0.5337158679972207,0.0,1,0,0.28485262775202674,3
5,2025-11-07,IVL,0.45399815303668456,1.0,0,0,0.29811801688735173,3
5,2025-11-07,IVL,0.40751101908714227,0.0,0,1,0.16606523067744122,3
5,2025-11-07,IVL,0.6226369887502723,0.0,1,0,0.38767681976000673,3
5,2025-11-08,IVL,0.30704055637301003,0.0,0,1,0.09427390325784755,3
5,2025-11-08,IVL,0.39577554246673485,0.0,0,1,0.15663828001483823,3
5,2025-11-08,IVL,0.4075037174718682,0.0,0,1,0.16605927975339219,3
5,2025-11-08,IJL,0.4112365282065372,1.0,0,0,0.3466424257182916,3
5,2025-11-08,IJL,0.54222756612008,0.0,1,0,0.29401073346050577,3
5,2025-11-08,IJL,0.4171362605597333,1.0,0,0,0.3397301387542911,3
5,2025-11-08,IJL,0.7143741180540559,1.0,1,1,0.08158214443739838,3
5,2025-11-09,IJL,0.7745634624483451,1.0,1,1,0.050821632463278726,3
5,2025-11-09,IJL,0.2205143308184423,0.0,0,1,0.04862657009630541,3
5,2025-11-09,IJL,0.4065399743259267,0.0,0,1,0.16527475072492515,3
5,2025-11-09,IVL,0.5336043702791134,0.0,1,0,0.2847336239809692,3
5,2025-11-09,IVL,0.32717636516593807,0.0,0,1,0.10704437392319525,3
5,2025-11-09,IJL,0.7919028673260731,1.0,1,1,0.043304416627109946,3
5,2025-11-09,IVL,0.7580514609439915,1.0,1,1,0.05853909555133689,3
5,2025-11-14,IVL,0.5142698337257043,1.0,1,1,0.2359337944288549,3
5,2025-11-14,IVL,0.20609878480717436,0.0,0,1,0.04247670909899397,3
5,2025-11-14,IVL,0.37880651576351343,0.0,0,1,0.14349437638489296,3
5,2025-11-15,IVL,0.17239238648762872,0.0,0,1,0.029719134918899954,3
5,2025-11-15,IVL,0.23689262578219358,0.0,0,1,0.05611811614998241,3
5,2025-11-15,IVL,0.51064091908453,0.0,1,0,0.2607541482434935,3
5,2025-11-15,IJL,0.4961012917320202,1.0,0,0,0.2539139081941386,3
5,2025-11-15,IJL,0.7608880666241808,1.0,1,1,0.05717451668272218,3
5,2025-11-15,IJL,0.2298044095101675,0.0,0,1,0.05281006663031677,3
5,2025-11-15,IJL,0.2967314356774501,0.0,0,1,0.0880495449192007,3
5,2025-11-16,IJL,0.2664673955038328,1.0,0,0,0.5380700818589305,3
5,2025-11-16,IJL,0.6303199489408955,1.0,1,1,0.13666334015106213,3
5,2025-11-16,IJL,0.5038987082679798,0.0,1,0,0.2539139081941386,3
5,2025-11-16,IJL,0.7701955904898328,1.0,1,1,0.052810066630316635,3
5,2025-11-16,IVL,0.6948035118013892,1.0,1,1,0.09314489640876478,3
5,2025-11-16,IVL,0.44328277762548185,1.0,0,0,0.3099340656883987,3
5,2025-11-16,IVL,0.6084327748117492,1.0,1,1,0.15332489184162634,3
5,2025-11-21,IVL,0.12405514806253154,0.0,0,1,0.015389679760816623,3
5,2025-11-21,IVL,0.6018246700875831,0.0,1,0,0.36219293352602827,3
5,2025-11-21,IVL,0.6095971202090928,0.0,1,0,0.3716086489672192,3
5,2025-11-22,IVL,0.38472933425018435,1.0,0,0,0.37855799213222147,3
5,2025-11-22,IVL,0.6320155171706635,1.0,1,1,0.13541257960317424,3
5,2025-11-22,IVL,0.35833420380417336,0.0,0,1,0.12840340161597086,3
5,2025-11-22,IJL,0.8585075848719537,0.0,1,0,0.7370352732826747,3
5,2025-11-22,IJL,0.29250047011534275,1.0,0,0,0.500555584787011,3
5,2025-11-22,IJL,0.32751590685277765,1.0,0,0,0.45223485553604204,3
5,2025-11-22,IJL,0.8069691401986974,0.0,1,0,0.6511991932330249,3
5,2025-11-23,IJL,0.6225472868154645,0.0,1,0,0.38756512432129614,3
5,2025-11-23,IJL,0.6362415807276547,1.0,1,1,0.13232018759151537,3
5,2025-11-23,IJL,0.5341850516767087,1.0,1,1,0.21698356608143055,3
5,2025-11-23,IVL,0.5619581735576111,0.0,1,0,0.31579698882820617,3
5,2025-11-23,IVL,0.6777763827723209,1.0,1,1,0.10382805949928986,3
5,2025-11-23,IVL,0.8241360163185125,1.0,1,1,0.030928140756322494,3
5,2025-11-23,IJL,0.6259108620272329,1.0,1,1,0.139942683149208,3
5,2025-11-27,IVL,0.23036341144686528,0.0,0,1,0.05306730133343775,3
5,2025-11-27,IVL,0.2628976018706544,0.0,0,1,0.06911514906934112,3
5,2025-11-27,IVL,0.514410663724522,1.0,1,1,0.2357970035044592,3
5,2025-11-28,IVL,0.5326409641465578,1.0,1,1,0.21842446839385907,3
5,2025-11-28,IVL,0.6816556201323389,0.0,1,0,0.46465438445800356,3
5,2025-11-28,IVL,0.1801742290362788,1.0,0,0,0.6721142947362599,3
5,2025-11-29,IJL,0.20930765190145795,0.0,0,1,0.04380969314450189,3
5,2025-11-29,IJL,0.391240676857736,1.0,0,0,0.3705879135126274,3
5,2025-11-29,IJL,0.38956529235449067,1.0,0,0,0.37263053229825843,3
5,2025-11-29,IJL,0.6628944900311274,0.0,1,0,0.4394291049136285,3
5,2025-11-29,IVL,0.289231315409776,0.0,0,1,0.08365475381366931,3
5,2025-11-29,IVL,0.44477744678770886,1.0,0,0,0.3082720835955755,3
5,2025-11-29,IVL,0.3610796845760318,1.0,0,0,0.408219169461463,3
5,2025-11-30,IVL,0.24806477647349764,0.0,0,1,0.06153613332684635,3
5,2025-11-30,IVL,0.4063844386246831,1.0,0,0,0.3523794347069326,3
5,2025-11-30,IJL,0.681497647376482,1.0,1,1,0.1014437486267158,3
5,2025-11-30,IJL,0.18488342788203438,0.0,0,1,0.03418188190541141,3
5,2025-11-30,IJL,0.4899150893552193,1.0,0,0,0.2601866160674939,3
5,2025-12-06,IJL,0.2135043377814479,1.0,0,0,0.6185754266885989,3
5,2025-12-06,IJL,0.7207661373384053,0.0,1,0,0.519503824733725,3
5,2025-12-06,IJL,0.2907837461878502,1.0,0,0,0.5029876946713397,3
5,2025-12-06,IJL,0.7372557683731356,1.0,1,1,0.0690345312531914,3
5,2025-12-07,IJL,0.2856258819459442,0.0,0,1,0.08158214443739845,3
5,2025-12-07,IJL,0.7185127715323634,1.0,1,1,0.07923505979039146,3
5,2025-12-07,IJL,0.4723045248306257,0.0,0,1,0.2230715641754831,3
5,2025-12-07,IJL,0.43196384249607966,0.0,0,1,0.18659276122397792,3
5,2025-12-11,IVL,0.5096733943387053,0.0,1,0,0.2597669688967374,5
5,2025-12-12,IVL,0.6052129604255001,0.0,1,0,0.36628272746699797,5
5,2025-12-19,IJL,0.38979425434942133,0.0,0,1,0.15193956072382137,5
5,2025-12-19,IJL,0.790692348098542,1.0,1,1,0.04380969314450189,3
5,2025-12-19,IJL,0.3079982929591886,0.0,0,1,0.09486294846577419,5
5,2025-12-20,IJL,0.22334866437965956,0.0,0,1,0.04988462588017781,3
5,2025-12-20,IJL,0.5635117967480823,1.0,1,1,0.19052195157808743,5
5,2025-12-21,IJL,0.45215408238418,0.0,0,1,0.20444331421667983,5
5,2025-12-21,IJL,0.5100849106447808,1.0,1,1,0.24001679477793242,3
5,2025-12-31,IVL,0.49505239371319976,1.0,0,0,0.25497208509476943,5
5,2025-12-31,IVL,0.8682681217706373,1.0,1,1,0.017353287741835647,5
5,2025-12-31,IVL,0.6502239395140352,1.0,1,1,0.12234329248908128,3
5,2026-01-01,IVL,0.5294830262633533,1.0,1,1,0.22138622257429227,5
5,2026-01-01,IVL,0.4088349166132709,1.0,0,0,0.3494761558156383,5
5,2026-01-02,IVL,0.59799321933936,1.0,1,1,0.16160945169713192,3
5,2026-01-02,IVL,0.7149486659066622,1.0,1,1,0.0812542630683917,3
5,2026-01-03,IVL,0.42683494689027435,1.0,0,0,0.32851817810627465,3
5,2026-02-27,COA,0.8510038785888578,1.0,1,1,0.022199844195563815,3
5,2026-02-27,COA,0.4397802182139243,1.0,0,0,0.31384620390443824,3
5,2026-02-27,COA,0.28160457527654836,0.0,0,1,0.0793011368166852,3
5,2026-02-28,COA,0.5805317698321136,1.0,1,1,0.17595359612017888,3
5,2026-02-28,COA,0.47039569417229304,0.0,0,1,0.22127210909583345,3
5,2026-02-28,COA,0.4972238598453861,0.0,0,1,0.24723156679954414,3
5,2026-02-28,COA,0.5102157455126535,0.0,1,0,0.2603201069690328,3
5,2026-02-28,COA,0.5044962653993466,1.0,1,1,0.2455239510031948,3
5,2026-02-28,COA,0.5625656975549987,0.0,1,0,0.3164801640655423,3
5,2026-02-28,COA,0.407422190399801,1.0,0,0,0.3511484604305697,3
5,2026-02-28,COA,0.5083702713572258,0.0,1,0,0.25844033279981937,3
5,2026-02-28,COA,0.49945645185701304,1.0,0,0,0.2505438435875707,3
5,2026-03-01,COA,0.4415509173314629,1.0,0,0,0.3118653779333306,3
5,2026-03-01,COA,0.5177375583360314,1.0,1,1,0.23257706263969272,3
5,2026-03-01,COA,0.5756790603054239,1.0,1,1,0.18004825986328807,3
5,2026-03-01,COA,0.5484068087171476,1.0,1,1,0.20393641041303087,3
5,2026-03-01,COA,0.5050640692979079,1.0,1,1,0.2449615754999461,3
5,2026-03-01,COA,0.5415664300354506,1.0,1,1,0.21016133807044143,3
5,2026-03-01,COA,0.5017863409265468,0.0,1,0,0.25178953194045267,3
5,2026-03-01,COA,0.3983914004723452,1.0,0,0,0.3619329070256261,3
5,2026-03-01,COA,0.548579666634015,0.0,1,0,0.30093965064428707,3
5,2026-03-01,COA,0.525373173610956,1.0,1,1,0.2252706243281357,3
5,2026-03-01,COA,0.45614215748443515,0.0,0,1,0.20806566783455524,3
5,2026-03-01,COA,0.4897842544873464,1.0,0,0,0.2603201069690329,3
5,2026-03-02,COA,0.43087951233402844,0.0,0,1,0.18565715414921016,3
5,2026-03-02,COA,0.5461135399588715,0.0,1,0,0.2982399985264099,3
5,2026-03-02,COA,0.6194949829942116,1.0,1,1,0.14478406796657534,3
5,2026-03-05,COA,0.4387091396931796,0.0,0,1,0.19246570925032977,3
5,2026-03-05,COA,0.5116755705845906,0.0,1,0,0.26181188953306633,3
5,2026-03-05,COA,0.7712428762330763,1.0,1,1,0.052329821674115644,3
5,2026-03-05,COA,0.5204639477280664,1.0,1,1,0.22995482542855067,3
5,2026-03-06,COA,0.1613462654007483,0.0,0,1,0.026032617358768714,3
5,2026-03-06,COA,0.524479223051795,0.0,1,0,0.27507845541301446,3
5,2026-03-06,COA,0.3993093973677897,1.0,0,0,0.360829200090648,3
5,2026-03-06,COA,0.3774347300961036,1.0,0,0,0.38758751529051133,3
5,2026-03-06,COA,0.30977066390889096,0.0,0,1,0.09595786421855508,3
5,2026-03-06,COA,0.7711801824272361,1.0,1,1,0.052358508914032965,3
5,2026-03-07,COA,0.5120322204532746,1.0,1,1,0.23811255387576163,3
5,2026-03-07,COA,0.3972276501427141,0.0,0,1,0.1577898060379025,3
5,2026-03-07,COA,0.46465433862765415,0.0,0,1,0.2159036544055027,3
5,2026-03-07,COA,0.48878846396394326,1.0,0,0,0.26133723457634456,3
5,2026-03-07,COA,0.522006161121592,0.0,1,0,0.2724904322489015,3
5,2026-03-07,COA,0.5335896805605423,1.0,1,1,0.21753858607961693,3
5,2026-03-07,COA,0.4614957169181979,0.0,0,1,0.21297829673384147,3
5,2026-03-07,COA,0.47996080810038866,1.0,0,0,0.2704407611116008,3
5,2026-03-07,COA,0.3186518788992945,0.0,0,1,0.10153901992605066,3
5,2026-03-07,COA,0.47580656588424886,0.0,0,1,0.22639188813856204,3
5,2026-03-08,COA,0.5000465408265646,0.0,1,0,0.2500465429926132,3
5,2026-03-08,COA,0.4058251982083626,1.0,0,0,0.3530436950841316,3
5,2026-03-08,COA,0.6242155013631807,0.0,1,0,0.3896449921420871,3
5,2026-03-08,COA,0.5171627992413739,1.0,1,1,0.23313176243642583,3
5,2026-03-08,COA,0.2167950717369096,0.0,0,1,0.047000103129411774,3
5,2026-03-08,COA,0.7365908269544286,0.0,1,0,0.5425660463534089,3
5,2026-03-08,COA,0.6715054118564072,1.0,1,1,0.10790869443962865,3
5,2026-03-08,COA,0.33064771577850705,0.0,0,1,0.10932791194954437,3
5,2026-03-08,COA,0.3412726874688986,0.0,0,1,0.11646704721224455,3
5,2026-03-08,COA,0.1501242396544359,0.0,0,1,0.0225372873318225,3
5,2026-03-13,COA,0.45583056089472007,1.0,0,0,0.29612037845615496,3
5,2026-03-13,COA,0.4790065576301739,1.0,0,0,0.27143416699236134,3
5,2026-03-13,COA,0.5200394951433971,1.0,1,1,0.23036208622220514,5
5,2026-03-13,COA,0.35499577877203503,0.0,0,1,0.12602200294596363,3
5,2026-03-13,COA,0.5610758181782785,1.0,1,1,0.19265443738786767,3
5,2026-03-14,COA,0.6533288842912423,0.0,1,0,0.4268386310492394,3
5,2026-03-14,COA,0.47556717554166383,1.0,0,0,0.275029787369348,3
5,2026-03-14,COA,0.6709706496456389,0.0,1,0,0.4502016126858907,3
5,2026-03-14,COA,0.29226063290384674,0.0,0,1,0.08541627754535706,3
5,2026-03-14,COA,0.44857120127441263,1.0,0,0,0.30407372006394434,5
5,2026-03-15,COA,0.6896950633586393,1.0,1,1,0.09628915370399889,3
5,2026-03-15,COA,0.7392639758758274,1.0,1,1,0.06798327427608113,5
5,2026-03-15,COA,0.4613677399974624,0.0,0,1,0.21286019151036606,3
5,2026-03-15,COA,0.47468510228612754,1.0,0,0,0.2759557417601362,3
5,2026-03-15,COA,0.36043145278781885,0.0,0,1,0.1299108321587377,3
5,2026-03-15,COA,0.4657927205342843,0.0,0,1,0.21696285850272987,3
5,2026-03-21,COA,0.5943682596054675,1.0,1,1,0.16453710881549743,3
5,2026-03-21,COA,0.6507280702720426,1.0,1,1,0.1219908808958912,3
5,2026-03-21,COA,0.4321705985113229,0.0,0,1,0.18677142621763504,3
5,2026-03-21,COA,0.3669166681979762,1.0,0,0,0.40079450500555136,3
5,2026-03-22,COA,0.3404005607611069,0.0,0,1,0.11587254176647604,3
5,2026-03-22,COA,0.5592631274150841,0.0,1,0,0.3127752456861006,3
5,2026-03-22,COA,0.45583056089472007,0.0,0,1,0.2077815002455951,3
5,2026-04-10,COA,0.3870543685940906,0.0,0,1,0.14981108424777015,3
5,2026-04-10,COA,0.17119661440351425,0.0,0,1,0.029308280783225543,3
5,2026-04-10,COA,0.4513749483985966,0.0,0,1,0.20373934404183575,3
5,2026-04-10,COA,0.3172916786133116,0.0,0,1,0.10067400931725301,3
5,2026-04-11,COA,0.8027960515565609,1.0,1,1,0.0388893972816826,3
5,2026-04-11,COA,0.39179945873586497,1.0,0,0,0.3699078983939868,3
5,2026-04-11,COA,0.8182678450915561,1.0,1,1,0.033026576127666636,3
5,2026-04-11,COA,0.7001805055715259,1.0,1,1,0.08989172923934581,3
5,2026-04-12,COA,0.4475047614873503,1.0,0,0,0.3052509885791497,3
5,2026-04-12,COA,0.31070639819754414,0.0,0,1,0.09653846588089086,3
5,2026-04-12,COA,0.5751978812785872,1.0,1,1,0.18045684007020132,3
5,2026-04-13,COA,0.42237980597330416,0.0,0,1,0.17840470049404605,3
5,2026-04-13,COA,0.17380372738318842,0.0,0,1,0.03020773565228968,3
5,2026-04-13,COA,0.5942245839023285,1.0,1,1,0.16465368830923846,3
5,2026-04-13,COA,0.6173786650651514,0.0,1,0,0.38115641607762835,3
5,2026-04-14,COA,0.4515077838637035,0.0,0,1,0.2038592788895128,3
5,2026-04-14,COA,0.2507174968497121,0.0,0,1,0.0628592632265854,3
5,2026-04-14,COA,0.7770640540642931,0.0,1,0,0.6038285441188347,3
5,2026-04-14,COA,0.6652955071992381,1.0,1,1,0.11202709750101525,3
5,2026-04-15,COA,0.4958007919354741,0.0,0,1,0.2458184252838433,3
5,2026-04-15,COA,0.6410180812715591,1.0,1,1,0.12886801797395292,3
5,2026-04-15,COA,0.7808170516556352,1.0,1,1,0.04804116484492849,3
5,2026-04-16,COA,0.4175996199622485,1.0,0,0,0.3391902026681174,3
5,2026-04-16,COA,0.22420950239221754,0.0,0,1,0.050269900962965804,3
5,2026-04-16,COA,0.399794207098452,1.0,0,0,0.360246993832576,3
5,2026-04-16,COA,0.6370851948262531,0.0,1,0,0.40587754546680493,3
5,2026-04-17,COA,0.44628977263283554,0.0,0,1,0.19917456115666804,3
5,2026-04-17,COA,0.736993843102244,1.0,1,1,0.06917223856612703,3
5,2026-04-17,COA,0.27539929787539824,1.0,0,0,0.5250461775194658,3
5,2026-04-17,COA,0.8056238669014608,1.0,1,1,0.03778208111834102,3
5,2026-04-18,COA,0.3115926223415183,1.0,0,0,0.47390471761462744,3
5,2026-04-18,COA,0.5710613062129639,1.0,1,1,0.1839884030277287,3
5,2026-04-18,COA,0.34330386872353535,0.0,0,1,0.1178575462805464,3
5,2026-04-18,COA,0.6869193852944313,1.0,1,1,0.09801947130441675,3
5,2026-04-19,COA,0.6294065956707089,0.0,1,0,0.39615266267379123,3
5,2026-04-19,COA,0.7806282186339825,1.0,1,1,0.0481239784596998,3
5,2026-04-19,COA,0.6957615326933335,1.0,1,1,0.09256104498910957,3
5,2026-05-01,COA,0.5869677655276732,0.0,1,0,0.3445311577685495,3
5,2026-05-01,COA,0.406477400767644,1.0,0,0,0.3522690757995319,3
5,2026-05-01,COA,0.6396389924162635,1.0,1,1,0.12986005578676577,3
5,2026-05-01,COA,0.5997701579520538,1.0,1,1,0.16018392646572396,3
5,2026-05-02,COA,0.24066087633209998,0.0,0,1,0.05791765739693432,5
5,2026-05-02,COA,0.4613677399974624,0.0,0,1,0.21286019151036606,3
5,2026-05-03,COA,0.6733871322754514,1.0,1,1,0.10667596536325345,3
5,2026-05-03,COA,0.6583513742178833,1.0,1,1,0.11672378349880884,5
5,2026-05-04,COA,0.5440750154822951,1.0,1,1,0.20786759150746947,3
5,2026-05-04,COA,0.5216158032337428,0.0,1,0,0.2720830461831827,5
5,2026-05-05,COA,0.7940896483336288,1.0,1,1,0.04239907292336865,5
5,2026-05-05,COA,0.6948035118013892,1.0,1,1,0.09314489640876478,3
