fold,date,tier,p_home,actual_home,predicted_home,correct,brier,format
1,2021-07-24,IVL,0.6059868141345675,1.0,1,1,0.1552463906358279,3
1,2021-07-24,IVL,0.5831756244605291,1.0,1,1,0.1737425600438699,3
1,2021-07-25,IVL,0.44985211146548326,1.0,0,0,0.3026626992589871,3
1,2021-07-25,IVL,0.6306999912495841,1.0,1,1,0.13638249646305728,3
1,2021-07-25,IVL,0.8636451193538058,1.0,1,1,0.018592653476037856,3
1,2021-07-30,IVL,0.2367143097289029,0.0,0,1,0.05603366443043097,3
1,2021-07-30,IVL,0.8137331875487137,1.0,1,1,0.03469532542076266,3
1,2021-07-30,IVL,0.7015993038659394,0.0,1,0,0.49224158318517075,3
1,2021-07-31,IVL,0.3933309212331213,1.0,0,0,0.36804737113185326,3
1,2021-07-31,IVL,0.5247115400301348,0.0,1,0,0.27532220024079573,3
1,2021-07-31,IVL,0.28392475338440903,1.0,0,0,0.5127637588155795,3
1,2021-08-01,IVL,0.4397232269077161,1.0,0,0,0.31391006246670267,3
1,2021-08-01,IVL,0.8228124881915635,1.0,1,1,0.031395414340864826,3
1,2021-08-01,IVL,0.21193937449912043,0.0,0,1,0.04491829846307842,3
1,2021-08-06,IVL,0.5857547788788291,1.0,1,1,0.17159910322172778,3
1,2021-08-06,IVL,0.40321626762863433,0.0,0,1,0.16258335848036645,3
1,2021-08-06,IVL,0.7728761226882341,1.0,1,1,0.05158525564513007,3
1,2021-08-07,IVL,0.5034126567163699,1.0,1,1,0.24659898950949385,3
1,2021-08-07,IVL,0.24373898749453166,1.0,0,0,0.5719307190357961,3
1,2021-08-07,IVC,0.5140705602489269,1.0,1,1,0.23612742041679174,3
1,2021-08-07,IVC,0.5247540764679798,1.0,1,1,0.2258586878338028,3
1,2021-08-07,IVC,0.5154608181258618,1.0,1,1,0.23477821877125923,3
1,2021-08-07,IVC,0.542259168550473,1.0,1,1,0.20952666877610432,3
1,2021-08-08,IVC,0.49500198666546014,1.0,0,0,0.2550229934718321,3
1,2021-08-08,IVC,0.4793141703337993,1.0,0,0,0.2711137332151798,3
1,2021-08-08,IVC,0.5100758726131186,0.0,1,0,0.26017739582203436,3
1,2021-08-08,IVL,0.34723582069191644,0.0,0,1,0.12057271517158874,3
1,2021-08-08,IVL,0.5717092365029104,0.0,1,0,0.3268514511027407,3
1,2021-08-08,IVL,0.26561236794028287,0.0,0,1,0.07054993000284421,3
1,2021-08-13,IVL,0.7730839131060923,1.0,1,1,0.05149091049124349,3
1,2021-08-13,IVL,0.3982354301277516,0.0,0,1,0.15859145780903533,3
1,2021-08-13,IVL,0.6361243635232471,1.0,1,1,0.13240547882136203,3
1,2021-08-14,IVC,0.5,0.0,0,1,0.25,3
1,2021-08-14,IVC,0.5,1.0,0,0,0.25,3
1,2021-08-14,IVL,0.3563915560246196,0.0,0,1,0.12701494120564955,3
1,2021-08-14,IVL,0.8457584849667255,1.0,1,1,0.02379044495975986,3
1,2021-08-14,IVL,0.5014618673921277,1.0,1,1,0.24854026966414444,3
1,2021-08-15,IVL,0.22761396463729955,0.0,0,1,0.05180811689790985,3
1,2021-08-15,IVL,0.4115928295515061,0.0,0,1,0.16940865733821517,3
1,2021-08-15,IVL,0.3975222786862969,0.0,0,1,0.1580239620519459,3
1,2021-08-15,IVC,0.500546273977207,0.0,1,0,0.25054657239246514,3
1,2021-08-15,IVC,0.5,1.0,0,0,0.25,3
1,2021-08-15,IVC,0.5044519377508545,1.0,1,1,0.24556788199888296,3
1,2021-08-20,IVC,0.4748697309200196,0.0,0,1,0.22550126134405182,3
1,2021-08-20,IVC,0.484117701773205,0.0,0,1,0.23436994917016987,3
1,2021-08-21,IVC,0.5506217369789577,1.0,1,1,0.20194082327580912,3
1,2021-08-21,IVC,0.5189565752935201,1.0,1,1,0.23140277645333876,3
1,2021-08-22,IVC,0.484539181874138,1.0,0,0,0.26569985502298293,3
1,2021-08-22,IVC,0.5150934637338083,1.0,1,1,0.23513434891367552,3
1,2021-08-27,IVC,0.451893154084096,1.0,0,0,0.3004211145398805,3
1,2021-08-27,IVL,0.377863218294086,0.0,0,1,0.14278061173956408,3
1,2021-08-27,IVL,0.605038881056045,1.0,1,1,0.155994285477461,3
1,2021-08-27,IVL,0.6833156193150819,1.0,1,1,0.10028899696979013,5
1,2021-08-27,IVC,0.4192751076316483,0.0,0,1,0.1757916158795303,3
1,2021-08-28,IVC,0.5044519377508545,1.0,1,1,0.24556788199888296,3
1,2021-08-28,IVC,0.5220320390575175,0.0,1,0,0.2725174498025495,3
1,2021-08-28,IVL,0.4960335099320247,1.0,0,0,0.2539822231114346,5
1,2021-08-28,IVL,0.43650326768180214,1.0,0,0,0.3175285673332867,3
1,2021-08-28,IVL,0.5104392012090812,1.0,1,1,0.23966977571280254,5
1,2021-08-29,IVL,0.36966936999413946,1.0,0,0,0.3973167031235851,3
1,2021-08-29,IVL,0.366841630094076,1.0,0,0,0.4008895213819269,5
1,2021-08-29,IVC,0.4899241273868814,0.0,0,1,0.2400256505957972,3
1,2021-08-29,IVC,0.5200170000180065,1.0,1,1,0.23038368027171433,3
1,2021-09-03,IVC,0.5,1.0,0,0,0.25,3
1,2021-09-03,IVC,0.5218824618913271,1.0,1,1,0.22859638024709825,3
1,2021-09-03,IVC,0.49093562583721606,0.0,0,1,0.24101778871617902,3
1,2021-09-03,IVC,0.5287460140612328,1.0,1,1,0.2220803192631758,3
1,2021-09-04,IVC,0.4816991213922543,1.0,0,0,0.2686358007655611,3
1,2021-09-04,IVC,0.48819822257007145,0.0,0,1,0.23833750452057703,3
1,2021-09-05,IVC,0.5044519377508545,1.0,1,1,0.24556788199888296,3
1,2021-09-05,IVC,0.5387969237110422,1.0,1,1,0.21270827757839827,3
1,2021-09-05,IVC,0.4968499216976434,0.0,0,1,0.2468598446909544,3
1,2021-09-11,IVC,0.5242984663389025,1.0,1,1,0.22629194912752024,3
1,2021-09-11,IVT,0.44814744966398273,1.0,0,0,0.30454123731236643,3
1,2021-09-11,IVT,0.5,1.0,0,0,0.25,3
1,2021-09-11,IVT,0.3459997013262529,0.0,0,1,0.11971579331785621,3
1,2021-09-11,IVT,0.41396036596112573,0.0,0,1,0.17136318458666913,3
1,2021-09-12,IVT,0.5,1.0,0,0,0.25,3
1,2021-09-12,IVT,0.5182090448181003,0.0,1,0,0.2685406141312878,3
1,2021-09-12,IVC,0.4748022934700111,0.0,0,1,0.22543721788438256,3
1,2021-09-12,IVC,0.501858993754143,0.0,1,0,0.25186244961192095,3
1,2021-09-12,IVT,0.45241094700090795,0.0,0,1,0.20467566496625833,3
1,2021-09-24,IVS,0.2643999969462195,0.0,0,1,0.06990735838516089,3
1,2021-09-24,IVS,0.2198586408173342,0.0,0,1,0.04833782194204557,3
1,2021-09-25,IVS,0.6048103457915992,0.0,1,0,0.3657955543765538,3
1,2021-09-25,IVS,0.6056856784235792,1.0,1,1,0.15548378420027298,3
1,2021-09-25,IVS,0.3628482742519208,0.0,0,1,0.1316588701275971,3
1,2021-09-26,IVS,0.490093800090962,1.0,0,0,0.2600043327056758,3
1,2021-09-26,IVS,0.45827394929074716,0.0,0,1,0.2100150125985383,3
1,2021-09-26,IVS,0.6951479971809474,1.0,1,1,0.09293474362278763,3
1,2021-10-01,IVS,0.7127929106706101,1.0,1,1,0.08248791216106013,3
1,2021-10-01,IVS,0.6292842945994245,1.0,1,1,0.1374301342306463,3
1,2021-10-02,IVS,0.4480293086875728,1.0,0,0,0.30467164406791875,3
1,2021-10-02,IVS,0.6040664240293504,0.0,1,0,0.36489624463960696,3
1,2021-10-03,IVS,0.6301532972365755,1.0,1,1,0.13678658354497683,5
1,2021-10-03,IVS,0.44837862321223143,1.0,0,0,0.3042861433292333,3
1,2021-10-15,IVL,0.31391634875706437,1.0,0,0,0.47071077650283805,3
1,2021-10-15,IVL,0.6236997119611143,0.0,1,0,0.38900133070037696,3
1,2021-10-15,IVL,0.6005796580355702,0.0,1,0,0.36069592564612246,3
1,2021-10-16,IVL,0.31911282348125136,0.0,0,1,0.1018329941101763,3
1,2021-10-16,IVL,0.4082452564142086,1.0,0,0,0.35017367655628573,3
1,2021-10-17,IVL,0.3939919590903555,0.0,0,1,0.15522966382785636,3
1,2021-10-17,IVL,0.5667284881401606,1.0,1,1,0.18772420298931092,3
1,2021-10-17,IVL,0.5098552180338831,0.0,1,0,0.2599523433563785,3
1,2021-10-22,IVL,0.613871450330259,1.0,1,1,0.14909525687005762,3
1,2021-10-22,IVL,0.33031910158985744,1.0,0,0,0.4484725056954157,3
1,2021-10-22,IVL,0.15302942922712362,0.0,0,1,0.023418006209579238,3
1,2021-10-23,IVL,0.7357918403337396,1.0,1,1,0.06980595163423217,3
1,2021-10-23,IVL,0.45397864303059576,1.0,0,0,0.2981393222667096,3
1,2021-10-23,IVL,0.37953208414721884,1.0,0,0,0.38498043460269393,3
1,2021-10-24,IVL,0.26242192559352323,1.0,0,0,0.5440214158451663,3
1,2021-10-24,IVL,0.618798883946039,1.0,1,1,0.14531429088078546,3
1,2021-10-24,IVL,0.6438113598443428,0.0,1,0,0.41449306706462186,3
1,2021-10-29,IVL,0.20384927042727174,0.0,0,1,0.041554525053730966,3
1,2021-10-29,IVL,0.488694722802907,1.0,0,0,0.26143308648959607,3
1,2021-10-29,IVL,0.30626419331440685,0.0,0,1,0.09379775610652437,3
1,2021-10-29,IVC,0.4234768270905439,0.0,0,1,0.17933262308267442,3
1,2021-10-29,IVC,0.5843181949229324,0.0,1,0,0.341427752917994,3
1,2021-10-30,IVC,0.49441791807098506,0.0,0,1,0.2444490777096473,3
1,2021-10-30,IVC,0.37938059417753567,0.0,0,1,0.1439296352385,3
1,2021-10-30,IVL,0.505958172152005,0.0,1,0,0.2559936719673979,3
1,2021-10-30,IVL,0.4789779660780726,1.0,0,0,0.27146395983214205,3
1,2021-10-30,IVL,0.6593623212157577,1.0,1,1,0.11603402820751667,3
1,2021-10-31,IVL,0.6616002351537223,1.0,1,1,0.11451440084801601,3
1,2021-10-31,IVL,0.6055877346546878,1.0,1,1,0.1555610350548209,3
1,2021-11-01,IVC,0.5464840557058313,1.0,1,1,0.20567671172903157,3
1,2021-11-01,IVC,0.7813528030071469,1.0,1,1,0.04780659675283149,3
1,2021-11-05,IVC,0.6018194070043471,0.0,1,0,0.362186598647064,3
1,2021-11-05,IVL,0.6402750495520939,1.0,1,1,0.1294020399747485,3
1,2021-11-05,IVC,0.6695127640526664,1.0,1,1,0.10922181312410859,3
1,2021-11-05,IVL,0.30462809278622927,0.0,0,1,0.09279827491457551,3
1,2021-11-05,IVL,0.21163177422443635,0.0,0,1,0.0447880078613828,3
1,2021-11-06,IVL,0.5502550245221027,1.0,1,1,0.2022705429676144,3
1,2021-11-06,IVL,0.40807171462447445,1.0,0,0,0.3503790950276096,3
1,2021-11-06,IVL,0.5213028668458857,0.0,1,0,0.2717566789817392,3
1,2021-11-06,IVC,0.4026209164838709,0.0,0,1,0.16210360239031213,3
1,2021-11-06,IVC,0.2910151763685028,0.0,0,1,0.0846898328767908,3
1,2021-11-06,IVC,0.6268125295789289,0.0,1,0,0.39289394723713555,3
1,2021-11-07,IVC,0.45793775295620354,0.0,0,1,0.2097069855825769,3
1,2021-11-07,IVC,0.3282387440714367,0.0,0,1,0.10774067310959413,3
1,2021-11-07,IVC,0.1501972531545136,1.0,0,0,0.7221647085461338,3
1,2021-11-07,IVL,0.6396112930717347,0.0,1,0,0.40910260622489647,3
1,2021-11-07,IVL,0.8307161689071626,1.0,1,1,0.028657015469468302,3
1,2021-11-07,IVL,0.6916697141407628,1.0,1,1,0.09506756517803891,3
1,2021-11-12,IVL,0.6971087049904259,1.0,1,1,0.09174313659257687,3
1,2021-11-12,IVL,0.23376377582408953,0.0,0,1,0.05464550288753518,3
1,2021-11-12,IVL,0.3556717831766171,1.0,0,0,0.4151588509948004,3
1,2021-11-13,IVC,0.4810972207887617,1.0,0,0,0.2692600942731471,3
1,2021-11-13,IVC,0.46555163010683803,1.0,0,0,0.285635060081458,3
1,2021-11-13,IVC,0.39088234743827255,1.0,0,0,0.37102431466230934,3
1,2021-11-13,IVL,0.3471045160619582,1.0,0,0,0.4262725129466899,3
1,2021-11-13,IVL,0.7341023367186001,1.0,1,1,0.0707015673385087,3
1,2021-11-13,IVC,0.5300615915019715,0.0,1,0,0.28096529078560295,3
1,2021-11-14,IVL,0.24828631273162732,0.0,0,1,0.061646093089867446,3
1,2021-11-14,IVL,0.7156718982047856,1.0,1,1,0.0808424694704698,3
1,2021-11-14,IVL,0.4672702096744856,1.0,0,0,0.28380102950026653,3
1,2021-11-14,IVC,0.5363520980270426,1.0,1,1,0.21496937700392507,3
1,2021-11-14,IVC,0.5201022338534341,1.0,1,1,0.23030186595246402,3
1,2021-11-14,IVC,0.628754971051559,1.0,1,1,0.1378228715189288,3
1,2021-11-14,IVC,0.5487541340514757,1.0,1,1,0.2036228315356336,3
1,2021-11-19,IVC,0.5372381679953326,1.0,1,1,0.21414851316031597,3
1,2021-11-19,IVC,0.4044534950379781,0.0,0,1,0.16358262964843578,3
1,2021-11-19,IVL,0.5215714716098695,1.0,1,1,0.2288938567775459,3
1,2021-11-19,IVL,0.8228124881915635,1.0,1,1,0.031395414340864826,3
1,2021-11-19,IVL,0.6937358066855932,0.0,1,0,0.48126936947771076,3
1,2021-11-20,IVL,0.4304023943551297,0.0,0,1,0.1852462210666286,3
1,2021-11-20,IVL,0.5276690188147855,1.0,1,1,0.2230965557873875,3
1,2021-11-20,IVL,0.35409022355602504,0.0,0,1,0.12537988641795578,3
1,2021-11-20,IVC,0.22132926665496006,1.0,0,0,0.6063281109681024,3
1,2021-11-20,IVC,0.4786016381174806,0.0,0,1,0.22905952800873583,3
1,2021-11-21,IVC,0.3177720449573592,1.0,0,0,0.4654349826416635,3
1,2021-11-21,IVL,0.3757639640353841,1.0,0,0,0.38967062859681734,3
1,2021-11-21,IVL,0.5080111094553956,1.0,1,1,0.2420530684193107,3
1,2021-11-21,IVL,0.3844868480521897,0.0,0,1,0.1478301363251076,3
1,2021-11-26,IVL,0.69860484901619,0.0,1,0,0.48804873506893365,3
1,2021-11-26,IVL,0.7680596431280073,1.0,1,1,0.05379632914590731,3
1,2021-11-26,IVL,0.3662063477197516,1.0,0,0,0.40169439367073645,3
1,2021-11-26,IVC,0.7013392126401994,1.0,1,1,0.08919826590637604,3
1,2021-11-26,IVC,0.5816777329449949,1.0,1,1,0.174993519114039,3
1,2021-11-27,IVC,0.35518632197003985,1.0,0,0,0.4157846793745251,3
1,2021-11-27,IVL,0.47911744394245237,0.0,0,1,0.229553525089949,3
1,2021-11-27,IVC,0.5618907793118009,0.0,1,0,0.3157212478756229,3
1,2021-11-27,IVL,0.449744975477897,0.0,0,1,0.20227054296761415,3
1,2021-11-27,IVL,0.538305865069596,0.0,1,0,0.2897732043683261,3
1,2021-11-28,IVL,0.20458369058006326,0.0,0,1,0.041854486451359064,3
1,2021-11-28,IVL,0.3121039105926863,0.0,0,1,0.09740885100724751,3
1,2021-11-28,IVL,0.36255864763207585,0.0,0,1,0.13144877297279975,3
1,2021-11-28,IVC,0.4009255934970174,1.0,0,0,0.3588901445269008,3
1,2021-11-28,IVC,0.5573671240058123,0.0,1,0,0.3106581109225106,3
1,2021-12-03,IVL,0.3347455869840495,0.0,0,1,0.11205460800529585,3
1,2021-12-03,IVL,0.7732582637914163,1.0,1,1,0.05141181493888297,3
1,2021-12-03,IVL,0.6443282168233833,0.0,1,0,0.41515885099480077,3
1,2021-12-04,IVC,0.3957219979008668,0.0,0,1,0.15659589962265363,3
1,2021-12-04,IVC,0.3239085506091991,0.0,0,1,0.10491674915775209,3
1,2021-12-04,IVL,0.6661545188866398,0.0,1,0,0.4437618430330905,3
1,2021-12-04,IVL,0.5972931867520473,0.0,1,0,0.3567591509404161,3
1,2021-12-04,IVL,0.2785679639451184,1.0,0,0,0.520464182646292,3
1,2021-12-05,IVL,0.7469831336509465,1.0,1,1,0.06401753465709481,3
1,2021-12-05,IVL,0.29747614818047263,0.0,0,1,0.08849205873629051,3
1,2021-12-05,IVL,0.5541418138804799,1.0,1,1,0.19878952212978862,3
1,2021-12-05,IVC,0.29442704210176596,1.0,0,0,0.49783319891726313,3
1,2021-12-05,IVC,0.3709702225200441,0.0,0,1,0.137618905996571,3
1,2021-12-10,IVC,0.3853942720467203,0.0,0,1,0.14852874492642143,3
1,2021-12-10,IVC,0.6362532482041823,0.0,1,0,0.40481819585037276,3
1,2021-12-10,IVL,0.38226764326226564,0.0,0,1,0.1461285510852868,3
1,2021-12-10,IVL,0.6740460953386298,1.0,1,1,0.10624594796399361,3
1,2021-12-10,IVL,0.8199377493941342,1.0,1,1,0.03242241409324961,3
1,2021-12-11,IVL,0.5823647921592249,0.0,1,0,0.3391487511466572,3
1,2021-12-11,IVL,0.5423140635452479,0.0,1,0,0.2941045435189592,3
1,2021-12-11,IVL,0.2586471127021356,0.0,0,1,0.06689832890915123,3
1,2021-12-11,IVC,0.41568180507706765,1.0,0,0,0.341427752917994,3
1,2021-12-11,IVC,0.390554926017176,0.0,0,1,0.15253315023628183,3
1,2021-12-12,IVC,0.5736566764592206,1.0,1,1,0.1817686295277977,3
1,2021-12-12,IVC,0.6003405059933998,1.0,1,1,0.15972771114961168,3
1,2021-12-12,IVL,0.3637890737672163,0.0,0,1,0.13234249019240915,3
1,2021-12-12,IVL,0.37254120166602134,0.0,0,1,0.13878694693876317,3
1,2021-12-12,IVL,0.7375811583679786,1.0,1,1,0.06886364844349195,3
1,2021-12-17,IVL,0.580047854223422,1.0,1,1,0.17635980474235224,3
1,2021-12-17,IVL,0.5672413662252582,0.0,1,0,0.32176276755709754,3
1,2021-12-17,IVL,0.6350632136362744,1.0,1,1,0.13317885804148352,3
1,2021-12-18,IVL,0.4097839514299578,1.0,0,0,0.3483549839896344,3
1,2021-12-18,IVL,0.40170040890492653,1.0,0,0,0.3579624007045321,3
1,2021-12-18,IVL,0.5385958762655878,1.0,1,1,0.21289376539912075,3
1,2021-12-19,IVL,0.41589260348569335,1.0,0,0,0.34118145066272143,3
1,2021-12-19,IVL,0.5737165694862685,1.0,1,1,0.18171756313055537,3
1,2021-12-19,IVL,0.654799077478041,0.0,1,0,0.42876183186609357,3
1,2021-12-25,IVC,0.5055820819290148,1.0,1,1,0.24444907770964747,3
1,2021-12-25,IVC,0.7089848236314971,0.0,1,0,0.502659480139785,3
1,2021-12-26,IVC,0.5431249617433627,1.0,1,1,0.20873480058200383,3
1,2021-12-26,IVC,0.5089350246680814,1.0,1,1,0.24114480999773785,5
1,2021-12-31,IVL,0.27332897688215047,0.0,0,1,0.07470872960344314,5
1,2021-12-31,IVL,0.6043580940291381,1.0,1,1,0.15653251776025634,5
1,2021-12-31,IVL,0.7723392780884328,0.0,1,0,0.5965079604781616,5
1,2022-01-01,IVL,0.3617964090941187,0.0,0,1,0.1308966416333989,3
1,2022-01-01,IVL,0.2664416292204869,0.0,0,1,0.07099114178166743,5
1,2022-01-02,IVL,0.5143555837769553,1.0,1,1,0.23585049900862184,3
1,2022-01-02,IVL,0.217279750007548,0.0,0,1,0.04721048976334256,5
1,2022-01-03,IVL,0.633158369905924,0.0,1,0,0.4008895213819269,5
1,2022-02-19,COA,0.5845189278397528,1.0,1,1,0.17262452132342854,3
1,2022-02-19,COA,0.49764032207347086,0.0,0,1,0.2476458901533878,3
1,2022-02-19,COA,0.4966395820568702,1.0,0,0,0.25337171035188233,3
1,2022-02-19,COA,0.5253621407372998,1.0,1,1,0.2252810974454788,3
1,2022-02-19,COA,0.5164529055211096,0.0,1,0,0.2667236036211961,3
1,2022-02-20,COA,0.47274921240158274,1.0,0,0,0.2779933930231513,3
1,2022-02-20,COA,0.5164529055211096,1.0,1,1,0.233817792578977,3
1,2022-02-20,COA,0.4760942890254853,1.0,0,0,0.27447719399171167,3
1,2022-02-20,COA,0.5,0.0,0,1,0.25,3
1,2022-02-20,COA,0.5,1.0,0,0,0.25,3
1,2022-02-21,COA,0.5,1.0,0,0,0.25,3
1,2022-02-21,COA,0.5838264687640499,1.0,1,1,0.17320040810140036,3
1,2022-02-25,COA,0.5040365660360959,0.0,1,0,0.2540528599014597,3
1,2022-02-25,COA,0.5295112002871161,0.0,1,0,0.28038211122950235,3
1,2022-02-25,COA,0.48055797934188615,0.0,0,1,0.23093597150915668,3
1,2022-02-25,COA,0.42940758389359834,1.0,0,0,0.325575705318141,3
1,2022-02-26,COA,0.6051874470829328,1.0,1,1,0.15587695194089196,3
1,2022-02-26,COA,0.5,1.0,0,0,0.25,3
1,2022-02-26,COA,0.48402674301043636,1.0,0,0,0.2662284019284183,3
1,2022-02-26,COA,0.4793141703337993,0.0,0,1,0.22974207388277837,3
1,2022-02-27,COA,0.4641845225807061,1.0,0,0,0.28709822584206585,3
1,2022-02-27,COA,0.4415072003712407,1.0,0,0,0.3119142072371695,3
1,2022-02-27,COA,0.36340371813581746,0.0,0,1,0.13206226235493665,3
1,2022-02-27,COA,0.5,1.0,0,0,0.25,3
1,2022-02-27,COA,0.36000432035784674,1.0,0,0,0.4095944699606217,3
1,2022-02-27,COA,0.5295112002871162,0.0,1,0,0.28038211122950246,3
1,2022-03-04,COA,0.532979312961616,0.0,1,0,0.28406694804503624,3
1,2022-03-04,COA,0.23538542865808604,0.0,0,1,0.05540630002455091,3
1,2022-03-05,COA,0.5933363179209336,0.0,1,0,0.35204798616397115,3
1,2022-03-05,COA,0.6535867980772541,0.0,1,0,0.4271757026208773,3
1,2022-03-06,COA,0.30772042390438004,1.0,0,0,0.4792510114791313,3
1,2022-03-06,COA,0.6916137720255644,0.0,1,0,0.47832960965542937,3
1,2022-03-06,COA,0.6210879847579255,0.0,1,0,0.3857502848106611,3
1,2022-03-11,COA,0.4165482676493347,1.0,0,0,0.34041592398299236,3
1,2022-03-11,COA,0.6150980956140649,1.0,1,1,0.1481494759999195,3
1,2022-03-12,COA,0.33701289858633554,0.0,0,1,0.11357769381356368,3
1,2022-03-12,COA,0.40918327948179845,0.0,0,1,0.16743095620747958,3
1,2022-03-12,COA,0.3831649963291599,0.0,0,1,0.1468154144119251,3
1,2022-03-13,COA,0.40958019431604353,0.0,0,1,0.167755935575968,3
1,2022-03-13,COA,0.3040846376679509,1.0,0,0,0.4842981915297472,3
1,2022-03-19,COA,0.5022193925252222,1.0,1,1,0.24778553317795882,3
1,2022-03-19,COA,0.6851977521951926,0.0,1,0,0.4694959596133446,3
1,2022-03-19,COA,0.4899487630494079,1.0,0,0,0.260152264314829,3
1,2022-03-19,COA,0.6235224004649009,0.0,1,0,0.3887801838815123,3
1,2022-03-20,COA,0.6027322129074526,0.0,1,0,0.36328612047631476,3
1,2022-03-20,COA,0.48909688586290323,1.0,0,0,0.26102199203498333,3
1,2022-03-20,COA,0.40021562737271715,1.0,0,0,0.35974129364790336,3
1,2022-03-20,COA,0.5958173330896512,1.0,1,1,0.16336362823076195,3
1,2022-03-26,COA,0.7269998274874474,1.0,1,1,0.07452909419188349,3
1,2022-03-26,COA,0.5995497074300291,1.0,1,1,0.16036043681937528,3
1,2022-03-26,COA,0.5783332662229476,1.0,1,1,0.1778028343742076,3
1,2022-03-26,COA,0.4583890151941743,0.0,0,1,0.21012048925068497,3
1,2022-03-27,COA,0.7492932287871059,1.0,1,1,0.06285388513199441,3
1,2022-03-27,COA,0.3503111371930696,0.0,0,1,0.12271789284150164,3
1,2022-03-27,COA,0.4991736583454647,0.0,0,1,0.24917434118599469,3
1,2022-03-27,COA,0.46513791239579627,1.0,0,0,0.2860774527563269,3
1,2022-04-03,COA,0.25335766619466166,0.0,0,1,0.0641901070196056,3
1,2022-04-03,COA,0.658318305856474,1.0,1,1,0.11674638011279005,3
1,2022-04-03,COA,0.45271716226597764,1.0,0,0,0.29951850447820433,3
1,2022-04-04,COA,0.40617038695271945,1.0,0,0,0.3526336093318829,3
1,2022-04-04,COA,0.4037641916093887,0.0,0,1,0.16302552242598314,3
1,2022-04-04,COA,0.3901441250141564,1.0,0,0,0.3719241882547489,3
1,2022-04-09,COA,0.5870990930410069,0.0,1,0,0.34468534504957293,3
1,2022-04-09,COA,0.47140958613337797,1.0,0,0,0.2794078256316867,3
1,2022-04-09,COA,0.5762251315987257,1.0,1,1,0.17958513908851736,3
1,2022-04-09,COA,0.62699638254446,1.0,1,1,0.13913169863491884,3
1,2022-04-10,COA,0.6966650245579107,1.0,1,1,0.09201210732645293,3
1,2022-04-10,COA,0.8201918794500291,1.0,1,1,0.032330960215712856,3
1,2022-04-10,COA,0.837580510290886,1.0,1,1,0.026380090637368993,3
1,2022-04-16,COA,0.26140328398220813,0.0,0,1,0.06833167687668296,3
1,2022-04-16,COA,0.3921234708497957,0.0,0,1,0.15376081639129058,3
1,2022-04-16,COA,0.33068825616635866,0.0,0,1,0.10935472276634725,3
1,2022-04-16,COA,0.7291405024903389,1.0,1,1,0.07336486739118611,3
1,2022-04-17,COA,0.6766497226861572,1.0,1,1,0.10455540183893905,3
1,2022-04-17,COA,0.7697853040291129,1.0,1,1,0.05299880624096796,3
1,2022-04-17,COA,0.5709516136418056,0.0,1,0,0.32598574512018164,3
1,2022-04-17,COA,0.4039787538429723,0.0,0,1,0.16319883355652082,3
1,2022-04-18,COA,0.8013222371698878,1.0,1,1,0.03947285344317831,3
1,2022-04-18,COA,0.590087440059893,1.0,1,1,0.16802830679665182,3
1,2022-04-18,COA,0.3544835074196841,0.0,0,1,0.12565855703256124,3
1,2022-04-18,COA,0.5250641679956108,0.0,1,0,0.27569238051292305,3
1,2022-04-19,COA,0.5487514178807895,1.0,1,1,0.20362528286459786,3
1,2022-04-19,COA,0.48526456600765255,0.0,0,1,0.2354816990225954,3
1,2022-04-19,COA,0.38086902621823593,0.0,0,1,0.14506121513242728,3
1,2022-04-19,COA,0.5143555837769553,1.0,1,1,0.23585049900862184,3
1,2022-04-20,COA,0.7263469857429343,1.0,1,1,0.07488597221197779,3
1,2022-04-20,COA,0.7672341112824268,1.0,1,1,0.05417995895048167,3
1,2022-04-20,COA,0.5330217452047586,1.0,1,1,0.21806869045160934,3
1,2022-04-20,COA,0.5848485662019671,0.0,1,0,0.3420478453884967,3
1,2022-04-21,COA,0.5731735226242857,0.0,1,0,0.3285278870375325,3
1,2022-04-21,COA,0.36122505794640924,0.0,0,1,0.13048354248838673,3
1,2022-04-21,COA,0.34452562357848027,0.0,0,1,0.11869790530214068,3
1,2022-04-21,COA,0.7816528324206471,1.0,1,1,0.04767548558992602,3
1,2022-04-30,COA,0.5100729198268937,0.0,1,0,0.26017438354073275,3
1,2022-04-30,COA,0.7134835480212598,0.0,1,0,0.5090587732970053,3
1,2022-04-30,COA,0.6027144885854074,1.0,1,1,0.15783577757995434,3
1,2022-04-30,COA,0.6173432510243382,0.0,1,0,0.38111268958529904,3
1,2022-05-01,COA,0.7341023367186001,1.0,1,1,0.0707015673385087,3
1,2022-05-01,COA,0.5972931867520472,1.0,1,1,0.1621727774363215,3
1,2022-05-01,COA,0.7844704582088151,1.0,1,1,0.046452983384718115,3
1,2022-05-01,COA,0.5796267707885986,1.0,1,1,0.17671365183762142,3
1,2022-05-02,COA,0.27359819473897395,0.0,0,1,0.07485597216442552,3
1,2022-05-02,COA,0.39273587542963095,1.0,0,0,0.3687697169902167,3
1,2022-05-03,COA,0.6916697141407628,1.0,1,1,0.09506756517803891,3
1,2022-05-03,COA,0.3578824047945969,1.0,0,0,0.4123150060723699,3
1,2022-06-03,IVL,0.3524364771879686,0.0,0,1,0.12421147045266552,3
1,2022-06-03,IVL,0.45974443461947756,0.0,0,1,0.2113649451635831,3
1,2022-06-03,IVL,0.6525743430552173,1.0,1,1,0.12070458710351381,3
1,2022-06-04,IJL,0.23625292382034235,1.0,0,0,0.5833095963729757,3
1,2022-06-04,IJL,0.7871654427362738,0.0,1,0,0.6196294342381938,3
1,2022-06-04,IJL,0.7762846959263194,1.0,1,1,0.050048537276779353,3
1,2022-06-04,IVL,0.6613615360958935,0.0,1,0,0.4373990814271199,3
1,2022-06-04,IVL,0.37754745209831897,0.0,0,1,0.14254207858593246,3
1,2022-06-04,IVL,0.6622206568814157,1.0,1,1,0.11409488463762228,3
1,2022-06-05,IVL,0.22654435789215854,1.0,0,0,0.5982336303084533,3
1,2022-06-05,IVL,0.540257449284341,0.0,1,0,0.29187811150722237,3
1,2022-06-05,IJL,0.38911442445747046,1.0,0,0,0.37318118640592757,3
1,2022-06-05,IJL,0.36822750884800004,0.0,0,1,0.13559149827240394,3
1,2022-06-05,IJL,0.4141755374644669,1.0,0,0,0.3431903009050462,3
1,2022-06-10,IVL,0.3617478204138192,0.0,0,1,0.13086148557414878,3
1,2022-06-10,IVL,0.2610703791729678,1.0,0,0,0.5460169845355816,3
1,2022-06-10,IVL,0.36542560490843057,0.0,0,1,0.1335358727226924,3
1,2022-06-11,IVL,0.30107894405277175,1.0,0,0,0.4884906424463886,3
1,2022-06-11,IVL,0.4214228650352371,0.0,0,1,0.17759723117450768,3
1,2022-06-11,IVL,0.36533632404911587,0.0,0,1,0.1334706296697206,3
1,2022-06-11,IJL,0.4147606061690461,1.0,0,0,0.34250514809162236,3
1,2022-06-11,IJL,0.6562044302963863,0.0,1,0,0.4306042543406049,3
1,2022-06-11,IJL,0.3930794667827786,0.0,0,1,0.15451146720623354,3
1,2022-06-12,IJL,0.6016800978271986,0.0,1,0,0.3620189401213472,3
1,2022-06-12,IJL,0.3153003302166799,0.0,0,1,0.0994142982347474,3
1,2022-06-12,IJL,0.28590796353787223,1.0,0,0,0.5099274365386287,3
1,2022-06-12,IVL,0.5399477148834964,1.0,1,1,0.21164810504091677,3
1,2022-06-12,IVL,0.3919228803691868,0.0,0,1,0.15360354415687993,3
1,2022-06-12,IVL,0.8483521587588927,1.0,1,1,0.022997067753088084,3
1,2022-06-17,IVL,0.4971974067389128,1.0,0,0,0.25281044779007433,3
1,2022-06-17,IVL,0.250872535960494,0.0,0,1,0.06293702929924937,3
1,2022-06-17,IVL,0.3834670650528693,0.0,0,1,0.1470469899802615,3
1,2022-06-18,IJL,0.5323272038408471,1.0,1,1,0.2187178442673206,3
1,2022-06-18,IJL,0.40385441248405674,0.0,0,1,0.16309838648284264,3
1,2022-06-18,IJL,0.8042302185278745,1.0,1,1,0.038325807337643784,3
1,2022-06-18,IVL,0.3922579725861976,0.0,0,1,0.15386631705743414,3
1,2022-06-18,IVL,0.4029045157516749,1.0,0,0,0.3565230173097419,3
1,2022-06-18,IVL,0.3035593353044107,0.0,0,1,0.09214827005045564,3
1,2022-06-19,IJL,0.6262137247646387,1.0,1,1,0.1397161795543253,3
1,2022-06-19,IVL,0.4810795423022155,0.0,0,1,0.23143752602170917,3
1,2022-06-19,IVL,0.5469957134735622,1.0,1,1,0.20521288361132692,3
1,2022-06-19,IVL,0.3418039357615634,0.0,0,1,0.11682993050209498,3
1,2022-06-19,IJL,0.22529554145872943,0.0,0,1,0.05075808100118207,3
1,2022-06-19,IJL,0.5097262103765166,0.0,1,0,0.2598208095448048,3
1,2022-06-24,IVT,0.5,0.0,0,1,0.25,3
1,2022-06-24,IVT,0.4050629340834108,0.0,0,1,0.16407598056826161,3
1,2022-06-24,IVT,0.5,1.0,0,0,0.25,3
1,2022-06-24,IVT,0.4966395820568702,1.0,0,0,0.25337171035188233,3
1,2022-06-24,IVL,0.39273587542963095,0.0,0,1,0.1542414678494786,3
1,2022-06-24,IVL,0.5595343997665434,0.0,1,0,0.313078744522106,3
1,2022-06-24,IVL,0.321169515203549,0.0,0,1,0.10314985749608271,3
1,2022-06-25,IVT,0.5,1.0,0,0,0.25,3
1,2022-06-25,IVT,0.49764032207347086,1.0,0,0,0.2523652460064461,3
1,2022-06-25,IVT,0.49663351965546865,1.0,0,0,0.25337781353444144,3
1,2022-06-25,IJL,0.4913159424643042,1.0,0,0,0.2587594703909791,3
1,2022-06-25,IVT,0.5,1.0,0,0,0.25,3
1,2022-06-25,IJL,0.8460204938158513,1.0,1,1,0.023709688324714283,3
1,2022-06-25,IVL,0.3637181127641439,1.0,0,0,0.4048546400244227,3
1,2022-06-25,IVL,0.5157657565386777,1.0,1,1,0.23448280254055912,3
1,2022-06-25,IVL,0.568378595984625,1.0,1,1,0.18629703640420353,3
1,2022-06-25,IJL,0.3248823251636205,1.0,0,0,0.4557838748764795,3
1,2022-06-26,IVL,0.7313045347257207,0.0,1,0,0.5348063225104027,3
1,2022-06-26,IVL,0.5459959125987119,1.0,1,1,0.2061197113770764,3
1,2022-06-26,IVL,0.5292268213114169,0.0,1,0,0.28008102839538634,3
1,2022-06-26,IJL,0.5086840575356956,0.0,1,0,0.25875947039097885,3
1,2022-06-26,IJL,0.6967832693761421,0.0,1,0,0.48550692448250543,3
1,2022-06-26,IJL,0.15397950618414857,0.0,0,1,0.023709688324714248,3
1,2022-07-01,IVT,0.5050496442108748,0.0,1,0,0.25507514311753127,3
1,2022-07-01,IVT,0.5023596779265291,0.0,1,0,0.2523652460064461,3
1,2022-07-01,IVT,0.48288359992383606,0.0,0,1,0.23317657107540338,3
1,2022-07-01,IVL,0.7663102475873292,1.0,1,1,0.05461090038269536,3
1,2022-07-01,IVL,0.5193983332885097,0.0,1,0,0.2697746286228818,3
1,2022-07-01,IVL,0.527283202759268,1.0,1,1,0.22346117039353533,3
1,2022-07-01,IVT,0.5033604179431299,1.0,1,1,0.2466508744656226,3
1,2022-07-02,IVL,0.6391902311721817,1.0,1,1,0.13018368928158372,3
1,2022-07-02,IVL,0.5003805016354334,1.0,1,1,0.24961964314606122,3
1,2022-07-02,IVL,0.4504478209869902,1.0,0,0,0.30200759745794714,3
1,2022-07-02,IJL,0.6203940158160886,1.0,1,1,0.14410070322823604,3
1,2022-07-02,IVT,0.4828835999238363,0.0,0,1,0.23317657107540357,3
1,2022-07-02,IVT,0.502690070131411,1.0,1,1,0.24731716634590092,3
1,2022-07-02,IVT,0.5933343288695367,0.0,1,0,0.3520456258150636,3
1,2022-07-02,IVT,0.49618636288319895,1.0,0,0,0.2538281809448597,3
1,2022-07-02,IVT,0.5119410869944598,1.0,1,1,0.23820150256414943,3
1,2022-07-02,IVT,0.4985518473829969,1.0,0,0,0.2514502497630053,3
1,2022-07-02,IVT,0.47556582101937606,0.0,0,1,0.2261628501218332,3
1,2022-07-03,IVT,0.5470143069871685,0.0,1,0,0.2992246520486522,3
1,2022-07-03,IVT,0.5,1.0,0,0,0.25,3
1,2022-07-03,IVT,0.5332304536274648,0.0,1,0,0.2843347166757519,3
1,2022-07-03,IVL,0.43166861346173774,0.0,0,1,0.18633779184797913,3
1,2022-07-03,IVL,0.7376593213267029,1.0,1,1,0.06882263168676614,3
1,2022-07-03,IVL,0.40146543251296096,1.0,0,0,0.3582436284768969,3
1,2022-07-08,IVL,0.15557220147494372,0.0,0,1,0.02420270987176048,3
1,2022-07-08,IVL,0.6388901961034132,1.0,1,1,0.13040029047023136,3
1,2022-07-08,IVL,0.6345743950915697,1.0,1,1,0.13353587272269224,3
1,2022-07-09,IVT,0.4088810819904872,0.0,0,1,0.16718373920971155,3
1,2022-07-09,IVT,0.5,0.0,0,1,0.25,3
1,2022-07-09,IVT,0.5258818652007443,1.0,1,1,0.22478800574552518,3
1,2022-07-09,IVT,0.5119410869944598,1.0,1,1,0.23820150256414943,3
1,2022-07-09,IJL,0.2078346530837029,0.0,0,1,0.04319524302242314,3
1,2022-07-09,IVL,0.7550274127658126,1.0,1,1,0.06001156849621153,3
1,2022-07-09,IVL,0.713465420043417,1.0,1,1,0.08210206551089548,3
1,2022-07-09,IVL,0.5785771349647628,0.0,1,0,0.33475150110403334,3
1,2022-07-09,IJL,0.5962953833592906,0.0,1,0,0.35556818421560327,3
1,2022-07-10,IJL,0.21823701962506134,0.0,0,1,0.04762739673482941,3
1,2022-07-10,IVT,0.48334402490786954,0.0,0,1,0.2336214464141392,3
2,2022-07-10,IVT,0.5560769213304855,1.0,1,1,0.19706769977542,3
2,2022-07-10,IJL,0.6083227381205638,1.0,1,1,0.15341107747337243,3
2,2022-07-10,IVT,0.6316134735039137,1.0,1,1,0.13570863290385168,3
2,2022-07-10,IVL,0.7491927019445002,1.0,1,1,0.06290430075790034,3
2,2022-07-10,IVL,0.49216169595253945,1.0,0,0,0.257899743057801,3
2,2022-07-10,IVL,0.7143931780735366,1.0,1,1,0.08157125673093456,3
2,2022-07-10,IJL,0.5692895655676932,0.0,1,0,0.32409060946425283,3
2,2022-07-15,IVL,0.615534090423724,0.0,1,0,0.3788822164737612,3
2,2022-07-15,IVL,0.5074579394517154,1.0,1,1,0.24259768140915008,3
2,2022-07-15,IVL,0.7835638260291993,1.0,1,1,0.04684461740311872,3
2,2022-07-16,IJL,0.5070234009892829,1.0,1,1,0.24302592717217336,3
2,2022-07-16,IJL,0.5452130070026309,0.0,1,0,0.2972572230048508,3
2,2022-07-16,IJL,0.5403207121594542,1.0,1,1,0.21130504766959135,3
2,2022-07-16,IVL,0.3966786754758197,0.0,0,1,0.15735397157725067,3
2,2022-07-16,IVL,0.15887463652582198,0.0,0,1,0.02524115013121205,3
2,2022-07-17,IVL,0.4542859851864578,1.0,0,0,0.29780378596391494,3
2,2022-07-17,IVL,0.3556359044517835,0.0,0,1,0.12647689653523808,3
2,2022-07-17,IVL,0.6538211396606299,1.0,1,1,0.11983980334586508,3
2,2022-07-17,IJL,0.5363498597030101,1.0,1,1,0.21497145259741843,3
2,2022-07-17,IJL,0.3924787170742342,1.0,0,0,0.36908210920776835,3
2,2022-07-17,IJL,0.5232847621586153,1.0,1,1,0.227257417990168,3
2,2022-07-22,IVL,0.5565749237906256,0.0,1,0,0.30977564579254063,3
2,2022-07-22,IVL,0.3469707302678454,0.0,0,1,0.12038868766260194,3
2,2022-07-22,IVL,0.3970723805267933,0.0,0,1,0.1576664753772145,3
2,2022-07-23,IJL,0.5508628866825169,1.0,1,1,0.20172414655916163,3
2,2022-07-23,IJL,0.7600522018292215,0.0,1,0,0.5776793495054476,3
2,2022-07-23,IVL,0.4469715696110065,1.0,0,0,0.30584044481851386,3
2,2022-07-23,IVL,0.3268964324252607,0.0,0,1,0.10686127753236302,3
2,2022-07-23,IJL,0.5999188738666021,1.0,1,1,0.16006490748816782,3
2,2022-07-23,IVL,0.7389783362898174,1.0,1,1,0.06813230892603168,3
2,2022-07-24,IVL,0.34185529081953325,0.0,0,1,0.11686503986130765,3
2,2022-07-24,IVL,0.8221864967008641,1.0,1,1,0.031617641955511824,3
2,2022-07-24,IVL,0.22193230665019698,0.0,0,1,0.04925394873507707,3
2,2022-07-24,IJL,0.38042311282953845,0.0,0,1,0.14472174477491573,3
2,2022-07-24,IJL,0.5129761805618201,0.0,1,0,0.2631445618237931,3
2,2022-07-24,IJL,0.1918800253169593,0.0,0,1,0.03681794411563694,3
2,2022-07-29,IVL,0.2666996568023742,0.0,0,1,0.07112870693850416,3
2,2022-07-29,IVL,0.32938084358084824,0.0,0,1,0.10849174011803121,3
2,2022-07-29,IVL,0.39023871199926174,0.0,0,1,0.15228625234284277,3
2,2022-07-30,IVT,0.5128471281701112,0.0,1,0,0.2630121768723305,3
2,2022-07-30,IVT,0.4870089512530562,0.0,0,1,0.2371777186006017,3
2,2022-07-30,IVT,0.5,1.0,0,0,0.25,3
2,2022-07-30,IVT,0.49404417670605894,1.0,0,0,0.2559912951250497,3
2,2022-07-30,IVT,0.5249644321671754,1.0,1,1,0.22565879070625414,3
2,2022-07-30,IVL,0.5220287926776924,0.0,1,0,0.2725140603845292,3
2,2022-07-30,IVL,0.6093727820825605,0.0,1,0,0.3713351875430398,3
2,2022-07-30,IVL,0.35485614633191775,0.0,0,1,0.12592288458953943,3
2,2022-07-30,IVT,0.24293756970846414,1.0,0,0,0.5731435233589266,3
2,2022-07-31,IVT,0.5248742772097965,0.0,1,0,0.2754930068765063,3
2,2022-07-31,IVT,0.3793743755953817,0.0,0,1,0.14392491685838574,3
2,2022-07-31,IVT,0.5189421390389515,1.0,1,1,0.2314166655924195,3
2,2022-07-31,IVT,0.49634960536152434,1.0,0,0,0.2536637200194922,3
2,2022-07-31,IVT,0.4856061980497952,1.0,0,0,0.2646009834847865,3
2,2022-07-31,IVL,0.6579023905376533,1.0,1,1,0.11703077439985227,3
2,2022-07-31,IVL,0.24351374495266104,1.0,0,0,0.5722714540755477,3
2,2022-07-31,IVL,0.5967057073220727,1.0,1,1,0.16264628650658966,3
2,2022-07-31,IVT,0.48700895125305615,0.0,0,1,0.23717771860060163,3
2,2022-08-05,IVL,0.8050692077305869,1.0,1,1,0.03799801377478109,3
2,2022-08-05,IVL,0.5728311089970946,0.0,1,0,0.3281354794348412,3
2,2022-08-05,IVL,0.7034649808059414,0.0,1,0,0.4948629792203036,3
2,2022-08-06,IVL,0.6016538277195238,1.0,1,1,0.15867967297050684,3
2,2022-08-06,IVL,0.7032803085079169,1.0,1,1,0.08804257531915698,3
2,2022-08-06,IVL,0.38468092093482065,1.0,0,0,0.3786175690616204,3
2,2022-08-06,IVT,0.5139746139467206,0.0,1,0,0.2641699037816805,3
2,2022-08-06,IVT,0.45601484382524105,0.0,0,1,0.20794953778895897,3
2,2022-08-07,IVT,0.5080193074967775,1.0,1,1,0.2420450017959504,3
2,2022-08-07,IVL,0.45402087928166174,1.0,0,0,0.29809320026036973,3
2,2022-08-07,IVL,0.45035845996064555,1.0,0,0,0.3021058225368332,3
2,2022-08-07,IVL,0.4986461654978468,0.0,0,1,0.248647998365706,3
2,2022-08-18,IVL,0.42706057327967906,0.0,0,1,0.18238073324996812,3
2,2022-08-18,IVL,0.6357384270042404,0.0,1,0,0.40416334756982597,5
2,2022-08-18,IVL,0.6451438536680822,0.0,1,0,0.4162105919257039,3
2,2022-08-19,IVC,0.4833816134746484,0.0,0,1,0.2336577842453544,3
2,2022-08-19,IJL,0.7078004906671125,1.0,1,1,0.08538055325438022,3
2,2022-08-19,IJL,0.36725345832679346,0.0,0,1,0.13487510265298983,3
2,2022-08-19,IVC,0.7157081077806562,1.0,1,1,0.08082187998165499,3
2,2022-08-19,IVL,0.49254206054828464,0.0,0,1,0.24259768140915008,3
2,2022-08-19,IVL,0.2614079817174422,1.0,0,0,0.5455181694707022,5
2,2022-08-19,IJL,0.8081199746830405,1.0,1,1,0.036817944115637005,3
2,2022-08-20,IVL,0.6530292697321545,1.0,1,1,0.12038868766260202,3
2,2022-08-20,IVL,0.6093727820825605,1.0,1,1,0.15258962337791876,3
2,2022-08-20,IJL,0.6359333352385492,1.0,1,1,0.13254453639052657,3
2,2022-08-20,IJL,0.5129761805618201,1.0,1,1,0.23719220070015282,3
2,2022-08-20,IVC,0.507038870794501,0.0,1,0,0.2570884164965627,3
2,2022-08-20,IVC,0.43591270920524394,0.0,0,1,0.19001989004665557,3
2,2022-08-21,IVC,0.5187562043195013,0.0,1,0,0.2691079995199762,3
2,2022-08-21,IVC,0.41962032017630924,1.0,0,0,0.3368405727522498,3
2,2022-08-21,IJL,0.4743637171123526,1.0,0,0,0.2762935018879429,3
2,2022-08-21,IVL,0.6016538277195238,1.0,1,1,0.15867967297050684,3
2,2022-08-21,IJL,0.36262702440314626,0.0,0,1,0.13149835882748004,5
2,2022-08-26,IJL,0.5788992422714374,1.0,1,1,0.17732584815956956,5
2,2022-08-26,IJL,0.4982898865543527,1.0,0,0,0.2517130379336443,5
2,2022-08-26,IVC,0.36545760564202767,0.0,0,1,0.13355926152160383,3
2,2022-08-26,IVC,0.7171614398453088,1.0,1,1,0.07999765111037889,3
2,2022-08-26,IVC,0.5415860218435822,1.0,1,1,0.21014337536919273,3
2,2022-08-26,IVC,0.5255093862814035,0.0,1,0,0.2761601150698574,3
2,2022-08-27,IJL,0.6062465758775591,1.0,1,1,0.1550417590081468,5
2,2022-08-27,IJL,0.23994779817077858,0.0,0,1,0.05757494584700469,3
2,2022-08-27,IVC,0.39828374865188454,0.0,0,1,0.15862994444019754,3
2,2022-08-27,IVC,0.5111655851386383,0.0,1,0,0.26129025543012646,3
2,2022-08-27,IVC,0.511081303317928,1.0,1,1,0.23904149196529592,3
2,2022-08-28,IVC,0.4365206575266126,0.0,0,1,0.19055028444746622,3
2,2022-08-28,IVC,0.4511214468664775,1.0,0,0,0.3012676660899491,3
2,2022-08-28,IJL,0.4425888811078317,0.0,0,1,0.19588491768028238,3
2,2022-08-28,IJL,0.2236119111835181,0.0,0,1,0.05000228682314558,5
2,2022-08-28,IVC,0.5442051326375661,0.0,1,0,0.2961592263890709,3
2,2022-09-10,IVC,0.6841209205060348,0.0,1,0,0.4680214338740244,3
2,2022-09-10,IVC,0.4306153080953601,0.0,0,1,0.1854295435660619,3
2,2022-09-11,IVC,0.47449061371859674,0.0,0,1,0.2251413425070506,3
2,2022-09-11,IVC,0.34488716999286173,1.0,0,0,0.42917282003996166,3
2,2022-09-22,IVS,0.48746254687898577,1.0,0,0,0.2626946408517759,3
2,2022-09-22,IVS,0.19048842021780515,0.0,0,1,0.03628583823707512,3
2,2022-09-22,IVS,0.6288442315571832,1.0,1,1,0.13775660444837787,3
2,2022-09-23,IVS,0.6496480895659118,1.0,1,1,0.12274646114481536,3
2,2022-09-23,IVS,0.3733367233043206,0.0,0,1,0.13938030896760684,3
2,2022-09-23,IVS,0.5286917335259761,1.0,1,1,0.22213148204674954,3
2,2022-09-24,IVS,0.24373266016909614,0.0,0,1,0.05940560963310411,3
2,2022-09-24,IVS,0.6190105992703474,1.0,1,1,0.1451529234683398,3
2,2022-09-24,IVS,0.6006105261031011,0.0,1,0,0.36073300406584385,3
2,2022-09-25,IVS,0.4165131011211528,0.0,0,1,0.17348316340555966,3
2,2022-09-25,IVS,0.5227700757556684,1.0,1,1,0.22774840059425053,3
2,2022-09-25,IVS,0.7047157596650946,1.0,1,1,0.08719278259016218,3
2,2022-10-01,IVS,0.4813088430289901,1.0,0,0,0.2690405163199249,3
2,2022-10-01,IVS,0.7126587795086436,0.0,1,0,0.5078825360107495,3
2,2022-10-01,IVS,0.35456354204307416,0.0,0,1,0.12571530534613082,3
2,2022-10-02,IVS,0.6141293036666591,1.0,1,1,0.1488961942887774,3
2,2022-10-02,IVS,0.5834868988788472,1.0,1,1,0.17348316340555966,3
2,2022-10-02,IVS,0.6190105992703474,1.0,1,1,0.1451529234683398,3
2,2022-10-03,IVS,0.3113124668829549,1.0,0,0,0.4742905182708411,5
2,2022-10-03,IVS,0.2873412204913566,0.0,0,1,0.0825649769934624,3
2,2022-10-05,IVL,0.6235553418857473,1.0,1,1,0.14171058062275657,3
2,2022-10-05,IVL,0.5274862442570247,1.0,1,1,0.2232692493663321,3
2,2022-10-05,IVL,0.5569136186561707,0.0,1,0,0.31015277864471075,3
2,2022-10-06,IVL,0.6605746744514951,0.0,1,0,0.43635890052669873,3
2,2022-10-06,IVL,0.3115543854136229,0.0,0,1,0.09706613507046029,3
2,2022-10-06,IVL,0.3606423914086436,0.0,0,1,0.1300629344809453,3
2,2022-10-07,IVL,0.7194780170997082,1.0,1,1,0.07869258289031163,3
2,2022-10-07,IVL,0.39258685241420443,0.0,0,1,0.15412443668849232,3
2,2022-10-07,IVL,0.2085637210012415,0.0,0,1,0.0434988257178837,3
2,2022-10-14,IVL,0.21086718529579368,0.0,0,1,0.044464969834570586,3
2,2022-10-14,IVL,0.3914160670695803,1.0,0,0,0.37037440342105754,3
2,2022-10-14,IVL,0.39287300304427786,0.0,0,1,0.15434919652102916,3
2,2022-10-15,IVL,0.6366457159302634,0.0,1,0,0.40531776761235766,3
2,2022-10-15,IVL,0.41433149452397927,0.0,0,1,0.17167058735447427,3
2,2022-10-15,IVL,0.5024158550338393,0.0,1,0,0.25242169138938386,3
2,2022-10-15,IJL,0.2873412204913566,0.0,0,1,0.0825649769934624,3
2,2022-10-15,IJL,0.31979078504969705,0.0,0,1,0.10226614620270154,3
2,2022-10-15,IJL,0.5424298464077326,1.0,1,1,0.20937044545845115,3
2,2022-10-16,IJL,0.627765435709257,1.0,1,1,0.13855857085271928,3
2,2022-10-16,IJL,0.7600522018292215,1.0,1,1,0.05757494584700465,3
2,2022-10-16,IJL,0.5012153605205666,0.0,1,0,0.25121683762176156,3
2,2022-10-16,IVL,0.5346955478069406,1.0,1,1,0.21650823323068308,3
2,2022-10-16,IVL,0.4966402324031899,0.0,0,1,0.24665152044149447,3
2,2022-10-16,IVL,0.2911889787609071,0.0,0,1,0.08479102135182001,3
2,2022-10-21,IVL,0.3603787171945798,0.0,0,1,0.12987281980681092,3
2,2022-10-21,IVL,0.3719076764935233,1.0,0,0,0.39449996684776456,3
2,2022-10-21,IVL,0.2984099737151453,0.0,0,1,0.08904851241267372,3
2,2022-10-22,IJL,0.4494766095991125,1.0,0,0,0.303076003378488,3
2,2022-10-22,IJL,0.38375855195047803,1.0,0,0,0.3797535222941717,3
2,2022-10-22,IJL,0.45503975290685283,0.0,0,1,0.20706117672552968,3
2,2022-10-22,IVL,0.44697156961100654,0.0,0,1,0.19978358404052687,3
2,2022-10-22,IVL,0.6569175873993474,0.0,1,0,0.43154071663457916,3
2,2022-10-22,IVL,0.27975035480803817,0.0,0,1,0.07826026101522325,3
2,2022-10-23,IVL,0.5186911569710098,0.0,1,0,0.2690405163199247,3
2,2022-10-23,IVL,0.44307649658104,1.0,0,0,0.31016378866044836,3
2,2022-10-23,IVL,0.40654886766639864,0.0,0,1,0.16528198180083092,3
2,2022-10-23,IJL,0.7125551560027454,1.0,1,1,0.08262453834060601,3
2,2022-10-23,IJL,0.4411059189149147,0.0,0,1,0.1945744317017713,3
2,2022-10-23,IJL,0.5973823619299032,0.0,1,0,0.3568656863449499,3
2,2022-10-28,IVL,0.3191295831872878,1.0,0,0,0.46358452449071647,3
2,2022-10-28,IVL,0.5200634736978429,0.0,1,0,0.2704660166746669,3
2,2022-10-28,IVL,0.3965562156934707,1.0,0,0,0.364144400818185,3
2,2022-10-29,IJL,0.559337527618273,1.0,1,1,0.19418341456557628,3
2,2022-10-29,IJL,0.6405148303213384,0.0,1,0,0.4102592478615729,3
2,2022-10-29,IJL,0.7583385050618865,1.0,1,1,0.05840027813572386,3
2,2022-10-29,IVL,0.21719628296384913,0.0,0,1,0.04717422533331242,3
2,2022-10-29,IVL,0.5087973201110803,0.0,1,0,0.2588747129522171,3
2,2022-10-29,IVL,0.4153203126755737,1.0,0,0,0.34185033676978893,3
2,2022-10-30,IVL,0.24913114335872846,0.0,0,1,0.062066326591227315,3
2,2022-10-30,IVL,0.39254883851860045,0.0,0,1,0.15409459062230224,3
2,2022-10-30,IJL,0.5654703199864743,1.0,1,1,0.188816042812657,3
2,2022-10-30,IJL,0.20534394748042611,0.0,0,1,0.042166136766844,3
2,2022-10-30,IJL,0.6702503177273461,1.0,1,1,0.10873485295891619,3
2,2022-11-04,IVL,0.793550588040342,1.0,1,1,0.0426213596984886,3
2,2022-11-04,IVL,0.6033213245241803,0.0,1,0,0.3639966206256113,3
2,2022-11-04,IVL,0.7081931275425551,1.0,1,1,0.08515125081339549,3
2,2022-11-05,IVL,0.4139152162292635,0.0,0,1,0.17132580622611798,3
2,2022-11-05,IVL,0.811320245924116,1.0,1,1,0.03560004959813606,3
2,2022-11-05,IVL,0.5910222315196282,1.0,1,1,0.1672628151111846,3
2,2022-11-05,IJL,0.7125580310759958,1.0,1,1,0.0826228854989082,3
2,2022-11-05,IJL,0.5506816010885391,0.0,1,0,0.30325022577743693,3
2,2022-11-05,IJL,0.45032327734942035,0.0,0,1,0.20279105412272297,3
2,2022-11-06,IJL,0.46266422736872526,0.0,0,1,0.2140581872866995,3
2,2022-11-06,IJL,0.2874419689240041,1.0,0,0,0.5077389476509,3
2,2022-11-06,IVL,0.6126912594253993,1.0,1,1,0.15000806052548338,3
2,2022-11-06,IVL,0.6088503109997174,1.0,1,1,0.1529980792050178,3
2,2022-11-06,IJL,0.5496767226505795,0.0,1,0,0.30214449942388216,3
2,2022-11-06,IVL,0.4280933172274554,0.0,0,1,0.18326388825480677,3
2,2022-11-11,IVL,0.638189658828616,1.0,1,1,0.1309067229785533,3
2,2022-11-11,IVL,0.6832018504414861,1.0,1,1,0.10036106756369856,3
2,2022-11-11,IVL,0.5550258599924345,0.0,1,0,0.3080537052603415,3
2,2022-11-12,IJL,0.3951948220443031,0.0,0,1,0.1561789473706284,3
2,2022-11-12,IJL,0.7968052938329846,1.0,1,1,0.04128808861429973,3
2,2022-11-12,IJL,0.4888636614880854,0.0,0,1,0.23898767952353736,3
2,2022-11-12,IVL,0.5467375561383034,0.0,1,0,0.2989219552920845,3
2,2022-11-12,IVL,0.6074131475857956,1.0,1,1,0.15412443668849232,3
2,2022-11-12,IVL,0.6280923235064766,1.0,1,1,0.13831531983481127,3
2,2022-11-13,IVL,0.2582415025430777,1.0,0,0,0.5502056685495509,3
2,2022-11-13,IVL,0.7126467953843416,0.0,1,0,0.5078654549715717,3
2,2022-11-13,IVL,0.28890331998262175,0.0,0,1,0.08346512829698113,3
2,2022-11-13,IJL,0.3225566510503828,0.0,0,1,0.10404279313683841,3
2,2022-11-13,IJL,0.4406624723817269,0.0,0,1,0.19418341456557622,3
2,2022-11-13,IJL,0.24166149493811356,0.0,0,1,0.05840027813572389,3
2,2022-11-18,IVL,0.7154478517472826,1.0,1,1,0.08096992507523644,3
2,2022-11-18,IVL,0.6068392485912986,1.0,1,1,0.15457537644825473,3
2,2022-11-18,IVL,0.33756607620401646,1.0,0,0,0.4388187033957429,3
2,2022-11-19,IVL,0.4425284941237647,0.0,0,1,0.19583146811144686,3
2,2022-11-19,IVL,0.6138244267160051,1.0,1,1,0.1491315734012221,3
2,2022-11-19,IVL,0.6836299886656452,0.0,1,0,0.4673499614029901,3
2,2022-11-19,IJL,0.31761616215716093,0.0,0,1,0.10088002646344395,3
2,2022-11-19,IJL,0.5432187526264812,0.0,1,0,0.2950866132050702,3
2,2022-11-19,IJL,0.3965720662140403,1.0,0,0,0.3641252712731926,3
2,2022-11-20,IVL,0.4599540385888221,1.0,0,0,0.2916496404365234,3
2,2022-11-20,IVL,0.37129270791145463,0.0,0,1,0.13785827494822075,3
2,2022-11-20,IVL,0.47251375574297527,0.0,0,1,0.2232692493663321,3
2,2022-11-20,IJL,0.5022457569115719,0.0,1,0,0.2522508003356778,3
2,2022-11-20,IJL,0.5556857574515244,1.0,1,1,0.19741514613142563,3
2,2022-11-20,IJL,0.6261790202065222,0.0,1,0,0.3921001653468001,3
2,2022-11-25,IVL,0.3283539822510213,1.0,0,0,0.4511083731580614,3
2,2022-11-25,IVL,0.22791567482993716,1.0,0,0,0.5961142051733114,3
2,2022-11-25,IVL,0.3966786754758197,0.0,0,1,0.15735397157725067,3
2,2022-11-26,IJL,0.7126587795086436,1.0,1,1,0.08256497699346227,3
2,2022-11-26,IVL,0.41165503971958817,1.0,0,0,0.34614979228735937,3
2,2022-11-26,IJL,0.6661686963390432,0.0,1,0,0.4437807319820603,3
2,2022-11-26,IVL,0.5620275569348211,1.0,1,1,0.19181986088448139,3
2,2022-11-26,IVL,0.1886797540758839,0.0,0,1,0.03560004959813602,3
2,2022-11-27,IVL,0.3911496890002826,1.0,0,0,0.37069870120445264,3
2,2022-11-27,IVL,0.4230771270364384,1.0,0,0,0.3328400013485298,3
2,2022-11-27,IVL,0.6162058057778342,1.0,1,1,0.14729798351864148,3
2,2022-11-27,IJL,0.5039811110445469,1.0,1,1,0.24603473820060212,3
2,2022-11-27,IJL,0.4191003655982521,0.0,0,1,0.17564511644458855,3
2,2022-11-27,IJL,0.24389302687977843,0.0,0,1,0.059483808560580324,3
2,2022-12-02,IVL,0.5747381086531254,1.0,1,1,0.18084767623192102,3
2,2022-12-02,IVL,0.6808704168127122,1.0,1,1,0.10184369086529203,3
2,2022-12-03,IVT,0.5,0.0,0,1,0.25,3
2,2022-12-03,IVT,0.47223755608729967,1.0,0,0,0.27853319720470615,3
2,2022-12-03,IVT,0.5087177693699378,0.0,1,0,0.25879376887272526,3
2,2022-12-03,IVL,0.5061293347832776,1.0,1,1,0.2439082339616079,3
2,2022-12-03,IVL,0.8047853788598092,1.0,1,1,0.03810874830690824,3
2,2022-12-03,IVT,0.6615222853834196,1.0,1,1,0.11456716329206323,3
2,2022-12-03,IVL,0.5558380258720527,1.0,1,1,0.19727985926123537,3
2,2022-12-04,IVT,0.5084216776880798,0.0,1,0,0.2584926023431617,3
2,2022-12-04,IVL,0.7270754803018713,1.0,1,1,0.07448779345245424,3
2,2022-12-04,IVT,0.6615222853834197,0.0,1,0,0.43761173405890263,3
2,2022-12-04,IVT,0.33847771461658016,0.0,0,1,0.11456716329206308,3
2,2022-12-04,IVL,0.609884993767682,0.0,1,0,0.3719597056230055,3
2,2022-12-04,IVL,0.7064788205452829,1.0,1,1,0.08615468278848826,3
2,2022-12-04,IVT,0.48961725242795656,0.0,0,1,0.23972505387510135,3
2,2022-12-09,IVL,0.5068224615168911,0.0,1,0,0.2568690074980406,3
2,2022-12-09,IVL,0.6337386379875118,0.0,1,0,0.40162466127826657,3
2,2022-12-09,IVL,0.4632831639430782,1.0,0,0,0.28806496210695265,3
2,2022-12-10,IVL,0.4846253361059394,1.0,0,0,0.26561104418391596,3
2,2022-12-10,IVL,0.38943931960055667,0.0,0,1,0.15166298365094452,3
2,2022-12-10,IVL,0.7088110212390928,1.0,1,1,0.08479102135182007,3
2,2022-12-10,IVT,0.44250620244167704,1.0,0,0,0.3107993343160004,3
2,2022-12-10,IVT,0.503912760788897,0.0,1,0,0.25392807048588817,3
2,2022-12-11,IVT,0.5435548674655344,0.0,1,0,0.29545189394547466,3
2,2022-12-11,IVL,0.6309365665331768,0.0,1,0,0.3980809509886738,3
2,2022-12-11,IVL,0.7676489707434573,1.0,1,1,0.05398700079657477,3
2,2022-12-11,IVL,0.6085839329304195,1.0,1,1,0.15320653756021838,3
2,2022-12-11,IVT,0.33089768864804636,1.0,0,0,0.4476979030565267,3
2,2022-12-22,IJL,0.39285977221514023,0.0,0,1,0.15433880062493188,3
2,2022-12-22,IJL,0.5129104411955503,1.0,1,1,0.23725623829631348,3
2,2022-12-23,IJL,0.440762899778722,0.0,0,1,0.19427193382134775,5
2,2022-12-23,IJL,0.6823838378428392,0.0,1,0,0.4656477021491222,3
2,2022-12-24,IJL,0.7126587795086436,1.0,1,1,0.08256497699346227,3
2,2022-12-24,IJL,0.5645896267943518,0.0,1,0,0.3187614466837854,5
2,2022-12-25,IJL,0.1389145558927202,0.0,0,1,0.019297253838871684,5
2,2022-12-25,IJL,0.45503975290685283,0.0,0,1,0.20706117672552968,3
2,2022-12-30,IVL,0.5128226896818238,1.0,1,1,0.2373417316888526,3
2,2022-12-30,IVL,0.6350993608293858,1.0,1,1,0.1331524764671228,5
2,2022-12-30,IVL,0.5467375561383034,1.0,1,1,0.20544684301547764,3
2,2022-12-31,IVL,0.48462533610593933,1.0,0,0,0.26561104418391596,3
2,2022-12-31,IVL,0.6998057284090904,0.0,1,0,0.4897280575141776,5
2,2023-01-01,IVL,0.4041849974670304,0.0,0,1,0.16336551217742337,5
2,2023-01-01,IVL,0.3750760875563419,0.0,0,1,0.14068207145657266,3
2,2023-01-02,IVL,0.33756607620401646,1.0,0,0,0.4388187033957429,3
2,2023-02-17,COA,0.3161508426977506,0.0,0,1,0.09995135533849786,3
2,2023-02-17,COA,0.5355803529411337,1.0,1,1,0.21568560857428193,3
2,2023-02-17,COA,0.5,0.0,0,1,0.25,3
2,2023-02-17,COA,0.3908434496703347,0.0,0,1,0.15275860215020745,3
2,2023-02-18,COA,0.516211886503585,0.0,1,0,0.2664747117675901,3
2,2023-02-18,COA,0.5109769802400344,1.0,1,1,0.23914351385515575,3
2,2023-02-18,COA,0.4342802948534124,1.0,0,0,0.32003878479114206,3
2,2023-02-18,COA,0.5293521654671752,1.0,1,1,0.2215093841504372,3
2,2023-02-18,COA,0.5070647309919697,1.0,1,1,0.2429851794320192,3
2,2023-02-18,COA,0.5529579366928157,1.0,1,1,0.1998466063659446,3
2,2023-02-19,COA,0.49074368556001746,0.0,0,1,0.2408293649170293,3
2,2023-02-19,COA,0.6615276071383469,0.0,1,0,0.43761877500618707,3
2,2023-02-19,COA,0.4148506326892928,0.0,0,1,0.17210104744270652,3
2,2023-02-19,COA,0.5659953336423962,0.0,1,0,0.32035071770496737,3
2,2023-02-19,COA,0.27760201595250933,0.0,0,1,0.07706287926089725,3
2,2023-02-19,COA,0.504956769270062,1.0,1,1,0.2450678002915347,3
2,2023-02-19,COA,0.4913318329026135,1.0,0,0,0.25874330421821473,3
2,2023-02-19,COA,0.6083071078692822,1.0,1,1,0.15342332174572612,3
2,2023-02-24,COA,0.5243357224429981,0.0,1,0,0.2749279498298207,3
2,2023-02-24,COA,0.5421286800364215,1.0,1,1,0.2096461456451897,3
2,2023-02-24,COA,0.5018479169463308,0.0,1,0,0.2518513317433713,3
2,2023-02-24,COA,0.4922025385522906,1.0,0,0,0.25785826185273797,3
2,2023-02-25,COA,0.5811453171907763,0.0,1,0,0.337729879692768,3
2,2023-02-25,COA,0.5102776172888066,0.0,1,0,0.26038324670594176,3
2,2023-02-25,COA,0.47994260913617376,0.0,0,1,0.23034490806443805,3
2,2023-02-25,COA,0.3451087398304349,0.0,0,1,0.11910004230735079,3
2,2023-02-25,COA,0.44677556283585573,0.0,0,1,0.19960840354729567,3
2,2023-02-25,COA,0.5955883212632401,1.0,1,1,0.16354880589868429,3
2,2023-02-26,COA,0.5606038635089192,0.0,1,0,0.31427669178112694,3
2,2023-02-26,COA,0.4557296312897214,1.0,0,0,0.2962302342560226,3
2,2023-02-26,COA,0.4964480578313909,1.0,0,0,0.2535645584617782,3
2,2023-02-26,COA,0.6159573180054347,1.0,1,1,0.14748878159357878,3
2,2023-02-26,COA,0.4305768773549836,0.0,0,1,0.1853964473127686,3
2,2023-02-26,COA,0.5320643289783382,1.0,1,1,0.21896379221449289,3
2,2023-02-26,COA,0.5711493391218572,0.0,1,0,0.3262115675793342,3
2,2023-02-26,COA,0.4802593490448035,1.0,0,0,0.2701303442553314,3
2,2023-02-26,COA,0.504005142572816,0.0,1,0,0.2540211837398446,3
2,2023-03-03,COA,0.5132744377016248,0.0,1,0,0.26345064839791915,3
2,2023-03-03,COA,0.35716908610263065,0.0,0,1,0.12756975606738838,3
2,2023-03-04,COA,0.28455214825271746,1.0,0,0,0.5118656285698016,3
2,2023-03-04,COA,0.48949291720575894,1.0,0,0,0.2606174815830861,3
2,2023-03-04,COA,0.4922633694630449,1.0,0,0,0.2577964859890204,3
2,2023-03-04,COA,0.453598703925851,0.0,0,1,0.20575178420321183,3
2,2023-03-04,COA,0.5,1.0,0,0,0.25,3
2,2023-03-05,COA,0.42235077503994994,1.0,0,0,0.33367862709694646,3
2,2023-03-05,COA,0.38361680921426033,0.0,0,1,0.1471618563117302,3
2,2023-03-05,COA,0.7008676616234458,1.0,1,1,0.08948015586262531,3
2,2023-03-05,COA,0.5907012507677329,1.0,1,1,0.16752546612309824,3
2,2023-03-05,COA,0.4354544596437143,1.0,0,0,0.3187116671361706,3
2,2023-03-05,COA,0.6195967084907252,1.0,1,1,0.14470666419109027,3
2,2023-03-05,COA,0.5832231569529355,1.0,1,1,0.17370293690027747,3
2,2023-03-11,COA,0.6079255742358024,1.0,1,1,0.1537223553383253,3
2,2023-03-11,COA,0.22791567482993716,0.0,0,1,0.05194555483318565,3
2,2023-03-11,COA,0.2991323383765542,0.0,0,1,0.08948015586262531,3
2,2023-03-11,COA,0.36872404559040484,0.0,0,1,0.13595742179655496,3
2,2023-03-12,COA,0.5052894324789423,1.0,1,1,0.24473854561700698,3
2,2023-03-12,COA,0.4727577063440346,1.0,0,0,0.2779844362196033,3
2,2023-03-12,COA,0.5399674031047401,1.0,1,1,0.21162999020619666,3
2,2023-03-12,COA,0.4821747037236408,0.0,0,1,0.23249244491098078,3
2,2023-03-17,COA,0.5,1.0,0,0,0.25,3
2,2023-03-17,COA,0.5049389336972347,0.0,1,0,0.2549633267633004,3
2,2023-03-17,COA,0.6033071375529613,0.0,1,0,0.36397950222234776,3
2,2023-03-18,COA,0.2926526679681025,0.0,0,1,0.08564558406884847,3
2,2023-03-18,COA,0.5177304648228207,1.0,1,1,0.23258390456001257,3
2,2023-03-18,COA,0.3430824126006525,0.0,0,1,0.11770554183588434,3
2,2023-03-19,COA,0.47617344239320564,1.0,0,0,0.2743942624541843,3
2,2023-03-19,COA,0.6657960299093479,1.0,1,1,0.11169229362435346,3
2,2023-03-19,COA,0.28052198290029157,0.0,0,1,0.07869258289031147,3
2,2023-03-19,COA,0.5796192068480435,0.0,1,0,0.335958424947155,3
2,2023-03-25,COA,0.4692345488185089,1.0,0,0,0.2817119641678918,3
2,2023-03-25,COA,0.671707776844604,1.0,1,1,0.10777578378431231,3
2,2023-03-25,COA,0.5160477904296101,1.0,1,1,0.23420974114806256,3
2,2023-03-25,COA,0.4778150606593929,1.0,0,0,0.27267711087415347,3
2,2023-03-26,COA,0.5397380051724758,0.0,1,0,0.29131711422756357,3
2,2023-03-26,COA,0.7073473320318977,1.0,1,1,0.08564558406884833,3
2,2023-03-26,COA,0.4532580849272114,1.0,0,0,0.2989267216974604,3
2,2023-04-07,COA,0.39673140611369606,0.0,0,1,0.15739580859695043,3
2,2023-04-07,COA,0.6855177262422502,0.0,1,0,0.46993455299234466,3
2,2023-04-07,COA,0.6705402405065184,1.0,1,1,0.10854373312550275,3
2,2023-04-07,COA,0.6569359082338166,1.0,1,1,0.11769297105935628,3
2,2023-04-08,COA,0.7194780170997082,1.0,1,1,0.07869258289031163,3
2,2023-04-08,COA,0.49156272594067085,0.0,0,1,0.2416339135342231,3
2,2023-04-08,COA,0.5301972331732263,1.0,1,1,0.22071463971809188,3
2,2023-04-08,COA,0.7096232764934367,0.0,1,0,0.5035651945412806,3
2,2023-04-09,COA,0.5550140866815921,0.0,1,0,0.30804063641500185,3
2,2023-04-09,COA,0.49881277918273936,1.0,0,0,0.25118863031052957,3
2,2023-04-09,COA,0.5485422904241515,1.0,1,1,0.20381406353547118,3
2,2023-04-09,COA,0.43073634488826223,1.0,0,0,0.3240611090311756,3
2,2023-04-10,COA,0.2784836012851949,0.0,0,1,0.0775531161847714,3
2,2023-04-10,COA,0.3191295831872878,0.0,0,1,0.10184369086529203,3
2,2023-04-10,COA,0.6433559074891404,1.0,1,1,0.12719500872289458,3
2,2023-04-10,COA,0.35155112724175164,0.0,0,1,0.12358819506494625,3
2,2023-04-11,COA,0.6005944010513407,1.0,1,1,0.15952483247153731,3
2,2023-04-11,COA,0.5032399645304264,1.0,1,1,0.24677053283973202,3
2,2023-04-11,COA,0.6057585009090476,0.0,1,0,0.3669433614235766,3
2,2023-04-11,COA,0.2406784817689958,0.0,0,1,0.05792613158662885,3
2,2023-04-14,COA,0.36437092802111526,0.0,0,1,0.13276617318696876,3
2,2023-04-14,COA,0.4260401520406878,0.0,0,1,0.18151021115085236,3
2,2023-04-14,COA,0.49303484746666515,0.0,0,1,0.24308336081647777,3
2,2023-04-14,COA,0.24363694474724326,0.0,0,1,0.05935896084577127,3
2,2023-04-15,COA,0.19102106435499372,0.0,0,1,0.036489047027314654,3
2,2023-04-15,COA,0.4648670206520237,1.0,0,0,0.28636730558584167,3
2,2023-04-15,COA,0.28838190875438474,0.0,0,1,0.08316412529682228,3
2,2023-04-15,COA,0.4441619741279472,0.0,0,1,0.19727985926123526,3
2,2023-04-16,COA,0.5723095374058305,1.0,1,1,0.18291913179401473,3
2,2023-04-16,COA,0.5822425768593654,0.0,1,0,0.33900641830783407,3
2,2023-04-16,COA,0.5756447922689403,1.0,1,1,0.18007734232847086,3
2,2023-04-16,COA,0.4049734985244555,0.0,0,1,0.16400353450713717,3
2,2023-04-17,COA,0.8182559671265575,1.0,1,1,0.03303089348510296,3
2,2023-04-17,COA,0.5494641478772574,0.0,1,0,0.30191084980248056,3
2,2023-04-17,COA,0.34426393778129305,0.0,0,1,0.11851765885668201,3
2,2023-04-17,COA,0.7611145282872065,1.0,1,1,0.057066268595443864,3
2,2023-04-18,COA,0.3303810130956585,0.0,0,1,0.10915161381411366,3
2,2023-04-18,COA,0.44806887113874855,1.0,0,0,0.3046279710060553,3
2,2023-04-18,COA,0.5806265684276164,0.0,1,0,0.3371272119640295,3
2,2023-04-18,COA,0.600662705162101,0.0,1,0,0.36079568537265305,3
2,2023-04-30,COA,0.6570576790460783,1.0,1,1,0.11760943550126267,3
2,2023-04-30,COA,0.5159545899515017,0.0,1,0,0.26620913889202225,3
2,2023-04-30,COA,0.4230771270364384,0.0,0,1,0.17899425542140665,3
2,2023-04-30,COA,0.8437336318027362,0.0,1,0,0.7118864414350352,3
2,2023-05-01,COA,0.772084325170063,1.0,1,1,0.05194555483318559,3
2,2023-05-01,COA,0.35885829339361197,0.0,0,1,0.1287792747373757,3
2,2023-05-01,COA,0.3966786754758197,1.0,0,0,0.3639966206256113,3
2,2023-05-01,COA,0.697198665533882,0.0,1,0,0.48608597922222585,3
2,2023-05-02,COA,0.5494641478772574,1.0,1,1,0.2029825540479658,3
2,2023-05-02,COA,0.41920992375989846,0.0,0,1,0.17573696017877988,3
2,2023-05-03,COA,0.6129222076555794,1.0,1,1,0.14982921732623042,5
2,2023-05-03,COA,0.610560680399443,1.0,1,1,0.15166298365094477,3
2,2023-06-09,IVL,0.4035573425926485,1.0,0,0,0.3557438435751432,3
2,2023-06-09,IVL,0.5499230452219883,0.0,1,0,0.302415355666225,3
2,2023-06-10,IJL,0.5426533604177747,0.0,1,0,0.29447266957270324,3
2,2023-06-10,IJL,0.554290147715002,0.0,1,0,0.3072375678539187,3
2,2023-06-10,IJL,0.6489297819518386,1.0,1,1,0.12325029800038359,3
2,2023-06-10,IVL,0.4153123210204722,0.0,0,1,0.17248432399141178,3
2,2023-06-10,IVL,0.47356036854821404,0.0,0,1,0.2242594226595203,3
2,2023-06-10,IVL,0.46959745397481256,0.0,0,1,0.2205217687796262,3
2,2023-06-11,IVL,0.5357963869430069,1.0,1,1,0.21548499437516658,3
2,2023-06-11,IVL,0.49412573485309347,1.0,0,0,0.25590877213792274,3
2,2023-06-11,IVL,0.666134922108629,1.0,1,1,0.11146589023541122,3
2,2023-06-11,IJL,0.6959529922848667,0.0,1,0,0.4843505674702598,3
2,2023-06-11,IJL,0.3748475710950563,0.0,0,1,0.1405107015558633,3
2,2023-06-11,IJL,0.5165620171503398,1.0,1,1,0.23371228326174837,3
2,2023-06-16,IVL,0.45937424816095884,1.0,0,0,0.2922762035515285,3
2,2023-06-16,IVL,0.5094448386439524,1.0,1,1,0.24064436633305789,3
2,2023-06-16,IVL,0.4681633947313012,1.0,0,0,0.28285017470373375,3
2,2023-06-17,IJL,0.5019823810872364,0.0,1,0,0.2519863109220114,3
2,2023-06-17,IVL,0.537995248341175,0.0,1,0,0.2894388872376825,3
2,2023-06-17,IVL,0.6829109825167428,1.0,1,1,0.10054544500849742,3
2,2023-06-17,IVL,0.5849881092814067,1.0,1,1,0.17223486943782165,3
2,2023-06-17,IJL,0.4964208875137718,0.0,0,1,0.24643369755996086,3
2,2023-06-17,IJL,0.6544602708631333,1.0,1,1,0.11939770441197921,3
2,2023-06-18,IJL,0.5781340474058683,1.0,1,1,0.1779708819581542,3
2,2023-06-18,IJL,0.3214769786961837,1.0,0,0,0.4603934904392591,3
2,2023-06-18,IJL,0.47359511127007886,0.0,0,1,0.22429232941891838,3
2,2023-06-18,IVL,0.4288595504650822,0.0,0,1,0.18392051402511236,3
2,2023-06-18,IVL,0.5991827808995709,1.0,1,1,0.1606544431274014,3
2,2023-06-18,IVL,0.6131565925383486,1.0,1,1,0.14964782189654122,3
2,2023-06-22,IVL,0.39824058772722887,0.0,0,1,0.15859556571332867,3
2,2023-06-22,IVL,0.5711660068975455,1.0,1,1,0.183898593640196,3
2,2023-06-22,IVL,0.48125594681427036,0.0,0,1,0.23160728634409983,3
2,2023-06-23,IVL,0.4813246908451251,0.0,0,1,0.23167345801715525,3
3,2023-06-23,IVL,0.6283894703922721,1.0,1,1,0.138094385715336,3
3,2023-06-23,IVL,0.531625933573872,0.0,1,0,0.28262613324829094,3
3,2023-06-24,IVT,0.47561748151958333,0.0,0,1,0.2262119887270312,3
3,2023-06-24,IVT,0.46724799049360916,0.0,0,1,0.21832068462031587,3
3,2023-06-24,IVT,0.4015749429293556,0.0,0,1,0.1612624347887152,3
3,2023-06-24,IVT,0.4470324440997642,0.0,0,1,0.19983800607780883,3
3,2023-06-24,IVT,0.5768381420982747,1.0,1,1,0.17906595798283997,3
3,2023-06-24,IVT,0.5227417211472916,1.0,1,1,0.22777546473344962,3
3,2023-06-24,IVT,0.4592753325416429,0.0,0,1,0.21093383108123664,3
3,2023-06-24,IJL,0.37464728418436044,0.0,0,1,0.14036058754671693,3
3,2023-06-24,IJL,0.7663938059835216,1.0,1,1,0.054571853882864556,3
3,2023-06-24,IVL,0.3141237013215355,0.0,0,1,0.09867369973194125,3
3,2023-06-24,IVL,0.6367135435689106,1.0,1,1,0.1319770494262578,3
3,2023-06-24,IVL,0.5363577583645794,1.0,1,1,0.21496412822871772,3
3,2023-06-24,IJL,0.6613380892350753,1.0,1,1,0.11469188980294981,3
3,2023-06-25,IVT,0.5197211813597697,0.0,1,0,0.2701101063539947,3
3,2023-06-25,IVT,0.494631334746335,1.0,0,0,0.2553974878202709,3
3,2023-06-25,IVT,0.5315849031637327,1.0,1,1,0.21941270294412962,3
3,2023-06-25,IVT,0.5816405204607786,1.0,1,1,0.1750246541203282,3
3,2023-06-25,IJL,0.25280645422267944,0.0,0,1,0.06391110329664372,3
3,2023-06-25,IJL,0.5252872980092956,0.0,1,0,0.2759267454499066,3
3,2023-06-25,IJL,0.5043068795477897,1.0,1,1,0.24571166966364943,3
3,2023-06-25,IVT,0.6196377689336812,1.0,1,1,0.14467542682174772,3
3,2023-06-30,IVL,0.5369908390678959,0.0,1,0,0.2883591612428429,3
3,2023-06-30,IVL,0.56843126399357,1.0,1,1,0.18625157389818764,3
3,2023-06-30,IVL,0.3816823117541678,1.0,0,0,0.38231676359767014,3
3,2023-07-01,IVL,0.6280312065644085,0.0,1,0,0.3944231964187467,3
3,2023-07-01,IJL,0.5884080958317928,0.0,1,0,0.3462240872403962,3
3,2023-07-01,IJL,0.33467644720013956,1.0,0,0,0.44265542991022866,3
3,2023-07-01,IVL,0.5362139137580078,1.0,1,1,0.21509753379166466,3
3,2023-07-01,IVL,0.30829191864663696,0.0,0,1,0.09504390710282462,3
3,2023-07-01,IJL,0.6822389594690839,1.0,1,1,0.10097207887929054,3
3,2023-07-02,IJL,0.32609193450972007,0.0,0,1,0.10633594975229156,3
3,2023-07-02,IVL,0.417818723902616,0.0,0,1,0.17457248604361045,3
3,2023-07-02,IVL,0.46897596601568514,0.0,0,1,0.21993845670034506,3
3,2023-07-02,IJL,0.33866191076492447,0.0,0,1,0.11469188980294966,3
3,2023-07-02,IJL,0.5745462204096754,1.0,1,1,0.1810109185676925,3
3,2023-07-07,IJL,0.38619055346209785,1.0,0,0,0.37676203665916574,3
3,2023-07-07,IJL,0.6030156492330746,1.0,1,1,0.15759657475383726,3
3,2023-07-07,IJL,0.372851210808223,1.0,0,0,0.39331560378471203,3
3,2023-07-07,IVL,0.4774514313007421,0.0,0,1,0.22795986925112724,3
3,2023-07-07,IVL,0.5342518155012608,0.0,1,0,0.2854250023663932,3
3,2023-07-07,IVL,0.2954949794339484,1.0,0,0,0.49632732400277274,3
3,2023-07-08,IVT,0.48927222625332134,0.0,0,1,0.23938731138288127,3
3,2023-07-08,IVT,0.34248441405223745,0.0,0,1,0.11729557386870443,3
3,2023-07-08,IVT,0.5025564972483707,1.0,1,1,0.24745003842981023,3
3,2023-07-08,IJL,0.27316063587118544,0.0,0,1,0.07461673298955036,3
3,2023-07-08,IVT,0.40731285550562696,1.0,0,0,0.3512780512488939,3
3,2023-07-08,IJL,0.4956931204522102,0.0,0,1,0.24571166966364938,3
3,2023-07-08,IVL,0.624804937888956,0.0,1,0,0.3903812104104221,3
3,2023-07-08,IVL,0.37222252757031177,0.0,0,1,0.1385496100308315,3
3,2023-07-08,IJL,0.5395788610367304,0.0,1,0,0.2911453472776952,3
3,2023-07-09,IVT,0.505179082410339,1.0,1,1,0.24484774048427405,3
3,2023-07-09,IVT,0.3816829856329196,0.0,0,1,0.1456819015216595,3
3,2023-07-09,IVT,0.5076150169355285,1.0,1,1,0.2424429715473999,3
3,2023-07-09,IVT,0.6333392757693992,1.0,1,1,0.1344400866933087,3
3,2023-07-09,IJL,0.5812790405005289,1.0,1,1,0.1753272419241577,3
3,2023-07-09,IVL,0.5043317818922872,0.0,1,0,0.25435054622664954,3
3,2023-07-09,IJL,0.5863684334679806,1.0,1,1,0.17109107283173236,3
3,2023-07-09,IVL,0.527198478293283,1.0,1,1,0.22354127892818715,3
3,2023-07-09,IVL,0.5908350214624833,1.0,1,1,0.16741597966160646,3
3,2023-07-09,IJL,0.6480595897622756,0.0,1,0,0.41998123188284897,3
3,2023-07-14,IJL,0.5295252553742025,0.0,1,0,0.28039699607911434,3
3,2023-07-14,IJL,0.29326854384186923,0.0,0,1,0.08600643880713038,3
3,2023-07-14,IJL,0.7302614976343524,1.0,1,1,0.07275885965846246,3
3,2023-07-14,IVL,0.46411025358826485,0.0,0,1,0.2153983274857635,3
3,2023-07-14,IVL,0.6764303336148416,1.0,1,1,0.1046973290046027,3
3,2023-07-14,IVL,0.5247288382928887,0.0,1,0,0.2753403537362046,3
3,2023-07-15,IVL,0.5575743743305335,0.0,1,0,0.3108891829100859,3
3,2023-07-15,IVL,0.3379489598276879,0.0,0,1,0.11420949944861622,3
3,2023-07-15,IVL,0.600904892148115,0.0,1,0,0.3610866894075378,3
3,2023-07-15,IJL,0.6727212240419963,0.0,1,0,0.4525538452765618,3
3,2023-07-15,IJL,0.44709984012553583,0.0,0,1,0.1998982670402797,3
3,2023-07-15,IJL,0.42047930803375877,0.0,0,1,0.17680284848454858,3
3,2023-07-16,IJL,0.5575859401782534,0.0,1,0,0.31090208068446673,3
3,2023-07-16,IJL,0.2317425989231524,0.0,0,1,0.05370463215565708,3
3,2023-07-16,IJL,0.6253527158156396,0.0,1,0,0.39106601917799605,3
3,2023-07-16,IVL,0.4091649785375167,1.0,0,0,0.3490860225865732,3
3,2023-07-16,IVL,0.49800053514725795,0.0,0,1,0.2480045330069553,3
3,2023-07-16,IVL,0.4684708339478396,1.0,0,0,0.2825232543641051,3
3,2023-07-21,IVL,0.5712998862586657,1.0,1,1,0.183783787521833,3
3,2023-07-21,IVL,0.3557416102951399,0.0,0,1,0.1265520932953792,3
3,2023-07-21,IVL,0.6540266360265279,1.0,1,1,0.11969756857912062,3
3,2023-07-22,IJL,0.4738929125709237,0.0,0,1,0.22457449258495313,3
3,2023-07-22,IJL,0.73218056990269,1.0,1,1,0.07172724713764793,3
3,2023-07-22,IJL,0.49709546826717677,0.0,0,1,0.24710390457176373,3
3,2023-07-22,IVL,0.5480848308658038,1.0,1,1,0.20422732009358913,3
3,2023-07-22,IVL,0.2561200248790786,0.0,0,1,0.06559746714405984,3
3,2023-07-23,IVL,0.5417935196745503,0.0,1,0,0.2935402179613373,3
3,2023-07-23,IVL,0.5775830409048575,1.0,1,1,0.17843608733118732,3
3,2023-07-23,IJL,0.37464728418436044,0.0,0,1,0.14036058754671693,3
3,2023-07-23,IJL,0.613809446537902,0.0,1,0,0.37676203665916563,3
3,2023-07-28,IVL,0.40660126145645537,0.0,0,1,0.16532458581798076,3
3,2023-07-28,IVL,0.2607266658934781,0.0,0,1,0.06797839430792935,3
3,2023-07-28,IVL,0.5815515246849301,0.0,1,0,0.33820217586336687,3
3,2023-07-29,IVC,0.46131354300710026,0.0,0,1,0.21281018496176374,3
3,2023-07-29,IJL,0.6374339757983706,1.0,1,1,0.13145412190537653,3
3,2023-07-29,IJL,0.5455221151406437,0.0,1,0,0.29759437810752176,5
3,2023-07-29,IVL,0.628742190502892,1.0,1,1,0.1378323611125909,3
3,2023-07-29,IVL,0.4979063325156754,1.0,0,0,0.25209805092785953,3
3,2023-07-29,IVL,0.6485440555393992,1.0,1,1,0.12352128089669291,3
3,2023-07-30,IVC,0.4636898944151674,1.0,0,0,0.2876285293524143,3
3,2023-07-30,IVL,0.61245899909792,1.0,1,1,0.15018802738018597,3
3,2023-07-30,IVL,0.48014338596512984,0.0,0,1,0.23053767108605966,3
3,2023-07-30,IVL,0.44268004612107115,1.0,0,0,0.31060553099161137,3
3,2023-07-30,IJL,0.3434131593209378,0.0,0,1,0.11793259799478781,5
3,2023-07-30,IVC,0.549038276215254,0.0,1,0,0.3014430287494176,3
3,2023-08-04,IVL,0.29843919989827683,0.0,0,1,0.08906595603592364,3
3,2023-08-04,IVL,0.5905663276138472,1.0,1,1,0.1676359320836115,3
3,2023-08-04,IVL,0.5580278278138637,1.0,1,1,0.1953394009869317,3
3,2023-08-05,IVL,0.31087420120402304,0.0,0,1,0.0966427689742394,3
3,2023-08-05,IVL,0.3533075181406682,0.0,0,1,0.12482620237471857,3
3,2023-08-05,IVL,0.37477459885296205,1.0,0,0,0.39090680223947455,3
3,2023-08-05,IVC,0.4132470865419172,0.0,0,1,0.17077315453538283,3
3,2023-08-05,IVC,0.48619076697681585,0.0,0,1,0.23638146189350445,3
3,2023-08-05,IVC,0.47177628680543826,0.0,0,1,0.22257286479192714,3
3,2023-08-05,IVC,0.4951754955116516,0.0,0,1,0.24519877135520968,3
3,2023-08-06,IVL,0.4521459050031492,0.0,0,1,0.20443591941111683,3
3,2023-08-06,IVC,0.5355354446059464,1.0,1,1,0.2157273232173959,3
3,2023-08-06,IVC,0.4822392961306118,0.0,0,1,0.2325547387325479,3
3,2023-08-06,IVL,0.4396667242553496,1.0,0,0,0.31397337990673047,3
3,2023-08-06,IVL,0.30448595320282573,0.0,0,1,0.09271169569783339,3
3,2023-08-11,IVL,0.618317688245832,0.0,1,0,0.38231676359766986,3
3,2023-08-11,IVL,0.6433495789927137,1.0,1,1,0.12719952280467456,3
3,2023-08-11,IVL,0.43156873600642975,1.0,0,0,0.32311410188532796,3
3,2023-08-12,IVL,0.7065896675258845,1.0,1,1,0.086089623202571,3
3,2023-08-12,IVL,0.7619161954065194,1.0,1,1,0.056683898009706635,3
3,2023-08-12,IVL,0.5877317443637443,1.0,1,1,0.16996511460536107,3
3,2023-08-13,IVL,0.4513672858103741,0.0,0,1,0.20373242669982394,3
3,2023-08-13,IVL,0.696711687297352,1.0,1,1,0.09198380062201919,3
3,2023-08-13,IVL,0.37200229305317506,0.0,0,1,0.13838570603682035,3
3,2023-08-24,IVL,0.7008785914832419,1.0,1,1,0.08947361703304926,3
3,2023-08-24,IVL,0.6550605421196872,1.0,1,1,0.11898322960276407,5
3,2023-08-24,IVL,0.4247465097525216,1.0,0,0,0.3309165780419057,5
3,2023-08-25,IVL,0.33794895982768797,1.0,0,0,0.43831157979324037,3
3,2023-08-25,IVL,0.44242562566946686,0.0,0,1,0.1957404342490192,3
3,2023-08-26,IVL,0.4247465097525216,1.0,0,0,0.3309165780419057,5
3,2023-08-26,IVC,0.4456502528304278,0.0,0,1,0.19860414784782424,5
3,2023-08-26,IVL,0.37200229305317506,0.0,0,1,0.13838570603682035,3
3,2023-08-27,IVL,0.571826264120403,1.0,1,1,0.18333274809709085,5
3,2023-08-27,IVC,0.43863224766396114,0.0,0,1,0.19239824869073854,3
3,2023-08-27,IVC,0.4389071276216717,0.0,0,1,0.19263946667710644,3
3,2023-09-28,IVS,0.6098299729519752,1.0,1,1,0.15223265000665642,3
3,2023-09-28,IVS,0.6084421358222274,0.0,1,0,0.3702018326439138,3
3,2023-09-28,IVS,0.7154198670471679,1.0,1,1,0.08098585207145162,3
3,2023-09-28,IVS,0.2712344940348339,0.0,0,1,0.07356815075433235,3
3,2023-09-29,IVS,0.23968712224917516,0.0,0,1,0.05744991657209104,5
3,2023-09-29,IVS,0.8294716710579307,1.0,1,1,0.029079910971774578,5
3,2023-09-30,IVS,0.4482924028661755,0.0,0,1,0.2009660784675294,3
3,2023-09-30,IVS,0.4091024601791742,1.0,0,0,0.3491599025663044,3
3,2023-10-13,IVL,0.44242562566946686,1.0,0,0,0.3108891829100855,3
3,2023-10-13,IVL,0.4411476146015214,1.0,0,0,0.31231598866556964,3
3,2023-10-13,IVL,0.6071693572625296,0.0,1,0,0.36865462839859336,3
3,2023-10-14,IVL,0.7821651683518569,1.0,1,1,0.047452013879174845,3
3,2023-10-14,IVL,0.3910302728511721,0.0,0,1,0.15290467428606208,3
3,2023-10-14,IVL,0.6876404582417002,1.0,1,1,0.09756848332745506,3
3,2023-10-15,IVL,0.4179413467888105,1.0,0,0,0.3387922757780238,3
3,2023-10-15,IVL,0.4587215983275452,1.0,0,0,0.2929823081170873,3
3,2023-10-15,IVL,0.3308741552272489,1.0,0,0,0.44772939614284774,3
3,2023-10-19,IVL,0.4095399632323773,1.0,0,0,0.34864305501962234,3
3,2023-10-19,IVL,0.7844365816181615,1.0,1,1,0.04646758734446353,3
3,2023-10-19,IVL,0.41405375652188664,0.0,0,1,0.17144051328988577,3
3,2023-10-20,IVL,0.33581603640163493,0.0,0,1,0.1127724103045042,3
3,2023-10-20,IVL,0.4676917242564783,1.0,0,0,0.2833521004250411,3
3,2023-10-20,IVL,0.6335298476065268,1.0,1,1,0.1343003725952955,3
3,2023-10-21,IVL,0.6860350705263648,1.0,1,1,0.09857397693938472,3
3,2023-10-21,IJL,0.3300131878955723,1.0,0,0,0.44888232839385367,3
3,2023-10-21,IVL,0.5242713462277037,1.0,1,1,0.2263177520200014,3
3,2023-10-21,IVL,0.6729890121124125,0.0,1,0,0.45291421042404084,3
3,2023-10-21,IJL,0.5070309391734769,1.0,1,1,0.24301849493218428,3
3,2023-10-22,IJL,0.5516225816881284,0.0,1,0,0.3042874726282759,3
3,2023-10-22,IJL,0.3810973756552992,0.0,0,1,0.14523520973135626,3
3,2023-10-22,IJL,0.6151805972531534,1.0,1,1,0.1480859727304397,3
3,2023-10-22,IVL,0.37874697620263187,1.0,0,0,0.3859553195773733,3
3,2023-10-22,IVL,0.6214812952921727,0.0,1,0,0.3862390003980367,3
3,2023-10-22,IVL,0.42310896521785246,0.0,0,1,0.17902119644772188,3
3,2023-10-26,IVL,0.4824408566023728,1.0,0,0,0.26786746691448565,3
3,2023-10-26,IVL,0.32791801015558436,1.0,0,0,0.4516942010732293,3
3,2023-10-27,IVL,0.47962659855514567,0.0,0,1,0.23004167404157885,3
3,2023-10-27,IVL,0.7848328168453178,1.0,1,1,0.04629691670672055,3
3,2023-10-27,IVL,0.38400009921303013,0.0,0,1,0.147456076195617,3
3,2023-10-28,IJL,0.4368397991147718,1.0,0,0,0.31714941186109064,3
3,2023-10-28,IJL,0.3803440745791268,1.0,0,0,0.3839734659091988,3
3,2023-10-28,IVL,0.404099493555202,0.0,0,1,0.16329640069157075,3
3,2023-10-28,IVL,0.44750425541959704,0.0,0,1,0.20026005861864796,3
3,2023-10-28,IVL,0.6534983777581984,1.0,1,1,0.12006337421620017,3
3,2023-10-29,IVL,0.6379434965593103,1.0,1,1,0.13108491168369818,3
3,2023-10-29,IVL,0.4941360020456445,1.0,0,0,0.25589838442636426,3
3,2023-10-29,IVL,0.3046207543681978,0.0,0,1,0.0927938039918499,3
3,2023-10-29,IJL,0.6521677738338219,1.0,1,1,0.12098725755971931,3
3,2023-10-29,IJL,0.6201173833501863,1.0,1,1,0.14431080243270933,3
3,2023-10-29,IJL,0.5784958045095907,0.0,1,0,0.3346573958351986,3
3,2023-11-02,IVL,0.318638609695459,1.0,0,0,0.46425334419773706,3
3,2023-11-02,IVL,0.40101858393365564,0.0,0,1,0.1608159046601544,3
3,2023-11-02,IVL,0.2916370673728747,0.0,0,1,0.08505217906585066,3
3,2023-11-03,IVL,0.6534505308465446,1.0,1,1,0.12009653457054174,3
3,2023-11-03,IVL,0.3688999476545043,0.0,0,1,0.136087171379496,3
3,2023-11-03,IVL,0.3816547905559671,0.0,0,1,0.14566037915431915,3
3,2023-11-04,IJL,0.6057410334132718,1.0,1,1,0.15544013273403487,3
3,2023-11-04,IVL,0.6800390261873024,1.0,1,1,0.10237502476316977,3
3,2023-11-04,IVL,0.5913129037142939,0.0,1,0,0.3496509500990298,3
3,2023-11-04,IJL,0.7233064439387449,1.0,1,1,0.07655932396582293,3
3,2023-11-04,IJL,0.505873205143953,1.0,1,1,0.24416128939471,3
3,2023-11-05,IJL,0.6281317316540938,1.0,1,1,0.13828600900258295,3
3,2023-11-05,IJL,0.24036806644449127,0.0,0,1,0.057776807366263366,3
3,2023-11-05,IJL,0.4989413818800704,0.0,0,1,0.24894250255239428,3
3,2023-11-05,IVL,0.5828027710690175,1.0,1,1,0.17405352782769065,3
3,2023-11-05,IVL,0.5029322555409756,1.0,1,1,0.24707634258158193,3
3,2023-11-05,IVL,0.4035237377749265,0.0,0,1,0.16283140694784765,3
3,2023-11-10,IVL,0.49529095530626555,1.0,0,0,0.25473121979566204,3
3,2023-11-10,IVL,0.6953792456318022,0.0,1,0,0.4835522952554543,3
3,2023-11-10,IVL,0.6807248001507974,1.0,1,1,0.10193665323874826,3
3,2023-11-11,IJL,0.522882644784123,1.0,1,1,0.2276409706481933,3
3,2023-11-11,IJL,0.5586855678491209,0.0,1,0,0.3121295637228947,3
3,2023-11-11,IJL,0.7082439997838123,1.0,1,1,0.08512156366214815,3
3,2023-11-11,IVL,0.4086870962857061,0.0,0,1,0.167025142670442,3
3,2023-11-11,IVL,0.4738190355161785,1.0,0,0,0.2768664073851247,3
3,2023-11-11,IVL,0.5637928113332883,1.0,1,1,0.19027671144451622,3
3,2023-11-12,IVL,0.6041804080335437,1.0,1,1,0.15667314938449198,3
3,2023-11-12,IVL,0.5210108502400608,1.0,1,1,0.2294306055877495,3
3,2023-11-12,IVL,0.5964762622250737,1.0,1,1,0.1628314069478475,3
3,2023-11-12,IJL,0.4904241554738115,1.0,0,0,0.25966754132457814,3
3,2023-11-12,IJL,0.3888826476686654,0.0,0,1,0.15122971365779136,3
3,2023-11-12,IJL,0.27604373151913003,0.0,0,1,0.07620014171100555,3
3,2023-11-17,IVL,0.40219185456711626,0.0,0,1,0.16175828788013638,3
3,2023-11-17,IVL,0.5092463403608434,0.0,1,0,0.25933183517091196,3
3,2023-11-17,IVL,0.21818139813526877,0.0,0,1,0.04760312249226066,3
3,2023-11-18,IVL,0.669125844772751,1.0,1,1,0.10947770659734563,3
3,2023-11-18,IVL,0.19824817366344374,0.0,0,1,0.03930233836089095,3
3,2023-11-18,IJL,0.5098534371855438,0.0,1,0,0.2599505274099132,3
3,2023-11-18,IJL,0.6699868121044278,0.0,1,0,0.44888232839385384,3
3,2023-11-19,IJL,0.38481940274684634,0.0,0,1,0.14808597273043952,3
3,2023-11-19,IJL,0.6189026243447008,1.0,1,1,0.14523520973135626,3
3,2023-11-19,IJL,0.43174018223176935,1.0,0,0,0.32291922048998273,3
3,2023-11-19,IVL,0.681361390304541,1.0,1,1,0.10153056358865505,3
3,2023-11-19,IVL,0.5524957445804027,1.0,1,1,0.20026005861864815,3
3,2023-11-19,IVL,0.5221590265201795,0.0,1,0,0.2726500489765016,3
3,2023-11-24,IVL,0.6824421009973489,0.0,1,0,0.46572722121367577,3
3,2023-11-24,IVL,0.301592880787809,0.0,0,1,0.09095826574188956,3
3,2023-11-24,IVL,0.6026278911204279,1.0,1,1,0.1579045929153985,3
3,2023-11-25,IVL,0.6397430514924427,1.0,1,1,0.12978506894797678,3
3,2023-11-25,IVL,0.6581425272207531,0.0,1,0,0.43315158613651966,3
3,2023-11-25,IVL,0.618345209444033,0.0,1,0,0.3823507980423851,3
3,2023-11-26,IVL,0.35189198777695785,1.0,0,0,0.42004399550770294,3
3,2023-11-26,IVL,0.5320718798517898,1.0,1,1,0.2189567256254378,3
3,2023-11-26,IVL,0.5058639979543552,1.0,1,1,0.24417038851765346,3
3,2023-12-01,IVL,0.38974394704323295,0.0,0,1,0.15190034425683838,3
3,2023-12-01,IVL,0.3465494691534554,0.0,0,1,0.12009653457054174,3
3,2023-12-01,IVL,0.4980079254514601,1.0,0,0,0.25199604290954686,3
3,2023-12-02,IVL,0.41719722893098254,0.0,0,1,0.17405352782769065,3
3,2023-12-02,IVL,0.5841201296000289,1.0,1,1,0.17295606660389676,3
3,2023-12-02,IJL,0.381625038879961,1.0,0,0,0.3823875925402097,3
3,2023-12-02,IJL,0.38031540939028474,0.0,0,1,0.14463981061969988,3
3,2023-12-02,IJL,0.43175770899728805,0.0,0,1,0.18641471927858688,3
3,2023-12-03,IJL,0.581033678802103,1.0,1,1,0.1755327782980994,3
3,2023-12-03,IJL,0.5275558484242722,1.0,1,1,0.2232034763581093,3
3,2023-12-03,IVL,0.6932597898173294,1.0,1,1,0.09408955654290894,3
3,2023-12-03,IVL,0.5340694144627623,0.0,1,0,0.28523013946459785,3
3,2023-12-03,IVL,0.532308275743522,0.0,1,0,0.2833521004250415,3
3,2023-12-08,IVL,0.5559803788146169,0.0,1,0,0.30911418162684495,3
3,2023-12-08,IVL,0.332874018456355,0.0,0,1,0.11080511216328177,3
3,2023-12-08,IVL,0.33374640431513886,0.0,0,1,0.11138666239328414,3
3,2023-12-09,IJL,0.47230807271034314,0.0,0,1,0.22307491554735878,3
3,2023-12-09,IJL,0.4096523992159615,0.0,0,1,0.16781508818339352,3
3,2023-12-09,IJL,0.4491831727688497,1.0,0,0,0.3033991771609908,3
3,2023-12-09,IVL,0.5800664052720661,1.0,1,1,0.17634422398112465,3
3,2023-12-09,IVL,0.26970204411235843,0.0,0,1,0.07273919259838453,3
3,2023-12-09,IVL,0.517425038292758,0.0,1,0,0.26772867025226205,3
3,2023-12-10,IVL,0.44515446321112706,0.0,0,1,0.19816249611678668,3
3,2023-12-10,IVL,0.4934364097938,1.0,0,0,0.2566066709225949,3
3,2023-12-10,IVL,0.31209619435811775,0.0,0,1,0.09740403453282001,3
3,2023-12-10,IJL,0.6378865326423342,1.0,1,1,0.1311261632417913,3
3,2023-12-10,IJL,0.4809346107220448,0.0,0,1,0.23129809979036475,3
3,2023-12-10,IJL,0.4378154157476065,1.0,0,0,0.3160515067710365,3
3,2023-12-22,IJL,0.4222896243318447,0.0,0,1,0.17832852681833053,3
3,2023-12-22,IJL,0.6221529353334385,1.0,1,1,0.1427684042771367,5
3,2023-12-23,IJL,0.5800334987575919,1.0,1,1,0.17637186216578954,3
3,2023-12-23,IJL,0.6786482136604495,1.0,1,1,0.10326697058362014,5
3,2023-12-24,IJL,0.3848194027468464,0.0,0,1,0.14808597273043958,3
3,2023-12-24,IJL,0.4294813517069602,0.0,0,1,0.18445423146403767,3
3,2023-12-29,IVL,0.6478475466857414,1.0,1,1,0.12401135037525109,3
3,2023-12-29,IVL,0.5015901153068878,0.0,1,0,0.251592643773577,3
3,2023-12-29,IVL,0.5697556534005761,1.0,1,1,0.1851101977807652,5
3,2023-12-30,IVL,0.6966045889937771,0.0,1,0,0.4852579534071891,5
3,2023-12-30,IVL,0.4085569939800837,0.0,0,1,0.16691881733004216,5
3,2023-12-31,IVL,0.6311783145912307,0.0,1,0,0.39838606481022665,3
3,2023-12-31,IVL,0.5559083123858302,1.0,1,1,0.1972174270080014,3
3,2024-01-01,IVL,0.5748365558728185,0.0,1,0,0.33043706596772393,3
3,2024-03-01,COA,0.5542862858216503,1.0,1,1,0.1986607150066596,3
3,2024-03-01,COA,0.4534289201115418,0.0,0,1,0.20559778559351893,3
3,2024-03-02,COA,0.48791058779976415,0.0,0,1,0.23805674168711136,3
3,2024-03-02,COA,0.3418568846475787,0.0,0,1,0.11686612958094791,3
3,2024-03-02,COA,0.40091285085846984,1.0,0,0,0.358905412266526,3
3,2024-03-02,COA,0.5750468197916372,1.0,1,1,0.18058520536920128,3
3,2024-03-03,COA,0.5715149427209197,1.0,1,1,0.1835994443114567,3
3,2024-03-03,COA,0.5970009797495917,1.0,1,1,0.16240821032278904,3
3,2024-03-08,COA,0.5309662122470552,0.0,1,0,0.28192511854798485,3
3,2024-03-09,COA,0.4319042702959013,1.0,0,0,0.32273275810803237,3
3,2024-03-09,COA,0.4999999999999999,0.0,0,1,0.2499999999999999,3
3,2024-03-09,COA,0.2720606386555456,1.0,0,0,0.5298957137945722,3
3,2024-03-09,COA,0.5386838174413595,1.0,1,1,0.21281262029047693,3
3,2024-03-09,COA,0.5114721998308067,0.0,1,0,0.26160381119976467,3
3,2024-03-09,COA,0.5043806463983334,0.0,1,0,0.25439983646120057,3
3,2024-03-09,COA,0.616210431904707,1.0,1,1,0.1472944325787715,3
3,2024-03-09,COA,0.45039344358122774,0.0,0,1,0.20285425402095658,3
3,2024-03-09,COA,0.5172034900782423,0.0,1,0,0.26749945014911447,3
3,2024-03-09,COA,0.4046115974794642,1.0,0,0,0.3544873498559556,3
3,2024-03-09,COA,0.5087589495691667,0.0,1,0,0.25883566876672187,3
3,2024-03-09,COA,0.5172638035776278,1.0,1,1,0.2330342353363391,3
3,2024-03-09,COA,0.20854086194579743,0.0,0,1,0.043489291101096145,3
3,2024-03-10,COA,0.5132327747135705,1.0,1,1,0.23694233161304956,3
3,2024-03-10,COA,0.3628360472197151,0.0,0,1,0.1316499971620273,3
3,2024-03-10,COA,0.5192883350934124,1.0,1,1,0.23108370477726334,3
3,2024-03-10,COA,0.3492600658017778,0.0,0,1,0.12198259356386217,3
3,2024-03-10,COA,0.5304026030446609,1.0,1,1,0.2205217152272303,3
3,2024-03-10,COA,0.5157680239810538,0.0,1,0,0.2660166545613209,3
3,2024-03-10,COA,0.3574636625844927,0.0,0,1,0.12778027006832005,3
3,2024-03-10,COA,0.4217937845044333,0.0,0,1,0.1779099966465723,3
3,2024-03-10,COA,0.5089915928242635,0.0,1,0,0.2590724415657809,3
3,2024-03-10,COA,0.373143606937109,0.0,0,1,0.13923615139803572,3
3,2024-03-10,COA,0.5344795581700875,0.0,1,0,0.285668398101692,3
3,2024-03-10,COA,0.43834839068234954,1.0,0,0,0.3154525302491067,3
3,2024-03-10,COA,0.48176523202379495,1.0,0,0,0.2685672747393511,3
3,2024-03-15,COA,0.5863226429259065,1.0,1,1,0.17112895575580703,3
3,2024-03-15,COA,0.567891708595306,0.0,1,0,0.32250099269129595,3
3,2024-03-16,COA,0.460410591788436,0.0,0,1,0.21197791303097788,3
3,2024-03-16,COA,0.5739956501984715,0.0,1,0,0.3294710064467661,3
3,2024-03-16,COA,0.5664355397982266,0.0,1,0,0.32084922074650835,3
3,2024-03-16,COA,0.7370457131478171,1.0,1,1,0.0691449569739401,3
3,2024-03-16,COA,0.3663760629948203,1.0,0,0,0.40147929354594397,3
3,2024-03-16,COA,0.4356053227912766,0.0,0,1,0.1897519972440923,3
3,2024-03-16,COA,0.4877816704092337,1.0,0,0,0.2623676171687549,3
3,2024-03-16,COA,0.3965992231701299,0.0,0,1,0.1572909438191505,3
3,2024-03-16,COA,0.43727234029720924,0.0,0,1,0.19120709958899837,3
3,2024-03-16,COA,0.6153691368927622,1.0,1,1,0.14794090085461872,5
3,2024-03-16,COA,0.574273690897591,0.0,1,0,0.32979027205714184,3
3,2024-03-17,COA,0.5896261866728578,0.0,1,0,0.3476590400103758,3
3,2024-03-17,COA,0.5287099217002776,1.0,1,1,0.22211433790375842,3
3,2024-03-17,COA,0.39570687454251124,0.0,0,1,0.15658393056020273,3
3,2024-03-17,COA,0.535879254724373,1.0,1,1,0.21540806619520342,3
3,2024-03-17,COA,0.6053226941581444,1.0,1,1,0.1557701757465856,3
3,2024-03-17,COA,0.5953884025205358,0.0,1,0,0.3544873498559556,3
3,2024-03-17,COA,0.23890148462164434,0.0,0,1,0.05707391935442577,3
3,2024-03-17,COA,0.4670006641689104,0.0,0,1,0.21808962033420343,3
3,2024-03-17,COA,0.5109844614577845,1.0,1,1,0.23913619693573301,3
3,2024-03-17,COA,0.5011806711615117,0.0,1,0,0.2511820651459033,3
3,2024-03-17,COA,0.3030734991091545,0.0,0,1,0.09185354586226667,3
3,2024-03-17,COA,0.6289107814707391,1.0,1,1,0.13770720810865755,3
3,2024-03-17,COA,0.5298128399150144,1.0,1,1,0.2210759655087839,3
3,2024-03-22,COA,0.2720606386555456,0.0,0,1,0.07401699110566334,3
3,2024-03-22,COA,0.5244841968245151,0.0,1,0,0.2750836727186567,3
3,2024-03-22,COA,0.521243310908695,0.0,1,0,0.2716945891670585,3
3,2024-03-23,COA,0.24256499386868566,0.0,0,1,0.05883777625051551,3
3,2024-03-23,COA,0.6425363374155073,1.0,1,1,0.12778027006832005,3
3,2024-03-23,COA,0.49124105043083344,0.0,0,1,0.24131776962838863,3
3,2024-03-24,COA,0.36259482990169223,0.0,0,1,0.13147501067143713,3
3,2024-03-24,COA,0.5507823391592318,1.0,1,1,0.20179650681125144,3
3,2024-03-24,COA,0.4097703076172047,0.0,0,1,0.16791170500469854,3
3,2024-03-24,COA,0.4260043498015285,0.0,0,1,0.18147970604982308,3
3,2024-03-30,COA,0.5556987282828382,1.0,1,1,0.19740362004948728,3
3,2024-03-30,COA,0.5161582634917594,0.0,1,0,0.2664193529708285,3
3,2024-03-30,COA,0.6586209216086437,0.0,1,0,0.43378151838061924,3
3,2024-03-30,COA,0.3598417941538238,1.0,0,0,0.40980252851219534,3
3,2024-03-31,COA,0.5886294367815823,1.0,1,1,0.16922574028263818,3
3,2024-03-31,COA,0.4185759215736743,1.0,0,0,0.33805395897390217,3
3,2024-03-31,COA,0.5715471023952743,0.0,1,0,0.32666609025643417,3
3,2024-04-12,COA,0.2801713541600491,1.0,0,0,0.5181532793717775,3
3,2024-04-12,COA,0.4386487745145623,0.0,0,1,0.19241274738312733,3
3,2024-04-12,COA,0.38426072561886127,0.0,0,1,0.14765630525313378,3
3,2024-04-12,COA,0.737642045543446,1.0,1,1,0.06883169626662725,3
3,2024-04-13,COA,0.6558050920621542,1.0,1,1,0.11847013465034215,3
3,2024-04-13,COA,0.5640295230988708,1.0,1,1,0.19007025672939806,3
3,2024-04-13,COA,0.3147426556200693,0.0,0,1,0.09906293926677355,3
3,2024-04-13,COA,0.6728135918141458,1.0,1,1,0.1070509457015604,3
3,2024-04-14,COA,0.8200655498107184,1.0,1,1,0.03237640636491904,3
3,2024-04-14,COA,0.5559968327995248,0.0,1,0,0.3091324780831028,3
3,2024-04-14,COA,0.39544482310172324,0.0,0,1,0.15637660811795318,3
3,2024-04-14,COA,0.5150816618759086,1.0,1,1,0.2351457946490306,3
3,2024-04-15,COA,0.532308275743522,1.0,1,1,0.21873554893799743,3
3,2024-04-15,COA,0.41651876666751747,0.0,0,1,0.17348788298622986,3
3,2024-04-15,COA,0.4692292128106145,0.0,0,1,0.220176054154869,3
3,2024-04-15,COA,0.6696299352863739,1.0,1,1,0.10914437965888547,3
3,2024-04-16,COA,0.6472651513398431,0.0,1,0,0.41895217613898994,3
3,2024-04-16,COA,0.5085572182307696,1.0,1,1,0.2415160077530794,3
3,2024-04-16,COA,0.53046834813267,0.0,1,0,0.28139666837060356,3
3,2024-04-16,COA,0.36127751018139936,0.0,0,1,0.1305214393628711,3
3,2024-04-17,COA,0.35813608456578416,0.0,0,1,0.1282614550681105,3
3,2024-04-17,COA,0.4470901064450119,0.0,0,1,0.19988956328101207,3
3,2024-04-17,COA,0.7132899369712873,1.0,1,1,0.08220266024192842,3
3,2024-04-17,COA,0.5612761711985792,0.0,1,0,0.3150309403553368,3
3,2024-04-18,COA,0.2682912996360422,0.0,0,1,0.07198022146039658,3
3,2024-04-18,COA,0.3664701523934731,0.0,0,1,0.1343003725952954,3
3,2024-04-18,COA,0.6161956852696606,1.0,1,1,0.1473057520056254,3
3,2024-04-18,COA,0.6518668147801805,1.0,1,1,0.12119671465129715,3
3,2024-04-19,COA,0.4795116312186432,0.0,0,1,0.2299314044739641,3
3,2024-04-19,COA,0.5456058225032812,1.0,1,1,0.20647406854291964,3
3,2024-04-19,COA,0.29377468679591323,0.0,0,1,0.08630356660203692,3
3,2024-04-19,COA,0.45244425429132495,1.0,0,0,0.2998172946585832,3
3,2024-04-20,COA,0.22081496695518404,0.0,0,1,0.04875924963141902,3
3,2024-04-20,COA,0.30738402380371777,0.0,0,1,0.09448493808976453,3
3,2024-04-20,COA,0.6229141566298884,1.0,1,1,0.14219373327014836,3
3,2024-04-20,COA,0.7070050563436314,1.0,1,1,0.0858460370081986,3
3,2024-04-21,COA,0.6998097599239089,0.0,1,0,0.489733700084759,3
3,2024-04-21,COA,0.48509730215839025,1.0,0,0,0.26512478824456814,3
3,2024-04-21,COA,0.5212975768351394,1.0,1,1,0.22915600994390922,3
3,2024-04-21,COA,0.3918270335786618,0.0,0,1,0.15352842424305374,3
3,2024-05-01,COA,0.58205409800527,0.0,1,0,0.33878697300472843,3
3,2024-05-01,COA,0.3848194027468464,1.0,0,0,0.3784471672367469,3
3,2024-05-01,COA,0.5667457350395361,1.0,1,1,0.18770925810643188,3
3,2024-05-01,COA,0.5024156367040213,0.0,1,0,0.25242147200470716,3
3,2024-05-02,COA,0.5613430661249054,1.0,1,1,0.19241990563669914,3
3,2024-05-02,COA,0.44849881144341125,1.0,0,0,0.3041535609793301,3
3,2024-05-02,COA,0.5882884334784524,0.0,1,0,0.3460832809645315,3
3,2024-05-02,COA,0.7109468633394012,1.0,1,1,0.08355171581333083,3
3,2024-05-03,COA,0.6337986407090812,1.0,1,1,0.1341034355465166,5
3,2024-05-03,COA,0.43065510489070524,1.0,0,0,0.32415360958701384,5
3,2024-05-04,COA,0.4182738384426633,1.0,0,0,0.3384053270402326,5
3,2024-05-04,COA,0.3871314221557037,0.0,0,1,0.14987073802029766,3
3,2024-05-31,IJL,0.49867195177021856,0.0,0,1,0.24867371548231917,3
3,2024-05-31,IJL,0.42338382438130806,0.0,0,1,0.1792538627477423,3
3,2024-05-31,IJL,0.4116415559581669,1.0,0,0,0.3461656586753268,3
3,2024-06-01,IJL,0.5330789280526755,1.0,1,1,0.21801528742843854,3
3,2024-06-01,IJL,0.3990610220182687,1.0,0,0,0.3611276552577278,3
3,2024-06-01,IJL,0.21508319577821722,1.0,0,0,0.6160943895497365,3
3,2024-06-02,IJL,0.5648471682173286,0.0,1,0,0.3190523234431351,3
3,2024-06-02,IJL,0.8207479419118724,1.0,1,1,0.03213130032882947,3
3,2024-06-02,IJL,0.5542013771194733,0.0,1,0,0.3071391664011206,3
3,2024-06-07,IJL,0.24061468784259127,0.0,0,1,0.05789542800558764,3
3,2024-06-07,IJL,0.6127005295461132,1.0,1,1,0.15000087981386112,3
3,2024-06-07,IJL,0.5898729669341752,1.0,1,1,0.16820418325137612,3
3,2024-06-08,IJL,0.5611126296983241,1.0,1,1,0.1926221238103204,3
3,2024-06-08,IJL,0.3264427300170283,1.0,0,0,0.45367939594691387,3
3,2024-06-08,IJL,0.5123249214718419,0.0,1,0,0.262476825161129,3
3,2024-06-08,IVL,0.5039063220155193,1.0,1,1,0.2461089373361696,3
3,2024-06-08,IVL,0.37983030457447164,1.0,0,0,0.3846104511241926,3
3,2024-06-08,IVL,0.697567059848086,1.0,1,1,0.0914656832889312,3
3,2024-06-09,IJL,0.7304201510188264,1.0,1,1,0.07267329497671236,3
3,2024-06-09,IVL,0.5674069868801987,1.0,1,1,0.18713671500006854,3
3,2024-06-09,IVL,0.6797989601631724,1.0,1,1,0.10252870591258564,3
3,2024-06-09,IVL,0.6362547369534255,0.0,1,0,0.4048200902956727,3
3,2024-06-09,IJL,0.3998161627765683,0.0,0,1,0.15985296401737933,3
3,2024-06-09,IJL,0.3483047509501057,0.0,0,1,0.12131619953441516,3
3,2024-06-10,IVL,0.6461371032905482,0.0,1,0,0.41749315624870054,3
3,2024-06-10,IVL,0.39402727208263866,0.0,0,1,0.15525749114488577,3
3,2024-06-10,IVL,0.4666224879760208,1.0,0,0,0.2844915703328901,3
3,2024-06-14,IVL,0.6279850954866083,0.0,1,0,0.39436528015332456,3
3,2024-06-14,IVL,0.5988068713368195,1.0,1,1,0.16095592648655127,3
3,2024-06-14,IVL,0.33014259669322726,1.0,0,0,0.4487089407648925,3
4,2024-06-15,IJL,0.6458193882629619,0.0,1,0,0.41708268225634637,3
4,2024-06-15,IVL,0.45330244855197366,0.0,0,1,0.20548310986321472,3
4,2024-06-15,IVL,0.29590871690095716,1.0,0,0,0.4957445349360566,3
4,2024-06-15,IVL,0.5133943878902968,1.0,1,1,0.23678502173665894,3
4,2024-06-15,IJL,0.3955776384454056,0.0,0,1,0.15648166803804403,3
4,2024-06-16,IJL,0.44015982583776664,1.0,0,0,0.31342102060599986,3
4,2024-06-16,IJL,0.4900503993806468,0.0,0,1,0.24014939393313145,3
4,2024-06-16,IJL,0.210536391666576,0.0,0,1,0.04432557221598189,3
4,2024-06-16,IVL,0.5464493549250384,0.0,1,0,0.29860689749799063,3
4,2024-06-16,IVL,0.23244334641660075,0.0,0,1,0.05402990929334786,3
4,2024-06-16,IVL,0.39332705660011535,1.0,0,0,0.36805206025347964,3
4,2024-06-21,IVL,0.5507974786607481,1.0,1,1,0.20178290517754102,3
4,2024-06-21,IVL,0.7509071286389535,1.0,1,1,0.06204725856289087,3
4,2024-06-22,IJL,0.3002837885402659,0.0,0,1,0.09017035366009511,3
4,2024-06-22,IJL,0.677707991565132,1.0,1,1,0.10387213870098105,3
4,2024-06-22,IJL,0.44797535492226354,0.0,0,1,0.200681918617728,3
4,2024-06-22,IVL,0.5071569021129099,1.0,1,1,0.24289431913494391,3
4,2024-06-22,IVL,0.35569889541866506,0.0,0,1,0.12652170420205844,3
4,2024-06-22,IVL,0.2868607954715619,0.0,0,1,0.08228911597857727,3
4,2024-06-23,IVL,0.5788494654845535,1.0,1,1,0.17736777272264628,3
4,2024-06-23,IVL,0.5090556564366262,0.0,1,0,0.2591376613501244,3
4,2024-06-23,IVL,0.4758205345109749,0.0,0,1,0.22640518106230983,3
4,2024-06-23,IJL,0.542147557549659,0.0,1,0,0.29392397415706084,3
4,2024-06-23,IJL,0.6346251369316718,0.0,1,0,0.40274906442554315,3
4,2024-06-23,IJL,0.35418061173703835,0.0,0,1,0.12544390573042272,3
4,2024-06-28,IVL,0.27962712698777825,0.0,0,1,0.07819133014743906,3
4,2024-06-28,IVL,0.484676100998349,0.0,0,1,0.23491092287896181,3
4,2024-06-28,IVL,0.648277637667777,1.0,1,1,0.12370862016455955,3
4,2024-06-29,IVL,0.7222981549292435,0.0,1,0,0.5217146246141895,3
4,2024-06-29,IVL,0.5224809417705751,1.0,1,1,0.22802445097231686,3
4,2024-06-29,IVL,0.3902765765950861,0.0,0,1,0.15231580623878008,3
4,2024-06-29,IJL,0.3541308754731539,0.0,0,1,0.12540867696338245,3
4,2024-06-29,IJL,0.34720833764707404,1.0,0,0,0.4261369544374965,3
4,2024-06-29,IJL,0.6027318016070956,1.0,1,1,0.15782202145434404,3
4,2024-06-30,IJL,0.6099163802517615,1.0,1,1,0.1521652303958883,3
4,2024-06-30,IJL,0.7263880251195957,0.0,1,0,0.5276395630371463,3
4,2024-06-30,IVL,0.38836113535136796,0.0,0,1,0.15082437145140354,3
4,2024-06-30,IVL,0.6411886187827914,1.0,1,1,0.12874560729100099,3
4,2024-06-30,IVL,0.4605215457065429,1.0,0,0,0.29103700264685767,3
4,2024-07-05,IVL,0.46429586185053145,1.0,0,0,0.28697892363046484,3
4,2024-07-05,IVL,0.5528530661057227,1.0,1,1,0.19994038049105317,3
4,2024-07-05,IVL,0.5562170641706992,0.0,1,0,0.30937742247467165,3
4,2024-07-06,IVL,0.5375706370966833,1.0,1,1,0.2138409156751674,3
4,2024-07-06,IVL,0.7369555957095745,1.0,1,1,0.06919235862850484,3
4,2024-07-06,IVL,0.6216718847680891,1.0,1,1,0.14313216277493004,3
4,2024-07-06,IJL,0.4442578682259325,0.0,0,1,0.19736505348065,3
4,2024-07-06,IJL,0.6929135958233175,1.0,1,1,0.09430205963016483,3
4,2024-07-06,IJL,0.5545390738357091,0.0,1,0,0.30751358441056603,3
4,2024-07-07,IJL,0.4921564603782167,0.0,0,1,0.24221798149201518,3
4,2024-07-07,IJL,0.5948032745603125,1.0,1,1,0.16418438630704554,3
4,2024-07-07,IJL,0.6836446866343808,1.0,1,1,0.1000806842946591,3
4,2024-07-07,IVL,0.5991849892565171,1.0,1,1,0.1606526728372983,3
4,2024-07-07,IVL,0.6453641463992832,1.0,1,1,0.12576658865910906,3
4,2024-07-07,IVL,0.5018581400210673,1.0,1,1,0.24814531266327056,3
4,2024-07-12,IVL,0.6655084467113878,1.0,1,1,0.11188459922142853,3
4,2024-07-12,IVL,0.35081109957164236,1.0,0,0,0.42144622843938007,3
4,2024-07-12,IVL,0.5394784542934571,1.0,1,1,0.2120800940599435,3
4,2024-07-13,IVL,0.3517223623322232,0.0,0,1,0.1237086201645597,3
4,2024-07-13,IVL,0.7306736926102612,1.0,1,1,0.0725366598521921,3
4,2024-07-13,IVL,0.5153238990016509,1.0,1,1,0.23491092287896193,3
4,2024-07-14,IVL,0.32861998765360056,0.0,0,1,0.10799109628545259,3
4,2024-07-14,IVL,0.47751905822942486,0.0,0,1,0.22802445097231686,3
4,2024-07-14,IVL,0.6097234234049138,0.0,1,0,0.3717626530486078,3
4,2024-07-14,IVT,0.4777992063798937,1.0,0,0,0.2726936688574689,3
4,2024-07-14,IVT,0.4481893639574056,1.0,0,0,0.3044949780497326,3
4,2024-07-14,IVT,0.5355108466394236,1.0,1,1,0.21575017358962506,3
4,2024-07-14,IVT,0.5571777726596593,0.0,1,0,0.31044707034597896,3
4,2024-07-15,IVT,0.7614103967815253,1.0,1,1,0.05692499876394918,5
4,2024-07-15,IVT,0.2986525789793816,0.0,0,1,0.08919336293103575,3
4,2024-07-15,IVT,0.4893109961212915,0.0,0,1,0.23942525092521053,3
4,2024-07-19,IVL,0.511514215837281,1.0,1,1,0.23861836132906653,3
4,2024-07-19,IVL,0.39761427308842157,1.0,0,0,0.36286856398679074,3
4,2024-07-19,IVL,0.3166825803327269,0.0,0,1,0.10028785668619403,3
4,2024-07-20,IVT,0.6712083533673531,1.0,1,1,0.10810394689540737,3
4,2024-07-20,IVT,0.4867728367519893,1.0,0,0,0.2634021210956003,3
4,2024-07-20,IVT,0.5278619312979012,0.0,1,0,0.27863821851355014,3
4,2024-07-20,IJL,0.7325251178215374,1.0,1,1,0.07154281259638245,5
4,2024-07-20,IVT,0.5178019378133482,0.0,1,0,0.2681188468032585,3
4,2024-07-20,IVL,0.45090741839411164,0.0,0,1,0.20331749996284246,3
4,2024-07-20,IVL,0.33095876001410507,1.0,0,0,0.4476161808018638,3
4,2024-07-20,IVL,0.32246801671396974,0.0,0,1,0.10398562180344106,3
4,2024-07-20,IJL,0.5904969956874541,0.0,1,0,0.3486867019159091,5
4,2024-07-21,IVL,0.40742519282397915,0.0,0,1,0.1659952877476566,3
4,2024-07-21,IVL,0.4241602111491356,0.0,0,1,0.1799118847220793,3
4,2024-07-21,IVL,0.6162214349351285,0.0,1,0,0.37972885687350877,3
4,2024-07-21,IJL,0.6318189490785497,1.0,1,1,0.13555728625762356,3
4,2024-07-21,IJL,0.30708640417668254,0.0,0,1,0.09430205963016483,3
4,2024-07-21,IVT,0.6126147440388252,1.0,1,1,0.1500673365361049,3
4,2024-07-21,IVT,0.51258363939246,1.0,1,1,0.23757470858789947,3
4,2024-07-21,IVT,0.6664275877917136,0.0,1,0,0.4441257297698822,5
4,2024-07-26,IVL,0.535704138149468,1.0,1,1,0.21557064733152825,3
4,2024-07-26,IVL,0.6346328491213553,1.0,1,1,0.1334931549411783,3
4,2024-07-26,IVL,0.2630444042904252,0.0,0,1,0.06919235862850466,3
4,2024-07-27,IVL,0.3931053255950555,0.0,0,1,0.1545317970111946,3
4,2024-07-27,IVL,0.4663842795532374,0.0,0,1,0.2175142962143923,3
4,2024-07-27,IVL,0.4981418599789327,1.0,0,0,0.2518615927054052,3
4,2024-07-27,IVT,0.4999999999999999,1.0,0,0,0.2500000000000001,3
4,2024-07-27,IVT,0.49963795323984206,0.0,0,1,0.2496380843176986,3
4,2024-07-27,IVT,0.4556880578890806,0.0,0,1,0.2076516061027221,3
4,2024-07-27,IVT,0.5103426605741568,0.0,1,0,0.260449631201909,3
4,2024-07-28,IVT,0.49001682937367136,0.0,0,1,0.24011649306942576,3
4,2024-07-28,IVT,0.5056778257706384,1.0,1,1,0.24435441193484336,3
4,2024-07-28,IVT,0.5233313719137971,0.0,1,0,0.273875724829177,3
4,2024-07-28,IVL,0.25060953166027844,0.0,0,1,0.0628051373589841,3
4,2024-07-28,IVL,0.44714693389427695,1.0,0,0,0.305646512702499,3
4,2024-07-28,IVL,0.4268030031966691,1.0,0,0,0.32855479714435776,3
4,2024-08-02,IVL,0.6228145833429142,1.0,1,1,0.14226883853877945,3
4,2024-08-02,IVL,0.5633991807966514,1.0,1,1,0.19062027532903508,3
4,2024-08-02,IVL,0.7732992782757051,1.0,1,1,0.051393217230316195,3
4,2024-08-03,IVL,0.6341057884872203,1.0,1,1,0.13387857401855874,3
4,2024-08-03,IVL,0.2643966077687905,1.0,0,0,0.5411123506620626,3
4,2024-08-03,IVL,0.5575292679026526,1.0,1,1,0.19578034876276262,3
4,2024-08-04,IVL,0.5398116808981683,1.0,1,1,0.21177328903776924,3
4,2024-08-04,IVL,0.48660561210970316,0.0,0,1,0.23678502173665888,3
4,2024-08-04,IVL,0.4395558984700296,0.0,0,1,0.193209387879795,3
4,2024-08-09,IVL,0.48395975432299687,0.0,0,1,0.2342170438043755,3
4,2024-08-09,IVL,0.4909443435633736,1.0,0,0,0.2591376613501246,3
4,2024-08-09,IVL,0.37666234996838743,0.0,0,1,0.14187452588370797,3
4,2024-08-10,IVL,0.3437310531330628,0.0,0,1,0.11815103688796444,3
4,2024-08-10,IVL,0.5626302454245581,1.0,1,1,0.1912923022173823,3
4,2024-08-10,IVL,0.449202521339252,0.0,0,1,0.20178290517754113,3
4,2024-08-11,IVL,0.5184383352440572,0.0,1,0,0.2687783074506295,3
4,2024-08-11,IVL,0.5748396336815906,1.0,1,1,0.18076133708800404,3
4,2024-08-11,IVL,0.7605562573523712,0.0,1,0,0.5784458205978463,3
4,2024-08-22,IVL,0.7665698758762466,1.0,1,1,0.054489622848430924,5
4,2024-08-22,IVL,0.5944752877653485,0.0,1,0,0.35340086776369395,5
4,2024-08-22,IVL,0.42822978559751845,0.0,0,1,0.18338074927289663,5
4,2024-08-23,IVL,0.5202070525018888,1.0,1,1,0.23020127246892527,3
4,2024-08-23,IVL,0.6361672411837931,1.0,1,1,0.13237427638781218,5
4,2024-08-23,IVC,0.6255015145450664,1.0,1,1,0.1402491156080391,3
4,2024-08-23,IVC,0.4231015252386805,1.0,0,0,0.3328118501819368,3
4,2024-08-24,IVL,0.42460887956321636,1.0,0,0,0.3310749414774973,5
4,2024-08-24,IVL,0.5153238990016509,0.0,1,0,0.2655587208822637,3
4,2024-08-24,IVC,0.3925137774391141,0.0,0,1,0.1540670654795224,3
4,2024-08-24,IVC,0.5003439069885776,1.0,1,1,0.24965621128343923,3
4,2024-08-25,IVL,0.3902765765950861,0.0,0,1,0.15231580623878008,3
4,2024-08-25,IVC,0.6568462490221787,1.0,1,1,0.1177544968101486,3
4,2024-08-25,IVC,0.43312799718048833,0.0,0,1,0.1875998619415811,3
4,2024-08-25,IVC,0.4595738696160041,1.0,0,0,0.29206040240181974,3
4,2024-08-30,IVC,0.5083242373933055,0.0,1,0,0.25839353032148554,3
4,2024-08-30,IVC,0.47361310081913977,1.0,0,0,0.2770831676292411,3
4,2024-08-31,IVC,0.4631464743436644,0.0,0,1,0.21450465669696658,3
4,2024-08-31,IVC,0.4636118764445725,1.0,0,0,0.2877122190913126,3
4,2024-08-31,IVC,0.5488626571227349,1.0,1,1,0.2035249021383591,3
4,2024-09-01,IVC,0.5750758580166504,1.0,1,1,0.18056052644028586,3
4,2024-09-01,IVC,0.5502249802383923,1.0,1,1,0.2022975684015546,5
4,2024-09-26,IVS,0.35713230820762754,0.0,0,1,0.12754348556570785,3
4,2024-09-26,IVS,0.4830566921208248,1.0,0,0,0.2672303835610637,3
4,2024-09-26,IVS,0.6227880230828899,1.0,1,1,0.14228887552971436,3
4,2024-09-26,IVS,0.45746389615270555,0.0,0,1,0.20927321628321338,3
4,2024-09-27,IVS,0.47743888215764707,0.0,0,1,0.2279478861959436,3
4,2024-09-27,IVS,0.42227249990331406,0.0,0,1,0.17831406417459436,3
4,2024-09-28,IVS,0.3779009607642141,0.0,0,1,0.14280913614651608,3
4,2024-09-28,IVS,0.5595793270594057,1.0,1,1,0.19397036915344593,3
4,2024-09-28,IVS,0.3515012787303111,0.0,0,1,0.12355314894904387,3
4,2024-09-28,IVS,0.7289938934748242,1.0,1,1,0.07344430977393492,3
4,2024-09-29,IVS,0.6929135958233175,1.0,1,1,0.09430205963016483,3
4,2024-09-29,IVS,0.6373429816678315,0.0,1,0,0.40620607628124183,3
4,2024-10-04,IVL,0.7734220288998634,1.0,1,1,0.051337576987854315,3
4,2024-10-04,IVL,0.45653949892271073,1.0,0,0,0.2953493162311783,3
4,2024-10-04,IVL,0.5352922479569656,1.0,1,1,0.21595329480889033,3
4,2024-10-05,IVL,0.52284842903463,1.0,1,1,0.2276736216747205,3
4,2024-10-05,IVL,0.7885548041150914,1.0,1,1,0.04470907086280738,3
4,2024-10-05,IVL,0.34875275479548773,0.0,0,1,0.1216284839774416,3
4,2024-10-06,IVL,0.2596715953331509,0.0,0,1,0.06742933742286367,3
4,2024-10-06,IVL,0.7213921829379035,1.0,1,1,0.07762231572810661,3
4,2024-10-06,IVL,0.7147391353025607,0.0,1,0,0.5108520315330523,3
4,2024-10-11,IVL,0.358135970581724,0.0,0,1,0.12826137342451346,3
4,2024-10-11,IVL,0.2311553475691463,0.0,0,1,0.053432794709812825,3
4,2024-10-11,IVL,0.5738313708904919,0.0,1,0,0.32928244221806124,3
4,2024-10-12,IVL,0.8052636830405373,1.0,1,1,0.037922233142936315,3
4,2024-10-12,IVL,0.4890995138152944,1.0,0,0,0.2610193067837686,3
4,2024-10-12,IVL,0.7436139108691284,1.0,1,1,0.06573382669982322,3
4,2024-10-13,IVL,0.3468605713993827,1.0,0,0,0.42659111319274096,3
4,2024-10-13,IVL,0.5575292679026526,0.0,1,0,0.31083888456806774,3
4,2024-10-18,IVL,0.4989053147651495,1.0,0,0,0.25109588357061396,3
4,2024-10-18,IVL,0.7601871121591183,1.0,1,1,0.05751022117458332,3
4,2024-10-18,IVL,0.7180511305933868,1.0,1,1,0.07949516495966745,3
4,2024-10-19,IVL,0.5568460555125878,0.0,1,0,0.310077529539928,3
4,2024-10-19,IVL,0.399803339813233,1.0,0,0,0.3602360308993494,3
4,2024-10-19,IVL,0.4549409582758311,0.0,0,1,0.20697127551693148,3
4,2024-10-20,IVL,0.39049838237534834,0.0,0,1,0.15248898663776375,3
4,2024-10-20,IVL,0.460797414918341,0.0,0,1,0.21233425759542568,3
4,2024-10-20,IVL,0.4657347199773075,0.0,0,1,0.21690882939234102,3
4,2024-10-25,IVL,0.4268727591574252,0.0,0,1,0.18222035251067312,3
4,2024-10-25,IVL,0.5817793267806275,1.0,1,1,0.17490853150806515,3
4,2024-10-26,IVL,0.21548132826923178,0.0,0,1,0.04643220283267242,3
4,2024-10-26,IVL,0.7038372878613597,1.0,1,1,0.08771235206131513,3
4,2024-10-26,IVL,0.46571280390144965,1.0,0,0,0.2854628079148508,3
4,2024-10-26,IJL,0.4859322452204873,0.0,0,1,0.2361301469450238,3
4,2024-10-26,IJL,0.5842589520087713,1.0,1,1,0.17284061898484512,3
4,2024-10-26,IJL,0.5036313912553003,1.0,1,1,0.24638179574714875,3
4,2024-10-27,IVL,0.7232314979652252,1.0,1,1,0.07660080371857313,3
4,2024-10-27,IVL,0.7575264483595487,0.0,1,0,0.5738463199642321,3
4,2024-10-27,IVL,0.5271604628347515,1.0,1,1,0.22357722790664644,3
4,2024-10-27,IJL,0.46738070937178733,0.0,0,1,0.21844472749287513,3
4,2024-10-27,IJL,0.4770686938770432,0.0,0,1,0.22759453867754795,3
4,2024-11-01,IVL,0.34328395231027836,0.0,0,1,0.11784387191376547,3
4,2024-11-01,IVL,0.5385108944343797,1.0,1,1,0.21297219455575622,3
4,2024-11-01,IVL,0.716660136746186,1.0,1,1,0.08028147810869002,3
4,2024-11-02,IVL,0.6256797972474347,0.0,1,0,0.39147520868359104,3
4,2024-11-02,IVL,0.2550435632918481,0.0,0,1,0.06504721917660292,3
4,2024-11-02,IVL,0.7120515846298148,1.0,1,1,0.08291428991420073,3
4,2024-11-02,IJL,0.5173438607331046,1.0,1,1,0.23295694877202475,3
4,2024-11-02,IJL,0.46737669888580496,1.0,0,0,0.2836875808897824,3
4,2024-11-02,IJL,0.45356002476803464,1.0,0,0,0.29859664653151086,3
4,2024-11-03,IVL,0.4836061402180516,1.0,0,0,0.2666626184204986,3
4,2024-11-03,IVL,0.6039426801997675,0.0,1,0,0.36474676096687864,3
4,2024-11-03,IVL,0.5996177450237623,1.0,1,1,0.16030595009985701,3
4,2024-11-03,IJL,0.4855261703083936,1.0,0,0,0.264683321437548,3
4,2024-11-03,IJL,0.5668071876456044,0.0,1,0,0.3212703879667195,3
4,2024-11-03,IJL,0.47122795786147564,0.0,0,1,0.22205578827029668,3
4,2024-11-08,IVL,0.7928168953496966,0.0,1,0,0.6285586295519318,3
4,2024-11-08,IVL,0.3942293476273913,1.0,0,0,0.366958083275936,3
4,2024-11-08,IVL,0.5731272408425749,0.0,1,0,0.3284748341958229,3
4,2024-11-09,IJL,0.573692249402715,0.0,1,0,0.32912279702474695,3
4,2024-11-09,IVL,0.4728395371652486,0.0,0,1,0.22357722790664653,3
4,2024-11-09,IJL,0.5161614777793609,1.0,1,1,0.23409971558465184,3
4,2024-11-09,IVL,0.3272818646777459,0.0,0,1,0.10711341894694237,3
4,2024-11-09,IVL,0.2767704038337557,0.0,0,1,0.0766018564383002,3
4,2024-11-09,IJL,0.5099496006193531,1.0,1,1,0.2401493939331315,3
4,2024-11-10,IJL,0.542147557549659,0.0,1,0,0.29392397415706084,3
4,2024-11-10,IJL,0.531037862226087,1.0,1,1,0.2199254866654786,3
4,2024-11-10,IJL,0.5037031239088205,1.0,1,1,0.24631058921786353,3
4,2024-11-10,IVL,0.5456888820124552,0.0,1,0,0.2977763559520033,3
4,2024-11-10,IVL,0.28549610120781416,0.0,0,1,0.08150802380486247,3
4,2024-11-10,IVL,0.5342871960985502,0.0,1,0,0.2854628079148507,3
4,2024-11-15,IVL,0.38070956617705587,1.0,0,0,0.38352064142461034,3
4,2024-11-15,IVL,0.7516063292406369,1.0,1,1,0.061699415673310894,3
4,2024-11-15,IVL,0.28794841537018506,1.0,0,0,0.5070174591738306,3
4,2024-11-16,IVL,0.2724386882836114,0.0,0,1,0.07422283887369478,3
4,2024-11-16,IVL,0.447146933894277,1.0,0,0,0.3056465127024989,3
4,2024-11-16,IVL,0.6881051375708317,1.0,1,1,0.09727840520970982,3
4,2024-11-16,IJL,0.4673503033043168,0.0,0,1,0.21841630599863693,3
4,2024-11-16,IJL,0.49259523834529273,0.0,0,1,0.24265006884045576,3
4,2024-11-16,IJL,0.4801522873774728,1.0,0,0,0.2702416443188736,3
4,2024-11-17,IJL,0.5326496966956831,1.0,1,1,0.21841630599863704,3
4,2024-11-17,IJL,0.5198477126225273,0.0,1,0,0.2702416443188737,3
4,2024-11-17,IJL,0.507404761654707,0.0,1,0,0.2574595921498701,3
4,2024-11-17,IVL,0.3405242717957384,0.0,0,1,0.11595677968201792,3
4,2024-11-17,IVL,0.4363446628175822,1.0,0,0,0.3177073391342251,3
4,2024-11-17,IVL,0.40038225497623775,0.0,0,1,0.16030595009985707,3
4,2024-11-22,IVL,0.6394976826893735,1.0,1,1,0.12996192078633167,3
4,2024-11-22,IVL,0.756802007630637,1.0,1,1,0.05914526349248875,3
4,2024-11-22,IVL,0.547978824174094,1.0,1,1,0.20432314339503457,3
4,2024-11-23,IJL,0.49020708459181817,1.0,0,0,0.25988881660037366,3
4,2024-11-23,IJL,0.49629687609117934,0.0,0,1,0.24631058921786342,3
4,2024-11-23,IJL,0.46366643755830056,0.0,0,1,0.21498656531800542,3
4,2024-11-23,IVL,0.19289391425089736,0.0,0,1,0.03720806215503254,3
4,2024-11-23,IVL,0.25781764744411284,1.0,0,0,0.5508346444453912,3
4,2024-11-23,IVL,0.5544621712881284,0.0,1,0,0.3074282993895458,3
4,2024-11-24,IVL,0.43211194219084437,0.0,0,1,0.18672073058394362,3
4,2024-11-24,IVL,0.44247073209734744,0.0,0,1,0.19578034876276262,3
4,2024-11-24,IJL,0.4900503993806468,0.0,0,1,0.24014939393313145,3
4,2024-11-24,IJL,0.45155225344677885,1.0,0,0,0.3007949306993063,3
4,2024-11-24,IJL,0.4575483263240233,0.0,0,1,0.20935047092191492,3
4,2024-11-29,IVL,0.47534479487203873,1.0,0,0,0.2752630842678631,3
4,2024-11-29,IVL,0.6724658736754587,0.0,1,0,0.45221035125809805,3
4,2024-11-29,IVL,0.2594664605091451,0.0,0,1,0.06732284412914377,3
4,2024-11-30,IVL,0.7449051894070842,1.0,1,1,0.0650733623914356,3
4,2024-11-30,IVL,0.21648617388052072,1.0,0,0,0.6138939157203857,3
4,2024-11-30,IVL,0.2852608646974394,1.0,0,0,0.510852031533052,3
4,2024-11-30,IJL,0.48330285362599745,0.0,0,1,0.23358164832303233,3
4,2024-11-30,IJL,0.493786910423325,0.0,0,1,0.2438255129054128,3
4,2024-11-30,IJL,0.5921871754519494,1.0,1,1,0.16631129986585907,3
4,2024-12-01,IJL,0.5144738296916065,0.0,1,0,0.26468332143754814,3
4,2024-12-01,IJL,0.5412038333872493,1.0,1,1,0.2104939224985549,3
4,2024-12-01,IJL,0.5104121159261485,1.0,1,1,0.23969629623191102,3
4,2024-12-01,IVL,0.5434605010772893,1.0,1,1,0.20842831407659979,3
4,2024-12-01,IVL,0.4842685010752097,1.0,0,0,0.265978978983211,3
4,2024-12-01,IVL,0.23178509901719044,1.0,0,0,0.5901541340920279,3
4,2024-12-06,IVL,0.26995443829422183,0.0,0,1,0.07287539875474883,3
4,2024-12-06,IVL,0.5878286495312236,0.0,1,0,0.3455425212097021,3
4,2024-12-06,IVL,0.29571897609866715,0.0,0,1,0.08744971282484408,3
4,2024-12-07,IJL,0.5140677547795128,0.0,1,0,0.2642656565040493,3
4,2024-12-07,IJL,0.4802013462315685,0.0,0,1,0.23059333292261075,3
4,2024-12-07,IJL,0.4963686087447,1.0,0,0,0.25364457825774905,3
4,2024-12-07,IVL,0.5198320358988138,0.0,1,0,0.27022534554670563,3
4,2024-12-07,IVL,0.6144503950715505,1.0,1,1,0.14864849786048348,3
4,2024-12-07,IVL,0.48158811905871957,0.0,0,1,0.23192711641851546,3
4,2024-12-08,IJL,0.5326192906282127,1.0,1,1,0.21844472749287513,3
4,2024-12-08,IVL,0.5342293585278697,0.0,1,0,0.2854010075130991,3
4,2024-12-08,IVL,0.5412748213881995,0.0,1,0,0.29297843226882725,3
4,2024-12-08,IVL,0.6510151602593546,0.0,1,0,0.4238207388875131,3
4,2024-12-08,IJL,0.5229313061229566,1.0,1,1,0.22759453867754817,3
4,2024-12-08,IJL,0.5057382614145184,1.0,1,1,0.24429466622954296,3
4,2024-12-20,IJL,0.5198477126225273,0.0,1,0,0.2702416443188737,3
4,2024-12-20,IJL,0.5512796882119011,0.0,1,0,0.3039092946350109,5
4,2024-12-21,IJL,0.5232088469344198,0.0,1,0,0.27374749751044514,3
4,2024-12-21,IJL,0.5751472319114505,0.0,1,0,0.3307943383754038,5
4,2024-12-22,IJL,0.48333762388303436,0.0,0,1,0.23361525866089758,5
4,2024-12-22,IJL,0.48941124972243044,1.0,0,0,0.2607008719100103,3
4,2024-12-29,IVL,0.7421823525558876,1.0,1,1,0.06646993933361664,3
4,2024-12-29,IVL,0.4884794414294613,0.0,0,1,0.23861216469923852,3
4,2024-12-29,IVL,0.5542647378866338,1.0,1,1,0.1986799238912713,5
4,2024-12-30,IVL,0.3595977794537404,1.0,0,0,0.41011500408058016,3
4,2024-12-30,IVL,0.4691921001599149,1.0,0,0,0.28175702653264184,5
4,2024-12-31,IVL,0.4133739565121054,1.0,0,0,0.34413011489826123,3
4,2024-12-31,IVL,0.6510151602593546,1.0,1,1,0.12179041836880397,3
4,2025-01-01,IVL,0.6420528008221298,0.0,1,0,0.41223179904354146,3
4,2025-02-21,COA,0.45754832632402326,0.0,0,1,0.20935047092191486,3
4,2025-02-21,COA,0.5171286822405712,1.0,1,1,0.2331647095147273,3
4,2025-02-22,COA,0.48561404461983154,0.0,0,1,0.23582100033203174,3
4,2025-02-22,COA,0.6756853630065194,1.0,1,1,0.10517998376821311,3
4,2025-02-22,COA,0.2704191362331455,0.0,0,1,0.07312650924108051,3
4,2025-02-22,COA,0.4600864694579382,1.0,0,0,0.2915066204623939,3
4,2025-02-22,COA,0.49733595961080457,1.0,0,0,0.2526711375003907,3
4,2025-02-22,COA,0.36971494887264944,0.0,0,1,0.1366891434199058,3
4,2025-02-22,COA,0.30512403050780323,0.0,0,1,0.09310067399332683,3
4,2025-02-22,COA,0.577508433215441,0.0,1,0,0.33351599043495345,3
4,2025-02-22,COA,0.4624495615651251,0.0,0,1,0.21385959699177645,3
4,2025-02-22,COA,0.6593382979873699,1.0,1,1,0.116050395218142,3
4,2025-02-22,COA,0.4988929096958282,1.0,0,0,0.2511083159531134,3
4,2025-02-23,COA,0.43556755209594594,0.0,0,1,0.18971909243885457,3
4,2025-02-23,COA,0.43919060849547076,1.0,0,0,0.31450717359968033,3
4,2025-02-23,COA,0.467518342519621,0.0,0,1,0.21857340059229366,3
4,2025-02-23,COA,0.4641789945623082,1.0,0,0,0.2871041498682589,3
4,2025-02-23,COA,0.4963629150463259,0.0,0,1,0.24637614343328615,3
4,2025-02-23,COA,0.552084686778191,1.0,1,1,0.20062812781859127,3
4,2025-02-23,COA,0.29896787064724467,0.0,0,1,0.08938178767934762,3
4,2025-02-23,COA,0.49029758338846297,0.0,0,1,0.2403917202765668,3
4,2025-02-23,COA,0.5689390765339639,0.0,1,0,0.32369167280731964,3
4,2025-02-23,COA,0.4479347494865078,1.0,0,0,0.3047760408245249,3
4,2025-02-28,COA,0.5004980443628784,1.0,1,1,0.24950220368530904,3
4,2025-02-28,COA,0.34734598069569383,0.0,0,1,0.12064923030545331,3
4,2025-03-01,COA,0.4963951432741782,1.0,0,0,0.25361785171783546,3
4,2025-03-01,COA,0.4823242325496327,1.0,0,0,0.2679882002053268,3
4,2025-03-01,COA,0.5253742877235726,0.0,1,0,0.2760181422010513,3
4,2025-03-01,COA,0.4760787957615713,0.0,0,1,0.22665101977378793,3
4,2025-03-01,COA,0.609041427868201,0.0,1,0,0.3709314608597371,3
4,2025-03-01,COA,0.6326053743488799,1.0,1,1,0.1349788109573267,3
4,2025-03-01,COA,0.4618156059322991,0.0,0,1,0.21327365388261657,3
4,2025-03-01,COA,0.6031630387385236,0.0,1,0,0.36380565130028975,3
4,2025-03-01,COA,0.5100649098754247,0.0,1,0,0.26016621228622516,3
4,2025-03-01,COA,0.5065040959732229,0.0,1,0,0.25654639923765177,3
4,2025-03-01,COA,0.6433804520821664,1.0,1,1,0.12717750195712,3
4,2025-03-02,COA,0.6308242411895486,1.0,1,1,0.1362907408932726,3
4,2025-03-02,COA,0.5354674891041427,1.0,1,1,0.21579045367920982,3
4,2025-03-02,COA,0.35762171429815426,0.0,0,1,0.12789329053755066,3
4,2025-03-02,COA,0.5388072426113429,0.0,1,0,0.29031324469043857,3
4,2025-03-02,COA,0.4228542671866995,0.0,0,1,0.17880573127800065,3
4,2025-03-02,COA,0.2690263265204057,0.0,0,1,0.07237516436106395,3
4,2025-03-02,COA,0.4900453057346098,0.0,0,1,0.2401444016725272,3
4,2025-03-02,COA,0.3786346487775652,0.0,0,1,0.14336419725491015,3
4,2025-03-02,COA,0.49468874658287776,0.0,0,1,0.24471695599573864,3
4,2025-03-06,COA,0.3662224964342769,0.0,0,1,0.13411891689455396,3
4,2025-03-06,COA,0.3072157842481037,1.0,0,0,0.47994996959497,3
4,2025-03-06,COA,0.49528407716079115,1.0,0,0,0.2547381627674342,3
4,2025-03-06,COA,0.28879891394772794,0.0,0,1,0.08340481269738717,3
4,2025-03-07,COA,0.30854600923337006,0.0,0,1,0.09520063981383887,3
4,2025-03-07,COA,0.7585450042104853,1.0,1,1,0.058300514991714555,3
4,2025-03-07,COA,0.7539371827172145,1.0,1,1,0.06054691004914146,3
4,2025-03-07,COA,0.5223122042855357,0.0,1,0,0.2728100387456152,3
4,2025-03-07,COA,0.2888438355983581,0.0,0,1,0.0834307613631713,3
4,2025-03-07,COA,0.5943361678356514,1.0,1,1,0.16456314472626482,3
4,2025-03-08,COA,0.477209972890677,1.0,0,0,0.27330941244496665,3
4,2025-03-08,COA,0.5415423933095588,1.0,1,1,0.2101833771323273,3
4,2025-03-08,COA,0.4114897524899095,1.0,0,0,0.346344311424388,3
4,2025-03-08,COA,0.5003988807357796,1.0,1,1,0.2496012783700617,3
4,2025-03-08,COA,0.28673776590154176,0.0,0,1,0.08221854639420736,3
4,2025-03-08,COA,0.4790398411669237,1.0,0,0,0.2713994870913841,3
4,2025-03-09,COA,0.5038587463257622,1.0,1,1,0.24615614359744437,3
4,2025-03-09,COA,0.5940345257293993,1.0,1,1,0.16480796629975375,3
4,2025-03-09,COA,0.5287720421385246,1.0,1,1,0.22205578827029646,3
4,2025-03-09,COA,0.4575483263240233,1.0,0,0,0.2942538182738683,3
4,2025-03-09,COA,0.198448172775176,0.0,0,1,0.03938167727780611,3
4,2025-03-09,COA,0.5096069268237073,1.0,1,1,0.24048536621928873,3
4,2025-03-09,COA,0.3607794212199354,0.0,0,1,0.13016179077579157,3
4,2025-03-14,COA,0.3654816243861848,1.0,0,0,0.4026135689915947,3
4,2025-03-14,COA,0.30229522333175696,1.0,0,0,0.48679195538568293,3
4,2025-03-14,COA,0.27879197953655904,0.0,0,1,0.07772496785391315,3
4,2025-03-15,COA,0.4660577968866848,1.0,0,0,0.2850942762655007,3
4,2025-03-15,COA,0.4153686043270548,1.0,0,0,0.3417938688064958,3
4,2025-03-15,COA,0.24946694422674148,0.0,0,1,0.062233756261828144,3
4,2025-03-16,COA,0.6944522282605614,0.0,1,0,0.4822638973360589,3
4,2025-03-16,COA,0.22990937465358458,1.0,0,0,0.5930395712464333,3
4,2025-03-16,COA,0.5924222595962761,0.0,1,0,0.3509641336651576,3
4,2025-03-16,COA,0.198448172775176,1.0,0,0,0.642485331727454,3
4,2025-03-22,COA,0.7039630588155248,1.0,1,1,0.08763787054586043,3
4,2025-03-22,COA,0.5252012129958853,0.0,1,0,0.27583631413234927,3
4,2025-03-22,COA,0.5209391031346102,1.0,1,1,0.2294993429054716,3
4,2025-03-22,COA,0.7852014024785252,1.0,1,1,0.046138437497192514,3
4,2025-03-23,COA,0.684790169155085,1.0,1,1,0.09935723746127996,3
4,2025-03-23,COA,0.40038225497623775,0.0,0,1,0.16030595009985707,3
4,2025-03-23,COA,0.632833071317777,1.0,1,1,0.13481155351793664,3
4,2025-04-11,COA,0.34181044568789476,1.0,0,0,0.43321348940556775,3
4,2025-04-11,COA,0.6279808380254894,0.0,1,0,0.394359932927196,3
4,2025-04-11,COA,0.48170818381581126,0.0,0,1,0.2320427743551274,3
4,2025-04-11,COA,0.5907921078850642,1.0,1,1,0.16745109896914895,3
4,2025-04-12,COA,0.42751560394185784,0.0,0,1,0.18276959161377146,3
4,2025-04-12,COA,0.10792262047349892,0.0,0,1,0.011647292009866887,3
4,2025-04-12,COA,0.7679244526995723,1.0,1,1,0.05385905965479305,3
4,2025-04-12,COA,0.28896196973993005,0.0,0,1,0.08349901995598025,3
4,2025-04-13,COA,0.3949296888175561,0.0,0,1,0.15596945910953167,3
4,2025-04-13,COA,0.7105553227398758,1.0,1,1,0.08377822119421748,3
4,2025-04-13,COA,0.4273901388576693,0.0,0,1,0.18266233079277786,3
4,2025-04-13,COA,0.3416936140565789,0.0,0,1,0.11675452588704628,3
4,2025-04-14,COA,0.11199859894227318,0.0,0,1,0.012543686165032155,3
4,2025-04-14,COA,0.7340725897981388,1.0,1,1,0.07071738749666893,3
4,2025-04-14,COA,0.4282112638396164,0.0,0,1,0.18336488647912155,3
4,2025-04-14,COA,0.4250431012276428,1.0,0,0,0.33057543544592666,3
4,2025-04-15,COA,0.31537366415840884,1.0,0,0,0.46871321972788316,3
4,2025-04-15,COA,0.8130658119571845,1.0,1,1,0.03494439065922669,3
4,2025-04-15,COA,0.4757493124317035,0.0,0,1,0.22633740827923862,3
4,2025-04-15,COA,0.5546631212353651,1.0,1,1,0.19832493558782713,3
4,2025-04-16,COA,0.5548803995478917,0.0,1,0,0.3078922578024279,3
4,2025-04-16,COA,0.6275320391310844,0.0,1,0,0.39379646013601677,3
4,2025-04-16,COA,0.6640757762908316,1.0,1,1,0.11284508407460743,3
4,2025-04-16,COA,0.18256064473115768,0.0,0,1,0.03332838900465597,3
4,2025-04-17,COA,0.6937188203680367,1.0,1,1,0.09380816099674699,3
4,2025-04-17,COA,0.32381536834135394,0.0,0,1,0.10485639277404672,3
4,2025-04-17,COA,0.7499942543553879,0.0,1,0,0.5624913815660944,3
4,2025-04-17,COA,0.7824680591865738,1.0,1,1,0.04732014527405596,3
4,2025-04-18,COA,0.372251905465693,1.0,0,0,0.3940676701914533,3
4,2025-04-18,COA,0.5178257107512312,1.0,1,1,0.23249204521255537,3
4,2025-04-18,COA,0.6225892513571063,1.0,1,1,0.1424388731911895,3
4,2025-04-19,COA,0.4359246248109113,1.0,0,0,0.31818102889471117,3
4,2025-04-19,COA,0.6227068216917258,1.0,1,1,0.14235014239795923,3
4,2025-04-19,COA,0.6251529895504419,1.0,1,1,0.14051028124297116,3
4,2025-04-20,COA,0.656125905812983,1.0,1,1,0.11824939265294142,3
4,2025-04-20,COA,0.4565394989227106,0.0,0,1,0.2084283140765997,3
4,2025-04-20,COA,0.7682149009828093,1.0,1,1,0.05372433212640889,3
4,2025-04-20,COA,0.4905641526985043,1.0,0,0,0.25952488251579287,3
4,2025-05-01,COA,0.7046747162743129,1.0,1,1,0.08721702320765759,3
4,2025-05-01,COA,0.4859141456648237,1.0,0,0,0.2642842656275281,3
4,2025-05-01,COA,0.4639752612360303,1.0,0,0,0.287322520566982,3
4,2025-05-01,COA,0.6021438175457055,1.0,1,1,0.15828954191710493,3
4,2025-05-02,COA,0.8015518272248241,1.0,1,1,0.03938167727780607,3
4,2025-05-02,COA,0.49799763956596277,0.0,0,1,0.24800164901327057,3
4,2025-05-02,COA,0.423574114427116,1.0,0,0,0.33226680155848354,3
4,2025-05-02,COA,0.6888478517328027,1.0,1,1,0.09681565937129193,3
4,2025-05-03,COA,0.6002883977855241,1.0,1,1,0.1597693649448634,3
4,2025-05-03,COA,0.27745876763486044,0.0,0,1,0.07698336773745548,5
4,2025-05-04,COA,0.6486448245736951,0.0,1,0,0.4207401084462397,5
4,2025-05-04,COA,0.537063700799994,0.0,1,0,0.28843741871698547,5
4,2025-05-31,IJL,0.14828630886351601,1.0,0,0,0.725416211669334,3
4,2025-05-31,IJL,0.5738103907060417,0.0,1,0,0.3292583644822202,3
4,2025-05-31,IJL,0.5850701519130003,1.0,1,1,0.17216677883350068,3
4,2025-06-01,IJL,0.4669436105512308,0.0,0,1,0.2180363354346195,3
4,2025-06-01,IJL,0.5237199448727062,0.0,1,0,0.27428258065747047,3
4,2025-06-01,IJL,0.3484341100924,0.0,0,1,0.12140632907588272,3
4,2025-06-06,IVL,0.4056720541536876,1.0,0,0,0.3532257072138973,3
4,2025-06-06,IVL,0.4211654243780837,1.0,0,0,0.33504946593540397,3
4,2025-06-06,IVL,0.5466453458374305,1.0,1,1,0.20553044245086297,3
4,2025-06-07,IVL,0.6640027155675905,0.0,1,0,0.4408996062811345,3
4,2025-06-07,IVL,0.30328655789417897,0.0,0,1,0.09198273619929917,3
4,2025-06-07,IJL,0.43541387997390607,1.0,0,0,0.318757486926119,3
4,2025-06-07,IJL,0.3708046065826684,1.0,0,0,0.39588684309759065,3
5,2025-06-07,IJL,0.6426200187338128,1.0,1,1,0.12772045100982032,3
5,2025-06-08,IJL,0.32435466387574263,0.0,0,1,0.10520594797794598,3
5,2025-06-08,IJL,0.7428178085023426,1.0,1,1,0.06614267962353773,3
5,2025-06-08,IJL,0.2020035076072711,0.0,0,1,0.04080541708564083,3
5,2025-06-08,IJL,0.41358484585860056,0.0,0,1,0.17105242472388238,3
5,2025-06-08,IVL,0.4017934821632474,0.0,0,1,0.1614380023088678,3
5,2025-06-08,IVL,0.706090069701377,1.0,1,1,0.08638304712814143,3
5,2025-06-08,IVL,0.3227985642116671,0.0,0,1,0.10419891305711376,3
5,2025-06-13,IVL,0.6734357772052623,1.0,1,1,0.1066441916095311,3
5,2025-06-13,IVL,0.6632617148747277,1.0,1,1,0.11339267266910916,3
5,2025-06-13,IVL,0.47449716266602715,0.0,0,1,0.22514755737811024,3
5,2025-06-14,IVL,0.2159494399024664,0.0,0,1,0.04663416059418895,3
5,2025-06-14,IVL,0.235515903091677,1.0,0,0,0.5844359344257342,3
5,2025-06-14,IVL,0.40068989533550403,1.0,0,0,0.3591726015529691,3
5,2025-06-14,IJL,0.5540215946363641,1.0,1,1,0.19889673805069152,3
5,2025-06-14,IJL,0.8490058480320344,1.0,1,1,0.022799233928525096,3
5,2025-06-14,IJL,0.5906890334015975,1.0,1,1,0.16753546737771857,3
5,2025-06-14,IJL,0.668931029338822,1.0,1,1,0.10960666333465195,3
5,2025-06-15,IJL,0.4993780992199153,0.0,0,1,0.24937848598049553,3
5,2025-06-15,IJL,0.5131047376403698,0.0,1,0,0.2632764717889927,3
5,2025-06-15,IJL,0.816644937779817,1.0,1,1,0.0336190788417672,3
5,2025-06-15,IJL,0.41493843911440154,0.0,0,1,0.17217390825469592,3
5,2025-06-15,IVL,0.45953329732638204,1.0,0,0,0.29210425669889295,3
5,2025-06-15,IVL,0.21131931082689343,0.0,0,1,0.0446558511283532,3
5,2025-06-15,IVL,0.4945574902875217,0.0,0,1,0.24458711119949214,3
5,2025-06-20,IVL,0.3866403896183508,1.0,0,0,0.37621001164752854,3
5,2025-06-20,IVL,0.4198978069806678,1.0,0,0,0.33651855434583855,3
5,2025-06-20,IVL,0.5060796541531324,0.0,1,0,0.25611661634775407,3
5,2025-06-21,IVL,0.3404330735098421,0.0,0,1,0.11589467753935755,3
5,2025-06-21,IVL,0.6702978551366292,0.0,1,0,0.44929921460076555,3
5,2025-06-21,IVL,0.5539088741243005,0.0,1,0,0.30681504083365013,3
5,2025-06-21,IJL,0.36606565073797226,0.0,0,1,0.13400406065021508,3
5,2025-06-21,IJL,0.4834856320113414,0.0,0,1,0.23375835636140627,3
5,2025-06-21,IJL,0.15695847325458542,0.0,0,1,0.024635962326410406,3
5,2025-06-21,IJL,0.3704400668256645,0.0,0,1,0.13722584310980276,3
5,2025-06-22,IJL,0.5165143679886586,0.0,1,0,0.2667870923387234,3
5,2025-06-22,IJL,0.6339343492620273,1.0,1,1,0.13400406065021542,3
5,2025-06-22,IJL,0.6295599331743356,1.0,1,1,0.13722584310980274,3
5,2025-06-22,IVL,0.292945582152772,0.0,0,1,0.08581711410282648,3
5,2025-06-22,IVL,0.6289369882381821,1.0,1,1,0.137687758697751,3
5,2025-06-22,IVL,0.3702269717042986,1.0,0,0,0.3966140671687384,3
5,2025-06-22,IJL,0.8430415267454145,1.0,1,1,0.024635962326410417,3
5,2025-06-27,IVL,0.5467324992524083,1.0,1,1,0.20545142723396803,3
5,2025-06-27,IVL,0.5284251475397863,1.0,1,1,0.22238284147287232,3
5,2025-06-28,IJL,0.6874810803110014,1.0,1,1,0.09766807516357875,3
5,2025-06-28,IJL,0.25718219149765775,0.0,0,1,0.0661426796235379,3
5,2025-06-28,IJL,0.49079001172721076,1.0,0,0,0.2592948121567741,3
5,2025-06-28,IVL,0.43134736609555857,0.0,0,1,0.18606055023757584,3
5,2025-06-28,IVL,0.544725544264125,1.0,1,1,0.20727483004559719,3
5,2025-06-28,IVL,0.6186730694757927,1.0,1,1,0.14541022794301361,3
5,2025-06-28,IJL,0.7724319913432238,1.0,1,1,0.05178719856401056,3
5,2025-06-29,IVL,0.37716529596351583,0.0,0,1,0.14225366047924648,3
5,2025-06-29,IVL,0.6388621100744135,1.0,1,1,0.13042057553990502,3
5,2025-06-29,IVL,0.6846513636379553,1.0,1,1,0.0994447624554011,3
5,2025-06-29,IJL,0.7637183167888424,1.0,1,1,0.05582903382109784,3
5,2025-06-29,IJL,0.5684615877383753,1.0,1,1,0.18622540125728396,3
5,2025-06-29,IJL,0.20792172749759488,1.0,0,0,0.6273879897703943,3
5,2025-06-29,IJL,0.6487836285857966,1.0,1,1,0.12335293954935965,3
5,2025-07-04,IVL,0.4241579217750514,1.0,0,0,0.3315940990544278,3
5,2025-07-04,IVL,0.45716200177427846,1.0,0,0,0.29467309231770844,3
5,2025-07-04,IVL,0.47964003394063587,1.0,0,0,0.27077449427730255,3
5,2025-07-05,IJL,0.3009024316094469,0.0,0,1,0.09054227334847788,3
5,2025-07-05,IJL,0.35280423065745525,0.0,0,1,0.12447082516979889,3
5,2025-07-05,IJL,0.6256256613503504,1.0,1,1,0.14015614543936256,3
5,2025-07-05,IVL,0.49967873343752545,1.0,0,0,0.2503213697746787,3
5,2025-07-05,IVL,0.3457660331414983,1.0,0,0,0.4280220833914112,3
5,2025-07-05,IJL,0.5637605519168138,0.0,1,0,0.3178259598975506,3
5,2025-07-06,IJL,0.31151293496773247,0.0,0,1,0.09704030865221072,3
5,2025-07-06,IJL,0.6122772035231115,0.0,1,0,0.3748833739540818,3
5,2025-07-06,IJL,0.41927689368126053,0.0,0,1,0.17579311357500704,3
5,2025-07-06,IVL,0.515623640900507,1.0,1,1,0.23462045725448094,3
5,2025-07-06,IVL,0.1895226233292729,0.0,0,1,0.035918824753609455,3
5,2025-07-06,IVL,0.28857988404416074,0.0,0,1,0.08327834947494125,3
5,2025-07-06,IJL,0.49677097076572174,1.0,0,0,0.2532394558640741,3
5,2025-07-11,IVL,0.36509665593262985,0.0,0,1,0.1332955681731891,3
5,2025-07-11,IVL,0.43300605533375586,1.0,0,0,0.321482133288188,3
5,2025-07-11,IVL,0.5059063688141343,1.0,1,1,0.24412851637843427,3
5,2025-07-12,IVL,0.5215425601787973,0.0,1,0,0.2720066420778544,3
5,2025-07-12,IVL,0.4494368182343846,1.0,0,0,0.30311981711587804,3
5,2025-07-12,IVL,0.31741147585337964,0.0,0,1,0.10075004500342061,3
5,2025-07-12,IJL,0.35490995348900545,0.0,0,1,0.125961075085568,3
5,2025-07-12,IJL,0.24311893341238022,0.0,0,1,0.059106815783573366,3
5,2025-07-12,IJL,0.25367232325994377,0.0,0,1,0.06434964758809741,3
5,2025-07-12,IJL,0.4140926137229203,0.0,0,1,0.17147269273987967,3
5,2025-07-13,IJL,0.4223577655269906,0.0,0,1,0.1783860821009524,3
5,2025-07-13,IJL,0.639429272452317,1.0,1,1,0.13001124956426546,3
5,2025-07-13,IJL,0.3242017283816694,0.0,0,1,0.10510676068566173,3
5,2025-07-13,IJL,0.21201680518723384,0.0,0,1,0.044951125681801464,3
5,2025-07-13,IVL,0.5831388061519135,0.0,1,0,0.34005086724027894,3
5,2025-07-13,IVL,0.43557413943166334,1.0,0,0,0.31857655207830743,3
5,2025-07-13,IVL,0.594555697827665,1.0,1,1,0.16438508216401165,3
5,2025-07-18,IVL,0.4257585296089146,1.0,0,0,0.3297532663169158,3
5,2025-07-18,IVL,0.4782193617247881,0.0,0,1,0.2286937579284637,3
5,2025-07-18,IVL,0.5933677139616031,1.0,1,1,0.1653498160488126,3
5,2025-07-19,IVL,0.4813459533253199,1.0,0,0,0.26900202013202124,3
5,2025-07-19,IVL,0.6356267072552906,1.0,1,1,0.1327678964656217,3
5,2025-07-19,IVL,0.5440393455033896,1.0,1,1,0.2079001184489773,3
5,2025-07-20,IVL,0.5755712090640319,1.0,1,1,0.1801397985753677,3
5,2025-07-20,IVL,0.6718368511819313,0.0,1,0,0.45136475460605247,3
5,2025-07-20,IVL,0.7392638717972511,1.0,1,1,0.06798332855016033,3
5,2025-07-25,IJL,0.6907494375366343,1.0,1,1,0.09563591038390803,3
5,2025-07-25,IVL,0.4382758482884436,1.0,0,0,0.31553402261606756,3
5,2025-07-25,IVL,0.3309898818815916,0.0,0,1,0.10955430190798997,3
5,2025-07-25,IVL,0.5325016913622724,0.0,1,0,0.28355805130368084,3
5,2025-07-25,IJL,0.5345244714482223,0.0,1,0,0.2857164105770015,5
5,2025-07-25,IJL,0.3743743386496498,0.0,0,1,0.14015614543936267,3
5,2025-07-26,IJL,0.6122772035231115,1.0,1,1,0.15032896690785866,3
5,2025-07-26,IJL,0.49604518545090054,0.0,0,1,0.2460608260090183,3
5,2025-07-26,IJL,0.7348293387310809,1.0,1,1,0.07031547959779583,5
5,2025-07-26,IVL,0.7627856158528757,1.0,1,1,0.056270664046299435,3
5,2025-07-26,IVL,0.5722518428536233,0.0,1,0,0.327472171649368,3
5,2025-07-26,IVL,0.7840505600975334,1.0,1,1,0.046634160594189046,3
5,2025-07-27,IVL,0.7763129929810153,0.0,1,0,0.6026618630711419,3
5,2025-07-27,IVL,0.5730146572259083,1.0,1,1,0.1823164829439086,3
5,2025-07-27,IVL,0.540466702673618,0.0,1,0,0.29210425669889295,3
5,2025-07-27,IJL,0.4502003658191285,0.0,0,1,0.20268036938367712,5
5,2025-07-27,IJL,0.45167024642040354,1.0,0,0,0.300665518660661,5
5,2025-08-01,IVL,0.6665787393251015,1.0,1,1,0.11116973707003863,3
5,2025-08-01,IVL,0.45854917237366755,1.0,0,0,0.2931689987372404,3
5,2025-08-01,IVL,0.38637804004071996,1.0,0,0,0.37653190974426826,3
5,2025-08-02,IVL,0.32032251278574486,0.0,0,1,0.10260651219737368,3
5,2025-08-02,IVL,0.6695587058891671,1.0,1,1,0.10919144885364197,3
5,2025-08-02,IVL,0.5975248694377304,0.0,1,0,0.3570359695965768,3
5,2025-08-03,IVL,0.39729704470196936,1.0,0,0,0.36325085232497994,3
5,2025-08-03,IVL,0.5952586407728715,0.0,1,0,0.35433284941476645,3
5,2025-08-03,IVL,0.37581073908154217,1.0,0,0,0.38961223344593066,3
5,2025-08-07,IVL,0.5449578599846854,1.0,1,1,0.2070633491897172,3
5,2025-08-07,IVL,0.5509005663529574,0.0,1,0,0.3034914340080092,3
5,2025-08-07,IVL,0.31146539293392206,1.0,0,0,0.47407990512763837,3
5,2025-08-08,IVL,0.3756614365949008,0.0,0,1,0.14112151494454467,3
5,2025-08-08,IVL,0.7762354455496762,1.0,1,1,0.05007057582835194,3
5,2025-08-08,IVL,0.7046871842698936,1.0,1,1,0.08720965913444376,3
5,2025-08-09,IVL,0.6231100743967193,0.0,1,0,0.38826616481468507,3
5,2025-08-09,IVL,0.4975937756957187,0.0,0,1,0.24759956561112123,3
5,2025-08-09,IVL,0.37699445583247676,1.0,0,0,0.3881359080634718,3
5,2025-08-10,IVL,0.4579920922410472,1.0,0,0,0.2937725720732375,5
5,2025-08-10,IVL,0.528557659032439,0.0,1,0,0.27937319892185203,3
5,2025-08-21,IVL,0.41816874466843,0.0,0,1,0.1748650990175706,5
5,2025-08-21,IVL,0.5059063688141343,0.0,1,0,0.25594125400670287,3
5,2025-08-21,IVL,0.6136219599592801,0.0,1,0,0.3765319097442684,3
5,2025-08-22,IVL,0.8369730860733946,0.0,1,0,0.700523946811222,5
5,2025-08-22,IVL,0.4719728622519308,1.0,0,0,0.27881265819841844,5
5,2025-08-23,IVL,0.7023706583081093,0.0,1,0,0.4933245416521668,5
5,2025-08-23,IVL,0.3866403896183508,1.0,0,0,0.37621001164752854,3
5,2025-08-24,IVL,0.30722937521163207,0.0,0,1,0.0943898889929298,3
5,2025-09-11,IVS,0.09634558061604892,0.0,0,1,0.009282470904243582,3
5,2025-09-11,IVS,0.3912624123515593,1.0,0,0,0.37056145061604295,3
5,2025-09-11,IVS,0.6244477223268308,0.0,1,0,0.3899349579191667,3
5,2025-09-11,IVS,0.8422157995777073,1.0,1,1,0.024895853902902228,3
5,2025-09-12,IVS,0.7188694888437674,1.0,1,1,0.0790343643029646,3
5,2025-09-12,IVS,0.11669112419637506,0.0,0,1,0.013616818466213829,3
5,2025-09-12,IVS,0.7726058523395447,1.0,1,1,0.051708098390224944,3
5,2025-09-12,IVS,0.3743743386496498,1.0,0,0,0.391407468140063,3
5,2025-09-13,IVS,0.848777709977534,1.0,1,1,0.02286818099963882,3
5,2025-09-13,IVS,0.7221110515632138,0.0,1,0,0.5214443707897304,3
5,2025-09-13,IVS,0.42835591177226434,0.0,0,1,0.1834887871502479,3
5,2025-09-13,IVS,0.7606318613410215,0.0,1,0,0.5785608284871069,3
5,2025-09-14,IVS,0.4005887160442547,0.0,0,1,0.16047131942198453,3
5,2025-09-14,IVS,0.49823363190725034,0.0,0,1,0.24823675196348943,3
5,2025-10-02,IVL,0.317133913284564,0.0,0,1,0.10057391895518134,3
5,2025-10-02,IVL,0.698184693948998,1.0,1,1,0.09109247896666003,3
5,2025-10-02,IVL,0.6188030473696052,1.0,1,1,0.14531111669469943,3
5,2025-10-03,IVL,0.552930675412115,1.0,1,1,0.19987098098746764,3
5,2025-10-03,IVL,0.6746376554466231,1.0,1,1,0.10586065525327033,3
5,2025-10-03,IVL,0.24850944486284282,0.0,0,1,0.06175694418603832,3
5,2025-10-04,IVL,0.5232510273717557,1.0,1,1,0.22728958290208648,3
5,2025-10-04,IVL,0.44615290681427233,1.0,0,0,0.3067466026302801,3
5,2025-10-04,IVL,0.4085515464184276,1.0,0,0,0.3498112732440334,3
5,2025-10-05,IVL,0.41157990003448547,1.0,0,0,0.34623821404342603,3
5,2025-10-05,IVL,0.7468513532374419,1.0,1,1,0.06408423735771442,3
5,2025-10-05,IVL,0.5283657194655276,0.0,1,0,0.2791703335063246,3
5,2025-10-06,IVL,0.5883226145762426,1.0,1,1,0.16947826966934093,3
5,2025-10-06,IVL,0.7150172465484406,1.0,1,1,0.08121516976483231,3
5,2025-10-06,IVL,0.5811119128322477,1.0,1,1,0.17546722957105843,3
5,2025-10-10,IVL,0.4439528797214358,0.0,0,1,0.19709415941295566,3
5,2025-10-10,IVL,0.5413471635369469,1.0,1,1,0.21036242439560413,3
5,2025-10-11,IVL,0.5650047860697227,0.0,1,0,0.31923040828169313,3
5,2025-10-11,IVL,0.7343113829027665,1.0,1,1,0.07059044125504034,3
5,2025-10-11,IVL,0.5313418071533083,1.0,1,1,0.2196405017223269,3
5,2025-10-12,IVL,0.6734127334793107,0.0,1,0,0.4534847096120772,3
5,2025-10-12,IVL,0.3785308328764899,1.0,0,0,0.3862239256851893,3
5,2025-10-12,IVL,0.699620610847083,1.0,1,1,0.09022777742787952,3
5,2025-10-17,IVL,0.6110754308580383,1.0,1,1,0.15126232048226057,3
5,2025-10-17,IVL,0.47614877747795636,1.0,0,0,0.27442010333783967,3
5,2025-10-17,IVL,0.6224606167133888,1.0,1,1,0.14253598593243472,3
5,2025-10-18,IVL,0.49819763985981835,0.0,0,1,0.24820088836189327,3
5,2025-10-18,IVL,0.4721367832424137,1.0,0,0,0.27863957560566655,3
5,2025-10-18,IVL,0.3753366383065829,0.0,0,1,0.14087759205528666,3
5,2025-10-19,IVL,0.7784494740392842,1.0,1,1,0.0490846355534698,3
5,2025-10-19,IVL,0.6264478704343257,1.0,1,1,0.1395411935030503,3
5,2025-10-19,IVL,0.2832156720244602,0.0,0,1,0.0802111168802666,3
5,2025-10-24,IVL,0.25440875204545,0.0,0,1,0.06472381311732325,3
5,2025-10-24,IVL,0.46749408917453616,0.0,0,1,0.21855072341312917,3
5,2025-10-24,IVL,0.4562854566509539,1.0,0,0,0.29562550464926174,3
5,2025-10-25,IVL,0.7032472516154623,1.0,1,1,0.08806219367377674,3
5,2025-10-25,IVL,0.3130421410808664,1.0,0,0,0.4719110999307603,3
5,2025-10-25,IVL,0.5363645896238272,1.0,1,1,0.21495779375468219,3
5,2025-10-25,IJL,0.721591537143484,0.0,1,0,0.5206943464770961,3
5,2025-10-25,IJL,0.7986756817605855,1.0,1,1,0.04053148111456507,3
5,2025-10-25,IJL,0.6276691663712171,0.0,1,0,0.39396858241313853,3
5,2025-10-25,IJL,0.4313314576487488,0.0,0,1,0.1860468263573944,3
5,2025-10-26,IJL,0.4223577655269906,0.0,0,1,0.1783860821009524,3
5,2025-10-26,IJL,0.37190798881718634,0.0,0,1,0.1383155521460444,3
5,2025-10-26,IJL,0.29137556308384815,0.0,0,1,0.08489971876242958,3
5,2025-10-26,IVL,0.7979568124345886,1.0,1,1,0.04082144964159201,3
5,2025-10-26,IVL,0.36437329274470964,1.0,0,0,0.4040213109762026,3
5,2025-10-26,IVL,0.620890867793579,1.0,1,1,0.14372373412230555,3
5,2025-10-26,IJL,0.4238890116724489,1.0,0,0,0.33190387087174766,3
5,2025-10-31,IVL,0.4397981233472555,0.0,0,1,0.19342238929976774,3
5,2025-10-31,IVL,0.3300556812730264,0.0,0,1,0.1089367527406016,3
5,2025-10-31,IVL,0.5349345069367016,1.0,1,1,0.2162859128382088,3
5,2025-11-01,IJL,0.3163158205680403,0.0,0,1,0.10005569834163267,3
5,2025-11-01,IJL,0.6560450512395453,1.0,1,1,0.11830500677680704,3
5,2025-11-01,IJL,0.799375729860403,1.0,1,1,0.04025009776904601,3
5,2025-11-01,IVL,0.6356267072552906,0.0,1,0,0.40402131097620286,3
5,2025-11-01,IVL,0.5072033930065459,1.0,1,1,0.24284849586426083,3
5,2025-11-01,IVL,0.35922178625488277,0.0,0,1,0.1290402917201487,3
5,2025-11-01,IJL,0.6039556499389416,1.0,1,1,0.15685112721528618,3
5,2025-11-02,IVL,0.5432678146657722,1.0,1,1,0.2086042891201794,3
5,2025-11-02,IVL,0.3464228712175347,0.0,0,1,0.12000880570260061,3
5,2025-11-02,IVL,0.5677731762911216,0.0,1,0,0.32236637971570903,3
5,2025-11-02,IJL,0.28758472304064686,1.0,0,0,0.5075355268450719,3
5,2025-11-02,IJL,0.6096974451497804,0.0,1,0,0.3717309746221695,3
5,2025-11-02,IJL,0.5680848437320531,1.0,1,1,0.18655070221396494,3
5,2025-11-02,IJL,0.11203631155581886,0.0,0,1,0.012552135107032512,3
5,2025-11-07,IVL,0.45097548733363,1.0,0,0,0.30142791550854503,3
5,2025-11-07,IVL,0.3869631810405051,0.0,0,1,0.14974050348098672,3
5,2025-11-07,IVL,0.672628762752428,0.0,1,0,0.45242945248186206,3
5,2025-11-08,IJL,0.5704712789130324,0.0,1,0,0.3254374800646708,3
5,2025-11-08,IJL,0.5579191870939142,1.0,1,1,0.19543544513970565,3
5,2025-11-08,IJL,0.38844770113399785,1.0,0,0,0.373996214248292,3
5,2025-11-08,IJL,0.7428178085023426,1.0,1,1,0.06614267962353773,3
5,2025-11-08,IVL,0.3811969526303947,0.0,0,1,0.1453111166946994,3
5,2025-11-08,IVL,0.40445663610172,0.0,0,1,0.16358517048671917,3
5,2025-11-08,IVL,0.3223878457509223,0.0,0,1,0.10393392308792046,3
5,2025-11-09,IVL,0.5884200999655145,0.0,1,0,0.34623821404342603,3
5,2025-11-09,IVL,0.624663361693417,1.0,1,1,0.14087759205528674,3
5,2025-11-09,IVL,0.2976665170071343,0.0,0,1,0.08860535534715858,3
5,2025-11-09,IJL,0.6919895178227145,1.0,1,1,0.09487045713108394,3
5,2025-11-09,IJL,0.45477775448262125,0.0,0,1,0.20682280597225533,3
5,2025-11-09,IJL,0.8537311478155012,1.0,1,1,0.02139457711937076,3
5,2025-11-09,IJL,0.3279925032301332,0.0,0,1,0.10757908217516893,3
5,2025-11-14,IVL,0.4687169104717379,0.0,0,1,0.2196955421621712,3
5,2025-11-14,IVL,0.3173206144041737,0.0,0,1,0.10069237232584229,3
5,2025-11-14,IVL,0.514834357720637,1.0,1,1,0.2353857004483468,3
5,2025-11-15,IVL,0.2775535115472212,0.0,0,1,0.07703595177219344,3
5,2025-11-15,IVL,0.221550525960716,0.0,0,1,0.049084635553469896,3
5,2025-11-15,IVL,0.5602018766527448,0.0,1,0,0.3138261426052571,3
5,2025-11-15,IJL,0.568175150593079,1.0,1,1,0.18647270056531,3
5,2025-11-15,IJL,0.6273789089628878,1.0,1,1,0.13884647748568782,3
5,2025-11-15,IJL,0.2631963196217025,0.0,0,1,0.06927230266240937,3
5,2025-11-15,IJL,0.2174007130052953,0.0,0,1,0.04726307001521077,3
5,2025-11-16,IJL,0.4318248494069209,0.0,0,1,0.1864727005653099,3
5,2025-11-16,IJL,0.3818300903396814,1.0,0,0,0.38213403720944644,3
5,2025-11-16,IJL,0.7069384805319309,1.0,1,1,0.08588505419293346,3
5,2025-11-16,IVL,0.6869578589191336,1.0,1,1,0.09799538209249305,3
5,2025-11-16,IVL,0.48309794161178876,1.0,0,0,0.26718773796596973,3
5,2025-11-16,IVL,0.5018023601401818,1.0,1,1,0.24820088836189316,3
5,2025-11-16,IJL,0.7368036803782977,1.0,1,1,0.06927230266240929,3
5,2025-11-21,IVL,0.2398187366882224,0.0,0,1,0.05751302646673495,3
5,2025-11-21,IVL,0.6485898300471071,0.0,1,0,0.4206687676405353,3
5,2025-11-21,IVL,0.6007418905540003,0.0,1,0,0.3608908190663945,3
5,2025-11-22,IJL,0.7133804537681472,0.0,1,0,0.5089116718184475,3
5,2025-11-22,IJL,0.3810227820612986,1.0,0,0,0.38313279632713465,3
5,2025-11-22,IJL,0.8833855215558045,0.0,1,0,0.7803699796944208,3
5,2025-11-22,IJL,0.36606565073797226,1.0,0,0,0.40187275917427057,3
5,2025-11-22,IVL,0.6020293863450741,1.0,1,1,0.1583806093328783,3
5,2025-11-22,IVL,0.3265872665206895,1.0,0,0,0.45348470961207693,3
5,2025-11-22,IVL,0.37734210556860714,0.0,0,1,0.14238706463494985,3
5,2025-11-23,IJL,0.5131047376403698,1.0,1,1,0.23706699650825314,3
5,2025-11-23,IVL,0.6916337279475917,1.0,1,1,0.09508975773949989,3
5,2025-11-23,IVL,0.6515774463344777,1.0,1,1,0.12139827590280379,3
5,2025-11-23,IVL,0.6181907842197296,0.0,1,0,0.3821598456942043,3
5,2025-11-23,IJL,0.5553196123473892,1.0,1,1,0.19774064716287618,3
5,2025-11-23,IJL,0.6011406613589642,1.0,1,1,0.1590887720211645,3
5,2025-11-23,IJL,0.7770621657548565,0.0,1,0,0.6038256094476281,3
5,2025-11-27,IVL,0.49053783906214327,1.0,0,0,0.2595516934274706,3
5,2025-11-27,IVL,0.2938492297966223,0.0,0,1,0.08634736985206815,3
5,2025-11-27,IVL,0.2884119113811401,0.0,0,1,0.0831814306265226,3
5,2025-11-28,IVL,0.5900224303586314,1.0,1,1,0.1680816076090432,3
5,2025-11-28,IVL,0.5726420278951203,0.0,1,0,0.3279188921118357,3
5,2025-11-28,IVL,0.20204318756541134,1.0,0,0,0.6367350745107692,3
5,2025-11-29,IJL,0.20062427013959716,0.0,0,1,0.040250097769046055,3
5,2025-11-29,IJL,0.34849587549506594,1.0,0,0,0.42445762424694056,3
5,2025-11-29,IJL,0.39605707437512494,1.0,0,0,0.3647470574123334,3
5,2025-11-29,IJL,0.6313931695983871,0.0,1,0,0.3986573346154976,3
5,2025-11-29,IVL,0.43710486251432523,0.0,0,1,0.19106066083366716,3
5,2025-11-29,IVL,0.4327786301292085,1.0,0,0,0.32174008243809726,3
5,2025-11-29,IVL,0.3842464700489506,1.0,0,0,0.379152409647178,3
5,2025-11-30,IVL,0.2441866611518687,0.0,0,1,0.05962712548449755,3
5,2025-11-30,IVL,0.40180742355026944,1.0,0,0,0.35783435851956674,3
5,2025-11-30,IJL,0.5686685423512514,1.0,1,1,0.1860468263573942,3
5,2025-11-30,IJL,0.24827056092581332,0.0,0,1,0.061638271422417984,3
5,2025-11-30,IJL,0.3743743386496498,1.0,0,0,0.391407468140063,3
5,2025-12-06,IJL,0.6764005834625391,1.0,1,1,0.10471658238338515,3
5,2025-12-06,IJL,0.20792172749759488,1.0,0,0,0.6273879897703943,3
5,2025-12-06,IJL,0.6440232494225184,0.0,1,0,0.41476594579673937,3
5,2025-12-06,IJL,0.2963865195849346,1.0,0,0,0.49507192982180154,3
5,2025-12-07,IJL,0.4070587132539961,0.0,0,1,0.16569679603599904,3
5,2025-12-07,IJL,0.4518077781872296,0.0,0,1,0.20413026843048088,3
5,2025-12-07,IJL,0.25718219149765775,0.0,0,1,0.0661426796235379,3
5,2025-12-07,IJL,0.7045509898230364,1.0,1,1,0.08729011761454752,3
5,2025-12-11,IVL,0.4780175222131802,0.0,0,1,0.22850075154282826,5
5,2025-12-12,IVL,0.5951778380340699,0.0,1,0,0.35423665888690953,5
5,2025-12-19,IJL,0.30757175316346064,0.0,0,1,0.09460038334404476,5
5,2025-12-19,IJL,0.7993757298604028,1.0,1,1,0.040250097769046055,3
5,2025-12-19,IJL,0.36254001058667623,0.0,0,1,0.13143525927618732,5
5,2025-12-20,IJL,0.28267877376964545,0.0,0,1,0.0799072891399104,3
5,2025-12-20,IJL,0.5880190918460998,1.0,1,1,0.16972826868331237,5
5,2025-12-21,IJL,0.6256256613503504,1.0,1,1,0.14015614543936256,3
5,2025-12-21,IJL,0.4487893945366127,0.0,0,1,0.2014119206485394,5
5,2025-12-31,IVL,0.5087652289312949,1.0,1,1,0.24131160030692306,5
5,2025-12-31,IVL,0.7954980701775042,1.0,1,1,0.041821039301125004,5
5,2025-12-31,IVL,0.6646904504440396,1.0,1,1,0.11243249402342105,3
5,2026-01-01,IVL,0.6041766419423968,1.0,1,1,0.1566761307839975,5
5,2026-01-01,IVL,0.5540246868689083,1.0,1,1,0.1988939799223753,5
5,2026-01-02,IVL,0.5490352932765314,1.0,1,1,0.203369166710184,3
5,2026-01-02,IVL,0.6244853865943853,1.0,1,1,0.1410112248811682,3
5,2026-01-03,IVL,0.5432678146657722,1.0,1,1,0.2086042891201794,3
5,2026-02-27,COA,0.853301308107326,1.0,1,1,0.02152050620302171,3
5,2026-02-27,COA,0.3205509058843093,0.0,0,1,0.10275288326325131,3
5,2026-02-27,COA,0.5410798689250417,1.0,1,1,0.21060768670585694,3
5,2026-02-28,COA,0.5696811456017907,1.0,1,1,0.18517431645058724,3
5,2026-02-28,COA,0.4437224629186205,0.0,0,1,0.19688962409856653,3
5,2026-02-28,COA,0.3880931442573736,0.0,0,1,0.1506162886195746,3
5,2026-02-28,COA,0.5083023383280374,0.0,1,0,0.2583712671497506,3
5,2026-02-28,COA,0.48562568412106444,1.0,0,0,0.264580936835923,3
5,2026-02-28,COA,0.4516687037356873,0.0,0,1,0.20400461793427607,3
5,2026-02-28,COA,0.3966151704624764,1.0,0,0,0.3640732525160264,3
5,2026-02-28,COA,0.5511754621568175,0.0,1,0,0.3037943900837813,3
5,2026-02-28,COA,0.5150205216215915,1.0,1,1,0.23520509444819318,3
5,2026-03-01,COA,0.5993045550232886,1.0,1,1,0.16055683962508474,3
5,2026-03-01,COA,0.490120327905465,1.0,0,0,0.2599772800152305,3
5,2026-03-01,COA,0.508938557421723,1.0,1,1,0.24114134038705842,3
5,2026-03-01,COA,0.50158053307921,1.0,1,1,0.24842196500560446,3
5,2026-03-01,COA,0.6299442591668456,1.0,1,1,0.13694125132357474,3
5,2026-03-01,COA,0.49143094622771144,1.0,0,0,0.25864248245484095,3
5,2026-03-01,COA,0.5102968901990828,0.0,1,0,0.26040291614685473,3
5,2026-03-01,COA,0.47981334091629174,1.0,0,0,0.27059416028867017,3
5,2026-03-01,COA,0.526853764045129,0.0,1,0,0.2775748886885204,3
5,2026-03-01,COA,0.5813506247964133,1.0,1,1,0.1752672993583535,3
5,2026-03-01,COA,0.4219686917195298,0.0,0,1,0.17805757679149156,3
5,2026-03-01,COA,0.4916976616719623,1.0,0,0,0.25837126714975084,3
5,2026-03-02,COA,0.36459652055354086,0.0,0,1,0.13293062279974854,3
5,2026-03-02,COA,0.5501934151794984,0.0,1,0,0.3027127941068799,3
5,2026-03-02,COA,0.6927317875816219,1.0,1,1,0.09441375436278553,3
5,2026-03-05,COA,0.5348196384186606,1.0,1,1,0.21639276880094563,3
5,2026-03-05,COA,0.7784270878600734,1.0,1,1,0.04909455539416763,3
5,2026-03-05,COA,0.4059160874903818,0.0,0,1,0.1647678700834993,3
5,2026-03-05,COA,0.49826637869462276,0.0,0,1,0.24826938413745323,3
5,2026-03-06,COA,0.3983459885345789,0.0,0,1,0.15867952658159087,3
5,2026-03-06,COA,0.2662966934607667,0.0,0,1,0.07091392894813753,3
5,2026-03-06,COA,0.31847192340697084,1.0,0,0,0.4644805191845938,3
5,2026-03-06,COA,0.6880052514658571,1.0,1,1,0.09734072311288305,3
5,2026-03-06,COA,0.19928413284833124,0.0,0,1,0.03971416560511133,3
5,2026-03-06,COA,0.4093509186760108,1.0,0,0,0.3488663372688724,3
5,2026-03-07,COA,0.3296121507840924,0.0,0,1,0.10864416994451526,3
5,2026-03-07,COA,0.522603442205101,1.0,1,1,0.22790747339441833,3
5,2026-03-07,COA,0.50403372772602,1.0,1,1,0.2459825432333477,3
5,2026-03-07,COA,0.3665756386204906,0.0,0,1,0.13437769883002051,3
5,2026-03-07,COA,0.48962173034905,0.0,0,1,0.2397294388299978,3
5,2026-03-07,COA,0.5252119460359288,1.0,1,1,0.2254236961869898,3
5,2026-03-07,COA,0.4505895383717976,0.0,0,1,0.20303093209010967,3
5,2026-03-07,COA,0.49643080223505254,1.0,0,0,0.25358193693763276,3
5,2026-03-07,COA,0.4890117137704251,0.0,0,1,0.2391324562046882,3
5,2026-03-07,COA,0.3971262713054159,0.0,0,1,0.15770927536094279,3
5,2026-03-08,COA,0.7184436652917674,1.0,1,1,0.0792739696143343,3
5,2026-03-08,COA,0.24958917090047825,0.0,0,1,0.06229475423078814,3
5,2026-03-08,COA,0.3550448159257178,0.0,0,1,0.12605682131572682,3
5,2026-03-08,COA,0.634005836227882,0.0,1,0,0.4019634003710159,3
5,2026-03-08,COA,0.2588452209591314,0.0,0,1,0.06700084841338154,3
5,2026-03-08,COA,0.5606985646119742,1.0,1,1,0.1929857511339798,3
5,2026-03-08,COA,0.5324435008811589,1.0,1,1,0.2186090798682669,3
5,2026-03-08,COA,0.5010425416414528,0.0,1,0,0.25104362853452694,3
5,2026-03-08,COA,0.2780065174159778,0.0,0,1,0.07728762372576038,3
5,2026-03-08,COA,0.6050397348880105,0.0,1,0,0.3660730807933541,3
5,2026-03-13,COA,0.30135073819216984,0.0,0,1,0.0908122674089657,3
5,2026-03-13,COA,0.6430981137286882,1.0,1,1,0.1273789564240204,5
5,2026-03-13,COA,0.563723126340623,1.0,1,1,0.19033751048999994,3
5,2026-03-13,COA,0.48754411428297384,1.0,0,0,0.26261103480602177,3
5,2026-03-13,COA,0.46046991702971807,1.0,0,0,0.2910927104299193,3
5,2026-03-14,COA,0.728388465662138,0.0,1,0,0.5305497569096436,3
5,2026-03-14,COA,0.6026602420283846,1.0,1,1,0.15787888326494187,3
5,2026-03-14,COA,0.682595650245885,0.0,1,0,0.46593682173460255,3
5,2026-03-14,COA,0.3959677063198874,0.0,0,1,0.15679042444823263,3
5,2026-03-14,COA,0.4517624026079257,1.0,0,0,0.3005644631942342,5
5,2026-03-15,COA,0.7922037042879296,1.0,1,1,0.04317930051165819,5
5,2026-03-15,COA,0.6611856379158613,1.0,1,1,0.11479517195448187,3
5,2026-03-15,COA,0.4234070239985756,0.0,0,1,0.17927350797133038,3
5,2026-03-15,COA,0.6002789000351393,1.0,1,1,0.15977695775711817,3
5,2026-03-15,COA,0.3248167464541326,0.0,0,1,0.10550591877704826,3
5,2026-03-15,COA,0.4750493589128075,0.0,0,1,0.22567189340346938,3
5,2026-03-21,COA,0.618386169100521,1.0,1,1,0.14562911593377614,3
5,2026-03-21,COA,0.720190832377152,1.0,1,1,0.07829317028579107,3
5,2026-03-21,COA,0.5669846727786924,0.0,1,0,0.32147161916596084,3
5,2026-03-21,COA,0.3277044857395054,1.0,0,0,0.45198125849478293,3
5,2026-03-22,COA,0.28875555217414883,0.0,0,1,0.08337976891139759,3
5,2026-03-22,COA,0.6149828083698499,0.0,1,0,0.37820385459046746,3
5,2026-03-22,COA,0.48754411428297384,0.0,0,1,0.23769926337196945,3
5,2026-04-10,COA,0.402937209789279,0.0,0,1,0.16235839503276944,3
5,2026-04-10,COA,0.40484452648623537,0.0,0,1,0.16389909062586414,3
5,2026-04-10,COA,0.4360920576520464,0.0,0,1,0.19017628274719575,3
5,2026-04-10,COA,0.14342860823071993,0.0,0,1,0.020571765659001342,3
5,2026-04-11,COA,0.783116820420507,1.0,1,1,0.047038313584510605,3
5,2026-04-11,COA,0.6544152877296574,1.0,1,1,0.11942879335497548,3
5,2026-04-11,COA,0.8890563469967174,1.0,1,1,0.01230849414171277,3
5,2026-04-11,COA,0.3711224921610806,1.0,0,0,0.3954869198656901,3
5,2026-04-12,COA,0.32828854904935206,0.0,0,1,0.10777337143692883,3
5,2026-04-12,COA,0.6445006436624576,1.0,1,1,0.12637979235640692,3
5,2026-04-12,COA,0.5565656765916969,1.0,1,1,0.1966339991765796,3
5,2026-04-13,COA,0.6922779923446807,0.0,1,0,0.47924881868478175,3
5,2026-04-13,COA,0.6059045243673211,1.0,1,1,0.15531124391414738,3
5,2026-04-13,COA,0.44097623076881365,0.0,0,1,0.19446003610307,3
5,2026-04-13,COA,0.13784157693711518,0.0,0,1,0.019000300332510645,3
5,2026-04-14,COA,0.7580128964823285,0.0,1,0,0.5745835512335292,3
5,2026-04-14,COA,0.5965912490093259,1.0,1,1,0.16273862037585568,3
5,2026-04-14,COA,0.5143769518564301,0.0,1,0,0.26458364860111216,3
5,2026-04-14,COA,0.20626787771078442,0.0,0,1,0.042546437375311115,3
5,2026-04-15,COA,0.5103390914326478,0.0,1,0,0.26044598824430043,3
5,2026-04-15,COA,0.6966709467711396,1.0,1,1,0.09200851453271681,3
5,2026-04-15,COA,0.7721451658838046,1.0,1,1,0.05191782543011895,3
5,2026-04-16,COA,0.5757513170999817,0.0,1,0,0.3314895791423637,3
5,2026-04-16,COA,0.45879858409951535,1.0,0,0,0.2928989725726894,3
5,2026-04-16,COA,0.245384978849129,0.0,0,1,0.06021378784478748,3
5,2026-04-16,COA,0.38820723964441495,1.0,0,0,0.3742903816235063,3
5,2026-04-17,COA,0.328996441315481,1.0,0,0,0.45024577576728875,3
5,2026-04-17,COA,0.7998135982249757,1.0,1,1,0.04007459545563147,3
5,2026-04-17,COA,0.884274268096632,1.0,1,1,0.013392445024570205,3
5,2026-04-17,COA,0.48506881756817055,0.0,0,1,0.23529175777698313,3
5,2026-04-18,COA,0.7056868687276664,1.0,1,1,0.08662021923932588,3
5,2026-04-18,COA,0.35460116631776073,1.0,0,0,0.41653965451839475,3
5,2026-04-18,COA,0.6541765095693675,1.0,1,1,0.11959388653362579,3
5,2026-04-18,COA,0.33271479319457653,0.0,0,1,0.11069913361050983,3
5,2026-04-19,COA,0.723692775197497,1.0,1,1,0.07634568247806095,3
5,2026-04-19,COA,0.5982610600810709,0.0,1,0,0.3579162960093268,3
5,2026-04-19,COA,0.667974628739589,1.0,1,1,0.11024084716061375,3
5,2026-05-01,COA,0.6509958414503423,0.0,1,0,0.4237955855856392,3
5,2026-05-01,COA,0.45651717661431207,1.0,0,0,0.2953735793152788,3
5,2026-05-01,COA,0.5834349248289548,1.0,1,1,0.17352646185225856,3
5,2026-05-01,COA,0.493314354899141,1.0,0,0,0.25673034295127367,3
5,2026-05-02,COA,0.2881138258590824,0.0,0,1,0.08300957665115766,5
5,2026-05-02,COA,0.4234070239985756,0.0,0,1,0.17927350797133038,3
5,2026-05-03,COA,0.6051899765953772,1.0,1,1,0.15587495458075878,3
5,2026-05-03,COA,0.6983734194272322,1.0,1,1,0.0909785941080204,5
5,2026-05-04,COA,0.5359643753734895,1.0,1,1,0.21532906092251575,3
5,2026-05-04,COA,0.389850704575314,0.0,0,1,0.15198357185786876,5
5,2026-05-05,COA,0.6703290926155779,1.0,1,1,0.10868290717566818,5
5,2026-05-05,COA,0.6869578589191336,1.0,1,1,0.09799538209249305,3
