match_id,date,tournament,hunter_player,survivor1_player,survivor2_player,survivor3_player,survivor4_player,n_escaped,hunter_wins,source_file,source_row
1,2020-06-25,IVL_2020_summer_regular,ppx,shy,long,mk,ak,3,0,2020-2023.xlsx,0
2,2020-06-25,IVL_2020_summer_regular,ken,567,f,lpz,xmm,0,1,2020-2023.xlsx,1
3,2020-06-25,IVL_2020_summer_regular,ppx,iron,long,mk,ak,1,1,2020-2023.xlsx,2
4,2020-06-25,IVL_2020_summer_regular,ken,567,f,lpz,xmm,0,1,2020-2023.xlsx,3
5,2020-06-25,IVL_2020_summer_regular,afu,lion,wy,487,jelly,3,0,2020-2023.xlsx,4
6,2020-06-25,IVL_2020_summer_regular,jue,yjj,billy,tea,sxy,2,,2020-2023.xlsx,5
7,2020-06-25,IVL_2020_summer_regular,afu,lion,wy,487,jelly,3,0,2020-2023.xlsx,6
8,2020-06-25,IVL_2020_summer_regular,jue,yjj,billy,tea,sxy,3,0,2020-2023.xlsx,7
9,2020-06-25,IVL_2020_summer_regular,jue,yjj,billy,tea,sxy,0,1,2020-2023.xlsx,8
10,2020-06-25,IVL_2020_summer_regular,chz,lion,wy,487,jelly,3,0,2020-2023.xlsx,9
11,2020-06-25,IVL_2020_summer_regular,yue,zzai,445,kucao,zb,3,0,2020-2023.xlsx,10
12,2020-06-25,IVL_2020_summer_regular,ppxia,ruoan,fox,zibi,sans,2,,2020-2023.xlsx,11
13,2020-06-25,IVL_2020_summer_regular,ppxia,ruoan,fox,zibi,sans,3,0,2020-2023.xlsx,12
14,2020-06-25,IVL_2020_summer_regular,yue,zzai,445,kucao,zb,3,0,2020-2023.xlsx,13
15,2020-06-25,IVL_2020_summer_regular,yue,zzai,445,kucao,zb,3,0,2020-2023.xlsx,14
16,2020-06-25,IVL_2020_summer_regular,ppxia,ruoan,fox,zibi,sans,2,,2020-2023.xlsx,15
17,2020-06-26,IVL_2020_summer_regular,ken,blue,add,tang,huiyi,0,1,2020-2023.xlsx,16
18,2020-06-26,IVL_2020_summer_regular,sese,shy,long,mk,ak,2,,2020-2023.xlsx,17
19,2020-06-26,IVL_2020_summer_regular,d,iron,long,mk,ak,3,0,2020-2023.xlsx,18
20,2020-06-26,IVL_2020_summer_regular,ymm,blue,add,tang,huiyi,2,,2020-2023.xlsx,19
21,2020-06-26,IVL_2020_summer_regular,dongx,lion,wy,487,jelly,1,1,2020-2023.xlsx,20
22,2020-06-26,IVL_2020_summer_regular,jue,zyj,xc,xm,9j,4,0,2020-2023.xlsx,21
23,2020-06-26,IVL_2020_summer_regular,jue,zyj,xc,xm,ww,0,1,2020-2023.xlsx,22
24,2020-06-26,IVL_2020_summer_regular,dongx,lion,wy,487,jelly,0,1,2020-2023.xlsx,23
25,2020-06-26,IVL_2020_summer_regular,jue,zyj,xc,xm,ww,2,,2020-2023.xlsx,24
26,2020-06-26,IVL_2020_summer_regular,dongx,lion,wy,487,jelly,2,,2020-2023.xlsx,25
27,2020-06-26,IVL_2020_summer_regular,yue,weirdo,qingc,xiaod,jmt,1,1,2020-2023.xlsx,26
28,2020-06-26,IVL_2020_summer_regular,xc,ruoan,fox,zibi,sans,0,1,2020-2023.xlsx,27
29,2020-06-26,IVL_2020_summer_regular,yue,weirdo,qingc,xiaod,jmt,2,,2020-2023.xlsx,28
30,2020-06-26,IVL_2020_summer_regular,xc,ruoan,fox,zibi,sans,2,,2020-2023.xlsx,29
31,2020-06-26,IVL_2020_summer_regular,xc,ruoan,fox,zibi,sans,1,1,2020-2023.xlsx,30
32,2020-06-26,IVL_2020_summer_regular,yue,weirdo,qingc,xiaod,jmt,2,,2020-2023.xlsx,31
33,2020-06-27,IVL_2020_summer_regular,ppxia,jiaxin,youzi,chuc,bobo,2,,2020-2023.xlsx,32
34,2020-06-27,IVL_2020_summer_regular,yan,zzai,445,kucao,zb,3,0,2020-2023.xlsx,33
35,2020-06-27,IVL_2020_summer_regular,xawm,jiaxin,youzi,chuc,bobo,2,,2020-2023.xlsx,34
36,2020-06-27,IVL_2020_summer_regular,yan,zzai,445,kucao,zb,3,0,2020-2023.xlsx,35
37,2020-06-27,IVL_2020_summer_regular,dongx,blue,add,tang,huiyi,3,0,2020-2023.xlsx,36
38,2020-06-27,IVL_2020_summer_regular,sese,zyj,xc,xm,ww,2,,2020-2023.xlsx,37
39,2020-06-27,IVL_2020_summer_regular,sese,zyj,22,xm,ww,2,,2020-2023.xlsx,38
40,2020-06-27,IVL_2020_summer_regular,dongx,blue,add,tang,huiyi,2,,2020-2023.xlsx,39
41,2020-06-27,IVL_2020_summer_regular,sese,zyj,22,xm,ww,3,0,2020-2023.xlsx,40
42,2020-06-27,IVL_2020_summer_regular,dongx,blue,add,tang,huiyi,2,,2020-2023.xlsx,41
43,2020-06-27,IVL_2020_summer_regular,sese,zyj,22,xm,ww,3,0,2020-2023.xlsx,42
44,2020-06-27,IVL_2020_summer_regular,dongx,blue,add,tang,huiyi,2,,2020-2023.xlsx,43
45,2020-06-27,IVL_2020_summer_regular,xc,yjj,billy,tea,sxy,0,1,2020-2023.xlsx,44
46,2020-06-27,IVL_2020_summer_regular,afu,weirdo,qingc,xiaod,jmt,2,,2020-2023.xlsx,45
47,2020-06-27,IVL_2020_summer_regular,afu,weirdo,qingc,xiaod,jmt,3,0,2020-2023.xlsx,46
48,2020-06-27,IVL_2020_summer_regular,xc,yjj,billy,tea,sxy,1,1,2020-2023.xlsx,47
49,2020-07-03,IVL_2020_summer_regular,xc,shy,long,mk,ak,2,,2020-2023.xlsx,48
50,2020-07-03,IVL_2020_summer_regular,ymm,weirdo,qingc,xiaod,jmt,2,,2020-2023.xlsx,49
51,2020-07-03,IVL_2020_summer_regular,ken,weirdo,qingc,xiaod,jmt,3,0,2020-2023.xlsx,50
52,2020-07-03,IVL_2020_summer_regular,xc,iron,long,mk,ak,2,,2020-2023.xlsx,51
53,2020-07-03,IVL_2020_summer_regular,xc,iron,long,mk,ak,2,,2020-2023.xlsx,52
54,2020-07-03,IVL_2020_summer_regular,ken,weirdo,qingc,xiaod,jmt,0,1,2020-2023.xlsx,53
55,2020-07-03,IVL_2020_summer_regular,thirteen,zzai,445,kucao,zb,4,0,2020-2023.xlsx,54
56,2020-07-03,IVL_2020_summer_regular,ppxia,lion,wy,487,jelly,3,0,2020-2023.xlsx,55
57,2020-07-03,IVL_2020_summer_regular,xawm,lion,wy,487,jelly,2,,2020-2023.xlsx,56
58,2020-07-03,IVL_2020_summer_regular,jue,zzai,445,kucao,zb,2,,2020-2023.xlsx,57
59,2020-07-03,IVL_2020_summer_regular,jue,zzai,445,kucao,zb,3,0,2020-2023.xlsx,58
60,2020-07-03,IVL_2020_summer_regular,ppxia,lion,wy,487,jelly,2,,2020-2023.xlsx,59
61,2020-07-04,IVL_2020_summer_regular,ppx,blue,add,tang,huiyi,2,,2020-2023.xlsx,60
62,2020-07-04,IVL_2020_summer_regular,sese,maozi,f,lpz,xmm,3,0,2020-2023.xlsx,61
63,2020-07-04,IVL_2020_summer_regular,ppx,blue,add,tang,huiyi,4,0,2020-2023.xlsx,62
64,2020-07-04,IVL_2020_summer_regular,sese,maozi,f,lpz,xmm,0,1,2020-2023.xlsx,63
65,2020-07-04,IVL_2020_summer_regular,d,maozi,f,lpz,xmm,2,,2020-2023.xlsx,64
66,2020-07-04,IVL_2020_summer_regular,ppx,blue,add,tang,huiyi,3,0,2020-2023.xlsx,65
67,2020-07-04,IVL_2020_summer_regular,yan,zyj,xc,xm,9j,2,,2020-2023.xlsx,66
68,2020-07-04,IVL_2020_summer_regular,dongx,jiaxin,youzi,chuc,bobo,2,,2020-2023.xlsx,67
69,2020-07-04,IVL_2020_summer_regular,yan,zyj,xc,xm,22,2,,2020-2023.xlsx,68
70,2020-07-04,IVL_2020_summer_regular,dongx,jiaxin,youzi,chuc,bobo,2,,2020-2023.xlsx,69
71,2020-07-04,IVL_2020_summer_regular,yan,zyj,ww,xm,22,3,0,2020-2023.xlsx,70
72,2020-07-04,IVL_2020_summer_regular,dongx,jiaxin,youzi,chuc,bobo,0,1,2020-2023.xlsx,71
73,2020-07-04,IVL_2020_summer_regular,ppxia,yjj,billy,tea,sxy,3,0,2020-2023.xlsx,72
74,2020-07-04,IVL_2020_summer_regular,afu,zzai,445,kucao,zb,2,,2020-2023.xlsx,73
75,2020-07-04,IVL_2020_summer_regular,xawm,yjj,billy,tea,sxy,3,0,2020-2023.xlsx,74
76,2020-07-04,IVL_2020_summer_regular,afu,zzai,445,kucao,zb,3,0,2020-2023.xlsx,75
77,2020-07-04,IVL_2020_summer_regular,ppxia,yjj,billy,tea,sxy,3,0,2020-2023.xlsx,76
78,2020-07-04,IVL_2020_summer_regular,afu,zzai,445,kucao,zb,2,,2020-2023.xlsx,77
79,2020-07-05,IVL_2020_summer_regular,thirteen,shy,long,mk,ak,0,1,2020-2023.xlsx,78
80,2020-07-05,IVL_2020_summer_regular,ken,lion,wy,487,jelly,2,,2020-2023.xlsx,79
81,2020-07-05,IVL_2020_summer_regular,jue,iron,long,mk,ak,2,,2020-2023.xlsx,80
82,2020-07-05,IVL_2020_summer_regular,ymm,lion,wy,487,jelly,2,,2020-2023.xlsx,81
83,2020-07-05,IVL_2020_summer_regular,ken,lion,wy,487,jelly,4,0,2020-2023.xlsx,82
84,2020-07-05,IVL_2020_summer_regular,jue,iron,long,mk,ak,3,0,2020-2023.xlsx,83
85,2020-07-05,IVL_2020_summer_regular,yan,maozi,f,lpz,xmm,2,,2020-2023.xlsx,84
86,2020-07-05,IVL_2020_summer_regular,ppx,jiaxin,youzi,chuc,bobo,2,,2020-2023.xlsx,85
87,2020-07-05,IVL_2020_summer_regular,yan,maozi,f,lpz,xmm,3,0,2020-2023.xlsx,86
88,2020-07-05,IVL_2020_summer_regular,ppx,jiaxin,youzi,chuc,bobo,2,,2020-2023.xlsx,87
89,2020-07-05,IVL_2020_summer_regular,ppx,jiaxin,youzi,chuc,bobo,2,,2020-2023.xlsx,88
90,2020-07-05,IVL_2020_summer_regular,yan,maozi,f,lpz,xmm,1,1,2020-2023.xlsx,89
91,2020-07-05,IVL_2020_summer_regular,yan,maozi,f,lpz,xmm,4,0,2020-2023.xlsx,90
92,2020-07-05,IVL_2020_summer_regular,ppx,jiaxin,youzi,chuc,bobo,2,,2020-2023.xlsx,91
93,2020-07-05,IVL_2020_summer_regular,afu,ruoan,fox,zibi,sans,1,1,2020-2023.xlsx,92
94,2020-07-05,IVL_2020_summer_regular,yue,yjj,billy,tea,sxy,0,1,2020-2023.xlsx,93
95,2020-07-05,IVL_2020_summer_regular,yue,yjj,billy,tea,sxy,0,1,2020-2023.xlsx,94
96,2020-07-05,IVL_2020_summer_regular,afu,ruoan,fox,zibi,sans,2,,2020-2023.xlsx,95
97,2020-07-01,IVL_2020_summer_regular,xawm,weirdo,qingc,xiaod,jmt,3,0,2020-2023.xlsx,96
98,2020-07-01,IVL_2020_summer_regular,xc,zzai,445,kucao,zb,3,0,2020-2023.xlsx,97
99,2020-07-01,IVL_2020_summer_regular,xawm,weirdo,qingc,xiaod,jmt,0,1,2020-2023.xlsx,98
100,2020-07-01,IVL_2020_summer_regular,xc,zzai,445,kucao,zb,2,,2020-2023.xlsx,99
101,2020-07-01,IVL_2020_summer_regular,xc,zzai,445,kucao,zb,4,0,2020-2023.xlsx,100
102,2020-07-01,IVL_2020_summer_regular,ppxia,weirdo,qingc,xiaod,jmt,2,,2020-2023.xlsx,101
103,2020-07-01,IVL_2020_summer_regular,ppx,lion,wy,487,jelly,1,1,2020-2023.xlsx,102
104,2020-07-01,IVL_2020_summer_regular,jue,maozi,f,lpz,xmm,2,,2020-2023.xlsx,103
105,2020-07-01,IVL_2020_summer_regular,ppx,lion,wy,487,jelly,3,0,2020-2023.xlsx,104
106,2020-07-01,IVL_2020_summer_regular,jue,maozi,f,lpz,xmm,2,,2020-2023.xlsx,105
107,2020-07-01,IVL_2020_summer_regular,jue,maozi,f,lpz,xmm,2,,2020-2023.xlsx,106
108,2020-07-01,IVL_2020_summer_regular,ppx,lion,wy,487,jelly,3,0,2020-2023.xlsx,107
109,2020-07-11,IVL_2020_summer_regular,sese,jiaxin,youzi,chuc,bobo,3,0,2020-2023.xlsx,108
110,2020-07-11,IVL_2020_summer_regular,yan,blue,add,tang,huiyi,3,0,2020-2023.xlsx,109
111,2020-07-11,IVL_2020_summer_regular,d,jiaxin,youzi,chuc,bobo,2,,2020-2023.xlsx,110
112,2020-07-11,IVL_2020_summer_regular,yan,blue,add,tang,huiyi,3,0,2020-2023.xlsx,111
113,2020-07-11,IVL_2020_summer_regular,d,jiaxin,youzi,chuc,bobo,2,,2020-2023.xlsx,112
114,2020-07-11,IVL_2020_summer_regular,yan,blue,add,tang,huiyi,3,0,2020-2023.xlsx,113
115,2020-07-11,IVL_2020_summer_regular,dongx,ruoan,fox,zibi,sans,0,1,2020-2023.xlsx,114
116,2020-07-11,IVL_2020_summer_regular,yue,zyj,xc,xm,9j,0,1,2020-2023.xlsx,115
117,2020-07-11,IVL_2020_summer_regular,dongx,ruoan,fox,zibi,sans,0,1,2020-2023.xlsx,116
118,2020-07-11,IVL_2020_summer_regular,yue,zyj,ww,xm,9j,2,,2020-2023.xlsx,117
119,2020-07-11,IVL_2020_summer_regular,yue,zyj,ww,xm,22,2,,2020-2023.xlsx,118
120,2020-07-11,IVL_2020_summer_regular,dongx,ruoan,fox,zibi,sans,2,,2020-2023.xlsx,119
121,2020-07-11,IVL_2020_summer_regular,afu,shy,long,mk,ak,0,1,2020-2023.xlsx,120
122,2020-07-11,IVL_2020_summer_regular,ymm,yjj,billy,tea,sxy,1,1,2020-2023.xlsx,121
123,2020-07-11,IVL_2020_summer_regular,afu,iron,long,mk,ak,0,1,2020-2023.xlsx,122
124,2020-07-11,IVL_2020_summer_regular,ymm,yjj,billy,tea,sxy,0,1,2020-2023.xlsx,123
125,2020-07-11,IVL_2020_summer_regular,ken,yjj,billy,tea,sxy,2,,2020-2023.xlsx,124
126,2020-07-11,IVL_2020_summer_regular,afu,iron,long,mk,ak,2,,2020-2023.xlsx,125
127,2020-07-12,IVL_2020_summer_regular,sese,lion,wy,487,jelly,3,0,2020-2023.xlsx,126
128,2020-07-12,IVL_2020_summer_regular,thirteen,blue,add,tang,huiyi,3,0,2020-2023.xlsx,127
129,2020-07-12,IVL_2020_summer_regular,sese,lion,wy,487,jelly,3,0,2020-2023.xlsx,128
130,2020-07-12,IVL_2020_summer_regular,jue,blue,add,tang,huiyi,3,0,2020-2023.xlsx,129
131,2020-07-12,IVL_2020_summer_regular,jue,blue,add,tang,huiyi,2,,2020-2023.xlsx,130
132,2020-07-12,IVL_2020_summer_regular,d,lion,wy,487,jelly,0,1,2020-2023.xlsx,131
133,2020-07-12,IVL_2020_summer_regular,dongx,weirdo,qingc,xiaod,jmt,2,,2020-2023.xlsx,132
134,2020-07-12,IVL_2020_summer_regular,xc,zyj,xc,xm,9j,2,,2020-2023.xlsx,133
135,2020-07-12,IVL_2020_summer_regular,xc,zyj,ww,xm,9j,0,1,2020-2023.xlsx,134
136,2020-07-12,IVL_2020_summer_regular,dongx,weirdo,qingc,xiaod,jmt,0,1,2020-2023.xlsx,135
137,2020-07-12,IVL_2020_summer_regular,xc,zyj,ww,xm,22,3,0,2020-2023.xlsx,136
138,2020-07-12,IVL_2020_summer_regular,dongx,weirdo,qingc,xiaod,jmt,2,,2020-2023.xlsx,137
139,2020-07-12,IVL_2020_summer_regular,yue,maozi,f,lpz,xmm,3,0,2020-2023.xlsx,138
140,2020-07-12,IVL_2020_summer_regular,ppx,ruoan,fox,zibi,sans,0,1,2020-2023.xlsx,139
141,2020-07-12,IVL_2020_summer_regular,yue,maozi,f,lpz,xmm,2,,2020-2023.xlsx,140
142,2020-07-12,IVL_2020_summer_regular,ppx,ruoan,fox,zibi,sans,3,0,2020-2023.xlsx,141
143,2020-07-12,IVL_2020_summer_regular,ppx,ruoan,fox,zibi,sans,0,1,2020-2023.xlsx,142
144,2020-07-12,IVL_2020_summer_regular,yue,maozi,f,lpz,xmm,3,0,2020-2023.xlsx,143
145,2020-07-17,IVL_2020_summer_regular,yan,lion,wy,487,jelly,4,0,2020-2023.xlsx,144
146,2020-07-17,IVL_2020_summer_regular,jue,jiaxin,youzi,chuc,bobo,2,,2020-2023.xlsx,145
147,2020-07-17,IVL_2020_summer_regular,jue,jiaxin,youzi,chuc,bobo,3,0,2020-2023.xlsx,146
148,2020-07-17,IVL_2020_summer_regular,kuaji,lion,wy,487,jelly,4,0,2020-2023.xlsx,147
149,2020-07-17,IVL_2020_summer_regular,d,ruoan,fox,zibi,sans,2,,2020-2023.xlsx,148
150,2020-07-17,IVL_2020_summer_regular,yue,blue,add,tang,huiyi,1,1,2020-2023.xlsx,149
151,2020-07-17,IVL_2020_summer_regular,yue,blue,add,tang,huiyi,1,1,2020-2023.xlsx,150
152,2020-07-17,IVL_2020_summer_regular,d,ruoan,fox,zibi,sans,2,,2020-2023.xlsx,151
153,2020-07-18,IVL_2020_summer_regular,ken,zzai,445,kucao,zb,2,,2020-2023.xlsx,152
154,2020-07-18,IVL_2020_summer_regular,xawm,iron,long,mk,ak,3,0,2020-2023.xlsx,153
155,2020-07-18,IVL_2020_summer_regular,xawm,iron,long,mk,ak,3,0,2020-2023.xlsx,154
156,2020-07-18,IVL_2020_summer_regular,ken,zzai,445,kucao,zb,2,,2020-2023.xlsx,155
157,2020-07-18,IVL_2020_summer_regular,dongx,yjj,billy,tea,sxy,0,1,2020-2023.xlsx,156
158,2020-07-18,IVL_2020_summer_regular,afu,zyj,xc,ww,9j,2,,2020-2023.xlsx,157
159,2020-07-18,IVL_2020_summer_regular,afu,zyj,xm,ww,9j,0,1,2020-2023.xlsx,158
160,2020-07-18,IVL_2020_summer_regular,dongx,yjj,billy,tea,sxy,2,,2020-2023.xlsx,159
161,2020-07-18,IVL_2020_summer_regular,dongx,yjj,billy,tea,sxy,3,0,2020-2023.xlsx,160
162,2020-07-18,IVL_2020_summer_regular,afu,zyj,xm,ww,22,2,,2020-2023.xlsx,161
163,2020-07-18,IVL_2020_summer_regular,ppx,weirdo,qingc,xiaod,jmt,1,1,2020-2023.xlsx,162
164,2020-07-18,IVL_2020_summer_regular,xc,maozi,f,lpz,xmm,0,1,2020-2023.xlsx,163
165,2020-07-18,IVL_2020_summer_regular,xc,maozi,f,lpz,xmm,3,0,2020-2023.xlsx,164
166,2020-07-18,IVL_2020_summer_regular,ppx,weirdo,qingc,xiaod,jmt,0,1,2020-2023.xlsx,165
167,2020-07-18,IVL_2020_summer_regular,ppx,weirdo,qingc,xiaod,jmt,4,0,2020-2023.xlsx,166
168,2020-07-18,IVL_2020_summer_regular,xc,maozi,f,lpz,xmm,2,,2020-2023.xlsx,167
169,2020-07-19,IVL_2020_summer_regular,yue,iron,long,mk,ak,2,,2020-2023.xlsx,168
170,2020-07-19,IVL_2020_summer_regular,ymm,ruoan,fox,zibi,sans,2,,2020-2023.xlsx,169
171,2020-07-19,IVL_2020_summer_regular,ymm,ruoan,fox,zibi,sans,2,,2020-2023.xlsx,170
172,2020-07-19,IVL_2020_summer_regular,yue,iron,long,mk,ak,3,0,2020-2023.xlsx,171
173,2020-07-19,IVL_2020_summer_regular,ymm,ruoan,fox,zibi,sans,3,0,2020-2023.xlsx,172
174,2020-07-19,IVL_2020_summer_regular,yue,iron,long,mk,ak,2,,2020-2023.xlsx,173
175,2020-07-19,IVL_2020_summer_regular,yue,iron,long,mk,ak,3,0,2020-2023.xlsx,174
176,2020-07-19,IVL_2020_summer_regular,ken,ruoan,fox,zibi,sans,2,,2020-2023.xlsx,175
177,2020-07-19,IVL_2020_summer_regular,kuaji,yjj,billy,tea,sxy,3,0,2020-2023.xlsx,176
178,2020-07-19,IVL_2020_summer_regular,afu,jiaxin,youzi,chuc,bobo,3,0,2020-2023.xlsx,177
179,2020-07-19,IVL_2020_summer_regular,yan,yjj,billy,tea,sxy,3,0,2020-2023.xlsx,178
180,2020-07-19,IVL_2020_summer_regular,afu,jiaxin,youzi,chuc,bobo,2,,2020-2023.xlsx,179
181,2020-07-19,IVL_2020_summer_regular,yan,yjj,billy,tea,sxy,0,1,2020-2023.xlsx,180
182,2020-07-19,IVL_2020_summer_regular,afu,jiaxin,youzi,chuc,bobo,1,1,2020-2023.xlsx,181
183,2020-07-19,IVL_2020_summer_regular,dongx,maozi,f,lpz,xmm,0,1,2020-2023.xlsx,182
184,2020-07-19,IVL_2020_summer_regular,ppx,zyj,xc,ww,9j,2,,2020-2023.xlsx,183
185,2020-07-19,IVL_2020_summer_regular,ppx,zyj,xm,ww,9j,1,1,2020-2023.xlsx,184
186,2020-07-19,IVL_2020_summer_regular,dongx,maozi,f,lpz,xmm,0,1,2020-2023.xlsx,185
187,2020-07-24,IVL_2020_summer_regular,ken,zyj,ww,xm,9j,1,1,2020-2023.xlsx,186
188,2020-07-24,IVL_2020_summer_regular,dongx,shy,long,iron,ak,2,,2020-2023.xlsx,187
189,2020-07-24,IVL_2020_summer_regular,ken,zyj,ww,22,9j,0,1,2020-2023.xlsx,188
190,2020-07-24,IVL_2020_summer_regular,dongx,mk,long,iron,ak,1,1,2020-2023.xlsx,189
191,2020-07-24,IVL_2020_summer_regular,d,yjj,billy,tea,sxy,3,0,2020-2023.xlsx,190
192,2020-07-24,IVL_2020_summer_regular,afu,blue,add,tang,huiyi,2,,2020-2023.xlsx,191
193,2020-07-24,IVL_2020_summer_regular,afu,blue,add,tang,huiyi,2,,2020-2023.xlsx,192
194,2020-07-24,IVL_2020_summer_regular,d,yjj,billy,tea,sxy,2,,2020-2023.xlsx,193
195,2020-07-24,IVL_2020_summer_regular,afu,blue,add,tang,huiyi,1,1,2020-2023.xlsx,194
196,2020-07-24,IVL_2020_summer_regular,d,yjj,billy,tea,sxy,2,,2020-2023.xlsx,195
197,2020-07-25,IVL_2020_summer_regular,ppx,zzai,445,kucao,zb,1,1,2020-2023.xlsx,196
198,2020-07-25,IVL_2020_summer_regular,ppxia,maozi,f,lpz,xmm,4,0,2020-2023.xlsx,197
199,2020-07-25,IVL_2020_summer_regular,xawm,maozi,f,lpz,mkk,3,0,2020-2023.xlsx,198
200,2020-07-25,IVL_2020_summer_regular,ppx,zzai,445,kucao,zb,0,1,2020-2023.xlsx,199
201,2020-07-25,IVL_2020_summer_regular,kuaji,weirdo,qingc,xiaod,jmt,2,,2020-2023.xlsx,200
202,2020-07-25,IVL_2020_summer_regular,xc,jiaxin,youzi,chuc,bobo,2,,2020-2023.xlsx,201
203,2020-07-25,IVL_2020_summer_regular,xc,jiaxin,youzi,chuc,bobo,2,,2020-2023.xlsx,202
204,2020-07-25,IVL_2020_summer_regular,yan,weirdo,qingc,xiaod,jmt,2,,2020-2023.xlsx,203
205,2020-07-25,IVL_2020_summer_regular,xc,jiaxin,qingc,chuc,bobo,2,,2020-2023.xlsx,204
206,2020-07-25,IVL_2020_summer_regular,yan,weirdo,qingc,xiaod,jmt,1,1,2020-2023.xlsx,205
207,2020-07-25,IVL_2020_summer_regular,thirteen,ruoan,fox,zibi,sans,2,,2020-2023.xlsx,206
208,2020-07-25,IVL_2020_summer_regular,yue,lion,wy,487,jelly,4,0,2020-2023.xlsx,207
209,2020-07-25,IVL_2020_summer_regular,yue,lion,wy,487,jelly,3,0,2020-2023.xlsx,208
210,2020-07-25,IVL_2020_summer_regular,jue,ruoan,fox,zibi,sans,3,0,2020-2023.xlsx,209
211,2020-07-25,IVL_2020_summer_regular,jue,ruoan,fox,zibi,sans,3,0,2020-2023.xlsx,210
212,2020-07-25,IVL_2020_summer_regular,yue,lion,wy,487,jelly,2,,2020-2023.xlsx,211
213,2020-07-26,IVL_2020_summer_regular,sese,zzai,445,kucao,zb,1,1,2020-2023.xlsx,212
214,2020-07-26,IVL_2020_summer_regular,xawm,blue,add,tang,huiyi,2,,2020-2023.xlsx,213
215,2020-07-26,IVL_2020_summer_regular,xawm,blue,add,tang,huiyi,2,,2020-2023.xlsx,214
216,2020-07-26,IVL_2020_summer_regular,sese,zzai,445,kucao,zb,2,,2020-2023.xlsx,215
217,2020-07-26,IVL_2020_summer_regular,d,zzai,445,kucao,zb,3,0,2020-2023.xlsx,216
218,2020-07-26,IVL_2020_summer_regular,ppxia,blue,add,tang,huiyi,3,0,2020-2023.xlsx,217
219,2020-07-26,IVL_2020_summer_regular,afu,maozi,f,lpz,xmm,3,0,2020-2023.xlsx,218
220,2020-07-26,IVL_2020_summer_regular,ppx,yjj,billy,tea,sxy,0,1,2020-2023.xlsx,219
221,2020-07-26,IVL_2020_summer_regular,ppx,yjj,billy,tea,sxy,2,,2020-2023.xlsx,220
222,2020-07-26,IVL_2020_summer_regular,afu,maozi,f,lpz,xmm,0,1,2020-2023.xlsx,221
223,2020-07-26,IVL_2020_summer_regular,afu,maozi,f,lpz,xmm,2,,2020-2023.xlsx,222
224,2020-07-26,IVL_2020_summer_regular,ppx,yjj,billy,tea,sxy,2,,2020-2023.xlsx,223
225,2020-07-26,IVL_2020_summer_regular,jue,weirdo,qingc,xiaod,jmt,3,0,2020-2023.xlsx,224
226,2020-07-26,IVL_2020_summer_regular,xc,lion,wy,487,jelly,0,1,2020-2023.xlsx,225
227,2020-07-26,IVL_2020_summer_regular,jue,haiya,qingc,xiaod,jmt,3,0,2020-2023.xlsx,226
228,2020-07-26,IVL_2020_summer_regular,xc,lion,wy,487,jelly,2,,2020-2023.xlsx,227
229,2020-07-31,IVL_2020_summer_regular,dongx,zzai,445,kucao,zb,0,1,2020-2023.xlsx,228
230,2020-07-31,IVL_2020_summer_regular,xawm,zyj,ww,xm,9j,2,,2020-2023.xlsx,229
231,2020-07-31,IVL_2020_summer_regular,dongx,zzai,445,kucao,zb,0,1,2020-2023.xlsx,230
232,2020-07-31,IVL_2020_summer_regular,xawm,zyj,ww,xm,xc,0,1,2020-2023.xlsx,231
233,2020-07-31,IVL_2020_summer_regular,ppxia,zyj,ww,xm,xc,2,,2020-2023.xlsx,232
234,2020-07-31,IVL_2020_summer_regular,dongx,zzai,445,kucao,zb,2,,2020-2023.xlsx,233
235,2020-07-31,IVL_2020_summer_regular,xc,blue,add,tang,huiyi,0,1,2020-2023.xlsx,234
236,2020-07-31,IVL_2020_summer_regular,sese,weirdo,qingc,xiaod,jmt,2,,2020-2023.xlsx,235
237,2020-07-31,IVL_2020_summer_regular,sese,haiya,qingc,xiaod,jmt,1,1,2020-2023.xlsx,236
238,2020-07-31,IVL_2020_summer_regular,xc,blue,add,tang,huiyi,2,,2020-2023.xlsx,237
239,2020-07-31,IVL_2020_summer_regular,sese,weirdo,qingc,xiaod,jmt,2,,2020-2023.xlsx,238
240,2020-07-31,IVL_2020_summer_regular,xc,blue,add,tang,huiyi,0,1,2020-2023.xlsx,239
241,2020-08-01,IVL_2020_summer_regular,ymm,jiaxin,youzi,chuc,bobo,1,1,2020-2023.xlsx,240
242,2020-08-01,IVL_2020_summer_regular,kuaji,iron,long,mk,ak,0,1,2020-2023.xlsx,241
243,2020-08-01,IVL_2020_summer_regular,yan,iron,long,mk,ak,3,0,2020-2023.xlsx,242
244,2020-08-01,IVL_2020_summer_regular,ken,jiaxin,youzi,chuc,bobo,1,1,2020-2023.xlsx,243
245,2020-08-01,IVL_2020_summer_regular,yan,iron,long,mk,ak,3,0,2020-2023.xlsx,244
246,2020-08-01,IVL_2020_summer_regular,ymm,jiaxin,youzi,chuc,bobo,3,0,2020-2023.xlsx,245
247,2020-08-01,IVL_2020_summer_regular,afu,maozi,f,lpz,xmm,0,1,2020-2023.xlsx,246
248,2020-08-01,IVL_2020_summer_regular,ppx,yjj,billy,tea,sxy,3,0,2020-2023.xlsx,247
249,2020-08-01,IVL_2020_summer_regular,afu,maozi,f,lpz,xmm,2,,2020-2023.xlsx,248
250,2020-08-01,IVL_2020_summer_regular,ppx,yjj,billy,tea,sxy,0,1,2020-2023.xlsx,249
251,2020-08-01,IVL_2020_summer_regular,ppx,yjj,billy,tea,sxy,2,,2020-2023.xlsx,250
252,2020-08-01,IVL_2020_summer_regular,afu,maozi,f,lpz,xmm,2,,2020-2023.xlsx,251
253,2020-08-01,IVL_2020_summer_regular,jue,weirdo,qingc,xiaod,jmt,2,,2020-2023.xlsx,252
254,2020-08-01,IVL_2020_summer_regular,xc,lion,wy,487,jelly,2,,2020-2023.xlsx,253
255,2020-08-01,IVL_2020_summer_regular,jue,weirdo,qingc,xiaod,jmt,4,0,2020-2023.xlsx,254
256,2020-08-01,IVL_2020_summer_regular,xc,lion,wy,487,jelly,2,,2020-2023.xlsx,255
257,2020-08-01,IVL_2020_summer_regular,jue,haiya,qingc,xiaod,jmt,3,0,2020-2023.xlsx,256
258,2020-08-01,IVL_2020_summer_regular,xc,lion,wy,487,jelly,3,0,2020-2023.xlsx,257
259,2020-08-02,IVL_2020_summer_regular,sese,zzai,445,kucao,zb,0,1,2020-2023.xlsx,258
260,2020-08-02,IVL_2020_summer_regular,xawm,blue,add,tang,huiyi,2,,2020-2023.xlsx,259
261,2020-08-02,IVL_2020_summer_regular,sese,zzai,445,kucao,zb,3,0,2020-2023.xlsx,260
262,2020-08-02,IVL_2020_summer_regular,xawm,blue,add,tang,huiyi,2,,2020-2023.xlsx,261
263,2020-08-02,IVL_2020_summer_regular,d,zzai,445,kucao,zb,3,0,2020-2023.xlsx,262
264,2020-08-02,IVL_2020_summer_regular,ppxia,blue,add,tang,huiyi,0,1,2020-2023.xlsx,263
265,2020-08-02,IVL_2020_summer_regular,ken,ruoan,fox,zibi,sans,2,,2020-2023.xlsx,264
266,2020-08-02,IVL_2020_summer_regular,yue,iron,long,mk,ak,3,0,2020-2023.xlsx,265
267,2020-08-02,IVL_2020_summer_regular,ymm,ruoan,fox,zibi,sans,2,,2020-2023.xlsx,266
268,2020-08-02,IVL_2020_summer_regular,yue,iron,long,mk,ak,3,0,2020-2023.xlsx,267
269,2020-08-02,IVL_2020_summer_regular,dongx,lion,wy,487,jelly,1,1,2020-2023.xlsx,268
270,2020-08-02,IVL_2020_summer_regular,jue,zyj,ww,xm,xc,3,0,2020-2023.xlsx,269
271,2020-08-02,IVL_2020_summer_regular,dongx,lion,wy,487,jelly,0,1,2020-2023.xlsx,270
272,2020-08-02,IVL_2020_summer_regular,jue,zyj,ww,xm,xc,2,,2020-2023.xlsx,271
273,2020-08-07,IVL_2020_summer_regular,yue,jiaxin,youzi,chuc,bobo,2,,2020-2023.xlsx,272
274,2020-08-07,IVL_2020_summer_regular,yan,ruoan,fox,zibi,sans,2,,2020-2023.xlsx,273
275,2020-08-07,IVL_2020_summer_regular,yue,jiaxin,youzi,chuc,bobo,3,0,2020-2023.xlsx,274
276,2020-08-07,IVL_2020_summer_regular,kuaji,lzx,fox,zibi,sans,0,1,2020-2023.xlsx,275
277,2020-08-07,IVL_2020_summer_regular,yue,jiaxin,youzi,chuc,bobo,2,,2020-2023.xlsx,276
278,2020-08-07,IVL_2020_summer_regular,yan,lzx,fox,zibi,sans,2,,2020-2023.xlsx,277
279,2020-08-07,IVL_2020_summer_regular,xc,yjj,billy,tea,sxy,0,1,2020-2023.xlsx,278
280,2020-08-07,IVL_2020_summer_regular,afu,weirdo,qingc,xiaod,jmt,2,,2020-2023.xlsx,279
281,2020-08-07,IVL_2020_summer_regular,xc,yjj,billy,tea,sxy,2,,2020-2023.xlsx,280
282,2020-08-07,IVL_2020_summer_regular,afu,weirdo,qingc,xiaod,jmt,2,,2020-2023.xlsx,281
283,2020-08-07,IVL_2020_summer_regular,afu,weirdo,qingc,xiaod,jmt,3,0,2020-2023.xlsx,282
284,2020-08-07,IVL_2020_summer_regular,xc,yjj,billy,tea,sxy,3,0,2020-2023.xlsx,283
285,2020-08-08,IVL_2020_summer_regular,ymm,blue,add,tang,huiyi,2,,2020-2023.xlsx,284
286,2020-08-08,IVL_2020_summer_regular,sese,iron,long,mk,ak,2,,2020-2023.xlsx,285
287,2020-08-08,IVL_2020_summer_regular,ken,blue,add,tang,huiyi,2,,2020-2023.xlsx,286
288,2020-08-08,IVL_2020_summer_regular,sese,iron,long,mk,ak,2,,2020-2023.xlsx,287
289,2020-08-08,IVL_2020_summer_regular,sese,iron,long,mk,ak,2,,2020-2023.xlsx,288
290,2020-08-08,IVL_2020_summer_regular,ken,blue,add,tang,huiyi,2,,2020-2023.xlsx,289
291,2020-08-08,IVL_2020_summer_regular,ken,blue,add,tang,huiyi,2,,2020-2023.xlsx,290
292,2020-08-08,IVL_2020_summer_regular,d,iron,long,mk,ak,3,0,2020-2023.xlsx,291
293,2020-08-08,IVL_2020_summer_regular,ppx,jiaxin,youzi,chuc,bobo,3,0,2020-2023.xlsx,292
294,2020-08-08,IVL_2020_summer_regular,kuaji,maozi,f,lpz,xmm,3,0,2020-2023.xlsx,293
295,2020-08-08,IVL_2020_summer_regular,ppx,jiaxin,youzi,chuc,bobo,2,,2020-2023.xlsx,294
296,2020-08-08,IVL_2020_summer_regular,yan,maozi,f,lpz,xmm,3,0,2020-2023.xlsx,295
297,2020-08-08,IVL_2020_summer_regular,ppx,jiaxin,youzi,chuc,bobo,1,1,2020-2023.xlsx,296
298,2020-08-08,IVL_2020_summer_regular,yan,maozi,f,lpz,xmm,2,,2020-2023.xlsx,297
299,2020-08-08,IVL_2020_summer_regular,xawm,ruoan,fox,zibi,sans,2,,2020-2023.xlsx,298
300,2020-08-08,IVL_2020_summer_regular,yue,zzai,445,kucao,zb,0,1,2020-2023.xlsx,299
301,2020-08-08,IVL_2020_summer_regular,yue,zzai,445,kucao,zb,2,,2020-2023.xlsx,300
302,2020-08-08,IVL_2020_summer_regular,ppxia,lzx,fox,zibi,sans,2,,2020-2023.xlsx,301
303,2020-08-08,IVL_2020_summer_regular,yue,zzai,445,kucao,zb,4,0,2020-2023.xlsx,302
304,2020-08-08,IVL_2020_summer_regular,ppxia,lzx,fox,zibi,sans,0,1,2020-2023.xlsx,303
305,2020-08-09,IVL_2020_summer_regular,ymm,lion,wy,487,jelly,2,,2020-2023.xlsx,304
306,2020-08-09,IVL_2020_summer_regular,jue,iron,long,shy,ak,2,,2020-2023.xlsx,305
307,2020-08-09,IVL_2020_summer_regular,ymm,lion,wy,487,jelly,0,1,2020-2023.xlsx,306
308,2020-08-09,IVL_2020_summer_regular,jue,iron,long,mk,ak,3,0,2020-2023.xlsx,307
309,2020-08-09,IVL_2020_summer_regular,ken,lion,wy,487,jelly,2,,2020-2023.xlsx,308
310,2020-08-09,IVL_2020_summer_regular,jue,iron,long,mk,ak,4,0,2020-2023.xlsx,309
311,2020-08-09,IVL_2020_summer_regular,xc,blue,add,tang,huiyi,2,,2020-2023.xlsx,310
312,2020-08-09,IVL_2020_summer_regular,sese,weirdo,qingc,xiaod,jmt,3,0,2020-2023.xlsx,311
313,2020-08-09,IVL_2020_summer_regular,xc,blue,add,tang,huiyi,2,,2020-2023.xlsx,312
314,2020-08-09,IVL_2020_summer_regular,sese,weirdo,qingc,xiaod,jmt,3,0,2020-2023.xlsx,313
315,2020-08-09,IVL_2020_summer_regular,dongx,zzai,445,kucao,zb,0,1,2020-2023.xlsx,314
316,2020-08-09,IVL_2020_summer_regular,xawm,zyj,ww,xm,xc,3,0,2020-2023.xlsx,315
317,2020-08-09,IVL_2020_summer_regular,dongx,zzai,445,kucao,zb,3,0,2020-2023.xlsx,316
318,2020-08-09,IVL_2020_summer_regular,ppxia,zyj,ww,xm,xc,2,,2020-2023.xlsx,317
319,2020-08-09,IVL_2020_summer_regular,dongx,zzai,445,kucao,zb,3,0,2020-2023.xlsx,318
320,2020-08-09,IVL_2020_summer_regular,ppxia,zyj,ww,xm,xc,2,,2020-2023.xlsx,319
321,2020-08-14,IVL_2020_summer_regular,yan,iron,long,mk,ak,2,,2020-2023.xlsx,320
322,2020-08-14,IVL_2020_summer_regular,ken,jiaxin,youzi,chuc,bobo,0,1,2020-2023.xlsx,321
323,2020-08-14,IVL_2020_summer_regular,ymm,jiaxin,youzi,chuc,bobo,2,,2020-2023.xlsx,322
324,2020-08-14,IVL_2020_summer_regular,kuaji,iron,long,mk,ak,2,,2020-2023.xlsx,323
325,2020-08-14,IVL_2020_summer_regular,ken,jiaxin,youzi,chuc,bobo,3,0,2020-2023.xlsx,324
326,2020-08-14,IVL_2020_summer_regular,kuaji,iron,long,mk,ak,3,0,2020-2023.xlsx,325
327,2020-08-14,IVL_2020_summer_regular,xc,zyj,ww,xm,xc,0,1,2020-2023.xlsx,326
328,2020-08-14,IVL_2020_summer_regular,dongx,weirdo,qingc,xiaod,jmt,3,0,2020-2023.xlsx,327
329,2020-08-14,IVL_2020_summer_regular,dongx,weirdo,qingc,xiaod,jmt,3,0,2020-2023.xlsx,328
330,2020-08-14,IVL_2020_summer_regular,xc,zyj,ww,xm,xc,2,,2020-2023.xlsx,329
331,2020-08-15,IVL_2020_summer_regular,xawm,yjj,billy,tea,sxy,3,0,2020-2023.xlsx,330
332,2020-08-15,IVL_2020_summer_regular,afu,zzai,445,kucao,zb,2,,2020-2023.xlsx,331
333,2020-08-15,IVL_2020_summer_regular,afu,zzai,445,kucao,zb,0,1,2020-2023.xlsx,332
334,2020-08-15,IVL_2020_summer_regular,xawm,yjj,billy,tea,sxy,0,1,2020-2023.xlsx,333
335,2020-08-15,IVL_2020_summer_regular,afu,zzai,445,kucao,zb,3,0,2020-2023.xlsx,334
336,2020-08-15,IVL_2020_summer_regular,ppxia,yjj,billy,tea,sxy,2,,2020-2023.xlsx,335
337,2020-08-15,IVL_2020_summer_regular,afu,zzai,445,kucao,zb,3,0,2020-2023.xlsx,336
338,2020-08-15,IVL_2020_summer_regular,ppxia,yjj,billy,tea,sxy,2,,2020-2023.xlsx,337
339,2020-08-15,IVL_2020_summer_regular,ppx,ruoan,fox,zibi,sans,3,0,2020-2023.xlsx,338
340,2020-08-15,IVL_2020_summer_regular,yue,maozi,f,lpz,xmm,3,0,2020-2023.xlsx,339
341,2020-08-15,IVL_2020_summer_regular,yue,maozi,f,lpz,xmm,0,1,2020-2023.xlsx,340
342,2020-08-15,IVL_2020_summer_regular,ppx,lzx,fox,zibi,sans,3,0,2020-2023.xlsx,341
343,2020-08-15,IVL_2020_summer_regular,ppx,lzx,fox,zibi,sans,3,0,2020-2023.xlsx,342
344,2020-08-15,IVL_2020_summer_regular,yue,maozi,f,lpz,xmm,1,1,2020-2023.xlsx,343
345,2020-08-15,IVL_2020_summer_regular,thirteen,blue,add,tang,huiyi,4,0,2020-2023.xlsx,344
346,2020-08-15,IVL_2020_summer_regular,sese,lion,wy,487,jelly,0,1,2020-2023.xlsx,345
347,2020-08-15,IVL_2020_summer_regular,jue,blue,add,tang,huiyi,2,,2020-2023.xlsx,346
348,2020-08-15,IVL_2020_summer_regular,sese,lion,wy,487,jelly,2,,2020-2023.xlsx,347
349,2020-08-15,IVL_2020_summer_regular,jue,blue,add,tang,huiyi,3,0,2020-2023.xlsx,348
350,2020-08-15,IVL_2020_summer_regular,sese,lion,wy,487,jelly,3,0,2020-2023.xlsx,349
351,2020-08-16,IVL_2020_summer_regular,xc,iron,long,mk,ak,0,1,2020-2023.xlsx,350
352,2020-08-16,IVL_2020_summer_regular,ken,weirdo,qingc,xiaod,jmt,0,1,2020-2023.xlsx,351
353,2020-08-16,IVL_2020_summer_regular,xc,iron,long,mk,ak,2,,2020-2023.xlsx,352
354,2020-08-16,IVL_2020_summer_regular,ken,weirdo,qingc,xiaod,jmt,0,1,2020-2023.xlsx,353
355,2020-08-16,IVL_2020_summer_regular,xc,iron,long,mk,ak,3,0,2020-2023.xlsx,354
356,2020-08-16,IVL_2020_summer_regular,ken,weirdo,qingc,xiaod,jmt,2,,2020-2023.xlsx,355
357,2020-08-16,IVL_2020_summer_regular,afu,jiaxin,youzi,chuc,bobo,3,0,2020-2023.xlsx,356
358,2020-08-16,IVL_2020_summer_regular,yan,yjj,billy,tea,sxy,3,0,2020-2023.xlsx,357
359,2020-08-16,IVL_2020_summer_regular,kuaji,yjj,billy,tea,sxy,2,,2020-2023.xlsx,358
360,2020-08-16,IVL_2020_summer_regular,afu,jiaxin,youzi,chuc,bobo,3,0,2020-2023.xlsx,359
361,2020-08-16,IVL_2020_summer_regular,yan,yjj,billy,tea,sxy,4,0,2020-2023.xlsx,360
362,2020-08-16,IVL_2020_summer_regular,afu,jiaxin,youzi,chuc,bobo,2,,2020-2023.xlsx,361
363,2020-08-16,IVL_2020_summer_regular,ppx,zyj,ww,xm,xc,2,,2020-2023.xlsx,362
364,2020-08-16,IVL_2020_summer_regular,dongx,maozi,f,lpz,xmm,0,1,2020-2023.xlsx,363
365,2020-08-16,IVL_2020_summer_regular,ppx,zyj,ww,xm,xc,3,0,2020-2023.xlsx,364
366,2020-08-16,IVL_2020_summer_regular,dongx,maozi,f,lpz,xmm,2,,2020-2023.xlsx,365
367,2020-08-22,IVL_2020_summer_regular,yue,jiaxin,youzi,chuc,bobo,4,0,2020-2023.xlsx,366
368,2020-08-22,IVL_2020_summer_regular,kuaji,ruoan,fox,zibi,sans,3,0,2020-2023.xlsx,367
369,2020-08-22,IVL_2020_summer_regular,yue,jiaxin,youzi,chuc,bobo,2,,2020-2023.xlsx,368
370,2020-08-22,IVL_2020_summer_regular,yan,lzx,fox,zibi,sans,3,0,2020-2023.xlsx,369
371,2020-08-22,IVL_2020_summer_regular,yue,jiaxin,youzi,chuc,bobo,2,,2020-2023.xlsx,370
372,2020-08-22,IVL_2020_summer_regular,yan,lzx,fox,zibi,sans,3,0,2020-2023.xlsx,371
373,2020-08-22,IVL_2020_summer_regular,thirteen,zzai,445,kucao,zb,0,1,2020-2023.xlsx,372
374,2020-08-22,IVL_2020_summer_regular,xawm,lion,wy,487,jelly,2,,2020-2023.xlsx,373
375,2020-08-22,IVL_2020_summer_regular,jue,zzai,445,kucao,zb,3,0,2020-2023.xlsx,374
376,2020-08-22,IVL_2020_summer_regular,ppxia,lion,wy,487,jelly,2,,2020-2023.xlsx,375
377,2020-08-22,IVL_2020_summer_regular,jue,zzai,445,kucao,zb,2,,2020-2023.xlsx,376
378,2020-08-22,IVL_2020_summer_regular,ppxia,lion,wy,487,jelly,3,0,2020-2023.xlsx,377
379,2020-08-23,IVL_2020_summer_regular,ppx,blue,add,tang,huiyi,0,1,2020-2023.xlsx,378
380,2020-08-23,IVL_2020_summer_regular,sese,maozi,567,lpz,xmm,2,,2020-2023.xlsx,379
381,2020-08-23,IVL_2020_summer_regular,sese,maozi,567,lpz,mkk,0,1,2020-2023.xlsx,380
382,2020-08-23,IVL_2020_summer_regular,ppx,blue,add,tang,huiyi,1,1,2020-2023.xlsx,381
383,2020-08-23,IVL_2020_summer_regular,ppx,blue,add,tang,huiyi,3,0,2020-2023.xlsx,382
384,2020-08-23,IVL_2020_summer_regular,d,maozi,567,lpz,mkk,1,1,2020-2023.xlsx,383
385,2020-08-23,IVL_2020_summer_regular,dongx,jiaxin,youzi,chuc,bobo,2,,2020-2023.xlsx,384
386,2020-08-23,IVL_2020_summer_regular,kuaji,9j,ww,xm,xc,0,1,2020-2023.xlsx,385
387,2020-08-23,IVL_2020_summer_regular,dongx,jiaxin,youzi,chuc,bobo,3,0,2020-2023.xlsx,386
388,2020-08-23,IVL_2020_summer_regular,kuaji,9j,ww,xm,xc,2,,2020-2023.xlsx,387
389,2020-08-23,IVL_2020_summer_regular,yue,yjj,billy,tea,sxy,0,1,2020-2023.xlsx,388
390,2020-08-23,IVL_2020_summer_regular,afu,ruoan,fox,zibi,sans,2,,2020-2023.xlsx,389
391,2020-08-23,IVL_2020_summer_regular,yue,yjj,billy,tea,sxy,1,1,2020-2023.xlsx,390
392,2020-08-23,IVL_2020_summer_regular,afu,lzx,fox,zibi,sans,4,0,2020-2023.xlsx,391
393,2020-08-23,IVL_2020_summer_regular,afu,ruoan,fox,zibi,sans,3,0,2020-2023.xlsx,392
394,2020-08-23,IVL_2020_summer_regular,yue,yjj,billy,tea,sxy,2,,2020-2023.xlsx,393
395,2020-08-29,IVL_2020_summer_regular,xc,zzai,445,kucao,zb,0,1,2020-2023.xlsx,394
396,2020-08-29,IVL_2020_summer_regular,xawm,weirdo,qingc,xiaod,jmt,3,0,2020-2023.xlsx,395
397,2020-08-29,IVL_2020_summer_regular,ppxia,weirdo,qingc,xiaod,jmt,2,,2020-2023.xlsx,396
398,2020-08-29,IVL_2020_summer_regular,xc,zzai,445,kucao,zb,3,0,2020-2023.xlsx,397
399,2020-08-29,IVL_2020_summer_regular,xc,zzai,445,kucao,zb,3,0,2020-2023.xlsx,398
400,2020-08-29,IVL_2020_summer_regular,xawm,weirdo,qingc,xiaod,jmt,3,0,2020-2023.xlsx,399
401,2020-08-29,IVL_2020_summer_regular,ppx,lion,wy,487,jelly,2,,2020-2023.xlsx,400
402,2020-08-29,IVL_2020_summer_regular,thirteen,567,f,lpz,xmm,4,0,2020-2023.xlsx,401
403,2020-08-29,IVL_2020_summer_regular,ppx,lion,wy,487,jelly,0,1,2020-2023.xlsx,402
404,2020-08-29,IVL_2020_summer_regular,jue,567,f,lpz,mkk,0,1,2020-2023.xlsx,403
405,2020-08-29,IVL_2020_summer_regular,jue,567,f,lpz,mkk,3,0,2020-2023.xlsx,404
406,2020-08-29,IVL_2020_summer_regular,ppx,lion,wy,487,jelly,3,0,2020-2023.xlsx,405
407,2020-08-03,IVL_2020_summer_regular,kuaji,blue,add,tang,huiyi,3,0,2020-2023.xlsx,406
408,2020-08-03,IVL_2020_summer_regular,sese,jiaxin,youzi,chuc,bobo,3,0,2020-2023.xlsx,407
409,2020-08-03,IVL_2020_summer_regular,sese,jiaxin,youzi,chuc,bobo,2,,2020-2023.xlsx,408
410,2020-08-03,IVL_2020_summer_regular,kuaji,blue,add,tang,huiyi,3,0,2020-2023.xlsx,409
411,2020-08-03,IVL_2020_summer_regular,sese,jiaxin,youzi,chuc,bobo,1,1,2020-2023.xlsx,410
412,2020-08-03,IVL_2020_summer_regular,yan,blue,add,tang,huiyi,4,0,2020-2023.xlsx,411
413,2020-08-03,IVL_2020_summer_regular,dongx,ruoan,fox,zibi,sans,0,1,2020-2023.xlsx,412
414,2020-08-03,IVL_2020_summer_regular,yue,zyj,ww,xm,upxi,0,1,2020-2023.xlsx,413
415,2020-08-03,IVL_2020_summer_regular,dongx,ruoan,fox,zibi,sans,0,1,2020-2023.xlsx,414
416,2020-08-03,IVL_2020_summer_regular,yue,zyj,ww,xm,upxi,3,0,2020-2023.xlsx,415
417,2020-08-03,IVL_2020_summer_regular,dongx,ruoan,fox,zibi,sans,4,0,2020-2023.xlsx,416
418,2020-08-03,IVL_2020_summer_regular,yue,zyj,ww,xm,upxi,1,1,2020-2023.xlsx,417
419,2020-08-03,IVL_2020_summer_regular,dongx,ruoan,fox,zibi,sans,1,1,2020-2023.xlsx,418
420,2020-08-03,IVL_2020_summer_regular,yue,zyj,ww,xm,upxi,3,0,2020-2023.xlsx,419
421,2020-08-03,IVL_2020_summer_regular,afu,iron,long,shy,ak,3,0,2020-2023.xlsx,420
422,2020-08-03,IVL_2020_summer_regular,ken,yjj,billy,tea,sxy,0,1,2020-2023.xlsx,421
423,2020-08-03,IVL_2020_summer_regular,afu,iron,long,mk,ak,0,1,2020-2023.xlsx,422
424,2020-08-03,IVL_2020_summer_regular,ymm,yjj,billy,tea,sxy,1,1,2020-2023.xlsx,423
425,2020-08-03,IVL_2020_summer_regular,afu,iron,long,mk,ak,2,,2020-2023.xlsx,424
426,2020-08-03,IVL_2020_summer_regular,ken,yjj,billy,tea,sxy,0,1,2020-2023.xlsx,425
427,2020-09-05,IVL_2020_summer_regular,kuaji,lion,naiyu,487,jelly,0,1,2020-2023.xlsx,426
428,2020-09-05,IVL_2020_summer_regular,thirteen,jiaxin,youzi,chuc,bobo,2,,2020-2023.xlsx,427
429,2020-09-05,IVL_2020_summer_regular,jue,jiaxin,youzi,chuc,bobo,2,,2020-2023.xlsx,428
430,2020-09-05,IVL_2020_summer_regular,kuaji,lion,naiyu,487,jelly,3,0,2020-2023.xlsx,429
431,2020-09-05,IVL_2020_summer_regular,jue,jiaxin,youzi,chuc,bobo,3,0,2020-2023.xlsx,430
432,2020-09-05,IVL_2020_summer_regular,kuaji,lion,naiyu,487,jelly,3,0,2020-2023.xlsx,431
433,2020-09-05,IVL_2020_summer_regular,yue,blue,add,tang,huiyi,2,,2020-2023.xlsx,432
434,2020-09-05,IVL_2020_summer_regular,sese,zafkiel,fox,zibi,sans,2,,2020-2023.xlsx,433
435,2020-09-05,IVL_2020_summer_regular,yue,blue,add,tang,huiyi,2,,2020-2023.xlsx,434
436,2020-09-05,IVL_2020_summer_regular,sese,zafkiel,fox,zibi,sans,3,0,2020-2023.xlsx,435
437,2020-09-05,IVL_2020_summer_regular,d,zafkiel,fox,zibi,sans,3,0,2020-2023.xlsx,436
438,2020-09-05,IVL_2020_summer_regular,yue,blue,add,tang,huiyi,1,1,2020-2023.xlsx,437
439,2020-09-06,IVL_2020_summer_regular,dongx,chz,billy,tea,sxy,0,1,2020-2023.xlsx,438
440,2020-09-06,IVL_2020_summer_regular,afu,zyj,ww,xm,upxi,3,0,2020-2023.xlsx,439
441,2020-09-06,IVL_2020_summer_regular,dongx,chz,billy,tea,sxy,2,,2020-2023.xlsx,440
442,2020-09-06,IVL_2020_summer_regular,afu,zyj,ww,xm,upxi,2,,2020-2023.xlsx,441
443,2020-09-06,IVL_2020_summer_regular,afu,zyj,ww,xm,upxi,3,0,2020-2023.xlsx,442
444,2020-09-06,IVL_2020_summer_regular,dongx,yjj,billy,tea,sxy,3,0,2020-2023.xlsx,443
445,2020-09-06,IVL_2020_summer_regular,ymm,zzai,445,kucao,zb,2,,2020-2023.xlsx,444
446,2020-09-06,IVL_2020_summer_regular,ppxia,iron,long,mk,ak,2,,2020-2023.xlsx,445
447,2020-09-06,IVL_2020_summer_regular,xawm,iron,long,mk,ak,2,,2020-2023.xlsx,446
448,2020-09-06,IVL_2020_summer_regular,ymm,zzai,445,kucao,zb,2,,2020-2023.xlsx,447
449,2020-09-06,IVL_2020_summer_regular,ken,zzai,445,kucao,zb,3,0,2020-2023.xlsx,448
450,2020-09-06,IVL_2020_summer_regular,ppxia,iron,long,mk,ak,3,0,2020-2023.xlsx,449
451,2020-09-06,IVL_2020_summer_regular,ppxia,iron,long,mk,ak,3,0,2020-2023.xlsx,450
452,2020-09-06,IVL_2020_summer_regular,ken,zzai,445,kucao,zb,3,0,2020-2023.xlsx,451
453,2020-09-06,IVL_2020_summer_regular,xc,567,f,lpz,xmm,3,0,2020-2023.xlsx,452
454,2020-09-06,IVL_2020_summer_regular,ppx,weirdo,qingc,xiaod,jmt,2,,2020-2023.xlsx,453
455,2020-09-06,IVL_2020_summer_regular,ppx,weirdo,qingc,xiaod,jmt,0,1,2020-2023.xlsx,454
456,2020-09-06,IVL_2020_summer_regular,xc,567,f,lpz,mkk,1,1,2020-2023.xlsx,455
457,2020-09-12,IVL_2020_summer_regular,dongx,iron,long,mk,ak,2,,2020-2023.xlsx,456
458,2020-09-12,IVL_2020_summer_regular,ymm,zyj,ww,xm,upxi,3,0,2020-2023.xlsx,457
459,2020-09-12,IVL_2020_summer_regular,dongx,iron,long,mk,ak,2,,2020-2023.xlsx,458
460,2020-09-12,IVL_2020_summer_regular,ken,zyj,ww,xm,upxi,1,1,2020-2023.xlsx,459
461,2020-09-12,IVL_2020_summer_regular,dongx,iron,long,mk,ak,3,0,2020-2023.xlsx,460
462,2020-09-12,IVL_2020_summer_regular,ken,zyj,ww,xm,upxi,0,1,2020-2023.xlsx,461
463,2020-09-12,IVL_2020_summer_regular,sese,chz,billy,tea,sxy,3,0,2020-2023.xlsx,462
464,2020-09-12,IVL_2020_summer_regular,afu,blue,add,tang,huiyi,2,,2020-2023.xlsx,463
465,2020-09-12,IVL_2020_summer_regular,sese,yjj,billy,tea,sxy,1,1,2020-2023.xlsx,464
466,2020-09-12,IVL_2020_summer_regular,afu,blue,add,tang,huiyi,2,,2020-2023.xlsx,465
467,2020-09-12,IVL_2020_summer_regular,d,yjj,billy,tea,sxy,2,,2020-2023.xlsx,466
468,2020-09-12,IVL_2020_summer_regular,afu,blue,add,tang,huiyi,3,0,2020-2023.xlsx,467
469,2020-09-13,IVL_2020_summer_regular,yue,lion,wy,487,jelly,2,,2020-2023.xlsx,468
470,2020-09-13,IVL_2020_summer_regular,crazy,zafkiel,fox,zibi,sans,2,,2020-2023.xlsx,469
471,2020-09-13,IVL_2020_summer_regular,crazy,zafkiel,fox,zibi,sans,2,,2020-2023.xlsx,470
472,2020-09-13,IVL_2020_summer_regular,yue,lion,wy,487,jelly,2,,2020-2023.xlsx,471
473,2020-09-13,IVL_2020_summer_regular,jue,zafkiel,fox,zibi,sans,0,1,2020-2023.xlsx,472
474,2020-09-13,IVL_2020_summer_regular,yue,lion,wy,487,jelly,2,,2020-2023.xlsx,473
475,2020-09-13,IVL_2020_summer_regular,xc,jiaxin,youzi,chuc,bobo,3,0,2020-2023.xlsx,474
476,2020-09-13,IVL_2020_summer_regular,kuaji,weirdo,qingc,xiaod,jmt,3,0,2020-2023.xlsx,475
477,2020-09-13,IVL_2020_summer_regular,xc,jiaxin,youzi,chuc,bobo,2,,2020-2023.xlsx,476
478,2020-09-13,IVL_2020_summer_regular,kuaji,weirdo,qingc,xiaod,jmt,3,0,2020-2023.xlsx,477
479,2020-09-13,IVL_2020_summer_regular,xc,jiaxin,youzi,chuc,bobo,0,1,2020-2023.xlsx,478
480,2020-09-13,IVL_2020_summer_regular,kuaji,weirdo,qingc,xiaod,jmt,3,0,2020-2023.xlsx,479
481,2020-09-13,IVL_2020_summer_regular,xawm,567,f,lpz,xmm,1,1,2020-2023.xlsx,480
482,2020-09-13,IVL_2020_summer_regular,ppx,zzai,445,kucao,zb,3,0,2020-2023.xlsx,481
483,2020-09-13,IVL_2020_summer_regular,ppx,zzai,445,kucao,zb,2,,2020-2023.xlsx,482
484,2020-09-13,IVL_2020_summer_regular,xawm,567,f,lpz,xmm,2,,2020-2023.xlsx,483
485,2020-09-13,IVL_2020_summer_regular,ppx,zzai,445,kucao,zb,2,,2020-2023.xlsx,484
486,2020-09-13,IVL_2020_summer_regular,ppxia,567,f,lpz,xmm,3,0,2020-2023.xlsx,485
487,2020-09-19,IVL_2020_summer_regular,ppx,iron,long,mk,ak,0,1,2020-2023.xlsx,486
488,2020-09-19,IVL_2020_summer_regular,ken,567,f,lpz,xmm,0,1,2020-2023.xlsx,487
489,2020-09-19,IVL_2020_summer_regular,ppx,iron,long,mk,ak,2,,2020-2023.xlsx,488
490,2020-09-19,IVL_2020_summer_regular,ymm,567,f,lpz,xmm,2,,2020-2023.xlsx,489
491,2020-09-19,IVL_2020_summer_regular,ppx,iron,long,mk,ak,3,0,2020-2023.xlsx,490
492,2020-09-19,IVL_2020_summer_regular,ken,567,f,lpz,xmm,2,,2020-2023.xlsx,491
493,2020-09-19,IVL_2020_summer_regular,yan,zzai,445,kucao,zb,4,0,2020-2023.xlsx,492
494,2020-09-19,IVL_2020_summer_regular,xawm,jiaxin,youzi,chuc,bobo,2,,2020-2023.xlsx,493
495,2020-09-19,IVL_2020_summer_regular,yan,zzai,445,kucao,zb,2,,2020-2023.xlsx,494
496,2020-09-19,IVL_2020_summer_regular,xawm,jiaxin,youzi,chuc,bobo,0,1,2020-2023.xlsx,495
497,2020-09-02,IVL_2020_summer_regular,yue,weirdo,qingc,xiaod,jmt,2,,2020-2023.xlsx,496
498,2020-09-02,IVL_2020_summer_regular,xc,ruoan,fox,zibi,sans,0,1,2020-2023.xlsx,497
499,2020-09-02,IVL_2020_summer_regular,yue,weirdo,qingc,xiaod,jmt,3,0,2020-2023.xlsx,498
500,2020-09-02,IVL_2020_summer_regular,xc,ruoan,fox,zibi,sans,0,1,2020-2023.xlsx,499
501,2020-09-02,IVL_2020_summer_regular,afu,lion,wy,487,jelly,2,,2020-2023.xlsx,500
502,2020-09-02,IVL_2020_summer_regular,crazy,chz,billy,tea,sxy,0,1,2020-2023.xlsx,501
503,2020-09-02,IVL_2020_summer_regular,afu,lion,wy,487,jelly,2,,2020-2023.xlsx,502
504,2020-09-02,IVL_2020_summer_regular,crazy,yjj,billy,tea,sxy,2,,2020-2023.xlsx,503
505,2020-09-02,IVL_2020_summer_regular,jue,yjj,billy,tea,sxy,2,,2020-2023.xlsx,504
506,2020-09-02,IVL_2020_summer_regular,afu,lion,wy,487,jelly,3,0,2020-2023.xlsx,505
507,2020-09-02,IVL_2020_summer_regular,sese,zyj,ww,xm,upxi,2,,2020-2023.xlsx,506
508,2020-09-02,IVL_2020_summer_regular,dongx,blue,add,tang,huiyi,4,0,2020-2023.xlsx,507
509,2020-09-02,IVL_2020_summer_regular,sese,zyj,ww,xm,upxi,0,1,2020-2023.xlsx,508
510,2020-09-02,IVL_2020_summer_regular,dongx,blue,add,tang,huiyi,1,1,2020-2023.xlsx,509
511,2020-10-02,IVL_2020_summer_playoffs,xawm,iron,mk,long,ak,3,0,2020-2023.xlsx,510
512,2020-10-02,IVL_2020_summer_playoffs,ken,445,zb,kucao,zzai,3,0,2020-2023.xlsx,511
513,2020-10-02,IVL_2020_summer_playoffs,xawm,iron,mk,long,ak,3,0,2020-2023.xlsx,512
514,2020-10-02,IVL_2020_summer_playoffs,ken,445,zb,kucao,zzai,1,1,2020-2023.xlsx,513
515,2020-10-02,IVL_2020_summer_playoffs,ken,445,zb,kucao,zzai,2,,2020-2023.xlsx,514
516,2020-10-02,IVL_2020_summer_playoffs,xawm,iron,mk,long,ak,3,0,2020-2023.xlsx,515
517,2020-10-02,IVL_2020_summer_playoffs,ken,445,zb,kucao,zzai,0,1,2020-2023.xlsx,516
518,2020-10-02,IVL_2020_summer_playoffs,xawm,iron,mk,long,ak,4,0,2020-2023.xlsx,517
519,2020-10-02,IVL_2020_summer_playoffs,dongx,jmt,qingc,weirdo,xiaod,0,1,2020-2023.xlsx,518
520,2020-10-02,IVL_2020_summer_playoffs,xc,zyj,xm,upxi,ww,0,1,2020-2023.xlsx,519
521,2020-10-02,IVL_2020_summer_playoffs,dongx,weirdo,qingc,xiaod,jmt,0,1,2020-2023.xlsx,520
522,2020-10-02,IVL_2020_summer_playoffs,xc,zyj,xm,upxi,ww,3,0,2020-2023.xlsx,521
523,2020-10-02,IVL_2020_summer_playoffs,xc,zyj,xm,upxi,ww,3,0,2020-2023.xlsx,522
524,2020-10-02,IVL_2020_summer_playoffs,dongx,jmt,qingc,weirdo,xiaod,2,,2020-2023.xlsx,523
525,2020-10-02,IVL_2020_summer_playoffs,xc,zyj,xm,upxi,ww,1,1,2020-2023.xlsx,524
526,2020-10-02,IVL_2020_summer_playoffs,dongx,jmt,qingc,weirdo,xiaod,1,1,2020-2023.xlsx,525
527,2020-10-02,IVL_2020_summer_playoffs,crazy,blue,huiyi,add,tang,3,0,2020-2023.xlsx,526
528,2020-10-02,IVL_2020_summer_playoffs,sese,lion,487,wy,jelly,3,0,2020-2023.xlsx,527
529,2020-10-02,IVL_2020_summer_playoffs,jue,blue,huiyi,add,tang,2,,2020-2023.xlsx,528
530,2020-10-02,IVL_2020_summer_playoffs,d,lion,487,wy,jelly,2,,2020-2023.xlsx,529
531,2020-10-02,IVL_2020_summer_playoffs,jue,blue,huiyi,add,tang,3,0,2020-2023.xlsx,530
532,2020-10-02,IVL_2020_summer_playoffs,d,lion,487,wy,jelly,3,0,2020-2023.xlsx,531
533,2020-10-02,IVL_2020_summer_playoffs,d,lion,487,wy,jelly,3,0,2020-2023.xlsx,532
534,2020-10-02,IVL_2020_summer_playoffs,jue,blue,huiyi,add,tang,2,,2020-2023.xlsx,533
535,2020-10-02,IVL_2020_summer_playoffs,d,lion,487,wy,jelly,3,0,2020-2023.xlsx,534
536,2020-10-02,IVL_2020_summer_playoffs,jue,blue,huiyi,add,tang,0,1,2020-2023.xlsx,535
537,2020-10-03,IVL_2020_summer_playoffs,ppxia,lion,487,wy,jelly,0,1,2020-2023.xlsx,536
538,2020-10-03,IVL_2020_summer_playoffs,crazy,445,zb,kucao,zzai,3,0,2020-2023.xlsx,537
539,2020-10-03,IVL_2020_summer_playoffs,jue,zzai,445,kucao,zb,2,,2020-2023.xlsx,538
540,2020-10-03,IVL_2020_summer_playoffs,ppxia,lion,wy,487,jelly,0,1,2020-2023.xlsx,539
541,2020-10-03,IVL_2020_summer_playoffs,jue,zzai,445,kucao,zb,3,0,2020-2023.xlsx,540
542,2020-10-03,IVL_2020_summer_playoffs,xawm,lion,487,wy,jelly,0,1,2020-2023.xlsx,541
543,2020-10-03,IVL_2020_summer_playoffs,dongx,iron,shy,long,ak,2,,2020-2023.xlsx,542
544,2020-10-03,IVL_2020_summer_playoffs,ken,zyj,xm,upxi,ww,1,1,2020-2023.xlsx,543
545,2020-10-03,IVL_2020_summer_playoffs,dongx,iron,mk,long,ak,4,0,2020-2023.xlsx,544
546,2020-10-03,IVL_2020_summer_playoffs,ken,zyj,xm,upxi,ww,1,1,2020-2023.xlsx,545
547,2020-10-03,IVL_2020_summer_playoffs,ymm,zyj,xm,upxi,ww,2,,2020-2023.xlsx,546
548,2020-10-03,IVL_2020_summer_playoffs,dongx,iron,mk,long,ak,2,,2020-2023.xlsx,547
549,2020-10-03,IVL_2020_summer_playoffs,dongx,iron,mk,long,ak,2,,2020-2023.xlsx,548
550,2020-10-03,IVL_2020_summer_playoffs,ken,zyj,xm,upxi,ww,2,,2020-2023.xlsx,549
551,2020-10-03,IVL_2020_summer_playoffs,ppxia,jmt,qingc,weirdo,xiaod,3,0,2020-2023.xlsx,550
552,2020-10-03,IVL_2020_summer_playoffs,xc,445,zb,kucao,zzai,2,,2020-2023.xlsx,551
553,2020-10-03,IVL_2020_summer_playoffs,xc,445,zb,kucao,zzai,3,0,2020-2023.xlsx,552
554,2020-10-03,IVL_2020_summer_playoffs,xawm,jmt,qingc,weirdo,xiaod,2,,2020-2023.xlsx,553
555,2020-10-03,IVL_2020_summer_playoffs,xc,445,zb,kucao,zzai,2,,2020-2023.xlsx,554
556,2020-10-03,IVL_2020_summer_playoffs,xawm,jmt,qingc,weirdo,xiaod,2,,2020-2023.xlsx,555
557,2020-10-03,IVL_2020_summer_playoffs,xc,445,zb,kucao,zzai,3,0,2020-2023.xlsx,556
558,2020-10-03,IVL_2020_summer_playoffs,xawm,jmt,qingc,weirdo,xiaod,2,,2020-2023.xlsx,557
559,2020-10-03,IVL_2020_summer_playoffs,xc,445,zb,kucao,zzai,2,,2020-2023.xlsx,558
560,2020-10-03,IVL_2020_summer_playoffs,xawm,jmt,qingc,weirdo,xiaod,0,1,2020-2023.xlsx,559
561,2020-10-04,IVL_2020_summer_playoffs,ppxia,zyj,xm,upxi,ww,3,0,2020-2023.xlsx,560
562,2020-10-04,IVL_2020_summer_playoffs,dongx,445,zb,kucao,zzai,2,,2020-2023.xlsx,561
563,2020-10-04,IVL_2020_summer_playoffs,ppxia,zyj,xm,upxi,ww,0,1,2020-2023.xlsx,562
564,2020-10-04,IVL_2020_summer_playoffs,dongx,445,zb,kucao,zzai,2,,2020-2023.xlsx,563
565,2020-10-04,IVL_2020_summer_playoffs,dongx,445,zb,kucao,zzai,1,1,2020-2023.xlsx,564
566,2020-10-04,IVL_2020_summer_playoffs,xawm,zyj,xm,upxi,ww,2,,2020-2023.xlsx,565
567,2020-10-04,IVL_2020_summer_playoffs,xawm,zyj,xm,upxi,ww,2,,2020-2023.xlsx,566
568,2020-10-04,IVL_2020_summer_playoffs,dongx,445,zb,kucao,zzai,0,1,2020-2023.xlsx,567
569,2020-10-04,IVL_2020_summer_playoffs,ymm,zyj,xm,upxi,ww,1,1,2020-2023.xlsx,568
570,2020-10-04,IVL_2020_summer_playoffs,dongx,iron,mk,long,ak,1,1,2020-2023.xlsx,569
571,2020-10-04,IVL_2020_summer_playoffs,ken,zyj,xm,upxi,ww,1,1,2020-2023.xlsx,570
572,2020-10-04,IVL_2020_summer_playoffs,dongx,iron,mk,long,ak,2,,2020-2023.xlsx,571
573,2020-10-04,IVL_2020_summer_playoffs,ken,zyj,xm,upxi,ww,2,,2020-2023.xlsx,572
574,2020-10-04,IVL_2020_summer_playoffs,dongx,iron,mk,long,ak,0,1,2020-2023.xlsx,573
575,2020-10-04,IVL_2020_summer_playoffs,ken,zyj,xm,upxi,ww,1,1,2020-2023.xlsx,574
576,2020-10-04,IVL_2020_summer_playoffs,dongx,iron,mk,long,ak,2,,2020-2023.xlsx,575
577,2020-10-04,IVL_2020_summer_playoffs,dongx,iron,mk,long,ak,3,0,2020-2023.xlsx,576
578,2020-10-04,IVL_2020_summer_playoffs,ken,zyj,xm,upxi,ww,1,1,2020-2023.xlsx,577
579,2020-1104-00,IVL_2020_fall_regular,dongx,iron,mk,long,ak,2,,2020-2023.xlsx,578
580,2020-1104-00,IVL_2020_fall_regular,ken,zyj,xm,gin,ww,0,1,2020-2023.xlsx,579
581,2020-1104-00,IVL_2020_fall_regular,dongx,iron,mk,long,ak,2,,2020-2023.xlsx,580
582,2020-1104-00,IVL_2020_fall_regular,ymm,zyj,xm,gin,ww,1,1,2020-2023.xlsx,581
583,2020-1104-00,IVL_2020_fall_regular,d,zibi,sans,zafkiel,fox,2,,2020-2023.xlsx,582
584,2020-1104-00,IVL_2020_fall_regular,yue,blue,huiyi,add,tang,2,,2020-2023.xlsx,583
585,2020-1104-00,IVL_2020_fall_regular,d,zibi,sans,zafkiel,fox,0,1,2020-2023.xlsx,584
586,2020-1104-00,IVL_2020_fall_regular,yue,blue,huiyi,add,tang,3,0,2020-2023.xlsx,585
587,2020-1104-00,IVL_2020_fall_regular,sese,zibi,sans,zafkiel,ming,4,0,2020-2023.xlsx,586
588,2020-1104-00,IVL_2020_fall_regular,yue,blue,huiyi,add,tang,3,0,2020-2023.xlsx,587
589,2020-1104-00,IVL_2020_fall_regular,xrr,jmt,xiaod,weirdo,haiya,3,0,2020-2023.xlsx,588
590,2020-1104-00,IVL_2020_fall_regular,xc,jelly,lion,487,huan,2,,2020-2023.xlsx,589
591,2020-1104-00,IVL_2020_fall_regular,xc,jelly,lion,487,huan,4,0,2020-2023.xlsx,590
592,2020-1104-00,IVL_2020_fall_regular,jue,jmt,xiaod,weirdo,haiya,4,0,2020-2023.xlsx,591
593,2020-1104-00,IVL_2020_fall_regular,xc,jelly,lion,487,huan,3,0,2020-2023.xlsx,592
594,2020-1104-00,IVL_2020_fall_regular,jue,jmt,xiaod,weirdo,haiya,0,1,2020-2023.xlsx,593
595,2020-1105-00,IVL_2020_fall_regular,afu,jiaxin,youzi,chuc,bobo,2,,2020-2023.xlsx,594
596,2020-1105-00,IVL_2020_fall_regular,tx,bmao,yjj,sxy,tea,0,1,2020-2023.xlsx,595
597,2020-1105-00,IVL_2020_fall_regular,tx,bmao,yjj,sxy,tea,2,,2020-2023.xlsx,596
598,2020-1105-00,IVL_2020_fall_regular,afu,jiaxin,youzi,chuc,bobo,3,0,2020-2023.xlsx,597
599,2020-1105-00,IVL_2020_fall_regular,d,zyj,22,ww,gin,2,,2020-2023.xlsx,598
600,2020-1105-00,IVL_2020_fall_regular,dongx,blue,tang,huiyi,add,2,,2020-2023.xlsx,599
601,2020-1105-00,IVL_2020_fall_regular,sese,zyj,22,ww,gin,2,,2020-2023.xlsx,600
602,2020-1105-00,IVL_2020_fall_regular,dongx,blue,add,tang,huiyi,0,1,2020-2023.xlsx,601
603,2020-1105-00,IVL_2020_fall_regular,sese,zyj,gin,22,ww,3,0,2020-2023.xlsx,602
604,2020-1105-00,IVL_2020_fall_regular,dongx,blue,tang,huiyi,add,0,1,2020-2023.xlsx,603
605,2020-1105-00,IVL_2020_fall_regular,ppx,445,zb,kucao,zzai,4,0,2020-2023.xlsx,604
606,2020-1105-00,IVL_2020_fall_regular,xawm,mkk,567,xmm,czai,2,,2020-2023.xlsx,605
607,2020-1105-00,IVL_2020_fall_regular,ppx,445,zb,zzai,kucao,4,0,2020-2023.xlsx,606
608,2020-1105-00,IVL_2020_fall_regular,ppxia,mkk,567,xmm,czai,0,1,2020-2023.xlsx,607
609,2020-1106-00,IVL_2020_fall_regular,afu,zibi,sans,zafkiel,ming,2,,2020-2023.xlsx,608
610,2020-1106-00,IVL_2020_fall_regular,yue,bmao,yjj,sxy,tea,0,1,2020-2023.xlsx,609
611,2020-1106-00,IVL_2020_fall_regular,yue,bmao,yjj,sxy,tea,1,1,2020-2023.xlsx,610
612,2020-1106-00,IVL_2020_fall_regular,afu,zibi,sans,zafkiel,ming,2,,2020-2023.xlsx,611
613,2020-1106-00,IVL_2020_fall_regular,xc,jiaxin,bobo,youzi,chuc,0,1,2020-2023.xlsx,612
614,2020-1106-00,IVL_2020_fall_regular,tx,jmt,xiaod,weirdo,qingc,0,1,2020-2023.xlsx,613
615,2020-1106-00,IVL_2020_fall_regular,tx,jmt,xiaod,weirdo,qingc,3,0,2020-2023.xlsx,614
616,2020-1106-00,IVL_2020_fall_regular,xc,jiaxin,bobo,youzi,chuc,3,0,2020-2023.xlsx,615
617,2020-1106-00,IVL_2020_fall_regular,xc,jiaxin,bobo,youzi,chuc,2,,2020-2023.xlsx,616
618,2020-1106-00,IVL_2020_fall_regular,tx,jmt,xiaod,weirdo,qingc,3,0,2020-2023.xlsx,617
619,2020-1106-00,IVL_2020_fall_regular,xrr,mk,iron,long,ak,3,0,2020-2023.xlsx,618
620,2020-1106-00,IVL_2020_fall_regular,ymm,lion,487,huan,jelly,2,,2020-2023.xlsx,619
621,2020-1106-00,IVL_2020_fall_regular,jue,iron,mk,long,ak,3,0,2020-2023.xlsx,620
622,2020-1106-00,IVL_2020_fall_regular,ken,lion,487,jelly,huan,2,,2020-2023.xlsx,621
623,2020-1107-00,IVL_2020_fall_regular,sese,zb,445,kucao,zzai,2,,2020-2023.xlsx,622
624,2020-1107-00,IVL_2020_fall_regular,ppxia,add,blue,tang,huiyi,2,,2020-2023.xlsx,623
625,2020-1107-00,IVL_2020_fall_regular,d,zb,445,kucao,zzai,2,,2020-2023.xlsx,624
626,2020-1107-00,IVL_2020_fall_regular,ppxia,add,blue,tang,huiyi,3,0,2020-2023.xlsx,625
627,2020-1107-00,IVL_2020_fall_regular,d,zb,445,kucao,zzai,3,0,2020-2023.xlsx,626
628,2020-1107-00,IVL_2020_fall_regular,xawm,add,blue,tang,huiyi,3,0,2020-2023.xlsx,627
629,2020-1107-00,IVL_2020_fall_regular,ymm,mkk,567,xmm,czai,2,,2020-2023.xlsx,628
630,2020-1107-00,IVL_2020_fall_regular,ppx,iron,mk,long,ak,3,0,2020-2023.xlsx,629
631,2020-1107-00,IVL_2020_fall_regular,ken,mkk,567,xmm,czai,3,0,2020-2023.xlsx,630
632,2020-1107-00,IVL_2020_fall_regular,ppx,iron,mk,long,ak,2,,2020-2023.xlsx,631
633,2020-1107-00,IVL_2020_fall_regular,ppx,iron,mk,long,ak,2,,2020-2023.xlsx,632
634,2020-1107-00,IVL_2020_fall_regular,ymm,mkk,xmm,kong,czai,3,0,2020-2023.xlsx,633
635,2020-1107-00,IVL_2020_fall_regular,xc,fox,zibi,sans,zafkiel,1,1,2020-2023.xlsx,634
636,2020-1107-00,IVL_2020_fall_regular,yue,jmt,qingc,xiaod,weirdo,2,,2020-2023.xlsx,635
637,2020-1107-00,IVL_2020_fall_regular,yue,jmt,xiaod,weirdo,haiya,2,,2020-2023.xlsx,636
638,2020-1107-00,IVL_2020_fall_regular,sasa,fox,zibi,sans,zafkiel,2,,2020-2023.xlsx,637
639,2020-1107-00,IVL_2020_fall_regular,xc,fox,zibi,sans,zafkiel,2,,2020-2023.xlsx,638
640,2020-1107-00,IVL_2020_fall_regular,yue,jmt,qingc,xiaod,weirdo,2,,2020-2023.xlsx,639
641,2020-1108-00,IVL_2020_fall_regular,tx,lion,487,jelly,huan,4,0,2020-2023.xlsx,640
642,2020-1108-00,IVL_2020_fall_regular,thirteen,jiaxin,bobo,youzi,chuc,2,,2020-2023.xlsx,641
643,2020-1108-00,IVL_2020_fall_regular,jue,jiaxin,bobo,youzi,chuc,0,1,2020-2023.xlsx,642
644,2020-1108-00,IVL_2020_fall_regular,tx,lion,487,jelly,huan,4,0,2020-2023.xlsx,643
645,2020-1108-00,IVL_2020_fall_regular,ppx,zyj,gin,22,ww,2,,2020-2023.xlsx,644
646,2020-1108-00,IVL_2020_fall_regular,dongx,mkk,xmm,567,czai,2,,2020-2023.xlsx,645
647,2020-1108-00,IVL_2020_fall_regular,ppx,zyj,gin,22,ww,0,1,2020-2023.xlsx,646
648,2020-1108-00,IVL_2020_fall_regular,dongx,mkk,xmm,567,czai,0,1,2020-2023.xlsx,647
649,2020-1108-00,IVL_2020_fall_regular,dongx,mkk,xmm,kong,czai,0,1,2020-2023.xlsx,648
650,2020-1108-00,IVL_2020_fall_regular,ppx,zyj,xm,gin,ww,3,0,2020-2023.xlsx,649
651,2020-1108-00,IVL_2020_fall_regular,ppxia,bmao,sxy,tea,billy,1,1,2020-2023.xlsx,650
652,2020-1108-00,IVL_2020_fall_regular,afu,445,zb,kucao,zzai,3,0,2020-2023.xlsx,651
653,2020-1108-00,IVL_2020_fall_regular,ppxia,bmao,sxy,tea,billy,3,0,2020-2023.xlsx,652
654,2020-1108-00,IVL_2020_fall_regular,afu,445,zb,kucao,zzai,4,0,2020-2023.xlsx,653
655,2020-1114-00,IVL_2020_fall_regular,dongx,zibi,sans,zafkiel,fox,0,1,2020-2023.xlsx,654
656,2020-1114-00,IVL_2020_fall_regular,yue,zyj,gin,22,ww,2,,2020-2023.xlsx,655
657,2020-1114-00,IVL_2020_fall_regular,yue,zyj,gin,22,ww,2,,2020-2023.xlsx,656
658,2020-1114-00,IVL_2020_fall_regular,dongx,zibi,sans,zafkiel,fox,0,1,2020-2023.xlsx,657
659,2020-1114-00,IVL_2020_fall_regular,ppx,jiaxin,bobo,youzi,chuc,3,0,2020-2023.xlsx,658
660,2020-1114-00,IVL_2020_fall_regular,tx,mkk,567,xmm,czai,3,0,2020-2023.xlsx,659
661,2020-1114-00,IVL_2020_fall_regular,ppx,jiaxin,bobo,youzi,chuc,4,0,2020-2023.xlsx,660
662,2020-1114-00,IVL_2020_fall_regular,tx,mkk,567,xmm,czai,3,0,2020-2023.xlsx,661
663,2020-1114-00,IVL_2020_fall_regular,yan,mkk,xmm,kong,czai,4,0,2020-2023.xlsx,662
664,2020-1114-00,IVL_2020_fall_regular,ppx,jiaxin,bobo,youzi,chuc,2,,2020-2023.xlsx,663
665,2020-1114-00,IVL_2020_fall_regular,ppxia,iron,ak,long,drop,1,1,2020-2023.xlsx,664
666,2020-1114-00,IVL_2020_fall_regular,ken,kucao,zzai,zb,445,2,,2020-2023.xlsx,665
667,2020-1114-00,IVL_2020_fall_regular,ken,kucao,zzai,zb,445,0,1,2020-2023.xlsx,666
668,2020-1114-00,IVL_2020_fall_regular,ppxia,iron,ak,long,mk,2,,2020-2023.xlsx,667
669,2020-1114-00,IVL_2020_fall_regular,ppxia,iron,ak,long,mk,2,,2020-2023.xlsx,668
670,2020-1114-00,IVL_2020_fall_regular,ken,kucao,zzai,zb,445,1,1,2020-2023.xlsx,669
671,2020-1115-00,IVL_2020_fall_regular,d,lion,487,jelly,huan,1,1,2020-2023.xlsx,670
672,2020-1115-00,IVL_2020_fall_regular,thirteen,blue,huiyi,add,tang,2,,2020-2023.xlsx,671
673,2020-1115-00,IVL_2020_fall_regular,d,lion,487,jelly,huan,0,1,2020-2023.xlsx,672
674,2020-1115-00,IVL_2020_fall_regular,jue,blue,huiyi,add,tang,2,,2020-2023.xlsx,673
675,2020-1115-00,IVL_2020_fall_regular,chz,jmt,xiaod,weirdo,haiya,0,1,2020-2023.xlsx,674
676,2020-1115-00,IVL_2020_fall_regular,xc,yjj,sxy,tea,billy,3,0,2020-2023.xlsx,675
677,2020-1115-00,IVL_2020_fall_regular,sasa,yjj,sxy,tea,billy,3,0,2020-2023.xlsx,676
678,2020-1115-00,IVL_2020_fall_regular,afu,jmt,xiaod,weirdo,haiya,2,,2020-2023.xlsx,677
679,2020-1115-00,IVL_2020_fall_regular,ppxia,zyj,22,ww,gin,0,1,2020-2023.xlsx,678
680,2020-1115-00,IVL_2020_fall_regular,dongx,kucao,zzai,zb,445,0,1,2020-2023.xlsx,679
681,2020-1115-00,IVL_2020_fall_regular,ppxia,zyj,22,ww,xm,0,1,2020-2023.xlsx,680
682,2020-1115-00,IVL_2020_fall_regular,dongx,kucao,zzai,zb,445,0,1,2020-2023.xlsx,681
683,2020-1115-00,IVL_2020_fall_regular,ppxia,zyj,xm,ww,jx,2,,2020-2023.xlsx,682
684,2020-1115-00,IVL_2020_fall_regular,dongx,kucao,zzai,zb,445,2,,2020-2023.xlsx,683
685,2020-1115-00,IVL_2020_fall_regular,dongx,kucao,zzai,zb,445,2,,2020-2023.xlsx,684
686,2020-1115-00,IVL_2020_fall_regular,ppxia,zyj,xm,ww,jx,1,1,2020-2023.xlsx,685
687,2020-1119-00,IVL_2020_fall_regular,chz,iron,mk,long,ak,4,0,2020-2023.xlsx,686
688,2020-1119-00,IVL_2020_fall_regular,ken,bmao,yjj,tea,billy,0,1,2020-2023.xlsx,687
689,2020-1119-00,IVL_2020_fall_regular,afu,iron,mk,long,ak,2,,2020-2023.xlsx,688
690,2020-1119-00,IVL_2020_fall_regular,mian,bmao,yjj,tea,billy,1,1,2020-2023.xlsx,689
691,2020-1119-00,IVL_2020_fall_regular,xc,blue,huiyi,add,tang,0,1,2020-2023.xlsx,690
692,2020-1119-00,IVL_2020_fall_regular,d,haiya,jmt,weirdo,xiaod,2,,2020-2023.xlsx,691
693,2020-1119-00,IVL_2020_fall_regular,d,haiya,jmt,weirdo,xiaod,2,,2020-2023.xlsx,692
694,2020-1119-00,IVL_2020_fall_regular,xc,blue,huiyi,add,tang,3,0,2020-2023.xlsx,693
695,2020-1119-00,IVL_2020_fall_regular,xc,blue,huiyi,add,tang,3,0,2020-2023.xlsx,694
696,2020-1119-00,IVL_2020_fall_regular,sese,jmt,qingc,weirdo,xiaod,3,0,2020-2023.xlsx,695
697,2020-1119-00,IVL_2020_fall_regular,jue,mkk,567,xmm,czai,3,0,2020-2023.xlsx,696
698,2020-1119-00,IVL_2020_fall_regular,ppx,lion,487,jelly,huan,2,,2020-2023.xlsx,697
699,2020-1119-00,IVL_2020_fall_regular,ppx,lion,487,jelly,huan,1,1,2020-2023.xlsx,698
700,2020-1119-00,IVL_2020_fall_regular,jue,mkk,xmm,kong,czai,0,1,2020-2023.xlsx,699
701,2020-1119-00,IVL_2020_fall_regular,jue,mkk,xmm,kong,czai,3,0,2020-2023.xlsx,700
702,2020-1119-00,IVL_2020_fall_regular,ppx,lion,487,jelly,huan,2,,2020-2023.xlsx,701
703,2020-1120-00,IVL_2020_fall_regular,ppxia,zibi,sans,zafkiel,ming,2,,2020-2023.xlsx,702
704,2020-1120-00,IVL_2020_fall_regular,yue,kucao,zzai,zb,445,1,1,2020-2023.xlsx,703
705,2020-1120-00,IVL_2020_fall_regular,ppxia,zibi,sans,zafkiel,ming,1,1,2020-2023.xlsx,704
706,2020-1120-00,IVL_2020_fall_regular,yue,kucao,zzai,zb,445,2,,2020-2023.xlsx,705
707,2020-1120-00,IVL_2020_fall_regular,ppxia,zibi,sans,zafkiel,ming,2,,2020-2023.xlsx,706
708,2020-1120-00,IVL_2020_fall_regular,yue,kucao,zzai,zb,445,2,,2020-2023.xlsx,707
709,2020-1120-00,IVL_2020_fall_regular,ppxia,zibi,sans,zafkiel,ming,2,,2020-2023.xlsx,708
710,2020-1120-00,IVL_2020_fall_regular,yue,kucao,zzai,zb,445,3,0,2020-2023.xlsx,709
711,2020-1120-00,IVL_2020_fall_regular,tx,zyj,22,xm,ww,2,,2020-2023.xlsx,710
712,2020-1120-00,IVL_2020_fall_regular,dongx,jiaxin,youzi,chuc,bobo,0,1,2020-2023.xlsx,711
713,2020-1120-00,IVL_2020_fall_regular,tx,zyj,22,xm,ww,1,1,2020-2023.xlsx,712
714,2020-1120-00,IVL_2020_fall_regular,dongx,jiaxin,youzi,chuc,bobo,2,,2020-2023.xlsx,713
715,2020-1120-00,IVL_2020_fall_regular,tx,zyj,22,xm,gin,3,0,2020-2023.xlsx,714
716,2020-1120-00,IVL_2020_fall_regular,dongx,jiaxin,youzi,chuc,bobo,0,1,2020-2023.xlsx,715
717,2020-1120-00,IVL_2020_fall_regular,xc,iron,ak,long,mk,4,0,2020-2023.xlsx,716
718,2020-1120-00,IVL_2020_fall_regular,ken,jmt,xiaod,weirdo,haiya,0,1,2020-2023.xlsx,717
719,2020-1120-00,IVL_2020_fall_regular,ken,jmt,xiaod,weirdo,haiya,3,0,2020-2023.xlsx,718
720,2020-1120-00,IVL_2020_fall_regular,sasa,iron,ak,long,mk,4,0,2020-2023.xlsx,719
721,2020-1125-00,IVL_2020_fall_regular,d,mkk,xmm,kong,czai,3,0,2020-2023.xlsx,720
722,2020-1125-00,IVL_2020_fall_regular,ppx,blue,huiyi,add,tang,3,0,2020-2023.xlsx,721
723,2020-1125-00,IVL_2020_fall_regular,ppx,blue,huiyi,add,tang,3,0,2020-2023.xlsx,722
724,2020-1125-00,IVL_2020_fall_regular,d,mkk,xmm,kong,czai,0,1,2020-2023.xlsx,723
725,2020-1125-00,IVL_2020_fall_regular,ppx,blue,huiyi,add,tang,2,,2020-2023.xlsx,724
726,2020-1125-00,IVL_2020_fall_regular,d,mkk,567,xmm,czai,2,,2020-2023.xlsx,725
727,2020-1125-00,IVL_2020_fall_regular,yan,ak,mk,long,iron,3,0,2020-2023.xlsx,726
728,2020-1125-00,IVL_2020_fall_regular,ken,jiaxin,youzi,chuc,ybp,0,1,2020-2023.xlsx,727
729,2020-1125-00,IVL_2020_fall_regular,ken,jiaxin,youzi,chuc,ybp,2,,2020-2023.xlsx,728
730,2020-1125-00,IVL_2020_fall_regular,yan,iron,ak,long,mk,3,0,2020-2023.xlsx,729
731,2020-1125-00,IVL_2020_fall_regular,xc,kucao,zzai,zb,445,3,0,2020-2023.xlsx,730
732,2020-1125-00,IVL_2020_fall_regular,ppxia,jmt,qingc,xiaod,weirdo,2,,2020-2023.xlsx,731
733,2020-1125-00,IVL_2020_fall_regular,sasa,kucao,zzai,zb,445,4,0,2020-2023.xlsx,732
734,2020-1125-00,IVL_2020_fall_regular,ppxia,jmt,qingc,xiaod,weirdo,0,1,2020-2023.xlsx,733
735,2020-1126-00,IVL_2020_fall_regular,yue,lion,487,jelly,huan,0,1,2020-2023.xlsx,734
736,2020-1126-00,IVL_2020_fall_regular,thirteen,zibi,sans,zafkiel,ming,2,,2020-2023.xlsx,735
737,2020-1126-00,IVL_2020_fall_regular,jue,zibi,sans,zafkiel,ming,3,0,2020-2023.xlsx,736
738,2020-1126-00,IVL_2020_fall_regular,yue,lion,487,jelly,huan,4,0,2020-2023.xlsx,737
739,2020-1126-00,IVL_2020_fall_regular,jue,zibi,sans,zafkiel,ming,3,0,2020-2023.xlsx,738
740,2020-1126-00,IVL_2020_fall_regular,yue,lion,487,jelly,huan,3,0,2020-2023.xlsx,739
741,2020-1126-00,IVL_2020_fall_regular,afu,zyj,xm,gin,22,2,,2020-2023.xlsx,740
742,2020-1126-00,IVL_2020_fall_regular,dongx,yjj,sxy,tea,billy,0,1,2020-2023.xlsx,741
743,2020-1126-00,IVL_2020_fall_regular,afu,zyj,xm,gin,22,0,1,2020-2023.xlsx,742
744,2020-1126-00,IVL_2020_fall_regular,dongx,yjj,sxy,tea,billy,3,0,2020-2023.xlsx,743
745,2020-1126-00,IVL_2020_fall_regular,afu,zyj,xm,22,jx,2,,2020-2023.xlsx,744
746,2020-1126-00,IVL_2020_fall_regular,dongx,yjj,sxy,tea,billy,0,1,2020-2023.xlsx,745
747,2020-1126-00,IVL_2020_fall_regular,tx,445,zb,kucao,zzai,3,0,2020-2023.xlsx,746
748,2020-1126-00,IVL_2020_fall_regular,ppxia,jiaxin,bobo,youzi,chuc,1,1,2020-2023.xlsx,747
749,2020-1126-00,IVL_2020_fall_regular,tx,445,zb,kucao,zzai,3,0,2020-2023.xlsx,748
750,2020-1126-00,IVL_2020_fall_regular,ppxia,jiaxin,bobo,youzi,chuc,0,1,2020-2023.xlsx,749
751,2020-1127-00,IVL_2020_fall_regular,afu,mkk,567,xmm,czai,0,1,2020-2023.xlsx,750
752,2020-1127-00,IVL_2020_fall_regular,ppx,yjj,sxy,tea,billy,0,1,2020-2023.xlsx,751
753,2020-1127-00,IVL_2020_fall_regular,afu,mkk,567,xmm,czai,3,0,2020-2023.xlsx,752
754,2020-1127-00,IVL_2020_fall_regular,ppx,yjj,sxy,tea,billy,2,,2020-2023.xlsx,753
755,2020-1127-00,IVL_2020_fall_regular,afu,mkk,xmm,kong,czai,1,1,2020-2023.xlsx,754
756,2020-1127-00,IVL_2020_fall_regular,ppx,yjj,sxy,tea,billy,2,,2020-2023.xlsx,755
757,2020-1127-00,IVL_2020_fall_regular,afu,mkk,xmm,kong,czai,2,,2020-2023.xlsx,756
758,2020-1127-00,IVL_2020_fall_regular,ppx,yjj,sxy,sxy,billy,3,0,2020-2023.xlsx,757
759,2020-1127-00,IVL_2020_fall_regular,d,iron,mk,long,ak,3,0,2020-2023.xlsx,758
760,2020-1127-00,IVL_2020_fall_regular,ken,blue,huiyi,add,tang,2,,2020-2023.xlsx,759
761,2020-1127-00,IVL_2020_fall_regular,d,iron,mk,long,ak,2,,2020-2023.xlsx,760
762,2020-1127-00,IVL_2020_fall_regular,ken,add,huiyi,blue,tang,3,0,2020-2023.xlsx,761
763,2020-1127-00,IVL_2020_fall_regular,ken,add,huiyi,blue,tang,0,1,2020-2023.xlsx,762
764,2020-1127-00,IVL_2020_fall_regular,d,iron,mk,long,ak,2,,2020-2023.xlsx,763
765,2020-1127-00,IVL_2020_fall_regular,xc,zyj,22,xm,gin,0,1,2020-2023.xlsx,764
766,2020-1127-00,IVL_2020_fall_regular,dongx,jmt,qingc,xiaod,weirdo,0,1,2020-2023.xlsx,765
767,2020-1127-00,IVL_2020_fall_regular,xc,zyj,22,xm,jx,0,1,2020-2023.xlsx,766
768,2020-1127-00,IVL_2020_fall_regular,dongx,jmt,qingc,xiaod,weirdo,0,1,2020-2023.xlsx,767
769,2020-1127-00,IVL_2020_fall_regular,xc,zyj,xm,jx,gin,3,0,2020-2023.xlsx,768
770,2020-1127-00,IVL_2020_fall_regular,dongx,jmt,qingc,xiaod,weirdo,0,1,2020-2023.xlsx,769
771,2020-1128-00,IVL_2020_fall_regular,yue,iron,ak,long,mk,3,0,2020-2023.xlsx,770
772,2020-1128-00,IVL_2020_fall_regular,ken,zibi,sans,zafkiel,ming,3,0,2020-2023.xlsx,771
773,2020-1128-00,IVL_2020_fall_regular,yue,iron,ak,long,mk,3,0,2020-2023.xlsx,772
774,2020-1128-00,IVL_2020_fall_regular,ken,zibi,sans,zafkiel,ming,3,0,2020-2023.xlsx,773
775,2020-1128-00,IVL_2020_fall_regular,ken,zibi,sans,zafkiel,ming,3,0,2020-2023.xlsx,774
776,2020-1128-00,IVL_2020_fall_regular,yue,iron,ak,long,mk,1,1,2020-2023.xlsx,775
777,2020-1128-00,IVL_2020_fall_regular,thirteen,kucao,zzai,zb,445,3,0,2020-2023.xlsx,776
778,2020-1128-00,IVL_2020_fall_regular,ppxia,lion,487,jelly,huan,0,1,2020-2023.xlsx,777
779,2020-1128-00,IVL_2020_fall_regular,ppxia,lion,487,jelly,huan,0,1,2020-2023.xlsx,778
780,2020-1128-00,IVL_2020_fall_regular,jue,445,zb,kucao,zzai,2,,2020-2023.xlsx,779
781,2020-1128-00,IVL_2020_fall_regular,xc,567,mkk,xmm,czai,3,0,2020-2023.xlsx,780
782,2020-1128-00,IVL_2020_fall_regular,ppx,jmt,qingc,xiaod,weirdo,3,0,2020-2023.xlsx,781
783,2020-1128-00,IVL_2020_fall_regular,ppx,jmt,qingc,xiaod,weirdo,1,1,2020-2023.xlsx,782
784,2020-1128-00,IVL_2020_fall_regular,xc,mkk,xmm,kong,czai,2,,2020-2023.xlsx,783
785,2020-1128-00,IVL_2020_fall_regular,xc,mkk,xmm,kong,czai,3,0,2020-2023.xlsx,784
786,2020-1128-00,IVL_2020_fall_regular,ppx,jmt,qingc,xiaod,weirdo,2,,2020-2023.xlsx,785
787,2020-1129-00,IVL_2020_fall_regular,yue,jiaxin,youzi,chuc,bobo,3,0,2020-2023.xlsx,786
788,2020-1129-00,IVL_2020_fall_regular,tx,zibi,sans,zafkiel,ming,3,0,2020-2023.xlsx,787
789,2020-1129-00,IVL_2020_fall_regular,tx,zibi,sans,zafkiel,ming,2,,2020-2023.xlsx,788
790,2020-1129-00,IVL_2020_fall_regular,yue,jiaxin,youzi,chuc,bobo,3,0,2020-2023.xlsx,789
791,2020-1129-00,IVL_2020_fall_regular,tx,zibi,sans,zafkiel,ming,1,1,2020-2023.xlsx,790
792,2020-1129-00,IVL_2020_fall_regular,yue,jiaxin,youzi,chuc,bobo,3,0,2020-2023.xlsx,791
793,2020-1129-00,IVL_2020_fall_regular,afu,blue,huiyi,add,tang,2,,2020-2023.xlsx,792
794,2020-1129-00,IVL_2020_fall_regular,d,yjj,sxy,tea,billy,2,,2020-2023.xlsx,793
795,2020-1129-00,IVL_2020_fall_regular,d,yjj,sxy,tea,billy,2,,2020-2023.xlsx,794
796,2020-1129-00,IVL_2020_fall_regular,afu,blue,huiyi,add,tang,3,0,2020-2023.xlsx,795
797,2020-1129-00,IVL_2020_fall_regular,afu,blue,huiyi,add,tang,3,0,2020-2023.xlsx,796
798,2020-1129-00,IVL_2020_fall_regular,d,yjj,sxy,tea,billy,0,1,2020-2023.xlsx,797
799,2020-1129-00,IVL_2020_fall_regular,xrr,zyj,22,xm,gin,0,1,2020-2023.xlsx,798
800,2020-1129-00,IVL_2020_fall_regular,dongx,jelly,lion,487,huan,2,,2020-2023.xlsx,799
801,2020-1129-00,IVL_2020_fall_regular,jue,zyj,22,xm,jx,1,1,2020-2023.xlsx,800
802,2020-1129-00,IVL_2020_fall_regular,dongx,jelly,lion,487,huan,3,0,2020-2023.xlsx,801
803,2020-1204-00,IVL_2020_fall_regular,tx,blue,huiyi,add,tang,3,0,2020-2023.xlsx,802
804,2020-1204-00,IVL_2020_fall_regular,d,jiaxin,bobo,youzi,chuc,2,,2020-2023.xlsx,803
805,2020-1204-00,IVL_2020_fall_regular,tx,blue,huiyi,add,tang,2,,2020-2023.xlsx,804
806,2020-1204-00,IVL_2020_fall_regular,d,jiaxin,bobo,youzi,chuc,3,0,2020-2023.xlsx,805
807,2020-1204-00,IVL_2020_fall_regular,tx,blue,huiyi,add,tang,2,,2020-2023.xlsx,806
808,2020-1204-00,IVL_2020_fall_regular,d,jiaxin,bobo,youzi,chuc,0,1,2020-2023.xlsx,807
809,2020-1204-00,IVL_2020_fall_regular,afu,lion,487,jelly,huan,2,,2020-2023.xlsx,808
810,2020-1204-00,IVL_2020_fall_regular,xrr,yjj,sxy,tea,billy,0,1,2020-2023.xlsx,809
811,2020-1204-00,IVL_2020_fall_regular,jue,yjj,sxy,tea,billy,3,0,2020-2023.xlsx,810
812,2020-1204-00,IVL_2020_fall_regular,afu,lion,487,jelly,huan,0,1,2020-2023.xlsx,811
813,2020-1204-00,IVL_2020_fall_regular,jue,yjj,sxy,tea,billy,3,0,2020-2023.xlsx,812
814,2020-1204-00,IVL_2020_fall_regular,afu,lion,487,jelly,huan,2,,2020-2023.xlsx,813
815,2020-1204-00,IVL_2020_fall_regular,yue,zibi,sans,zafkiel,ming,2,,2020-2023.xlsx,814
816,2020-1204-00,IVL_2020_fall_regular,ppx,567,mkk,xmm,czai,3,0,2020-2023.xlsx,815
817,2020-1204-00,IVL_2020_fall_regular,yue,zibi,sans,zafkiel,ming,3,0,2020-2023.xlsx,816
818,2020-1204-00,IVL_2020_fall_regular,ppx,mkk,xmm,kong,czai,2,,2020-2023.xlsx,817
819,2020-1204-00,IVL_2020_fall_regular,yue,zibi,sans,zafkiel,ming,3,0,2020-2023.xlsx,818
820,2020-1204-00,IVL_2020_fall_regular,ppx,mkk,xmm,kong,czai,1,1,2020-2023.xlsx,819
821,2020-1205-00,IVL_2020_fall_regular,afu,billy,sxy,yjj,tea,3,0,2020-2023.xlsx,820
822,2020-1205-00,IVL_2020_fall_regular,d,blue,tang,huiyi,add,0,1,2020-2023.xlsx,821
823,2020-1205-00,IVL_2020_fall_regular,d,blue,tang,huiyi,add,0,1,2020-2023.xlsx,822
824,2020-1205-00,IVL_2020_fall_regular,afu,billy,sxy,yjj,tea,2,,2020-2023.xlsx,823
825,2020-1205-00,IVL_2020_fall_regular,xrr,zyj,22,xm,ww,2,,2020-2023.xlsx,824
826,2020-1205-00,IVL_2020_fall_regular,dongx,jelly,lion,487,huan,0,1,2020-2023.xlsx,825
827,2020-1205-00,IVL_2020_fall_regular,jue,zyj,22,xm,ww,2,,2020-2023.xlsx,826
828,2020-1205-00,IVL_2020_fall_regular,dongx,lion,huan,487,jelly,0,1,2020-2023.xlsx,827
829,2020-1205-00,IVL_2020_fall_regular,tx,445,zb,zzai,kucao,3,0,2020-2023.xlsx,828
830,2020-1205-00,IVL_2020_fall_regular,ppxia,bobo,chuc,youzi,jiaxin,2,,2020-2023.xlsx,829
831,2020-1205-00,IVL_2020_fall_regular,tx,445,zb,zzai,kucao,3,0,2020-2023.xlsx,830
832,2020-1205-00,IVL_2020_fall_regular,ppxia,bobo,chuc,youzi,jiaxin,0,1,2020-2023.xlsx,831
833,2020-1206-00,IVL_2020_fall_regular,ppx,jmt,qingc,weirdo,xiaod,2,,2020-2023.xlsx,832
834,2020-1206-00,IVL_2020_fall_regular,xc,mkk,567,xmm,czai,0,1,2020-2023.xlsx,833
835,2020-1206-00,IVL_2020_fall_regular,ppx,jmt,qingc,weirdo,xiaod,2,,2020-2023.xlsx,834
836,2020-1206-00,IVL_2020_fall_regular,xc,mkk,xmm,kong,czai,1,1,2020-2023.xlsx,835
837,2020-1206-00,IVL_2020_fall_regular,yue,iron,mk,long,ak,4,0,2020-2023.xlsx,836
838,2020-1206-00,IVL_2020_fall_regular,ymm,zibi,sans,zafkiel,ming,1,1,2020-2023.xlsx,837
839,2020-1206-00,IVL_2020_fall_regular,ymm,zibi,sans,zafkiel,ming,2,,2020-2023.xlsx,838
840,2020-1206-00,IVL_2020_fall_regular,yue,iron,mk,long,ak,2,,2020-2023.xlsx,839
841,2020-1206-00,IVL_2020_fall_regular,ken,zibi,sans,zafkiel,ming,0,1,2020-2023.xlsx,840
842,2020-1206-00,IVL_2020_fall_regular,yue,iron,mk,long,ak,2,,2020-2023.xlsx,841
843,2020-1206-00,IVL_2020_fall_regular,dongx,445,zb,kucao,zzai,3,0,2020-2023.xlsx,842
844,2020-1206-00,IVL_2020_fall_regular,ppxia,zyj,xm,22,ww,2,,2020-2023.xlsx,843
845,2020-1206-00,IVL_2020_fall_regular,dongx,445,zb,kucao,zzai,0,1,2020-2023.xlsx,844
846,2020-1206-00,IVL_2020_fall_regular,ppxia,zyj,xm,22,ww,2,,2020-2023.xlsx,845
847,2020-1206-00,IVL_2020_fall_regular,dongx,445,zb,kucao,zzai,2,,2020-2023.xlsx,846
848,2020-1206-00,IVL_2020_fall_regular,ppxia,zyj,xm,ww,jx,0,1,2020-2023.xlsx,847
849,2020-1209-00,IVL_2020_fall_regular,afu,zibi,sans,zafkiel,ming,3,0,2020-2023.xlsx,848
850,2020-1209-00,IVL_2020_fall_regular,yue,yjj,sxy,tea,billy,0,1,2020-2023.xlsx,849
851,2020-1209-00,IVL_2020_fall_regular,yue,yjj,sxy,tea,billy,1,1,2020-2023.xlsx,850
852,2020-1209-00,IVL_2020_fall_regular,afu,zibi,sans,zafkiel,ming,2,,2020-2023.xlsx,851
853,2020-1209-00,IVL_2020_fall_regular,xc,jiaxin,youzi,chuc,bobo,0,1,2020-2023.xlsx,852
854,2020-1209-00,IVL_2020_fall_regular,tx,jmt,qingc,xiaod,weirdo,3,0,2020-2023.xlsx,853
855,2020-1209-00,IVL_2020_fall_regular,xc,jiaxin,bobo,youzi,chuc,0,1,2020-2023.xlsx,854
856,2020-1209-00,IVL_2020_fall_regular,tx,jmt,qingc,weirdo,xiaod,1,1,2020-2023.xlsx,855
857,2020-1209-00,IVL_2020_fall_regular,ppxia,mkk,kong,xmm,czai,1,1,2020-2023.xlsx,856
858,2020-1209-00,IVL_2020_fall_regular,ppx,445,zb,kucao,zzai,2,,2020-2023.xlsx,857
859,2020-1209-00,IVL_2020_fall_regular,ppx,445,zb,kucao,zzai,0,1,2020-2023.xlsx,858
860,2020-1209-00,IVL_2020_fall_regular,ppxia,mkk,567,xmm,czai,2,,2020-2023.xlsx,859
861,2020-1209-00,IVL_2020_fall_regular,ppxia,mkk,xmm,kong,czai,2,,2020-2023.xlsx,860
862,2020-1209-00,IVL_2020_fall_regular,ppx,445,zb,kucao,zzai,2,,2020-2023.xlsx,861
863,2020-1210-00,IVL_2020_fall_regular,xrr,jiaxin,bobo,youzi,chuc,2,,2020-2023.xlsx,862
864,2020-1210-00,IVL_2020_fall_regular,yan,lion,487,jelly,huan,3,0,2020-2023.xlsx,863
865,2020-1210-00,IVL_2020_fall_regular,jue,jiaxin,bobo,youzi,chuc,4,0,2020-2023.xlsx,864
866,2020-1210-00,IVL_2020_fall_regular,tx,lion,487,jelly,huan,2,,2020-2023.xlsx,865
867,2020-1210-00,IVL_2020_fall_regular,jue,jiaxin,bobo,youzi,chuc,3,0,2020-2023.xlsx,866
868,2020-1210-00,IVL_2020_fall_regular,tx,lion,487,jelly,huan,4,0,2020-2023.xlsx,867
869,2020-1210-00,IVL_2020_fall_regular,dongx,blue,add,tang,huiyi,3,0,2020-2023.xlsx,868
870,2020-1210-00,IVL_2020_fall_regular,d,xm,ww,upxi,zyj,0,1,2020-2023.xlsx,869
871,2020-1210-00,IVL_2020_fall_regular,d,xm,ww,upxi,zyj,2,,2020-2023.xlsx,870
872,2020-1210-00,IVL_2020_fall_regular,dongx,blue,add,tang,huiyi,3,0,2020-2023.xlsx,871
873,2020-1210-00,IVL_2020_fall_regular,ppx,iron,mk,long,ak,3,0,2020-2023.xlsx,872
874,2020-1210-00,IVL_2020_fall_regular,ken,mkk,567,xmm,czai,0,1,2020-2023.xlsx,873
875,2020-1210-00,IVL_2020_fall_regular,ppx,iron,mk,long,ak,3,0,2020-2023.xlsx,874
876,2020-1210-00,IVL_2020_fall_regular,ymm,mkk,xmm,kong,czai,4,0,2020-2023.xlsx,875
877,2020-1210-00,IVL_2020_fall_regular,ken,mkk,xmm,kong,czai,0,1,2020-2023.xlsx,876
878,2020-1210-00,IVL_2020_fall_regular,ppx,iron,mk,long,ak,2,,2020-2023.xlsx,877
879,2020-1211-00,IVL_2020_fall_regular,afu,445,zb,kucao,zzai,2,,2020-2023.xlsx,878
880,2020-1211-00,IVL_2020_fall_regular,ppxia,yjj,sxy,tea,billy,0,1,2020-2023.xlsx,879
881,2020-1211-00,IVL_2020_fall_regular,afu,445,zb,kucao,zzai,0,1,2020-2023.xlsx,880
882,2020-1211-00,IVL_2020_fall_regular,xawm,yjj,sxy,tea,billy,2,,2020-2023.xlsx,881
883,2020-1211-00,IVL_2020_fall_regular,ppxia,yjj,sxy,tea,billy,2,,2020-2023.xlsx,882
884,2020-1211-00,IVL_2020_fall_regular,afu,445,zb,kucao,zzai,0,1,2020-2023.xlsx,883
885,2020-1211-00,IVL_2020_fall_regular,ymm,lion,487,jelly,huan,2,,2020-2023.xlsx,884
886,2020-1211-00,IVL_2020_fall_regular,xrr,iron,mk,long,ak,1,1,2020-2023.xlsx,885
887,2020-1211-00,IVL_2020_fall_regular,jue,iron,mk,long,ak,4,0,2020-2023.xlsx,886
888,2020-1211-00,IVL_2020_fall_regular,ken,lion,487,jelly,huan,3,0,2020-2023.xlsx,887
889,2020-1211-00,IVL_2020_fall_regular,jue,iron,mk,long,ak,3,0,2020-2023.xlsx,888
890,2020-1211-00,IVL_2020_fall_regular,ken,lion,487,jelly,huan,3,0,2020-2023.xlsx,889
891,2020-1211-00,IVL_2020_fall_regular,xc,zibi,sans,zafkiel,ming,2,,2020-2023.xlsx,890
892,2020-1211-00,IVL_2020_fall_regular,yue,jmt,qingc,weirdo,xiaod,0,1,2020-2023.xlsx,891
893,2020-1211-00,IVL_2020_fall_regular,xc,zibi,sans,zafkiel,ming,3,0,2020-2023.xlsx,892
894,2020-1211-00,IVL_2020_fall_regular,yue,jmt,qingc,weirdo,xiaod,3,0,2020-2023.xlsx,893
895,2020-1211-00,IVL_2020_fall_regular,yue,jmt,qingc,weirdo,xiaod,2,,2020-2023.xlsx,894
896,2020-1211-00,IVL_2020_fall_regular,xc,zibi,sans,zafkiel,ming,2,,2020-2023.xlsx,895
897,2020-1212-00,IVL_2020_fall_regular,tx,billy,sxy,yjj,tea,3,0,2020-2023.xlsx,896
898,2020-1212-00,IVL_2020_fall_regular,afu,jiaxin,youzi,chuc,bobo,3,0,2020-2023.xlsx,897
899,2020-1212-00,IVL_2020_fall_regular,tx,billy,sxy,yjj,tea,2,,2020-2023.xlsx,898
900,2020-1212-00,IVL_2020_fall_regular,afu,jiaxin,youzi,chuc,bobo,2,,2020-2023.xlsx,899
901,2020-1212-00,IVL_2020_fall_regular,afu,jiaxin,youzi,chuc,bobo,1,1,2020-2023.xlsx,900
902,2020-1212-00,IVL_2020_fall_regular,tx,billy,sxy,yjj,tea,3,0,2020-2023.xlsx,901
903,2020-1212-00,IVL_2020_fall_regular,yue,fox,zibi,zafkiel,ming,2,,2020-2023.xlsx,902
904,2020-1212-00,IVL_2020_fall_regular,d,blue,tang,huiyi,add,0,1,2020-2023.xlsx,903
905,2020-1212-00,IVL_2020_fall_regular,yue,fox,zibi,zafkiel,ming,3,0,2020-2023.xlsx,904
906,2020-1212-00,IVL_2020_fall_regular,d,blue,tang,huiyi,add,3,0,2020-2023.xlsx,905
907,2020-1212-00,IVL_2020_fall_regular,yue,fox,zibi,zafkiel,ming,3,0,2020-2023.xlsx,906
908,2020-1212-00,IVL_2020_fall_regular,d,blue,tang,huiyi,add,2,,2020-2023.xlsx,907
909,2020-1212-00,IVL_2020_fall_regular,ppx,xm,shaotian,upxi,zyj,0,1,2020-2023.xlsx,908
910,2020-1212-00,IVL_2020_fall_regular,dongx,567,xmm,mkk,czai,1,1,2020-2023.xlsx,909
911,2020-1212-00,IVL_2020_fall_regular,ppx,xm,shaotian,upxi,zyj,0,1,2020-2023.xlsx,910
912,2020-1212-00,IVL_2020_fall_regular,dongx,kong,xmm,mkk,czai,4,0,2020-2023.xlsx,911
913,2020-1213-00,IVL_2020_fall_regular,xc,lion,487,jelly,huan,2,,2020-2023.xlsx,912
914,2020-1213-00,IVL_2020_fall_regular,xrr,jmt,qingc,weirdo,xiaod,2,,2020-2023.xlsx,913
915,2020-1213-00,IVL_2020_fall_regular,xc,lion,487,jelly,huan,0,1,2020-2023.xlsx,914
916,2020-1213-00,IVL_2020_fall_regular,xrr,jmt,qingc,weirdo,xiaod,4,0,2020-2023.xlsx,915
917,2020-1213-00,IVL_2020_fall_regular,jue,jmt,qingc,weirdo,xiaod,0,1,2020-2023.xlsx,916
918,2020-1213-00,IVL_2020_fall_regular,xc,lion,487,jelly,huan,1,1,2020-2023.xlsx,917
919,2020-1213-00,IVL_2020_fall_regular,ymm,zyj,xm,shaotian,upxi,2,,2020-2023.xlsx,918
920,2020-1213-00,IVL_2020_fall_regular,dongx,iron,mk,long,ak,0,1,2020-2023.xlsx,919
921,2020-1213-00,IVL_2020_fall_regular,ken,zyj,xm,shaotian,upxi,0,1,2020-2023.xlsx,920
922,2020-1213-00,IVL_2020_fall_regular,dongx,iron,mk,long,ak,3,0,2020-2023.xlsx,921
923,2020-1213-00,IVL_2020_fall_regular,ken,zyj,xm,shaotian,upxi,1,1,2020-2023.xlsx,922
924,2020-1213-00,IVL_2020_fall_regular,dongx,iron,mk,long,ak,3,0,2020-2023.xlsx,923
925,2020-1213-00,IVL_2020_fall_regular,d,445,zb,kucao,zzai,0,1,2020-2023.xlsx,924
926,2020-1213-00,IVL_2020_fall_regular,ppxia,blue,tang,huiyi,add,4,0,2020-2023.xlsx,925
927,2020-1213-00,IVL_2020_fall_regular,ppxia,blue,tang,huiyi,add,3,0,2020-2023.xlsx,926
928,2020-1213-00,IVL_2020_fall_regular,d,445,zb,kucao,zzai,3,0,2020-2023.xlsx,927
929,2020-1213-00,IVL_2020_fall_regular,ppxia,blue,tang,huiyi,add,3,0,2020-2023.xlsx,928
930,2020-1213-00,IVL_2020_fall_regular,d,445,zb,kucao,zzai,3,0,2020-2023.xlsx,929
931,2020-1217-00,IVL_2020_fall_regular,jue,blue,tang,huiyi,add,3,0,2020-2023.xlsx,930
932,2020-1217-00,IVL_2020_fall_regular,sese,lion,487,jelly,huan,3,0,2020-2023.xlsx,931
933,2020-1217-00,IVL_2020_fall_regular,d,lion,487,jelly,huan,3,0,2020-2023.xlsx,932
934,2020-1217-00,IVL_2020_fall_regular,jue,blue,tang,huiyi,add,2,,2020-2023.xlsx,933
935,2020-1217-00,IVL_2020_fall_regular,jue,blue,tang,huiyi,add,4,0,2020-2023.xlsx,934
936,2020-1217-00,IVL_2020_fall_regular,d,lion,487,jelly,huan,2,,2020-2023.xlsx,935
937,2020-1217-00,IVL_2020_fall_regular,ppx,zibi,sans,zafkiel,ming,2,,2020-2023.xlsx,936
938,2020-1217-00,IVL_2020_fall_regular,yue,mkk,567,xmm,czai,3,0,2020-2023.xlsx,937
939,2020-1217-00,IVL_2020_fall_regular,yue,mkk,kong,xmm,czai,3,0,2020-2023.xlsx,938
940,2020-1217-00,IVL_2020_fall_regular,ppx,zibi,sans,zafkiel,ming,1,1,2020-2023.xlsx,939
941,2020-1217-00,IVL_2020_fall_regular,ymm,jmt,qingc,weirdo,xiaod,2,,2020-2023.xlsx,940
942,2020-1217-00,IVL_2020_fall_regular,xc,iron,mk,long,ak,3,0,2020-2023.xlsx,941
943,2020-1217-00,IVL_2020_fall_regular,ken,jmt,qingc,weirdo,xiaod,2,,2020-2023.xlsx,942
944,2020-1217-00,IVL_2020_fall_regular,xc,iron,mk,long,ak,3,0,2020-2023.xlsx,943
945,2020-1218-00,IVL_2020_fall_regular,afu,jmt,qingc,weirdo,xiaod,0,1,2020-2023.xlsx,944
946,2020-1218-00,IVL_2020_fall_regular,xc,yjj,sxy,tea,billy,3,0,2020-2023.xlsx,945
947,2020-1218-00,IVL_2020_fall_regular,afu,jmt,qingc,weirdo,xiaod,2,,2020-2023.xlsx,946
948,2020-1218-00,IVL_2020_fall_regular,xc,yjj,sxy,tea,billy,4,0,2020-2023.xlsx,947
949,2020-1218-00,IVL_2020_fall_regular,ppx,jiaxin,bobo,youzi,chuc,2,,2020-2023.xlsx,948
950,2020-1218-00,IVL_2020_fall_regular,tx,mkk,567,xmm,czai,0,1,2020-2023.xlsx,949
951,2020-1218-00,IVL_2020_fall_regular,ppx,jiaxin,bobo,youzi,chuc,2,,2020-2023.xlsx,950
952,2020-1218-00,IVL_2020_fall_regular,tx,mkk,567,xmm,czai,2,,2020-2023.xlsx,951
953,2020-1218-00,IVL_2020_fall_regular,ppx,jiaxin,bobo,youzi,chuc,1,1,2020-2023.xlsx,952
954,2020-1218-00,IVL_2020_fall_regular,tx,mkk,kong,xmm,czai,2,,2020-2023.xlsx,953
955,2020-1218-00,IVL_2020_fall_regular,yue,zyj,xm,shaotian,ww,2,,2020-2023.xlsx,954
956,2020-1218-00,IVL_2020_fall_regular,dongx,zibi,sans,zafkiel,ming,0,1,2020-2023.xlsx,955
957,2020-1218-00,IVL_2020_fall_regular,yue,zyj,xm,22,ww,2,,2020-2023.xlsx,956
958,2020-1218-00,IVL_2020_fall_regular,dongx,zibi,sans,zafkiel,ming,2,,2020-2023.xlsx,957
959,2020-1218-00,IVL_2020_fall_regular,yue,zyj,xm,shaotian,ww,2,,2020-2023.xlsx,958
960,2020-1218-00,IVL_2020_fall_regular,dongx,zibi,sans,zafkiel,ming,3,0,2020-2023.xlsx,959
961,2020-1219-00,IVL_2020_fall_regular,xrr,yjj,sxy,tea,billy,2,,2020-2023.xlsx,960
962,2020-1219-00,IVL_2020_fall_regular,afu,lion,487,jelly,huan,3,0,2020-2023.xlsx,961
963,2020-1219-00,IVL_2020_fall_regular,jue,yjj,sxy,tea,billy,3,0,2020-2023.xlsx,962
964,2020-1219-00,IVL_2020_fall_regular,afu,lion,487,jelly,huan,2,,2020-2023.xlsx,963
965,2020-1219-00,IVL_2020_fall_regular,jue,yjj,sxy,tea,billy,3,0,2020-2023.xlsx,964
966,2020-1219-00,IVL_2020_fall_regular,afu,lion,487,jelly,huan,3,0,2020-2023.xlsx,965
967,2020-1219-00,IVL_2020_fall_regular,afu,lion,487,jelly,huan,2,,2020-2023.xlsx,966
968,2020-1219-00,IVL_2020_fall_regular,jue,yjj,sxy,tea,billy,3,0,2020-2023.xlsx,967
969,2020-1219-00,IVL_2020_fall_regular,tx,blue,huiyi,add,tang,2,,2020-2023.xlsx,968
970,2020-1219-00,IVL_2020_fall_regular,sese,jiaxin,youzi,chuc,bobo,2,,2020-2023.xlsx,969
971,2020-1219-00,IVL_2020_fall_regular,d,jiaxin,youzi,chuc,bobo,0,1,2020-2023.xlsx,970
972,2020-1219-00,IVL_2020_fall_regular,tx,blue,huiyi,add,tang,2,,2020-2023.xlsx,971
973,2020-1219-00,IVL_2020_fall_regular,d,jiaxin,bobo,youzi,chuc,3,0,2020-2023.xlsx,972
974,2020-1219-00,IVL_2020_fall_regular,tx,blue,huiyi,add,tang,3,0,2020-2023.xlsx,973
975,2020-1219-00,IVL_2020_fall_regular,ppxia,iron,mk,long,ak,2,,2020-2023.xlsx,974
976,2020-1219-00,IVL_2020_fall_regular,ken,445,zb,kucao,zzai,2,,2020-2023.xlsx,975
977,2020-1219-00,IVL_2020_fall_regular,ken,445,zb,kucao,zzai,2,,2020-2023.xlsx,976
978,2020-1219-00,IVL_2020_fall_regular,xawm,iron,mk,long,ak,4,0,2020-2023.xlsx,977
979,2020-1219-00,IVL_2020_fall_regular,ppxia,iron,mk,long,ak,2,,2020-2023.xlsx,978
980,2020-1219-00,IVL_2020_fall_regular,ken,445,zb,kucao,zzai,2,,2020-2023.xlsx,979
981,2020-1220-00,IVL_2020_fall_regular,sese,jmt,qingc,weirdo,xiaod,3,0,2020-2023.xlsx,980
982,2020-1220-00,IVL_2020_fall_regular,xc,blue,huiyi,add,tang,3,0,2020-2023.xlsx,981
983,2020-1220-00,IVL_2020_fall_regular,xc,blue,huiyi,add,tang,3,0,2020-2023.xlsx,982
984,2020-1220-00,IVL_2020_fall_regular,d,qingc,xiaod,jmt,haiya,1,1,2020-2023.xlsx,983
985,2020-1220-00,IVL_2020_fall_regular,d,jmt,qingc,weirdo,xiaod,0,1,2020-2023.xlsx,984
986,2020-1220-00,IVL_2020_fall_regular,xc,blue,huiyi,add,tang,3,0,2020-2023.xlsx,985
987,2020-1220-00,IVL_2020_fall_regular,thirteen,mkk,567,xmm,czai,2,,2020-2023.xlsx,986
988,2020-1220-00,IVL_2020_fall_regular,ppx,lion,487,jelly,huan,3,0,2020-2023.xlsx,987
989,2020-1220-00,IVL_2020_fall_regular,thirteen,mkk,xmm,kong,czai,2,,2020-2023.xlsx,988
990,2020-1220-00,IVL_2020_fall_regular,ppx,lion,487,jelly,huan,1,1,2020-2023.xlsx,989
991,2020-1220-00,IVL_2020_fall_regular,thirteen,mkk,xmm,kong,czai,2,,2020-2023.xlsx,990
992,2020-1220-00,IVL_2020_fall_regular,ppx,lion,487,jelly,huan,3,0,2020-2023.xlsx,991
993,2020-1220-00,IVL_2020_fall_regular,yue,kucao,zzai,zb,445,3,0,2020-2023.xlsx,992
994,2020-1220-00,IVL_2020_fall_regular,ppxia,zibi,sans,zafkiel,ming,3,0,2020-2023.xlsx,993
995,2020-1220-00,IVL_2020_fall_regular,yue,kucao,zzai,zb,445,0,1,2020-2023.xlsx,994
996,2020-1220-00,IVL_2020_fall_regular,ppxia,zibi,sans,zafkiel,ming,2,,2020-2023.xlsx,995
997,2020-1220-00,IVL_2020_fall_regular,yue,kucao,zzai,zb,445,1,1,2020-2023.xlsx,996
998,2020-1220-00,IVL_2020_fall_regular,ppxia,zibi,sans,zafkiel,ming,0,1,2020-2023.xlsx,997
999,2020-1224-00,IVL_2020_fall_regular,yan,zyj,xm,shaotian,ww,2,,2020-2023.xlsx,998
1000,2020-1224-00,IVL_2020_fall_regular,dongx,jiaxin,bobo,youzi,chuc,2,,2020-2023.xlsx,999
1001,2020-1224-00,IVL_2020_fall_regular,yan,zyj,xm,shaotian,ww,1,1,2020-2023.xlsx,1000
1002,2020-1224-00,IVL_2020_fall_regular,dongx,jiaxin,bobo,youzi,chuc,0,1,2020-2023.xlsx,1001
1003,2020-1224-00,IVL_2020_fall_regular,tx,zyj,xm,shaotian,22,3,0,2020-2023.xlsx,1002
1004,2020-1224-00,IVL_2020_fall_regular,dongx,jiaxin,bobo,youzi,chuc,4,0,2020-2023.xlsx,1003
1005,2020-1224-00,IVL_2020_fall_regular,dongx,jiaxin,bobo,youzi,chuc,3,0,2020-2023.xlsx,1004
1006,2020-1224-00,IVL_2020_fall_regular,yan,zyj,xm,shaotian,22,2,,2020-2023.xlsx,1005
1007,2020-1224-00,IVL_2020_fall_regular,afu,iron,mk,long,ak,0,1,2020-2023.xlsx,1006
1008,2020-1224-00,IVL_2020_fall_regular,ymm,billy,sxy,yjj,tea,2,,2020-2023.xlsx,1007
1009,2020-1224-00,IVL_2020_fall_regular,afu,iron,mk,long,ak,3,0,2020-2023.xlsx,1008
1010,2020-1224-00,IVL_2020_fall_regular,ken,billy,sxy,yjj,tea,0,1,2020-2023.xlsx,1009
1011,2020-1224-00,IVL_2020_fall_regular,afu,iron,mk,long,ak,3,0,2020-2023.xlsx,1010
1012,2020-1224-00,IVL_2020_fall_regular,ken,billy,sxy,yjj,tea,0,1,2020-2023.xlsx,1011
1013,2020-1224-00,IVL_2020_fall_regular,xrr,445,zb,kucao,zzai,2,,2020-2023.xlsx,1012
1014,2020-1224-00,IVL_2020_fall_regular,ppxia,lion,487,jelly,huan,3,0,2020-2023.xlsx,1013
1015,2020-1224-00,IVL_2020_fall_regular,thirteen,445,zb,kucao,zzai,2,,2020-2023.xlsx,1014
1016,2020-1224-00,IVL_2020_fall_regular,ppxia,lion,487,jelly,huan,3,0,2020-2023.xlsx,1015
1017,2020-1225-00,IVL_2020_fall_regular,d,iron,ak,long,mk,2,,2020-2023.xlsx,1016
1018,2020-1225-00,IVL_2020_fall_regular,ymm,blue,tang,huiyi,add,4,0,2020-2023.xlsx,1017
1019,2020-1225-00,IVL_2020_fall_regular,d,iron,ak,long,mk,3,0,2020-2023.xlsx,1018
1020,2020-1225-00,IVL_2020_fall_regular,ken,blue,tang,huiyi,add,1,1,2020-2023.xlsx,1019
1021,2020-1225-00,IVL_2020_fall_regular,d,iron,ak,long,mk,2,,2020-2023.xlsx,1020
1022,2020-1225-00,IVL_2020_fall_regular,ken,blue,tang,huiyi,add,1,1,2020-2023.xlsx,1021
1023,2020-1225-00,IVL_2020_fall_regular,xrr,zibi,sans,zafkiel,ming,3,0,2020-2023.xlsx,1022
1024,2020-1225-00,IVL_2020_fall_regular,yue,lion,487,jelly,huan,2,,2020-2023.xlsx,1023
1025,2020-1225-00,IVL_2020_fall_regular,thirteen,zibi,sans,zafkiel,ming,3,0,2020-2023.xlsx,1024
1026,2020-1225-00,IVL_2020_fall_regular,yue,lion,487,jelly,huan,3,0,2020-2023.xlsx,1025
1027,2020-1225-00,IVL_2020_fall_regular,yue,lion,487,jelly,huan,3,0,2020-2023.xlsx,1026
1028,2020-1225-00,IVL_2020_fall_regular,thirteen,zibi,sans,zafkiel,ming,3,0,2020-2023.xlsx,1027
1029,2020-1225-00,IVL_2020_fall_regular,ppx,yjj,sxy,tea,billy,3,0,2020-2023.xlsx,1028
1030,2020-1225-00,IVL_2020_fall_regular,afu,lpz,mkk,567,czai,3,0,2020-2023.xlsx,1029
1031,2020-1225-00,IVL_2020_fall_regular,ppx,yjj,sxy,tea,billy,2,,2020-2023.xlsx,1030
1032,2020-1225-00,IVL_2020_fall_regular,afu,lpz,mkk,567,czai,3,0,2020-2023.xlsx,1031
1033,2020-1225-00,IVL_2020_fall_regular,afu,lpz,mkk,kong,czai,1,1,2020-2023.xlsx,1032
1034,2020-1225-00,IVL_2020_fall_regular,ppx,yjj,sxy,tea,billy,3,0,2020-2023.xlsx,1033
1035,2020-1226-00,IVL_2020_fall_regular,ppx,blue,huiyi,add,tang,0,1,2020-2023.xlsx,1034
1036,2020-1226-00,IVL_2020_fall_regular,d,mkk,567,xmm,czai,3,0,2020-2023.xlsx,1035
1037,2020-1226-00,IVL_2020_fall_regular,sese,mkk,xmm,kong,czai,3,0,2020-2023.xlsx,1036
1038,2020-1226-00,IVL_2020_fall_regular,ppx,blue,huiyi,add,tang,2,,2020-2023.xlsx,1037
1039,2020-1226-00,IVL_2020_fall_regular,yan,zibi,sans,zafkiel,ming,3,0,2020-2023.xlsx,1038
1040,2020-1226-00,IVL_2020_fall_regular,yue,jiaxin,youzi,chuc,bobo,0,1,2020-2023.xlsx,1039
1041,2020-1226-00,IVL_2020_fall_regular,yan,zibi,sans,zafkiel,ming,3,0,2020-2023.xlsx,1040
1042,2020-1226-00,IVL_2020_fall_regular,yue,jiaxin,youzi,chuc,bobo,0,1,2020-2023.xlsx,1041
1043,2020-1226-00,IVL_2020_fall_regular,xc,xm,shaotian,ww,zyj,1,1,2020-2023.xlsx,1042
1044,2020-1226-00,IVL_2020_fall_regular,dongx,weirdo,qingc,xiaod,jmt,2,,2020-2023.xlsx,1043
1045,2020-1226-00,IVL_2020_fall_regular,xc,xm,shaotian,ww,zyj,4,0,2020-2023.xlsx,1044
1046,2020-1226-00,IVL_2020_fall_regular,dongx,weirdo,qingc,xiaod,jmt,3,0,2020-2023.xlsx,1045
1047,2020-1226-00,IVL_2020_fall_regular,xc,xm,shaotian,ww,zyj,2,,2020-2023.xlsx,1046
1048,2020-1226-00,IVL_2020_fall_regular,dongx,weirdo,qingc,xiaod,jmt,2,,2020-2023.xlsx,1047
1049,2020-1227-00,IVL_2020_fall_regular,yan,iron,mk,long,ak,3,0,2020-2023.xlsx,1048
1050,2020-1227-00,IVL_2020_fall_regular,ken,jiaxin,bobo,youzi,chuc,2,,2020-2023.xlsx,1049
1051,2020-1227-00,IVL_2020_fall_regular,yan,iron,mk,long,ak,3,0,2020-2023.xlsx,1050
1052,2020-1227-00,IVL_2020_fall_regular,ken,jiaxin,bobo,youzi,chuc,1,1,2020-2023.xlsx,1051
1053,2020-1227-00,IVL_2020_fall_regular,afu,zyj,xm,shaotian,ww,4,0,2020-2023.xlsx,1052
1054,2020-1227-00,IVL_2020_fall_regular,dongx,yjj,sxy,tea,billy,0,1,2020-2023.xlsx,1053
1055,2020-1227-00,IVL_2020_fall_regular,afu,zyj,xm,22,ww,2,,2020-2023.xlsx,1054
1056,2020-1227-00,IVL_2020_fall_regular,dongx,yjj,sxy,tea,billy,3,0,2020-2023.xlsx,1055
1057,2020-1227-00,IVL_2020_fall_regular,afu,zyj,xm,shaotian,ww,1,1,2020-2023.xlsx,1056
1058,2020-1227-00,IVL_2020_fall_regular,dongx,yjj,sxy,tea,billy,3,0,2020-2023.xlsx,1057
1059,2020-1227-00,IVL_2020_fall_regular,ppxia,jmt,qingc,xiaod,weirdo,2,,2020-2023.xlsx,1058
1060,2020-1227-00,IVL_2020_fall_regular,xc,kucao,zzai,zb,445,2,,2020-2023.xlsx,1059
1061,2020-1227-00,IVL_2020_fall_regular,xc,kucao,zzai,zb,445,2,,2020-2023.xlsx,1060
1062,2020-1227-00,IVL_2020_fall_regular,ppxia,jmt,qingc,xiaod,weirdo,3,0,2020-2023.xlsx,1061
1063,2020-1227-00,IVL_2020_fall_regular,ppxia,jmt,qingc,xiaod,weirdo,2,,2020-2023.xlsx,1062
1064,2020-1227-00,IVL_2020_fall_regular,xc,kucao,zzai,zb,445,1,1,2020-2023.xlsx,1063
1065,2020-108-00,IVL_2020_fall_playoffs,dongx,yjj,billy,tea,sxy,0,1,2020-2023.xlsx,1064
1066,2020-108-00,IVL_2020_fall_playoffs,afu,shaotian,zyj,xm,upxi,2,,2020-2023.xlsx,1065
1067,2020-108-00,IVL_2020_fall_playoffs,dongx,yjj,billy,tea,sxy,0,1,2020-2023.xlsx,1066
1068,2020-108-00,IVL_2020_fall_playoffs,afu,22,zyj,xm,upxi,2,,2020-2023.xlsx,1067
1069,2020-108-00,IVL_2020_fall_playoffs,afu,22,zyj,xm,upxi,0,1,2020-2023.xlsx,1068
1070,2020-108-00,IVL_2020_fall_playoffs,dongx,yjj,billy,tea,sxy,2,,2020-2023.xlsx,1069
1071,2020-108-00,IVL_2020_fall_playoffs,afu,22,zyj,xm,upxi,1,1,2020-2023.xlsx,1070
1072,2020-108-00,IVL_2020_fall_playoffs,dongx,yjj,billy,tea,sxy,3,0,2020-2023.xlsx,1071
1073,2020-108-00,IVL_2020_fall_playoffs,afu,shaotian,zyj,xm,upxi,0,1,2020-2023.xlsx,1072
1074,2020-108-00,IVL_2020_fall_playoffs,dongx,yjj,billy,tea,sxy,2,,2020-2023.xlsx,1073
1075,2020-108-00,IVL_2020_fall_playoffs,ppxia,blue,huiyi,add,tang,0,1,2020-2023.xlsx,1074
1076,2020-108-00,IVL_2020_fall_playoffs,d,445,zb,kucao,zzai,1,1,2020-2023.xlsx,1075
1077,2020-108-00,IVL_2020_fall_playoffs,ppxia,blue,huiyi,add,tang,3,0,2020-2023.xlsx,1076
1078,2020-108-00,IVL_2020_fall_playoffs,d,445,zb,kucao,zzai,1,1,2020-2023.xlsx,1077
1079,2020-108-00,IVL_2020_fall_playoffs,ppxia,blue,huiyi,add,tang,2,,2020-2023.xlsx,1078
1080,2020-108-00,IVL_2020_fall_playoffs,d,445,zb,kucao,zzai,2,,2020-2023.xlsx,1079
1081,2020-108-00,IVL_2020_fall_playoffs,ppxia,blue,huiyi,add,tang,2,,2020-2023.xlsx,1080
1082,2020-108-00,IVL_2020_fall_playoffs,d,445,zb,kucao,zzai,2,,2020-2023.xlsx,1081
1083,2020-108-00,IVL_2020_fall_playoffs,ppxia,blue,huiyi,add,tang,1,1,2020-2023.xlsx,1082
1084,2020-108-00,IVL_2020_fall_playoffs,d,445,zb,kucao,zzai,4,0,2020-2023.xlsx,1083
1085,2020-108-00,IVL_2020_fall_playoffs,ken,mkk,xmm,kong,czai,0,1,2020-2023.xlsx,1084
1086,2020-108-00,IVL_2020_fall_playoffs,ppx,iron,mk,long,ak,1,1,2020-2023.xlsx,1085
1087,2020-108-00,IVL_2020_fall_playoffs,ppx,iron,mk,long,ak,2,,2020-2023.xlsx,1086
1088,2020-108-00,IVL_2020_fall_playoffs,ken,mkk,xmm,kong,czai,2,,2020-2023.xlsx,1087
1089,2020-108-00,IVL_2020_fall_playoffs,ppx,iron,mk,long,ak,3,0,2020-2023.xlsx,1088
1090,2020-108-00,IVL_2020_fall_playoffs,ken,mkk,xmm,kong,czai,4,0,2020-2023.xlsx,1089
1091,2020-108-00,IVL_2020_fall_playoffs,ppx,iron,mk,long,ak,2,,2020-2023.xlsx,1090
1092,2020-108-00,IVL_2020_fall_playoffs,ken,mkk,xmm,kong,czai,3,0,2020-2023.xlsx,1091
1093,2020-108-00,IVL_2020_fall_playoffs,ppx,iron,mk,long,ak,3,0,2020-2023.xlsx,1092
1094,2020-108-00,IVL_2020_fall_playoffs,ken,mkk,xmm,kong,czai,0,1,2020-2023.xlsx,1093
1095,2020-109-00,IVL_2020_fall_playoffs,afu,mkk,567,xmm,czai,3,0,2020-2023.xlsx,1094
1096,2020-109-00,IVL_2020_fall_playoffs,ppx,yjj,sxy,tea,billy,3,0,2020-2023.xlsx,1095
1097,2020-109-00,IVL_2020_fall_playoffs,afu,mkk,xmm,kong,czai,1,1,2020-2023.xlsx,1096
1098,2020-109-00,IVL_2020_fall_playoffs,ppx,yjj,sxy,tea,billy,2,,2020-2023.xlsx,1097
1099,2020-109-00,IVL_2020_fall_playoffs,afu,mkk,xmm,kong,czai,2,,2020-2023.xlsx,1098
1100,2020-109-00,IVL_2020_fall_playoffs,ppx,yjj,sxy,tea,billy,2,,2020-2023.xlsx,1099
1101,2020-109-00,IVL_2020_fall_playoffs,ppx,yjj,sxy,tea,billy,2,,2020-2023.xlsx,1100
1102,2020-109-00,IVL_2020_fall_playoffs,afu,mkk,xmm,kong,czai,2,,2020-2023.xlsx,1101
1103,2020-109-00,IVL_2020_fall_playoffs,afu,mkk,xmm,kong,czai,0,1,2020-2023.xlsx,1102
1104,2020-109-00,IVL_2020_fall_playoffs,ppx,yjj,sxy,tea,billy,0,1,2020-2023.xlsx,1103
1105,2020-109-00,IVL_2020_fall_playoffs,ppxia,iron,long,mk,ak,2,,2020-2023.xlsx,1104
1106,2020-109-00,IVL_2020_fall_playoffs,ken,kucao,zzai,zb,445,1,1,2020-2023.xlsx,1105
1107,2020-109-00,IVL_2020_fall_playoffs,ppxia,iron,mk,long,ak,3,0,2020-2023.xlsx,1106
1108,2020-109-00,IVL_2020_fall_playoffs,ken,445,zb,kucao,zzai,2,,2020-2023.xlsx,1107
1109,2020-109-00,IVL_2020_fall_playoffs,ppxia,iron,mk,long,ak,2,,2020-2023.xlsx,1108
1110,2020-109-00,IVL_2020_fall_playoffs,ken,445,zb,kucao,zzai,3,0,2020-2023.xlsx,1109
1111,2020-109-00,IVL_2020_fall_playoffs,ppxia,iron,mk,long,ak,2,,2020-2023.xlsx,1110
1112,2020-109-00,IVL_2020_fall_playoffs,ken,445,zb,kucao,zzai,2,,2020-2023.xlsx,1111
1113,2020-109-00,IVL_2020_fall_playoffs,ppxia,iron,mk,long,ak,2,,2020-2023.xlsx,1112
1114,2020-109-00,IVL_2020_fall_playoffs,ken,kucao,zb,kucao,zzai,2,,2020-2023.xlsx,1113
1115,2020-109-00,IVL_2020_fall_playoffs,afu,blue,huiyi,tang,add,3,0,2020-2023.xlsx,1114
1116,2020-109-00,IVL_2020_fall_playoffs,d,yjj,sxy,tea,billy,1,1,2020-2023.xlsx,1115
1117,2020-109-00,IVL_2020_fall_playoffs,d,sxy,billy,yjj,tea,1,1,2020-2023.xlsx,1116
1118,2020-109-00,IVL_2020_fall_playoffs,afu,blue,huiyi,add,tang,1,1,2020-2023.xlsx,1117
1119,2020-109-00,IVL_2020_fall_playoffs,afu,blue,huiyi,add,tang,1,1,2020-2023.xlsx,1118
1120,2020-109-00,IVL_2020_fall_playoffs,d,yjj,sxy,tea,billy,0,1,2020-2023.xlsx,1119
1121,2020-109-00,IVL_2020_fall_playoffs,afu,blue,huiyi,add,tang,1,1,2020-2023.xlsx,1120
1122,2020-109-00,IVL_2020_fall_playoffs,d,yjj,sxy,tea,billy,3,0,2020-2023.xlsx,1121
1123,2020-109-00,IVL_2020_fall_playoffs,afu,blue,huiyi,add,tang,2,,2020-2023.xlsx,1122
1124,2020-109-00,IVL_2020_fall_playoffs,d,yjj,sxy,tea,billy,2,,2020-2023.xlsx,1123
1125,2020-110-00,IVL_2020_fall_playoffs,d,445,zb,kucao,zzai,2,,2020-2023.xlsx,1124
1126,2020-110-00,IVL_2020_fall_playoffs,ppxia,blue,huiyi,add,tang,2,,2020-2023.xlsx,1125
1127,2020-110-00,IVL_2020_fall_playoffs,ppxia,blue,huiyi,add,tang,3,0,2020-2023.xlsx,1126
1128,2020-110-00,IVL_2020_fall_playoffs,d,445,zb,kucao,zzai,0,1,2020-2023.xlsx,1127
1129,2020-110-00,IVL_2020_fall_playoffs,ppxia,blue,huiyi,add,tang,3,0,2020-2023.xlsx,1128
1130,2020-110-00,IVL_2020_fall_playoffs,d,445,zb,kucao,zzai,2,,2020-2023.xlsx,1129
1131,2020-110-00,IVL_2020_fall_playoffs,ppxia,blue,huiyi,add,tang,2,,2020-2023.xlsx,1130
1132,2020-110-00,IVL_2020_fall_playoffs,d,445,zb,kucao,zzai,2,,2020-2023.xlsx,1131
1133,2020-110-00,IVL_2020_fall_playoffs,d,iron,mk,long,ak,2,,2020-2023.xlsx,1132
1134,2020-110-00,IVL_2020_fall_playoffs,ken,blue,huiyi,add,tang,4,0,2020-2023.xlsx,1133
1135,2020-110-00,IVL_2020_fall_playoffs,ken,blue,huiyi,add,tang,2,,2020-2023.xlsx,1134
1136,2020-110-00,IVL_2020_fall_playoffs,d,iron,mk,long,ak,2,,2020-2023.xlsx,1135
1137,2020-110-00,IVL_2020_fall_playoffs,d,iron,mk,long,ak,3,0,2020-2023.xlsx,1136
1138,2020-110-00,IVL_2020_fall_playoffs,ken,blue,huiyi,add,tang,1,1,2020-2023.xlsx,1137
1139,2020-110-00,IVL_2020_fall_playoffs,ken,blue,huiyi,add,tang,1,1,2020-2023.xlsx,1138
1140,2020-110-00,IVL_2020_fall_playoffs,d,iron,mk,long,ak,3,0,2020-2023.xlsx,1139
1141,2020-110-00,IVL_2020_fall_playoffs,d,iron,mk,long,ak,3,0,2020-2023.xlsx,1140
1142,2020-110-00,IVL_2020_fall_playoffs,ken,blue,huiyi,add,tang,0,1,2020-2023.xlsx,1141
1143,2021-06-12,IVL_2021_summer_regular,ppxia,ak,mk,long,sans,0,1,2020-2023.xlsx,0
1144,2021-06-12,IVL_2021_summer_regular,afu,zzai,kucao,18,koko,2,,2020-2023.xlsx,1
1145,2021-06-12,IVL_2021_summer_regular,ken,zzai,kucao,18,koko,4,0,2020-2023.xlsx,2
1146,2021-06-12,IVL_2021_summer_regular,ppxia,ak,iron,long,mk,4,0,2020-2023.xlsx,3
1147,2021-06-12,IVL_2021_summer_regular,afu,zzai,kucao,18,koko,3,0,2020-2023.xlsx,4
1148,2021-06-12,IVL_2021_summer_regular,ppxia,ak,mk,long,iron,4,0,2020-2023.xlsx,5
1149,2021-06-12,IVL_2021_summer_regular,tx,heart,shadow,youzi,czai,3,0,2020-2023.xlsx,6
1150,2021-06-12,IVL_2021_summer_regular,ppx,jiaxin,loveleft,chuc,guag,2,,2020-2023.xlsx,7
1151,2021-06-12,IVL_2021_summer_regular,tx,heart,shadow,youzi,czai,2,,2020-2023.xlsx,8
1152,2021-06-12,IVL_2021_summer_regular,ppx,jiaxin,loveleft,chuc,guag,0,1,2020-2023.xlsx,9
1153,2021-06-12,IVL_2021_summer_regular,chz,lion,huan,487,jelly,3,0,2020-2023.xlsx,10
1154,2021-06-12,IVL_2021_summer_regular,alex,bmao,billy,tea,sxy,3,0,2020-2023.xlsx,11
1155,2021-06-12,IVL_2021_summer_regular,chz,lion,huan,487,jelly,3,0,2020-2023.xlsx,12
1156,2021-06-12,IVL_2021_summer_regular,alex,bmao,billy,tea,sxy,0,1,2020-2023.xlsx,13
1157,2021-06-12,IVL_2021_summer_regular,chz,lion,huan,487,jelly,4,0,2020-2023.xlsx,14
1158,2021-06-12,IVL_2021_summer_regular,alex,bmao,billy,tea,sxy,0,1,2020-2023.xlsx,15
1159,2021-06-13,IVL_2021_summer_regular,xc,heart,shadow,youzi,czai,3,0,2020-2023.xlsx,16
1160,2021-06-13,IVL_2021_summer_regular,ppx,weirdo,xiaod,nanako,qingc,0,1,2020-2023.xlsx,17
1161,2021-06-13,IVL_2021_summer_regular,ppx,weirdo,qingc,xiaod,nanako,2,,2020-2023.xlsx,18
1162,2021-06-13,IVL_2021_summer_regular,xc,czai,youzi,shadow,heart,3,0,2020-2023.xlsx,19
1163,2021-06-13,IVL_2021_summer_regular,yue,zyj,bobo,upxi,yihua,3,0,2020-2023.xlsx,20
1164,2021-06-13,IVL_2021_summer_regular,dongx,ming,fox,jmt,zibi,2,,2020-2023.xlsx,21
1165,2021-06-13,IVL_2021_summer_regular,yue,zyj,bobo,yihua,upxi,2,,2020-2023.xlsx,22
1166,2021-06-13,IVL_2021_summer_regular,dongx,fox,zibi,jmt,ming,2,,2020-2023.xlsx,23
1167,2021-06-13,IVL_2021_summer_regular,yue,bobo,upxi,yihua,zyj,2,,2020-2023.xlsx,24
1168,2021-06-13,IVL_2021_summer_regular,dongx,fox,zibi,jmt,ming,2,,2020-2023.xlsx,25
1169,2021-06-13,IVL_2021_summer_regular,ppxia,tang,huiyi,blue,maom,2,,2020-2023.xlsx,26
1170,2021-06-13,IVL_2021_summer_regular,ymm,kucao,koko,zzai,18,2,,2020-2023.xlsx,27
1171,2021-06-13,IVL_2021_summer_regular,xawm,tang,huiyi,blue,maom,3,0,2020-2023.xlsx,28
1172,2021-06-13,IVL_2021_summer_regular,d,zzai,18,kucao,koko,3,0,2020-2023.xlsx,29
1173,2021-06-13,IVL_2021_summer_regular,ppxia,blue,huiyi,maom,tang,0,1,2020-2023.xlsx,30
1174,2021-06-13,IVL_2021_summer_regular,ymm,zzai,18,kucao,koko,3,0,2020-2023.xlsx,31
1175,2021-06-14,IVL_2021_summer_regular,chz,fox,ming,jmt,zibi,0,1,2020-2023.xlsx,32
1176,2021-06-14,IVL_2021_summer_regular,yue,bmao,billy,tea,sxy,0,1,2020-2023.xlsx,33
1177,2021-06-14,IVL_2021_summer_regular,yue,tea,billy,sxy,bmao,4,0,2020-2023.xlsx,34
1178,2021-06-14,IVL_2021_summer_regular,chz,fox,ming,jmt,zibi,0,1,2020-2023.xlsx,35
1179,2021-06-14,IVL_2021_summer_regular,yue,billy,tea,bmao,sxy,2,,2020-2023.xlsx,36
1180,2021-06-14,IVL_2021_summer_regular,chz,fox,zibi,jmt,ming,3,0,2020-2023.xlsx,37
1181,2021-06-14,IVL_2021_summer_regular,xc,huan,487,lion,jelly,4,0,2020-2023.xlsx,38
1182,2021-06-14,IVL_2021_summer_regular,alex,weirdo,xiaod,nanako,qingc,3,0,2020-2023.xlsx,39
1183,2021-06-14,IVL_2021_summer_regular,xc,huan,jelly,lion,487,4,0,2020-2023.xlsx,40
1184,2021-06-14,IVL_2021_summer_regular,alex,weirdo,1k,xiaod,qingc,0,1,2020-2023.xlsx,41
1185,2021-06-14,IVL_2021_summer_regular,afu,zyj,bobo,yihua,upxi,3,0,2020-2023.xlsx,42
1186,2021-06-14,IVL_2021_summer_regular,dongx,ak,long,mk,iron,2,,2020-2023.xlsx,43
1187,2021-06-14,IVL_2021_summer_regular,afu,zyj,bobo,yihua,upxi,2,,2020-2023.xlsx,44
1188,2021-06-14,IVL_2021_summer_regular,dongx,ak,long,mk,iron,2,,2020-2023.xlsx,45
1189,2021-06-14,IVL_2021_summer_regular,afu,yihua,bobo,zyj,upxi,2,,2020-2023.xlsx,46
1190,2021-06-14,IVL_2021_summer_regular,dongx,sans,mk,long,iron,3,0,2020-2023.xlsx,47
1191,2021-06-14,IVL_2021_summer_regular,dongx,sans,long,mk,iron,3,0,2020-2023.xlsx,48
1192,2021-06-14,IVL_2021_summer_regular,afu,bobo,upxi,yihua,zyj,3,0,2020-2023.xlsx,49
1193,2021-06-18,IVL_2021_summer_regular,dongx,maom,huiyi,blue,tang,0,1,2020-2023.xlsx,50
1194,2021-06-18,IVL_2021_summer_regular,ymm,bobo,zyj,yihua,upxi,2,,2020-2023.xlsx,51
1195,2021-06-18,IVL_2021_summer_regular,d,bobo,upxi,yihua,zyj,3,0,2020-2023.xlsx,52
1196,2021-06-18,IVL_2021_summer_regular,dongx,tang,huiyi,blue,maom,2,,2020-2023.xlsx,53
1197,2021-06-18,IVL_2021_summer_regular,ppxia,zibi,ming,jmt,zafkiel,3,0,2020-2023.xlsx,54
1198,2021-06-18,IVL_2021_summer_regular,yue,18,koko,zzai,kucao,0,1,2020-2023.xlsx,55
1199,2021-06-18,IVL_2021_summer_regular,ppxia,jmt,zafkiel,zibi,ming,1,1,2020-2023.xlsx,56
1200,2021-06-18,IVL_2021_summer_regular,yue,18,koko,zzai,kucao,2,,2020-2023.xlsx,57
1201,2021-06-18,IVL_2021_summer_regular,ppxia,jmt,ming,zafkiel,zibi,2,,2020-2023.xlsx,58
1202,2021-06-18,IVL_2021_summer_regular,yue,zzai,18,kucao,koko,4,0,2020-2023.xlsx,59
1203,2021-06-18,IVL_2021_summer_regular,chz,ak,iron,mk,long,3,0,2020-2023.xlsx,60
1204,2021-06-18,IVL_2021_summer_regular,ken,tea,billy,yjj,sxy,1,1,2020-2023.xlsx,61
1205,2021-06-18,IVL_2021_summer_regular,ken,billy,tea,bmao,sxy,0,1,2020-2023.xlsx,62
1206,2021-06-18,IVL_2021_summer_regular,chz,iron,mk,long,ak,4,0,2020-2023.xlsx,63
1207,2021-06-19,IVL_2021_summer_regular,yan,487,jelly,huan,lion,4,0,2020-2023.xlsx,64
1208,2021-06-19,IVL_2021_summer_regular,alex,guag,loveleft,jiaxin,chuc,0,1,2020-2023.xlsx,65
1209,2021-06-19,IVL_2021_summer_regular,tx,jelly,lion,huan,487,4,0,2020-2023.xlsx,66
1210,2021-06-19,IVL_2021_summer_regular,alex,loveleft,jiaxin,chuc,guag,2,,2020-2023.xlsx,67
1211,2021-06-19,IVL_2021_summer_regular,xc,billy,tea,bmao,sxy,3,0,2020-2023.xlsx,68
1212,2021-06-19,IVL_2021_summer_regular,chz,weirdo,xiaod,nanako,qingc,3,0,2020-2023.xlsx,69
1213,2021-06-19,IVL_2021_summer_regular,kagome,tea,sxy,bmao,billy,3,0,2020-2023.xlsx,70
1214,2021-06-19,IVL_2021_summer_regular,chz,weirdo,xiaod,nanako,qingc,3,0,2020-2023.xlsx,71
1215,2021-06-19,IVL_2021_summer_regular,xc,billy,bmao,tea,sxy,4,0,2020-2023.xlsx,72
1216,2021-06-19,IVL_2021_summer_regular,chz,xiaod,qingc,nanako,1k,0,1,2020-2023.xlsx,73
1217,2021-06-19,IVL_2021_summer_regular,superrich,yihua,bobo,zyj,upxi,3,0,2020-2023.xlsx,74
1218,2021-06-19,IVL_2021_summer_regular,dongx,shadow,czai,heart,youzi,0,1,2020-2023.xlsx,75
1219,2021-06-19,IVL_2021_summer_regular,dongx,heart,youzi,shadow,czai,2,,2020-2023.xlsx,76
1220,2021-06-19,IVL_2021_summer_regular,ppx,zyj,bobo,yihua,upxi,2,,2020-2023.xlsx,77
1221,2021-06-19,IVL_2021_summer_regular,ppx,bobo,upxi,yihua,zyj,0,1,2020-2023.xlsx,78
1222,2021-06-19,IVL_2021_summer_regular,dongx,shadow,youzi,heart,czai,2,,2020-2023.xlsx,79
1223,2021-06-02,IVL_2021_summer_regular,afu,guag,loveleft,jiaxin,chuc,2,,2020-2023.xlsx,80
1224,2021-06-02,IVL_2021_summer_regular,tx,mk,iron,ak,long,3,0,2020-2023.xlsx,81
1225,2021-06-02,IVL_2021_summer_regular,afu,jiaxin,loveleft,chuc,guag,1,1,2020-2023.xlsx,82
1226,2021-06-02,IVL_2021_summer_regular,tx,ak,mk,long,iron,3,0,2020-2023.xlsx,83
1227,2021-06-02,IVL_2021_summer_regular,ppxia,weirdo,nanako,xiaod,qingc,0,1,2020-2023.xlsx,84
1228,2021-06-02,IVL_2021_summer_regular,kagome,kucao,koko,zzai,18,3,0,2020-2023.xlsx,85
1229,2021-06-02,IVL_2021_summer_regular,ppxia,weirdo,xiaod,nanako,1k,2,,2020-2023.xlsx,86
1230,2021-06-02,IVL_2021_summer_regular,kagome,kucao,koko,zzai,18,3,0,2020-2023.xlsx,87
1231,2021-06-02,IVL_2021_summer_regular,yue,tang,huiyi,blue,maom,1,1,2020-2023.xlsx,88
1232,2021-06-02,IVL_2021_summer_regular,d,zibi,ming,jmt,zafkiel,2,,2020-2023.xlsx,89
1233,2021-06-02,IVL_2021_summer_regular,ymm,ming,zafkiel,zibi,jmt,2,,2020-2023.xlsx,90
1234,2021-06-02,IVL_2021_summer_regular,yue,blue,maom,tang,huiyi,0,1,2020-2023.xlsx,91
1235,2021-06-25,IVL_2021_summer_regular,superrich,billy,yjj,bmao,sxy,3,0,2020-2023.xlsx,92
1236,2021-06-25,IVL_2021_summer_regular,chz,youzi,czai,shadow,heart,2,,2020-2023.xlsx,93
1237,2021-06-25,IVL_2021_summer_regular,chz,heart,youzi,shadow,czai,2,,2020-2023.xlsx,94
1238,2021-06-25,IVL_2021_summer_regular,ppx,billy,sxy,yjj,bmao,3,0,2020-2023.xlsx,95
1239,2021-06-25,IVL_2021_summer_regular,ymm,weirdo,xiaod,nanako,qingc,2,,2020-2023.xlsx,96
1240,2021-06-25,IVL_2021_summer_regular,kagome,tang,libao,blue,huiyi,1,1,2020-2023.xlsx,97
1241,2021-06-25,IVL_2021_summer_regular,kagome,huiyi,libao,blue,tang,4,0,2020-2023.xlsx,98
1242,2021-06-25,IVL_2021_summer_regular,ymm,nanako,xiaod,weirdo,qingc,2,,2020-2023.xlsx,99
1243,2021-06-25,IVL_2021_summer_regular,d,weirdo,qingc,xiaod,nanako,0,1,2020-2023.xlsx,100
1244,2021-06-25,IVL_2021_summer_regular,xc,blue,maom,huiyi,libao,1,1,2020-2023.xlsx,101
1245,2021-06-25,IVL_2021_summer_regular,afu,ming,zibi,zafkiel,jmt,2,,2020-2023.xlsx,102
1246,2021-06-25,IVL_2021_summer_regular,yue,long,iron,ak,mk,2,,2020-2023.xlsx,103
1247,2021-06-25,IVL_2021_summer_regular,yue,long,mk,iron,ak,2,,2020-2023.xlsx,104
1248,2021-06-25,IVL_2021_summer_regular,ken,zafkiel,zibi,ming,jmt,1,1,2020-2023.xlsx,105
1249,2021-06-25,IVL_2021_summer_regular,ken,ming,zibi,zafkiel,jmt,3,0,2020-2023.xlsx,106
1250,2021-06-25,IVL_2021_summer_regular,yue,mk,long,ak,iron,1,1,2020-2023.xlsx,107
1251,2021-06-26,IVL_2021_summer_regular,ppxia,zyj,upxi,yihua,bobo,3,0,2020-2023.xlsx,108
1252,2021-06-26,IVL_2021_summer_regular,dongx,kucao,koko,xen,18,1,1,2020-2023.xlsx,109
1253,2021-06-26,IVL_2021_summer_regular,xawm,zyj,upxi,yihua,bobo,0,1,2020-2023.xlsx,110
1254,2021-06-26,IVL_2021_summer_regular,dongx,18,koko,kucao,xen,0,1,2020-2023.xlsx,111
1255,2021-06-26,IVL_2021_summer_regular,ppxia,bobo,upxi,yihua,zyj,3,0,2020-2023.xlsx,112
1256,2021-06-26,IVL_2021_summer_regular,dongx,xen,koko,18,kucao,0,1,2020-2023.xlsx,113
1257,2021-06-26,IVL_2021_summer_regular,alex,heart,shadow,youzi,czai,3,0,2020-2023.xlsx,114
1258,2021-06-26,IVL_2021_summer_regular,ppx,lion,huan,487,jelly,3,0,2020-2023.xlsx,115
1259,2021-06-26,IVL_2021_summer_regular,ppx,lion,huan,487,jelly,2,,2020-2023.xlsx,116
1260,2021-06-26,IVL_2021_summer_regular,alex,heart,shadow,youzi,czai,3,0,2020-2023.xlsx,117
1261,2021-06-26,IVL_2021_summer_regular,alex,heart,shadow,youzi,czai,0,1,2020-2023.xlsx,118
1262,2021-06-26,IVL_2021_summer_regular,ppx,lion,huan,487,jelly,2,,2020-2023.xlsx,119
1263,2021-06-26,IVL_2021_summer_regular,yue,jiaxin,guag,loveleft,chuc,2,,2020-2023.xlsx,120
1264,2021-06-26,IVL_2021_summer_regular,yan,ming,zibi,jmt,zafkiel,3,0,2020-2023.xlsx,121
1265,2021-06-26,IVL_2021_summer_regular,yue,jiaxin,guag,loveleft,chuc,2,,2020-2023.xlsx,122
1266,2021-06-26,IVL_2021_summer_regular,yan,ming,jmt,zafkiel,zibi,2,,2020-2023.xlsx,123
1267,2021-06-26,IVL_2021_summer_regular,yan,zibi,ming,jmt,zafkiel,2,,2020-2023.xlsx,124
1268,2021-06-26,IVL_2021_summer_regular,yue,guag,jiaxin,chuc,loveleft,1,1,2020-2023.xlsx,125
1269,2021-06-27,IVL_2021_summer_regular,ymm,487,jelly,lion,huan,4,0,2020-2023.xlsx,126
1270,2021-06-27,IVL_2021_summer_regular,alex,maom,tang,blue,huiyi,0,1,2020-2023.xlsx,127
1271,2021-06-27,IVL_2021_summer_regular,alex,tang,huiyi,blue,maom,2,,2020-2023.xlsx,128
1272,2021-06-27,IVL_2021_summer_regular,d,487,jelly,lion,huan,4,0,2020-2023.xlsx,129
1273,2021-06-27,IVL_2021_summer_regular,chz,zyj,bobo,yihua,upxi,0,1,2020-2023.xlsx,130
1274,2021-06-27,IVL_2021_summer_regular,dongx,billy,sxy,yjj,bmao,1,1,2020-2023.xlsx,131
1275,2021-06-27,IVL_2021_summer_regular,dongx,billy,sxy,yjj,bmao,2,,2020-2023.xlsx,132
1276,2021-06-27,IVL_2021_summer_regular,chz,bobo,yihua,upxi,zyj,4,0,2020-2023.xlsx,133
1277,2021-06-27,IVL_2021_summer_regular,dongx,yjj,sxy,billy,bmao,0,1,2020-2023.xlsx,134
1278,2021-06-27,IVL_2021_summer_regular,chz,upxi,yihua,zyj,bobo,1,1,2020-2023.xlsx,135
1279,2021-06-27,IVL_2021_summer_regular,ppxia,jiaxin,loveleft,chuc,guag,2,,2020-2023.xlsx,136
1280,2021-06-27,IVL_2021_summer_regular,yan,18,koko,zzai,kucao,2,,2020-2023.xlsx,137
1281,2021-06-27,IVL_2021_summer_regular,xawm,bm,guag,jiaxin,chuc,2,,2020-2023.xlsx,138
1282,2021-06-27,IVL_2021_summer_regular,yan,zzai,18,kucao,koko,4,0,2020-2023.xlsx,139
1283,2021-06-27,IVL_2021_summer_regular,yan,zzai,koko,kucao,18,3,0,2020-2023.xlsx,140
1284,2021-06-27,IVL_2021_summer_regular,ppxia,jiaxin,guag,chuc,bm,0,1,2020-2023.xlsx,141
1285,2021-07-02,IVL_2021_summer_regular,xc,zibi,ming,jmt,zafkiel,2,,2020-2023.xlsx,142
1286,2021-07-02,IVL_2021_summer_regular,yue,xiaod,nanako,weirdo,qingc,2,,2020-2023.xlsx,143
1287,2021-07-02,IVL_2021_summer_regular,yue,weirdo,xiaod,nanako,qingc,3,0,2020-2023.xlsx,144
1288,2021-07-02,IVL_2021_summer_regular,xc,jmt,ming,zafkiel,zibi,3,0,2020-2023.xlsx,145
1289,2021-07-02,IVL_2021_summer_regular,yue,weirdo,qingc,xiaod,nanako,0,1,2020-2023.xlsx,146
1290,2021-07-02,IVL_2021_summer_regular,xc,zibi,ming,jmt,zafkiel,2,,2020-2023.xlsx,147
1291,2021-07-02,IVL_2021_summer_regular,d,jiaxin,loveleft,chuc,guag,1,1,2020-2023.xlsx,148
1292,2021-07-02,IVL_2021_summer_regular,yan,libao,tang,huiyi,blue,4,0,2020-2023.xlsx,149
1293,2021-07-02,IVL_2021_summer_regular,yan,blue,tang,huiyi,libao,3,0,2020-2023.xlsx,150
1294,2021-07-02,IVL_2021_summer_regular,d,jiaxin,chuc,loveleft,guag,3,0,2020-2023.xlsx,151
1295,2021-07-02,IVL_2021_summer_regular,d,jiaxin,loveleft,chuc,guag,1,1,2020-2023.xlsx,152
1296,2021-07-02,IVL_2021_summer_regular,yan,blue,libao,tang,huiyi,2,,2020-2023.xlsx,153
1297,2021-07-02,IVL_2021_summer_regular,alex,yihua,bobo,zyj,upxi,2,,2020-2023.xlsx,154
1298,2021-07-02,IVL_2021_summer_regular,dongx,jelly,487,huan,lion,0,1,2020-2023.xlsx,155
1299,2021-07-02,IVL_2021_summer_regular,alex,bobo,zyj,upxi,yihua,2,,2020-2023.xlsx,156
1300,2021-07-02,IVL_2021_summer_regular,dongx,lion,487,huan,jelly,1,1,2020-2023.xlsx,157
1301,2021-07-03,IVL_2021_summer_regular,yan,tea,bmao,billy,sxy,3,0,2020-2023.xlsx,158
1302,2021-07-03,IVL_2021_summer_regular,chz,guag,loveleft,chuc,jiaxin,3,0,2020-2023.xlsx,159
1303,2021-07-03,IVL_2021_summer_regular,yan,billy,sxy,bmao,tea,2,,2020-2023.xlsx,160
1304,2021-07-03,IVL_2021_summer_regular,chz,jiaxin,guag,loveleft,chuc,2,,2020-2023.xlsx,161
1305,2021-07-03,IVL_2021_summer_regular,yan,sxy,bmao,billy,tea,0,1,2020-2023.xlsx,162
1306,2021-07-03,IVL_2021_summer_regular,chz,jiaxin,loveleft,guag,chuc,3,0,2020-2023.xlsx,163
1307,2021-07-03,IVL_2021_summer_regular,ymm,shadow,czai,youzi,kong,3,0,2020-2023.xlsx,164
1308,2021-07-03,IVL_2021_summer_regular,ppx,tang,huiyi,blue,libao,1,1,2020-2023.xlsx,165
1309,2021-07-03,IVL_2021_summer_regular,ppx,blue,maom,tang,huiyi,2,,2020-2023.xlsx,166
1310,2021-07-03,IVL_2021_summer_regular,ymm,kong,youzi,shadow,czai,4,0,2020-2023.xlsx,167
1311,2021-07-03,IVL_2021_summer_regular,kagome,sans,iron,mk,long,4,0,2020-2023.xlsx,168
1312,2021-07-03,IVL_2021_summer_regular,afu,weirdo,xiaod,1k,qingc,0,1,2020-2023.xlsx,169
1313,2021-07-03,IVL_2021_summer_regular,xc,sans,iron,mk,long,2,,2020-2023.xlsx,170
1314,2021-07-03,IVL_2021_summer_regular,afu,weirdo,xiaod,nanako,qingc,0,1,2020-2023.xlsx,171
1315,2021-07-04,IVL_2021_summer_regular,yue,youzi,czai,shadow,kong,4,0,2020-2023.xlsx,172
1316,2021-07-04,IVL_2021_summer_regular,ppx,zibi,ming,jmt,zafkiel,0,1,2020-2023.xlsx,173
1317,2021-07-04,IVL_2021_summer_regular,yue,kong,youzi,shadow,czai,2,,2020-2023.xlsx,174
1318,2021-07-04,IVL_2021_summer_regular,ppx,jmt,ming,zafkiel,zibi,0,1,2020-2023.xlsx,175
1319,2021-07-04,IVL_2021_summer_regular,afu,huan,jelly,lion,487,2,,2020-2023.xlsx,176
1320,2021-07-04,IVL_2021_summer_regular,alex,sans,iron,long,mk,3,0,2020-2023.xlsx,177
1321,2021-07-04,IVL_2021_summer_regular,afu,jelly,huan,lion,487,2,,2020-2023.xlsx,178
1322,2021-07-04,IVL_2021_summer_regular,alex,iron,sans,mk,long,3,0,2020-2023.xlsx,179
1323,2021-07-04,IVL_2021_summer_regular,ppxia,bmao,tea,billy,sxy,0,1,2020-2023.xlsx,180
1324,2021-07-04,IVL_2021_summer_regular,chz,18,koko,xen,kucao,3,0,2020-2023.xlsx,181
1325,2021-07-04,IVL_2021_summer_regular,xawm,billy,tea,bmao,sxy,0,1,2020-2023.xlsx,182
1326,2021-07-04,IVL_2021_summer_regular,chz,koko,kucao,18,xen,3,0,2020-2023.xlsx,183
1327,2021-07-09,IVL_2021_summer_regular,afu,tang,maom,blue,huiyi,2,,2020-2023.xlsx,184
1328,2021-07-09,IVL_2021_summer_regular,d,sans,mk,long,iron,3,0,2020-2023.xlsx,185
1329,2021-07-09,IVL_2021_summer_regular,d,iron,mk,sans,long,3,0,2020-2023.xlsx,186
1330,2021-07-09,IVL_2021_summer_regular,afu,blue,huiyi,tang,maom,1,1,2020-2023.xlsx,187
1331,2021-07-09,IVL_2021_summer_regular,yue,487,huan,jelly,lion,3,0,2020-2023.xlsx,188
1332,2021-07-09,IVL_2021_summer_regular,alex,ming,jmt,zafkiel,zibi,4,0,2020-2023.xlsx,189
1333,2021-07-09,IVL_2021_summer_regular,yue,lion,jelly,huan,487,2,,2020-2023.xlsx,190
1334,2021-07-09,IVL_2021_summer_regular,alex,jmt,zibi,fox,ming,2,,2020-2023.xlsx,191
1335,2021-07-09,IVL_2021_summer_regular,alex,ming,zibi,fox,jmt,2,,2020-2023.xlsx,192
1336,2021-07-09,IVL_2021_summer_regular,yue,lion,huan,487,jelly,3,0,2020-2023.xlsx,193
1337,2021-07-09,IVL_2021_summer_regular,yan,weirdo,xiaod,nanako,qingc,2,,2020-2023.xlsx,194
1338,2021-07-09,IVL_2021_summer_regular,xc,guag,loveleft,jiaxin,chuc,2,,2020-2023.xlsx,195
1339,2021-07-09,IVL_2021_summer_regular,yan,xiaod,weirdo,qingc,nanako,3,0,2020-2023.xlsx,196
1340,2021-07-09,IVL_2021_summer_regular,xc,guag,jiaxin,chuc,loveleft,1,1,2020-2023.xlsx,197
1341,2021-07-09,IVL_2021_summer_regular,yan,weirdo,nanako,xiaod,qingc,0,1,2020-2023.xlsx,198
1342,2021-07-09,IVL_2021_summer_regular,xc,jiaxin,chuc,guag,loveleft,2,,2020-2023.xlsx,199
1343,2021-07-01,IVL_2021_summer_regular,alex,kucao,18,zzai,koko,3,0,2020-2023.xlsx,200
1344,2021-07-01,IVL_2021_summer_regular,ppxia,lion,jelly,huan,487,4,0,2020-2023.xlsx,201
1345,2021-07-01,IVL_2021_summer_regular,alex,kucao,koko,zzai,18,2,,2020-2023.xlsx,202
1346,2021-07-01,IVL_2021_summer_regular,xawm,487,jelly,lion,huan,3,0,2020-2023.xlsx,203
1347,2021-07-01,IVL_2021_summer_regular,yan,zyj,bobo,yihua,upxi,0,1,2020-2023.xlsx,204
1348,2021-07-01,IVL_2021_summer_regular,dongx,guag,loveleft,chuc,jiaxin,2,,2020-2023.xlsx,205
1349,2021-07-01,IVL_2021_summer_regular,yan,bobo,upxi,yihua,zyj,3,0,2020-2023.xlsx,206
1350,2021-07-01,IVL_2021_summer_regular,dongx,jiaxin,guag,chuc,loveleft,1,1,2020-2023.xlsx,207
1351,2021-07-01,IVL_2021_summer_regular,yan,zyj,upxi,yihua,bobo,2,,2020-2023.xlsx,208
1352,2021-07-01,IVL_2021_summer_regular,dongx,jiaxin,guag,chuc,loveleft,0,1,2020-2023.xlsx,209
1353,2021-07-01,IVL_2021_summer_regular,afu,youzi,czai,shadow,kong,2,,2020-2023.xlsx,210
1354,2021-07-01,IVL_2021_summer_regular,ppx,ak,long,iron,mk,3,0,2020-2023.xlsx,211
1355,2021-07-01,IVL_2021_summer_regular,afu,youzi,czai,shadow,kong,2,,2020-2023.xlsx,212
1356,2021-07-01,IVL_2021_summer_regular,ppx,long,ak,mk,iron,2,,2020-2023.xlsx,213
1357,2021-07-01,IVL_2021_summer_regular,ppx,sans,mk,long,iron,2,,2020-2023.xlsx,214
1358,2021-07-01,IVL_2021_summer_regular,afu,kong,shadow,youzi,czai,2,,2020-2023.xlsx,215
1359,2021-07-11,IVL_2021_summer_regular,xc,yihua,bobo,zyj,upxi,3,0,2020-2023.xlsx,216
1360,2021-07-11,IVL_2021_summer_regular,dongx,weirdo,xiaod,qingc,nanako,2,,2020-2023.xlsx,217
1361,2021-07-11,IVL_2021_summer_regular,xc,yihua,bobo,zyj,upxi,0,1,2020-2023.xlsx,218
1362,2021-07-11,IVL_2021_summer_regular,dongx,weirdo,xiaod,1k,nanako,0,1,2020-2023.xlsx,219
1363,2021-07-11,IVL_2021_summer_regular,dongx,weirdo,xiaod,nanako,qingc,1,1,2020-2023.xlsx,220
1364,2021-07-11,IVL_2021_summer_regular,xc,zyj,upxi,bobo,yihua,3,0,2020-2023.xlsx,221
1365,2021-07-11,IVL_2021_summer_regular,chz,maom,tang,blue,huiyi,0,1,2020-2023.xlsx,222
1366,2021-07-11,IVL_2021_summer_regular,d,sxy,tea,billy,bmao,0,1,2020-2023.xlsx,223
1367,2021-07-11,IVL_2021_summer_regular,d,sxy,bmao,billy,tea,0,1,2020-2023.xlsx,224
1368,2021-07-11,IVL_2021_summer_regular,chz,maom,tang,blue,huiyi,2,,2020-2023.xlsx,225
1369,2021-07-11,IVL_2021_summer_regular,chz,maom,blue,huiyi,tang,2,,2020-2023.xlsx,226
1370,2021-07-11,IVL_2021_summer_regular,d,tea,bmao,billy,yjj,2,,2020-2023.xlsx,227
1371,2021-07-11,IVL_2021_summer_regular,ppx,zzai,kucao,koko,18,2,,2020-2023.xlsx,228
1372,2021-07-11,IVL_2021_summer_regular,ppxia,shadow,czai,youzi,kong,3,0,2020-2023.xlsx,229
1373,2021-07-11,IVL_2021_summer_regular,xawm,youzi,kong,shadow,czai,3,0,2020-2023.xlsx,230
1374,2021-07-11,IVL_2021_summer_regular,ppx,zzai,kucao,18,koko,3,0,2020-2023.xlsx,231
1375,2021-07-11,IVL_2021_summer_regular,ppxia,shadow,czai,youzi,kong,3,0,2020-2023.xlsx,232
1376,2021-07-11,IVL_2021_summer_regular,ppx,18,koko,zzai,kucao,1,1,2020-2023.xlsx,233
1377,2021-07-16,IVL_2021_summer_regular,ken,koko,kucao,18,zzai,2,,2020-2023.xlsx,234
1378,2021-07-16,IVL_2021_summer_regular,ppxia,ak,iron,mk,long,3,0,2020-2023.xlsx,235
1379,2021-07-16,IVL_2021_summer_regular,xawm,mk,iron,sans,long,0,1,2020-2023.xlsx,236
1380,2021-07-16,IVL_2021_summer_regular,ken,zzai,kucao,18,koko,2,,2020-2023.xlsx,237
1381,2021-07-16,IVL_2021_summer_regular,xawm,sans,long,mk,iron,3,0,2020-2023.xlsx,238
1382,2021-07-16,IVL_2021_summer_regular,ken,zzai,18,kucao,koko,2,,2020-2023.xlsx,239
1383,2021-07-16,IVL_2021_summer_regular,yan,youzi,czai,shadow,kong,2,,2020-2023.xlsx,240
1384,2021-07-16,IVL_2021_summer_regular,ppx,chuc,loveleft,jiaxin,guag,0,1,2020-2023.xlsx,241
1385,2021-07-16,IVL_2021_summer_regular,yan,kong,youzi,shadow,czai,2,,2020-2023.xlsx,242
1386,2021-07-16,IVL_2021_summer_regular,ppx,jiaxin,chuc,guag,loveleft,3,0,2020-2023.xlsx,243
1387,2021-07-16,IVL_2021_summer_regular,yan,shadow,kong,czai,youzi,3,0,2020-2023.xlsx,244
1388,2021-07-16,IVL_2021_summer_regular,ppx,jiaxin,loveleft,guag,chuc,1,1,2020-2023.xlsx,245
1389,2021-07-16,IVL_2021_summer_regular,chz,lion,jelly,487,huan,3,0,2020-2023.xlsx,246
1390,2021-07-16,IVL_2021_summer_regular,alex,billy,sxy,tea,bmao,0,1,2020-2023.xlsx,247
1391,2021-07-16,IVL_2021_summer_regular,alex,billy,sxy,yjj,tea,3,0,2020-2023.xlsx,248
1392,2021-07-16,IVL_2021_summer_regular,chz,lion,487,huan,jelly,4,0,2020-2023.xlsx,249
1393,2021-07-17,IVL_2021_summer_regular,ppx,weirdo,xiaod,nanako,qingc,2,,2020-2023.xlsx,250
1394,2021-07-17,IVL_2021_summer_regular,xc,kong,youzi,shadow,czai,0,1,2020-2023.xlsx,251
1395,2021-07-17,IVL_2021_summer_regular,xc,shadow,youzi,kong,czai,3,0,2020-2023.xlsx,252
1396,2021-07-17,IVL_2021_summer_regular,ppx,weirdo,xiaod,nanako,qingc,2,,2020-2023.xlsx,253
1397,2021-07-17,IVL_2021_summer_regular,xc,kong,shadow,youzi,czai,3,0,2020-2023.xlsx,254
1398,2021-07-17,IVL_2021_summer_regular,ppx,weirdo,nanako,xiaod,qingc,2,,2020-2023.xlsx,255
1399,2021-07-17,IVL_2021_summer_regular,yue,zyj,bobo,yihua,upxi,2,,2020-2023.xlsx,256
1400,2021-07-17,IVL_2021_summer_regular,dongx,fox,ming,jmt,zibi,0,1,2020-2023.xlsx,257
1401,2021-07-17,IVL_2021_summer_regular,yue,zyj,upxi,yihua,bobo,4,0,2020-2023.xlsx,258
1402,2021-07-17,IVL_2021_summer_regular,dongx,jmt,ming,fox,zibi,3,0,2020-2023.xlsx,259
1403,2021-07-17,IVL_2021_summer_regular,ppxia,maom,tang,blue,huiyi,3,0,2020-2023.xlsx,260
1404,2021-07-17,IVL_2021_summer_regular,d,koko,kucao,18,zzai,3,0,2020-2023.xlsx,261
1405,2021-07-17,IVL_2021_summer_regular,xawm,maom,huiyi,tang,blue,0,1,2020-2023.xlsx,262
1406,2021-07-17,IVL_2021_summer_regular,ymm,18,zzai,kucao,koko,4,0,2020-2023.xlsx,263
1407,2021-07-17,IVL_2021_summer_regular,d,zzai,18,kucao,koko,3,0,2020-2023.xlsx,264
1408,2021-07-17,IVL_2021_summer_regular,ppxia,huiyi,blue,tang,maom,3,0,2020-2023.xlsx,265
1409,2021-07-18,IVL_2021_summer_regular,yue,yjj,billy,tea,sxy,2,,2020-2023.xlsx,266
1410,2021-07-18,IVL_2021_summer_regular,chz,fox,ming,jmt,zibi,3,0,2020-2023.xlsx,267
1411,2021-07-18,IVL_2021_summer_regular,chz,jmt,ming,fox,zibi,3,0,2020-2023.xlsx,268
1412,2021-07-18,IVL_2021_summer_regular,yue,tea,sxy,yjj,billy,3,0,2020-2023.xlsx,269
1413,2021-07-18,IVL_2021_summer_regular,chz,zibi,ming,jmt,fox,2,,2020-2023.xlsx,270
1414,2021-07-18,IVL_2021_summer_regular,yue,tea,sxy,yjj,billy,3,0,2020-2023.xlsx,271
1415,2021-07-18,IVL_2021_summer_regular,chz,zibi,ming,jmt,fox,2,,2020-2023.xlsx,272
1416,2021-07-18,IVL_2021_summer_regular,yue,yjj,sxy,billy,tea,1,1,2020-2023.xlsx,273
1417,2021-07-18,IVL_2021_summer_regular,alex,weirdo,xiaod,nanako,qingc,4,0,2020-2023.xlsx,274
1418,2021-07-18,IVL_2021_summer_regular,xc,487,lion,jelly,huan,3,0,2020-2023.xlsx,275
1419,2021-07-18,IVL_2021_summer_regular,alex,weirdo,nanako,xiaod,qingc,3,0,2020-2023.xlsx,276
1420,2021-07-18,IVL_2021_summer_regular,xc,lion,487,huan,jelly,2,,2020-2023.xlsx,277
1421,2021-07-18,IVL_2021_summer_regular,afu,zyj,upxi,yihua,bobo,3,0,2020-2023.xlsx,278
1422,2021-07-18,IVL_2021_summer_regular,dongx,ak,long,mk,iron,3,0,2020-2023.xlsx,279
1423,2021-07-18,IVL_2021_summer_regular,ken,zyj,upxi,yihua,bobo,3,0,2020-2023.xlsx,280
1424,2021-07-18,IVL_2021_summer_regular,dongx,mk,long,ak,iron,2,,2020-2023.xlsx,281
1425,2021-07-18,IVL_2021_summer_regular,ken,bobo,upxi,yihua,zyj,0,1,2020-2023.xlsx,282
1426,2021-07-18,IVL_2021_summer_regular,dongx,sans,mk,long,iron,0,1,2020-2023.xlsx,283
1427,2021-07-23,IVL_2021_summer_regular,d,zyj,upxi,yihua,bobo,2,,2020-2023.xlsx,284
1428,2021-07-23,IVL_2021_summer_regular,dongx,add,tang,blue,huiyi,2,,2020-2023.xlsx,285
1429,2021-07-23,IVL_2021_summer_regular,dongx,blue,add,tang,huiyi,0,1,2020-2023.xlsx,286
1430,2021-07-23,IVL_2021_summer_regular,d,zyj,upxi,yihua,bobo,2,,2020-2023.xlsx,287
1431,2021-07-23,IVL_2021_summer_regular,d,bobo,upxi,yihua,zyj,3,0,2020-2023.xlsx,288
1432,2021-07-23,IVL_2021_summer_regular,dongx,blue,add,tang,huiyi,0,1,2020-2023.xlsx,289
1433,2021-07-23,IVL_2021_summer_regular,yue,kucao,koko,18,zzai,0,1,2020-2023.xlsx,290
1434,2021-07-23,IVL_2021_summer_regular,xawm,ming,fox,jmt,zibi,0,1,2020-2023.xlsx,291
1435,2021-07-23,IVL_2021_summer_regular,xawm,fox,jmt,zibi,ming,4,0,2020-2023.xlsx,292
1436,2021-07-23,IVL_2021_summer_regular,yue,koko,kucao,zzai,18,2,,2020-2023.xlsx,293
1437,2021-07-23,IVL_2021_summer_regular,yue,koko,18,zzai,kucao,3,0,2020-2023.xlsx,294
1438,2021-07-23,IVL_2021_summer_regular,xawm,ming,zibi,zafkiel,jmt,3,0,2020-2023.xlsx,295
1439,2021-07-23,IVL_2021_summer_regular,chz,ak,iron,mk,long,3,0,2020-2023.xlsx,296
1440,2021-07-23,IVL_2021_summer_regular,afu,billy,yjj,tea,sxy,2,,2020-2023.xlsx,297
1441,2021-07-23,IVL_2021_summer_regular,chz,ak,iron,mk,long,2,,2020-2023.xlsx,298
1442,2021-07-23,IVL_2021_summer_regular,ken,yjj,sxy,tea,billy,0,1,2020-2023.xlsx,299
1443,2021-07-24,IVL_2021_summer_regular,alex,loveleft,guag,chuc,jiaxin,3,0,2020-2023.xlsx,300
1444,2021-07-24,IVL_2021_summer_regular,yan,487,huan,lion,jelly,2,,2020-2023.xlsx,301
1445,2021-07-24,IVL_2021_summer_regular,yan,jelly,huan,lion,487,3,0,2020-2023.xlsx,302
1446,2021-07-24,IVL_2021_summer_regular,alex,jiaxin,bm,guag,chuc,2,,2020-2023.xlsx,303
1447,2021-07-24,IVL_2021_summer_regular,alex,jiaxin,chuc,guag,bm,3,0,2020-2023.xlsx,304
1448,2021-07-24,IVL_2021_summer_regular,yan,lion,huan,487,jelly,3,0,2020-2023.xlsx,305
1449,2021-07-24,IVL_2021_summer_regular,yan,lion,huan,487,jelly,2,,2020-2023.xlsx,306
1450,2021-07-24,IVL_2021_summer_regular,alex,jiaxin,chuc,guag,bm,2,,2020-2023.xlsx,307
1451,2021-07-24,IVL_2021_summer_regular,chz,weirdo,xiaod,nanako,qingc,3,0,2020-2023.xlsx,308
1452,2021-07-24,IVL_2021_summer_regular,xc,billy,sxy,tea,yjj,0,1,2020-2023.xlsx,309
1453,2021-07-24,IVL_2021_summer_regular,chz,weirdo,xiaod,nanako,qingc,4,0,2020-2023.xlsx,310
1454,2021-07-24,IVL_2021_summer_regular,xc,yjj,billy,tea,sxy,2,,2020-2023.xlsx,311
1455,2021-07-24,IVL_2021_summer_regular,ppx,bobo,zyj,yihua,upxi,2,,2020-2023.xlsx,312
1456,2021-07-24,IVL_2021_summer_regular,dongx,czai,youzi,kong,shadow,0,1,2020-2023.xlsx,313
1457,2021-07-24,IVL_2021_summer_regular,ppx,zyj,bobo,upxi,yihua,3,0,2020-2023.xlsx,314
1458,2021-07-24,IVL_2021_summer_regular,dongx,youzi,kong,shadow,czai,1,1,2020-2023.xlsx,315
1459,2021-07-25,IVL_2021_summer_regular,yan,long,ak,mk,sans,2,,2020-2023.xlsx,316
1460,2021-07-25,IVL_2021_summer_regular,afu,bm,guag,jiaxin,chuc,2,,2020-2023.xlsx,317
1461,2021-07-25,IVL_2021_summer_regular,ken,jiaxin,bm,chuc,guag,2,,2020-2023.xlsx,318
1462,2021-07-25,IVL_2021_summer_regular,yan,iron,mk,long,sans,3,0,2020-2023.xlsx,319
1463,2021-07-25,IVL_2021_summer_regular,yan,mk,sans,ak,long,3,0,2020-2023.xlsx,320
1464,2021-07-25,IVL_2021_summer_regular,ken,jiaxin,chuc,bm,guag,2,,2020-2023.xlsx,321
1465,2021-07-25,IVL_2021_summer_regular,xawm,weirdo,nanako,xiaod,qingc,2,,2020-2023.xlsx,322
1466,2021-07-25,IVL_2021_summer_regular,xc,kucao,koko,zzai,18,3,0,2020-2023.xlsx,323
1467,2021-07-25,IVL_2021_summer_regular,xc,kucao,koko,zzai,18,3,0,2020-2023.xlsx,324
1468,2021-07-25,IVL_2021_summer_regular,xawm,weirdo,qingc,xiaod,nanako,3,0,2020-2023.xlsx,325
1469,2021-07-25,IVL_2021_summer_regular,xawm,weirdo,xiaod,nanako,qingc,3,0,2020-2023.xlsx,326
1470,2021-07-25,IVL_2021_summer_regular,xc,zzai,18,kucao,koko,4,0,2020-2023.xlsx,327
1471,2021-07-25,IVL_2021_summer_regular,d,ming,fox,jmt,zibi,3,0,2020-2023.xlsx,328
1472,2021-07-25,IVL_2021_summer_regular,yue,add,tang,huiyi,blue,4,0,2020-2023.xlsx,329
1473,2021-07-25,IVL_2021_summer_regular,yue,add,blue,tang,huiyi,1,1,2020-2023.xlsx,330
1474,2021-07-25,IVL_2021_summer_regular,ymm,ming,jmt,zibi,fox,3,0,2020-2023.xlsx,331
1475,2021-07-25,IVL_2021_summer_regular,yue,add,huiyi,tang,blue,1,1,2020-2023.xlsx,332
1476,2021-07-25,IVL_2021_summer_regular,d,jmt,zibi,ming,zafkiel,0,1,2020-2023.xlsx,333
1477,2021-07-03,IVL_2021_summer_regular,ppx,billy,sxy,tea,yjj,0,1,2020-2023.xlsx,334
1478,2021-07-03,IVL_2021_summer_regular,chz,czai,youzi,shadow,kong,3,0,2020-2023.xlsx,335
1479,2021-07-03,IVL_2021_summer_regular,ppx,billy,sxy,tea,yjj,2,,2020-2023.xlsx,336
1480,2021-07-03,IVL_2021_summer_regular,chz,kong,youzi,shadow,czai,4,0,2020-2023.xlsx,337
1481,2021-07-03,IVL_2021_summer_regular,d,weirdo,xiaod,nanako,1k,1,1,2020-2023.xlsx,338
1482,2021-07-03,IVL_2021_summer_regular,kagome,blue,add,tang,huiyi,3,0,2020-2023.xlsx,339
1483,2021-07-03,IVL_2021_summer_regular,kagome,blue,add,tang,huiyi,3,0,2020-2023.xlsx,340
1484,2021-07-03,IVL_2021_summer_regular,d,weirdo,xiaod,nanako,1k,3,0,2020-2023.xlsx,341
1485,2021-07-03,IVL_2021_summer_regular,kagome,blue,add,tang,huiyi,2,,2020-2023.xlsx,342
1486,2021-07-03,IVL_2021_summer_regular,d,weirdo,xiaod,nanako,1k,1,1,2020-2023.xlsx,343
1487,2021-07-03,IVL_2021_summer_regular,yue,long,ak,sans,mk,2,,2020-2023.xlsx,344
1488,2021-07-03,IVL_2021_summer_regular,afu,fox,jmt,zibi,ming,3,0,2020-2023.xlsx,345
1489,2021-07-03,IVL_2021_summer_regular,ken,fox,ming,zibi,jmt,3,0,2020-2023.xlsx,346
1490,2021-07-03,IVL_2021_summer_regular,yue,mk,sans,ak,long,2,,2020-2023.xlsx,347
1491,2021-07-31,IVL_2021_summer_regular,xawm,zyj,bobo,yihua,upxi,3,0,2020-2023.xlsx,348
1492,2021-07-31,IVL_2021_summer_regular,dongx,kucao,koko,zzai,18,2,,2020-2023.xlsx,349
1493,2021-07-31,IVL_2021_summer_regular,ppxia,zyj,upxi,yihua,bobo,2,,2020-2023.xlsx,350
1494,2021-07-31,IVL_2021_summer_regular,dongx,18,koko,zzai,kucao,4,0,2020-2023.xlsx,351
1495,2021-07-31,IVL_2021_summer_regular,ppxia,bobo,upxi,yihua,zyj,0,1,2020-2023.xlsx,352
1496,2021-07-31,IVL_2021_summer_regular,dongx,zzai,kucao,18,koko,0,1,2020-2023.xlsx,353
1497,2021-07-31,IVL_2021_summer_regular,ppx,487,jelly,lion,huan,3,0,2020-2023.xlsx,354
1498,2021-07-31,IVL_2021_summer_regular,alex,youzi,czai,shadow,kong,3,0,2020-2023.xlsx,355
1499,2021-07-31,IVL_2021_summer_regular,alex,shadow,czai,youzi,kong,2,,2020-2023.xlsx,356
1500,2021-07-31,IVL_2021_summer_regular,ppx,lion,487,jelly,huan,2,,2020-2023.xlsx,357
1501,2021-07-31,IVL_2021_summer_regular,ppx,lion,huan,487,jelly,3,0,2020-2023.xlsx,358
1502,2021-07-31,IVL_2021_summer_regular,alex,shadow,youzi,kong,czai,2,,2020-2023.xlsx,359
1503,2021-07-31,IVL_2021_summer_regular,yue,bm,guag,jiaxin,chuc,3,0,2020-2023.xlsx,360
1504,2021-07-31,IVL_2021_summer_regular,yan,fox,zibi,jmt,ming,2,,2020-2023.xlsx,361
1505,2021-07-31,IVL_2021_summer_regular,yan,jmt,ming,fox,zibi,2,,2020-2023.xlsx,362
1506,2021-07-31,IVL_2021_summer_regular,yue,jiaxin,bm,chuc,guag,2,,2020-2023.xlsx,363
1507,2021-07-31,IVL_2021_summer_regular,yue,jiaxin,loveleft,chuc,guag,0,1,2020-2023.xlsx,364
1508,2021-07-31,IVL_2021_summer_regular,yan,zibi,ming,jmt,zafkiel,0,1,2020-2023.xlsx,365
1509,2021-08-01,IVL_2021_summer_regular,ymm,huan,487,lion,jelly,3,0,2020-2023.xlsx,366
1510,2021-08-01,IVL_2021_summer_regular,alex,huiyi,tang,add,blue,3,0,2020-2023.xlsx,367
1511,2021-08-01,IVL_2021_summer_regular,alex,add,tang,blue,huiyi,3,0,2020-2023.xlsx,368
1512,2021-08-01,IVL_2021_summer_regular,d,lion,487,huan,jelly,3,0,2020-2023.xlsx,369
1513,2021-08-01,IVL_2021_summer_regular,ymm,huan,jelly,lion,487,2,,2020-2023.xlsx,370
1514,2021-08-01,IVL_2021_summer_regular,alex,blue,add,huiyi,tang,3,0,2020-2023.xlsx,371
1515,2021-08-01,IVL_2021_summer_regular,chz,zyj,upxi,yihua,bobo,2,,2020-2023.xlsx,372
1516,2021-08-01,IVL_2021_summer_regular,dongx,tea,sxy,yjj,billy,4,0,2020-2023.xlsx,373
1517,2021-08-01,IVL_2021_summer_regular,chz,zyj,bobo,yihua,upxi,2,,2020-2023.xlsx,374
1518,2021-08-01,IVL_2021_summer_regular,dongx,billy,tea,yjj,sxy,0,1,2020-2023.xlsx,375
1519,2021-08-01,IVL_2021_summer_regular,dongx,yjj,sxy,billy,tea,2,,2020-2023.xlsx,376
1520,2021-08-01,IVL_2021_summer_regular,chz,yihua,upxi,zyj,bobo,2,,2020-2023.xlsx,377
1521,2021-08-01,IVL_2021_summer_regular,dongx,yjj,sxy,billy,tea,0,1,2020-2023.xlsx,378
1522,2021-08-01,IVL_2021_summer_regular,chz,yihua,zyj,bobo,upxi,4,0,2020-2023.xlsx,379
1523,2021-08-01,IVL_2021_summer_regular,ppxia,bm,guag,jiaxin,chuc,1,1,2020-2023.xlsx,380
1524,2021-08-01,IVL_2021_summer_regular,yan,kucao,koko,zzai,18,2,,2020-2023.xlsx,381
1525,2021-08-01,IVL_2021_summer_regular,xawm,jiaxin,bm,chuc,guag,3,0,2020-2023.xlsx,382
1526,2021-08-01,IVL_2021_summer_regular,yan,kucao,18,zzai,koko,0,1,2020-2023.xlsx,383
1527,2021-08-01,IVL_2021_summer_regular,yan,zzai,koko,kucao,18,2,,2020-2023.xlsx,384
1528,2021-08-01,IVL_2021_summer_regular,ppxia,jiaxin,chuc,loveleft,guag,1,1,2020-2023.xlsx,385
1529,2021-08-06,IVL_2021_summer_regular,yue,1k,xiaod,nanako,weirdo,2,,2020-2023.xlsx,386
1530,2021-08-06,IVL_2021_summer_regular,xc,ming,fox,jmt,zibi,3,0,2020-2023.xlsx,387
1531,2021-08-06,IVL_2021_summer_regular,yue,weirdo,xiaod,1k,nanako,2,,2020-2023.xlsx,388
1532,2021-08-06,IVL_2021_summer_regular,xc,jmt,ming,fox,zibi,3,0,2020-2023.xlsx,389
1533,2021-08-06,IVL_2021_summer_regular,d,jiaxin,guag,bm,chuc,2,,2020-2023.xlsx,390
1534,2021-08-06,IVL_2021_summer_regular,yan,add,tang,blue,huiyi,3,0,2020-2023.xlsx,391
1535,2021-08-06,IVL_2021_summer_regular,yan,add,tang,blue,huiyi,2,,2020-2023.xlsx,392
1536,2021-08-06,IVL_2021_summer_regular,d,jiaxin,chuc,bm,guag,3,0,2020-2023.xlsx,393
1537,2021-08-06,IVL_2021_summer_regular,d,jiaxin,bm,chuc,guag,0,1,2020-2023.xlsx,394
1538,2021-08-06,IVL_2021_summer_regular,yan,add,huiyi,blue,tang,4,0,2020-2023.xlsx,395
1539,2021-08-06,IVL_2021_summer_regular,anyi,zyj,bobo,upxi,ww,2,,2020-2023.xlsx,396
1540,2021-08-06,IVL_2021_summer_regular,dongx,lion,jelly,huan,487,2,,2020-2023.xlsx,397
1541,2021-08-06,IVL_2021_summer_regular,anyi,ww,upxi,bobo,zyj,3,0,2020-2023.xlsx,398
1542,2021-08-06,IVL_2021_summer_regular,dongx,lion,jelly,huan,487,3,0,2020-2023.xlsx,399
1543,2021-08-06,IVL_2021_summer_regular,anyi,zyj,upxi,bobo,ww,2,,2020-2023.xlsx,400
1544,2021-08-06,IVL_2021_summer_regular,dongx,487,huan,jelly,lion,0,1,2020-2023.xlsx,401
1545,2021-08-07,IVL_2021_summer_regular,chz,bm,guag,chuc,jiaxin,3,0,2020-2023.xlsx,402
1546,2021-08-07,IVL_2021_summer_regular,yan,billy,tea,yjj,sxy,2,,2020-2023.xlsx,403
1547,2021-08-07,IVL_2021_summer_regular,chz,jiaxin,guag,bm,chuc,2,,2020-2023.xlsx,404
1548,2021-08-07,IVL_2021_summer_regular,yan,billy,sxy,tea,yjj,2,,2020-2023.xlsx,405
1549,2021-08-07,IVL_2021_summer_regular,chz,jiaxin,chuc,loveleft,guag,2,,2020-2023.xlsx,406
1550,2021-08-07,IVL_2021_summer_regular,yan,tea,sxy,billy,yjj,3,0,2020-2023.xlsx,407
1551,2021-08-07,IVL_2021_summer_regular,chz,jiaxin,loveleft,chuc,guag,2,,2020-2023.xlsx,408
1552,2021-08-07,IVL_2021_summer_regular,yan,sxy,billy,yjj,tea,2,,2020-2023.xlsx,409
1553,2021-08-07,IVL_2021_summer_regular,superrich,tang,huiyi,blue,add,0,1,2020-2023.xlsx,410
1554,2021-08-07,IVL_2021_summer_regular,d,youzi,czai,kong,shadow,2,,2020-2023.xlsx,411
1555,2021-08-07,IVL_2021_summer_regular,d,shadow,czai,kong,youzi,0,1,2020-2023.xlsx,412
1556,2021-08-07,IVL_2021_summer_regular,ppx,tang,huiyi,blue,add,2,,2020-2023.xlsx,413
1557,2021-08-07,IVL_2021_summer_regular,ppx,blue,add,tang,huiyi,0,1,2020-2023.xlsx,414
1558,2021-08-07,IVL_2021_summer_regular,d,kong,youzi,shadow,czai,3,0,2020-2023.xlsx,415
1559,2021-08-07,IVL_2021_summer_regular,xc,ak,long,mk,sans,0,1,2020-2023.xlsx,416
1560,2021-08-07,IVL_2021_summer_regular,ken,weirdo,1k,xiaod,nanako,3,0,2020-2023.xlsx,417
1561,2021-08-07,IVL_2021_summer_regular,xc,ak,sans,long,mk,0,1,2020-2023.xlsx,418
1562,2021-08-07,IVL_2021_summer_regular,afu,weirdo,xiaod,nanako,1k,4,0,2020-2023.xlsx,419
1563,2021-08-08,IVL_2021_summer_regular,yue,shadow,youzi,kong,czai,0,1,2020-2023.xlsx,420
1564,2021-08-08,IVL_2021_summer_regular,superrich,fox,ming,zibi,jmt,2,,2020-2023.xlsx,421
1565,2021-08-08,IVL_2021_summer_regular,yue,kong,youzi,shadow,czai,2,,2020-2023.xlsx,422
1566,2021-08-08,IVL_2021_summer_regular,ppx,jmt,fox,zibi,ming,2,,2020-2023.xlsx,423
1567,2021-08-08,IVL_2021_summer_regular,yue,youzi,shadow,czai,kong,2,,2020-2023.xlsx,424
1568,2021-08-08,IVL_2021_summer_regular,ppx,jmt,ming,zafkiel,zibi,2,,2020-2023.xlsx,425
1569,2021-08-08,IVL_2021_summer_regular,ken,huan,487,lion,jelly,1,1,2020-2023.xlsx,426
1570,2021-08-08,IVL_2021_summer_regular,anyi,iron,sans,mk,long,2,,2020-2023.xlsx,427
1571,2021-08-08,IVL_2021_summer_regular,ken,huan,487,lion,jelly,2,,2020-2023.xlsx,428
1572,2021-08-08,IVL_2021_summer_regular,anyi,long,sans,iron,mk,3,0,2020-2023.xlsx,429
1573,2021-08-08,IVL_2021_summer_regular,ppxia,billy,sxy,yjj,tea,0,1,2020-2023.xlsx,430
1574,2021-08-08,IVL_2021_summer_regular,chz,kucao,koko,zzai,18,3,0,2020-2023.xlsx,431
1575,2021-08-08,IVL_2021_summer_regular,chz,18,koko,zzai,kucao,1,1,2020-2023.xlsx,432
1576,2021-08-08,IVL_2021_summer_regular,xawm,yjj,sxy,billy,tea,0,1,2020-2023.xlsx,433
1577,2021-08-13,IVL_2021_summer_regular,ken,maom,tang,blue,huiyi,2,,2020-2023.xlsx,434
1578,2021-08-13,IVL_2021_summer_regular,ymm,iron,long,mk,sans,1,1,2020-2023.xlsx,435
1579,2021-08-13,IVL_2021_summer_regular,ken,blue,maom,tang,huiyi,2,,2020-2023.xlsx,436
1580,2021-08-13,IVL_2021_summer_regular,ymm,iron,long,mk,sans,3,0,2020-2023.xlsx,437
1581,2021-08-13,IVL_2021_summer_regular,ymm,mk,long,iron,sans,3,0,2020-2023.xlsx,438
1582,2021-08-13,IVL_2021_summer_regular,ken,tang,huiyi,blue,maom,2,,2020-2023.xlsx,439
1583,2021-08-13,IVL_2021_summer_regular,anyi,ming,fox,zibi,jmt,0,1,2020-2023.xlsx,440
1584,2021-08-13,IVL_2021_summer_regular,yue,487,lion,huan,jelly,2,,2020-2023.xlsx,441
1585,2021-08-13,IVL_2021_summer_regular,anyi,fox,zibi,jmt,ming,2,,2020-2023.xlsx,442
1586,2021-08-13,IVL_2021_summer_regular,yue,487,jelly,huan,lion,2,,2020-2023.xlsx,443
1587,2021-08-13,IVL_2021_summer_regular,alex,zibi,jmt,fox,ming,3,0,2020-2023.xlsx,444
1588,2021-08-13,IVL_2021_summer_regular,yue,lion,huan,487,jelly,3,0,2020-2023.xlsx,445
1589,2021-08-13,IVL_2021_summer_regular,yan,weirdo,xiaod,nanako,1k,1,1,2020-2023.xlsx,446
1590,2021-08-13,IVL_2021_summer_regular,xc,jiaxin,bm,chuc,guag,0,1,2020-2023.xlsx,447
1591,2021-08-13,IVL_2021_summer_regular,xc,jiaxin,bm,chuc,guag,2,,2020-2023.xlsx,448
1592,2021-08-13,IVL_2021_summer_regular,yan,weirdo,xiaod,nanako,1k,2,,2020-2023.xlsx,449
1593,2021-08-13,IVL_2021_summer_regular,xc,jiaxin,loveleft,chuc,guag,1,1,2020-2023.xlsx,450
1594,2021-08-13,IVL_2021_summer_regular,yan,weirdo,xiaod,nanako,qingc,3,0,2020-2023.xlsx,451
1595,2021-08-14,IVL_2021_summer_regular,alex,koko,kucao,zzai,18,3,0,2020-2023.xlsx,452
1596,2021-08-14,IVL_2021_summer_regular,ppxia,jelly,487,lion,huan,3,0,2020-2023.xlsx,453
1597,2021-08-14,IVL_2021_summer_regular,anyi,kucao,18,zzai,koko,3,0,2020-2023.xlsx,454
1598,2021-08-14,IVL_2021_summer_regular,xawm,jelly,487,lion,huan,3,0,2020-2023.xlsx,455
1599,2021-08-14,IVL_2021_summer_regular,alex,zzai,kucao,koko,18,2,,2020-2023.xlsx,456
1600,2021-08-14,IVL_2021_summer_regular,ppxia,jelly,487,huan,lion,3,0,2020-2023.xlsx,457
1601,2021-08-14,IVL_2021_summer_regular,yan,ww,bobo,zyj,upxi,1,1,2020-2023.xlsx,458
1602,2021-08-14,IVL_2021_summer_regular,dongx,loveleft,guag,jiaxin,chuc,1,1,2020-2023.xlsx,459
1603,2021-08-14,IVL_2021_summer_regular,yan,bobo,upxi,ww,zyj,2,,2020-2023.xlsx,460
1604,2021-08-14,IVL_2021_summer_regular,dongx,jiaxin,loveleft,chuc,guag,3,0,2020-2023.xlsx,461
1605,2021-08-14,IVL_2021_summer_regular,dongx,jiaxin,guag,loveleft,chuc,0,1,2020-2023.xlsx,462
1606,2021-08-14,IVL_2021_summer_regular,yan,bobo,upxi,ww,zyj,2,,2020-2023.xlsx,463
1607,2021-08-14,IVL_2021_summer_regular,superrich,iron,sans,mk,long,1,1,2020-2023.xlsx,464
1608,2021-08-14,IVL_2021_summer_regular,ken,youzi,czai,shadow,heart,0,1,2020-2023.xlsx,465
1609,2021-08-14,IVL_2021_summer_regular,ppx,long,sans,iron,mk,2,,2020-2023.xlsx,466
1610,2021-08-14,IVL_2021_summer_regular,afu,czai,youzi,shadow,heart,3,0,2020-2023.xlsx,467
1611,2021-08-14,IVL_2021_summer_regular,afu,czai,heart,shadow,youzi,2,,2020-2023.xlsx,468
1612,2021-08-14,IVL_2021_summer_regular,ppx,mk,long,iron,sans,3,0,2020-2023.xlsx,469
1613,2021-08-15,IVL_2021_summer_regular,xc,zyj,bobo,yihua,upxi,0,1,2020-2023.xlsx,470
1614,2021-08-15,IVL_2021_summer_regular,dongx,weirdo,xiaod,nanako,1k,0,1,2020-2023.xlsx,471
1615,2021-08-15,IVL_2021_summer_regular,dongx,weirdo,xiaod,nanako,1k,0,1,2020-2023.xlsx,472
1616,2021-08-15,IVL_2021_summer_regular,xc,zyj,upxi,yihua,bobo,3,0,2020-2023.xlsx,473
1617,2021-08-15,IVL_2021_summer_regular,xc,bobo,upxi,ww,zyj,2,,2020-2023.xlsx,474
1618,2021-08-15,IVL_2021_summer_regular,dongx,weirdo,xiaod,nanako,1k,1,1,2020-2023.xlsx,475
1619,2021-08-15,IVL_2021_summer_regular,chz,libao,blue,maom,huiyi,4,0,2020-2023.xlsx,476
1620,2021-08-15,IVL_2021_summer_regular,ymm,moon,sxy,yjj,tea,1,1,2020-2023.xlsx,477
1621,2021-08-15,IVL_2021_summer_regular,chz,blue,libao,huiyi,maom,2,,2020-2023.xlsx,478
1622,2021-08-15,IVL_2021_summer_regular,ymm,tea,sxy,yjj,moon,1,1,2020-2023.xlsx,479
1623,2021-08-15,IVL_2021_summer_regular,ppxia,youzi,czai,shadow,heart,0,1,2020-2023.xlsx,480
1624,2021-08-15,IVL_2021_summer_regular,ppx,koko,kucao,18,zzai,1,1,2020-2023.xlsx,481
1625,2021-08-15,IVL_2021_summer_regular,ppxia,youzi,czai,shadow,heart,3,0,2020-2023.xlsx,482
1626,2021-08-15,IVL_2021_summer_regular,superrich,koko,kucao,18,zzai,4,0,2020-2023.xlsx,483
1627,2021-08-27,IVL_2021_summer_playoffs,yue,shadow,czai,kong,youzi,2,,2020-2023.xlsx,484
1628,2021-08-27,IVL_2021_summer_playoffs,ppx,ming,fox,jmt,zibi,2,,2020-2023.xlsx,485
1629,2021-08-27,IVL_2021_summer_playoffs,yue,youzi,kong,czai,shadow,2,,2020-2023.xlsx,486
1630,2021-08-27,IVL_2021_summer_playoffs,ppx,fox,zibi,ming,jmt,2,,2020-2023.xlsx,487
1631,2021-08-27,IVL_2021_summer_playoffs,ppx,jmt,ming,zibi,fox,2,,2020-2023.xlsx,488
1632,2021-08-27,IVL_2021_summer_playoffs,yue,kong,youzi,czai,shadow,3,0,2020-2023.xlsx,489
1633,2021-08-27,IVL_2021_summer_playoffs,yue,shadow,youzi,czai,kong,3,0,2020-2023.xlsx,490
1634,2021-08-27,IVL_2021_summer_playoffs,ppx,zibi,jmt,fox,ming,2,,2020-2023.xlsx,491
1635,2021-08-27,IVL_2021_summer_playoffs,anyi,yihua,zyj,bobo,upxi,4,0,2020-2023.xlsx,492
1636,2021-08-27,IVL_2021_summer_playoffs,dongx,lion,huan,487,jelly,2,,2020-2023.xlsx,493
1637,2021-08-27,IVL_2021_summer_playoffs,alex,yihua,bobo,zyj,upxi,2,,2020-2023.xlsx,494
1638,2021-08-27,IVL_2021_summer_playoffs,dongx,lion,487,jelly,huan,2,,2020-2023.xlsx,495
1639,2021-08-27,IVL_2021_summer_playoffs,alex,bobo,upxi,yihua,zyj,2,,2020-2023.xlsx,496
1640,2021-08-27,IVL_2021_summer_playoffs,dongx,lion,487,huan,jelly,1,1,2020-2023.xlsx,497
1641,2021-08-27,IVL_2021_summer_playoffs,alex,yihua,bobo,zyj,upxi,2,,2020-2023.xlsx,498
1642,2021-08-27,IVL_2021_summer_playoffs,dongx,huan,jelly,lion,487,3,0,2020-2023.xlsx,499
1643,2021-08-27,IVL_2021_summer_playoffs,alex,yihua,bobo,zyj,upxi,2,,2020-2023.xlsx,500
1644,2021-08-27,IVL_2021_summer_playoffs,dongx,huan,487,lion,jelly,2,,2020-2023.xlsx,501
1645,2021-08-27,IVL_2021_summer_playoffs,ppxia,mk,sans,iron,long,3,0,2020-2023.xlsx,502
1646,2021-08-27,IVL_2021_summer_playoffs,ken,zzai,kucao,18,koko,1,1,2020-2023.xlsx,503
1647,2021-08-27,IVL_2021_summer_playoffs,ken,zzai,kucao,18,koko,3,0,2020-2023.xlsx,504
1648,2021-08-27,IVL_2021_summer_playoffs,ppxia,iron,sans,mk,long,1,1,2020-2023.xlsx,505
1649,2021-08-27,IVL_2021_summer_playoffs,ppxia,iron,sans,mk,long,2,,2020-2023.xlsx,506
1650,2021-08-27,IVL_2021_summer_playoffs,ken,zzai,kucao,18,koko,0,1,2020-2023.xlsx,507
1651,2021-08-27,IVL_2021_summer_playoffs,ken,kucao,18,zzai,koko,2,,2020-2023.xlsx,508
1652,2021-08-27,IVL_2021_summer_playoffs,ppxia,mk,sans,iron,long,2,,2020-2023.xlsx,509
1653,2021-08-27,IVL_2021_summer_playoffs,ken,18,koko,zzai,kucao,0,1,2020-2023.xlsx,510
1654,2021-08-27,IVL_2021_summer_playoffs,ppxia,iron,long,mk,sans,3,0,2020-2023.xlsx,511
1655,2021-08-28,IVL_2021_summer_playoffs,anyi,heart,shadow,youzi,czai,3,0,2020-2023.xlsx,512
1656,2021-08-28,IVL_2021_summer_playoffs,ppx,lion,huan,487,jelly,2,,2020-2023.xlsx,513
1657,2021-08-28,IVL_2021_summer_playoffs,ppx,lion,huan,487,jelly,2,,2020-2023.xlsx,514
1658,2021-08-28,IVL_2021_summer_playoffs,alex,heart,shadow,youzi,czai,1,1,2020-2023.xlsx,515
1659,2021-08-28,IVL_2021_summer_playoffs,ppx,lion,huan,487,jelly,4,0,2020-2023.xlsx,516
1660,2021-08-28,IVL_2021_summer_playoffs,alex,kong,shadow,youzi,czai,0,1,2020-2023.xlsx,517
1661,2021-08-28,IVL_2021_summer_playoffs,alex,heart,shadow,youzi,czai,2,,2020-2023.xlsx,518
1662,2021-08-28,IVL_2021_summer_playoffs,ppx,lion,huan,487,jelly,2,,2020-2023.xlsx,519
1663,2021-08-28,IVL_2021_summer_playoffs,alex,heart,shadow,youzi,czai,2,,2020-2023.xlsx,520
1664,2021-08-28,IVL_2021_summer_playoffs,ppx,lion,huan,487,jelly,4,0,2020-2023.xlsx,521
1665,2021-08-28,IVL_2021_summer_playoffs,ken,yihua,zyj,bobo,upxi,2,,2020-2023.xlsx,522
1666,2021-08-28,IVL_2021_summer_playoffs,dongx,ak,long,mk,iron,1,1,2020-2023.xlsx,523
1667,2021-08-28,IVL_2021_summer_playoffs,ken,yihua,zyj,upxi,bobo,3,0,2020-2023.xlsx,524
1668,2021-08-28,IVL_2021_summer_playoffs,dongx,iron,long,sans,mk,3,0,2020-2023.xlsx,525
1669,2021-08-28,IVL_2021_summer_playoffs,ken,bobo,yihua,upxi,zyj,2,,2020-2023.xlsx,526
1670,2021-08-28,IVL_2021_summer_playoffs,dongx,sans,iron,mk,long,0,1,2020-2023.xlsx,527
1671,2021-08-28,IVL_2021_summer_playoffs,ken,bobo,yihua,zyj,upxi,3,0,2020-2023.xlsx,528
1672,2021-08-28,IVL_2021_summer_playoffs,dongx,mk,iron,sans,long,3,0,2020-2023.xlsx,529
1673,2021-08-28,IVL_2021_summer_playoffs,ppxia,487,jelly,lion,huan,3,0,2020-2023.xlsx,530
1674,2021-08-28,IVL_2021_summer_playoffs,alex,zzai,koko,kucao,18,1,1,2020-2023.xlsx,531
1675,2021-08-28,IVL_2021_summer_playoffs,ppxia,487,jelly,huan,lion,4,0,2020-2023.xlsx,532
1676,2021-08-28,IVL_2021_summer_playoffs,alex,zzai,koko,kucao,18,2,,2020-2023.xlsx,533
1677,2021-08-28,IVL_2021_summer_playoffs,xawm,lion,jelly,huan,487,3,0,2020-2023.xlsx,534
1678,2021-08-28,IVL_2021_summer_playoffs,alex,koko,18,kucao,zzai,2,,2020-2023.xlsx,535
1679,2021-08-29,IVL_2021_summer_playoffs,alex,iron,sans,mk,long,3,0,2020-2023.xlsx,536
1680,2021-08-29,IVL_2021_summer_playoffs,ken,487,jelly,lion,huan,3,0,2020-2023.xlsx,537
1681,2021-08-29,IVL_2021_summer_playoffs,ken,huan,487,lion,jelly,3,0,2020-2023.xlsx,538
1682,2021-08-29,IVL_2021_summer_playoffs,alex,long,iron,mk,sans,2,,2020-2023.xlsx,539
1683,2021-08-29,IVL_2021_summer_playoffs,afu,lion,huan,487,jelly,2,,2020-2023.xlsx,540
1684,2021-08-29,IVL_2021_summer_playoffs,alex,mk,sans,iron,long,2,,2020-2023.xlsx,541
1685,2021-08-29,IVL_2021_summer_playoffs,afu,lion,huan,487,jelly,2,,2020-2023.xlsx,542
1686,2021-08-29,IVL_2021_summer_playoffs,alex,sans,mk,iron,long,1,1,2020-2023.xlsx,543
1687,2021-08-29,IVL_2021_summer_playoffs,dongx,jelly,487,huan,lion,1,1,2020-2023.xlsx,544
1688,2021-08-29,IVL_2021_summer_playoffs,alex,bobo,zyj,yihua,upxi,3,0,2020-2023.xlsx,545
1689,2021-08-29,IVL_2021_summer_playoffs,dongx,huan,487,lion,jelly,2,,2020-2023.xlsx,546
1690,2021-08-29,IVL_2021_summer_playoffs,alex,bobo,yihua,zyj,upxi,0,1,2020-2023.xlsx,547
1691,2021-08-29,IVL_2021_summer_playoffs,dongx,lion,huan,487,jelly,4,0,2020-2023.xlsx,548
1692,2021-08-29,IVL_2021_summer_playoffs,alex,yihua,bobo,zyj,upxi,2,,2020-2023.xlsx,549
1693,2021-08-29,IVL_2021_summer_playoffs,dongx,487,huan,jelly,lion,3,0,2020-2023.xlsx,550
1694,2021-08-29,IVL_2021_summer_playoffs,alex,zyj,bobo,upxi,yihua,1,1,2020-2023.xlsx,551
1695,2021-10-15,IVL_2021_fall_regular,anyi,bobo,zyj,yihua,upxi,1,1,2020-2023.xlsx,552
1696,2021-10-15,IVL_2021_fall_regular,dongx,jelly,487,lion,huan,4,0,2020-2023.xlsx,553
1697,2021-10-15,IVL_2021_fall_regular,anyi,bobo,zyj,yihua,upxi,0,1,2020-2023.xlsx,554
1698,2021-10-15,IVL_2021_fall_regular,dongx,487,huan,lion,jelly,4,0,2020-2023.xlsx,555
1699,2021-10-15,IVL_2021_fall_regular,d,ak,mk,iron,long,2,,2020-2023.xlsx,556
1700,2021-10-15,IVL_2021_fall_regular,afu,tang,libao,blue,huiyi,2,,2020-2023.xlsx,557
1701,2021-10-15,IVL_2021_fall_regular,afu,tang,blue,libao,huiyi,1,1,2020-2023.xlsx,558
1702,2021-10-15,IVL_2021_fall_regular,d,iron,mk,long,ak,0,1,2020-2023.xlsx,559
1703,2021-10-15,IVL_2021_fall_regular,ymm,iron,ak,mk,long,3,0,2020-2023.xlsx,560
1704,2021-10-15,IVL_2021_fall_regular,afu,libao,tang,blue,huiyi,3,0,2020-2023.xlsx,561
1705,2021-10-15,IVL_2021_fall_regular,ppx,ming,naian,zibi,jmt,2,,2020-2023.xlsx,562
1706,2021-10-15,IVL_2021_fall_regular,yue,youzi,zzai,kong,shadow,0,1,2020-2023.xlsx,563
1707,2021-10-15,IVL_2021_fall_regular,yue,zzai,shadow,youzi,kong,1,1,2020-2023.xlsx,564
1708,2021-10-15,IVL_2021_fall_regular,ppx,ming,jmt,zibi,naian,1,1,2020-2023.xlsx,565
1709,2021-10-15,IVL_2021_fall_regular,ppx,zibi,naian,ming,jmt,1,1,2020-2023.xlsx,566
1710,2021-10-15,IVL_2021_fall_regular,yue,youzi,shadow,kong,zzai,2,,2020-2023.xlsx,567
1711,2021-10-16,IVL_2021_fall_regular,thirteen,bm,tx,jiaxin,chuc,3,0,2020-2023.xlsx,568
1712,2021-10-16,IVL_2021_fall_regular,yan,yjj,billy,sxy,tea,3,0,2020-2023.xlsx,569
1713,2021-10-16,IVL_2021_fall_regular,yan,billy,tea,sxy,yjj,3,0,2020-2023.xlsx,570
1714,2021-10-16,IVL_2021_fall_regular,thirteen,xiaoi,tx,jiaxin,chuc,3,0,2020-2023.xlsx,571
1715,2021-10-16,IVL_2021_fall_regular,thirteen,xiaoi,chuc,jiaxin,tx,3,0,2020-2023.xlsx,572
1716,2021-10-16,IVL_2021_fall_regular,yan,sxy,tea,billy,yjj,3,0,2020-2023.xlsx,573
1717,2021-10-16,IVL_2021_fall_regular,gy,yjj,tea,sxy,billy,3,0,2020-2023.xlsx,574
1718,2021-10-16,IVL_2021_fall_regular,thirteen,chuc,xiaoi,jiaxin,tx,3,0,2020-2023.xlsx,575
1719,2021-10-16,IVL_2021_fall_regular,anyi,kucao,xen,18,koko,4,0,2020-2023.xlsx,576
1720,2021-10-16,IVL_2021_fall_regular,xawm,487,jelly,lion,huan,4,0,2020-2023.xlsx,577
1721,2021-10-16,IVL_2021_fall_regular,alex,xen,koko,18,kucao,3,0,2020-2023.xlsx,578
1722,2021-10-16,IVL_2021_fall_regular,xawm,487,jelly,huan,lion,2,,2020-2023.xlsx,579
1723,2021-10-16,IVL_2021_fall_regular,xawm,487,huan,lion,jelly,2,,2020-2023.xlsx,580
1724,2021-10-16,IVL_2021_fall_regular,alex,kucao,xen,18,koko,3,0,2020-2023.xlsx,581
1725,2021-10-16,IVL_2021_fall_regular,yue,iron,long,ak,mk,0,1,2020-2023.xlsx,582
1726,2021-10-16,IVL_2021_fall_regular,afu,ming,naian,zibi,jmt,0,1,2020-2023.xlsx,583
1727,2021-10-16,IVL_2021_fall_regular,yue,ak,mk,iron,long,3,0,2020-2023.xlsx,584
1728,2021-10-16,IVL_2021_fall_regular,afu,ming,jmt,naian,zibi,2,,2020-2023.xlsx,585
1729,2021-10-16,IVL_2021_fall_regular,yue,iron,mk,long,ak,2,,2020-2023.xlsx,586
1730,2021-10-16,IVL_2021_fall_regular,afu,jmt,zibi,ming,naian,2,,2020-2023.xlsx,587
1731,2021-10-17,IVL_2021_fall_regular,thirteen,xiaod,weirdo,xingh,hengh,2,,2020-2023.xlsx,588
1732,2021-10-17,IVL_2021_fall_regular,xc,billy,tea,yjj,sxy,2,,2020-2023.xlsx,589
1733,2021-10-17,IVL_2021_fall_regular,thirteen,xingh,xiaod,hengh,weirdo,3,0,2020-2023.xlsx,590
1734,2021-10-17,IVL_2021_fall_regular,xc,billy,tea,yjj,sxy,0,1,2020-2023.xlsx,591
1735,2021-10-17,IVL_2021_fall_regular,thirteen,xingh,xiaod,weirdo,hengh,3,0,2020-2023.xlsx,592
1736,2021-10-17,IVL_2021_fall_regular,xc,billy,tea,yjj,sxy,3,0,2020-2023.xlsx,593
1737,2021-10-17,IVL_2021_fall_regular,dongx,youzi,shadow,zzai,kong,0,1,2020-2023.xlsx,594
1738,2021-10-17,IVL_2021_fall_regular,ppx,bobo,zyj,upxi,yihua,3,0,2020-2023.xlsx,595
1739,2021-10-17,IVL_2021_fall_regular,dongx,shadow,youzi,kong,zzai,2,,2020-2023.xlsx,596
1740,2021-10-17,IVL_2021_fall_regular,ppx,upxi,bobo,zyj,ww,1,1,2020-2023.xlsx,597
1741,2021-10-17,IVL_2021_fall_regular,dongx,youzi,shadow,zzai,kong,0,1,2020-2023.xlsx,598
1742,2021-10-17,IVL_2021_fall_regular,ppx,bobo,zyj,ww,upxi,2,,2020-2023.xlsx,599
1743,2021-10-17,IVL_2021_fall_regular,d,koko,kucao,18,xen,3,0,2020-2023.xlsx,600
1744,2021-10-17,IVL_2021_fall_regular,xawm,libao,tang,blue,huiyi,2,,2020-2023.xlsx,601
1745,2021-10-17,IVL_2021_fall_regular,xawm,libao,tang,blue,huiyi,3,0,2020-2023.xlsx,602
1746,2021-10-17,IVL_2021_fall_regular,d,koko,xen,18,kucao,0,1,2020-2023.xlsx,603
1747,2021-10-17,IVL_2021_fall_regular,d,xen,kucao,18,koko,3,0,2020-2023.xlsx,604
1748,2021-10-17,IVL_2021_fall_regular,xawm,blue,huiyi,libao,tang,2,,2020-2023.xlsx,605
1749,2021-10-22,IVL_2021_fall_regular,alex,maom,tang,blue,huiyi,0,1,2020-2023.xlsx,606
1750,2021-10-22,IVL_2021_fall_regular,d,487,jelly,lion,huan,4,0,2020-2023.xlsx,607
1751,2021-10-22,IVL_2021_fall_regular,ymm,lion,huan,jelly,487,3,0,2020-2023.xlsx,608
1752,2021-10-22,IVL_2021_fall_regular,alex,maom,blue,huiyi,tang,2,,2020-2023.xlsx,609
1753,2021-10-22,IVL_2021_fall_regular,xc,mk,iron,long,ak,3,0,2020-2023.xlsx,610
1754,2021-10-22,IVL_2021_fall_regular,afu,xingh,xiaod,hengh,weirdo,4,0,2020-2023.xlsx,611
1755,2021-10-22,IVL_2021_fall_regular,xc,ak,mk,iron,long,0,1,2020-2023.xlsx,612
1756,2021-10-22,IVL_2021_fall_regular,xuan,xiaod,weirdo,xingh,hengh,4,0,2020-2023.xlsx,613
1757,2021-10-22,IVL_2021_fall_regular,yan,zyj,ww,bobo,upxi,0,1,2020-2023.xlsx,614
1758,2021-10-22,IVL_2021_fall_regular,dongx,bm,tx,jiaxin,chuc,0,1,2020-2023.xlsx,615
1759,2021-10-22,IVL_2021_fall_regular,dongx,bm,jiaxin,chuc,tx,0,1,2020-2023.xlsx,616
1760,2021-10-22,IVL_2021_fall_regular,yan,zyj,upxi,bobo,yihua,0,1,2020-2023.xlsx,617
1761,2021-10-22,IVL_2021_fall_regular,yan,bobo,upxi,zyj,yihua,3,0,2020-2023.xlsx,618
1762,2021-10-22,IVL_2021_fall_regular,dongx,jiaxin,xiaoi,chuc,tx,0,1,2020-2023.xlsx,619
1763,2021-10-23,IVL_2021_fall_regular,xawm,kong,zzai,heart,youzi,3,0,2020-2023.xlsx,620
1764,2021-10-23,IVL_2021_fall_regular,ppx,kucao,xen,18,zhuzi,3,0,2020-2023.xlsx,621
1765,2021-10-23,IVL_2021_fall_regular,ppx,kucao,zhuzi,xen,18,3,0,2020-2023.xlsx,622
1766,2021-10-23,IVL_2021_fall_regular,xawm,kong,zzai,heart,youzi,0,1,2020-2023.xlsx,623
1767,2021-10-23,IVL_2021_fall_regular,xawm,kong,heart,zzai,youzi,2,,2020-2023.xlsx,624
1768,2021-10-23,IVL_2021_fall_regular,ppx,zhuzi,kucao,18,xen,1,1,2020-2023.xlsx,625
1769,2021-10-23,IVL_2021_fall_regular,xc,ming,naian,zibi,jmt,0,1,2020-2023.xlsx,626
1770,2021-10-23,IVL_2021_fall_regular,yue,xingh,xiaod,weirdo,hengh,0,1,2020-2023.xlsx,627
1771,2021-10-23,IVL_2021_fall_regular,xc,ming,naian,zibi,z,2,,2020-2023.xlsx,628
1772,2021-10-23,IVL_2021_fall_regular,yue,weirdo,xiaod,xingh,hengh,3,0,2020-2023.xlsx,629
1773,2021-10-23,IVL_2021_fall_regular,yue,xingh,weirdo,hengh,xiaod,3,0,2020-2023.xlsx,630
1774,2021-10-23,IVL_2021_fall_regular,xc,jmt,zibi,ming,z,3,0,2020-2023.xlsx,631
1775,2021-10-23,IVL_2021_fall_regular,thirteen,487,jelly,huan,lion,3,0,2020-2023.xlsx,632
1776,2021-10-23,IVL_2021_fall_regular,anyi,tea,billy,sxy,yjj,2,,2020-2023.xlsx,633
1777,2021-10-23,IVL_2021_fall_regular,thirteen,487,jelly,lion,huan,3,0,2020-2023.xlsx,634
1778,2021-10-23,IVL_2021_fall_regular,alex,sxy,tea,billy,yjj,3,0,2020-2023.xlsx,635
1779,2021-10-23,IVL_2021_fall_regular,chz,jelly,lion,487,huan,2,,2020-2023.xlsx,636
1780,2021-10-23,IVL_2021_fall_regular,alex,sxy,tea,billy,yjj,1,1,2020-2023.xlsx,637
1781,2021-10-24,IVL_2021_fall_regular,afu,kucao,xen,zhuzi,18,3,0,2020-2023.xlsx,638
1782,2021-10-24,IVL_2021_fall_regular,xawm,ak,iron,mk,long,0,1,2020-2023.xlsx,639
1783,2021-10-24,IVL_2021_fall_regular,xuan,xen,zhuzi,kucao,18,4,0,2020-2023.xlsx,640
1784,2021-10-24,IVL_2021_fall_regular,xawm,ak,iron,long,mk,0,1,2020-2023.xlsx,641
1785,2021-10-24,IVL_2021_fall_regular,ppx,billy,tea,sxy,yjj,1,1,2020-2023.xlsx,642
1786,2021-10-24,IVL_2021_fall_regular,thirteen,kong,shadow,zzai,heart,2,,2020-2023.xlsx,643
1787,2021-10-24,IVL_2021_fall_regular,thirteen,kong,shadow,zzai,heart,2,,2020-2023.xlsx,644
1788,2021-10-24,IVL_2021_fall_regular,ppx,billy,tea,sxy,yjj,3,0,2020-2023.xlsx,645
1789,2021-10-24,IVL_2021_fall_regular,chz,zzai,youzi,heart,shadow,3,0,2020-2023.xlsx,646
1790,2021-10-24,IVL_2021_fall_regular,ppx,sxy,tea,billy,yjj,3,0,2020-2023.xlsx,647
1791,2021-10-24,IVL_2021_fall_regular,ppx,tea,sxy,yjj,billy,4,0,2020-2023.xlsx,648
1792,2021-10-24,IVL_2021_fall_regular,chz,heart,zzai,youzi,shadow,2,,2020-2023.xlsx,649
1793,2021-10-24,IVL_2021_fall_regular,yan,tang,maom,huiyi,blue,2,,2020-2023.xlsx,650
1794,2021-10-24,IVL_2021_fall_regular,ymm,bm,tx,jiaxin,chuc,2,,2020-2023.xlsx,651
1795,2021-10-24,IVL_2021_fall_regular,ymm,xiaoi,chuc,tx,jiaxin,3,0,2020-2023.xlsx,652
1796,2021-10-24,IVL_2021_fall_regular,yan,libao,tang,huiyi,maom,3,0,2020-2023.xlsx,653
1797,2021-10-24,IVL_2021_fall_regular,gy,tang,huiyi,maom,libao,2,,2020-2023.xlsx,654
1798,2021-10-24,IVL_2021_fall_regular,ymm,jiaxin,xiaoi,tx,chuc,1,1,2020-2023.xlsx,655
1799,2021-10-29,IVL_2021_fall_regular,dongx,billy,yjj,sxy,tea,0,1,2020-2023.xlsx,656
1800,2021-10-29,IVL_2021_fall_regular,thirteen,zyj,ww,yihua,upxi,3,0,2020-2023.xlsx,657
1801,2021-10-29,IVL_2021_fall_regular,dongx,tea,sxy,billy,yjj,2,,2020-2023.xlsx,658
1802,2021-10-29,IVL_2021_fall_regular,chz,yihua,ww,zyj,upxi,3,0,2020-2023.xlsx,659
1803,2021-10-29,IVL_2021_fall_regular,xc,maom,tang,blue,huiyi,3,0,2020-2023.xlsx,660
1804,2021-10-29,IVL_2021_fall_regular,ymm,xingh,xiaod,hengh,weirdo,3,0,2020-2023.xlsx,661
1805,2021-10-29,IVL_2021_fall_regular,d,xingh,weirdo,xiaod,hengh,3,0,2020-2023.xlsx,662
1806,2021-10-29,IVL_2021_fall_regular,xc,tang,huiyi,blue,maom,3,0,2020-2023.xlsx,663
1807,2021-10-29,IVL_2021_fall_regular,xc,tang,maom,libao,huiyi,1,1,2020-2023.xlsx,664
1808,2021-10-29,IVL_2021_fall_regular,ymm,xingh,xiaod,weirdo,hengh,3,0,2020-2023.xlsx,665
1809,2021-10-29,IVL_2021_fall_regular,yan,kucao,xen,18,koko,2,,2020-2023.xlsx,666
1810,2021-10-29,IVL_2021_fall_regular,xawm,tx,chuc,xiaoi,jiaxin,3,0,2020-2023.xlsx,667
1811,2021-10-29,IVL_2021_fall_regular,yan,kucao,xen,koko,18,4,0,2020-2023.xlsx,668
1812,2021-10-29,IVL_2021_fall_regular,xawm,xiaoi,tx,jiaxin,chuc,0,1,2020-2023.xlsx,669
1813,2021-10-29,IVL_2021_fall_regular,yan,kucao,koko,xen,18,2,,2020-2023.xlsx,670
1814,2021-10-29,IVL_2021_fall_regular,xawm,jiaxin,xiaoi,tx,chuc,1,1,2020-2023.xlsx,671
1815,2021-10-03,IVL_2021_fall_regular,dongx,mk,iron,ak,long,0,1,2020-2023.xlsx,672
1816,2021-10-03,IVL_2021_fall_regular,afu,yihua,zyj,ww,upxi,3,0,2020-2023.xlsx,673
1817,2021-10-03,IVL_2021_fall_regular,afu,yihua,ww,zyj,upxi,2,,2020-2023.xlsx,674
1818,2021-10-03,IVL_2021_fall_regular,dongx,mk,iron,long,ak,2,,2020-2023.xlsx,675
1819,2021-10-03,IVL_2021_fall_regular,dongx,long,mk,iron,ak,2,,2020-2023.xlsx,676
1820,2021-10-03,IVL_2021_fall_regular,afu,yihua,ww,upxi,zyj,2,,2020-2023.xlsx,677
1821,2021-10-03,IVL_2021_fall_regular,alex,kong,youzi,heart,shadow,2,,2020-2023.xlsx,678
1822,2021-10-03,IVL_2021_fall_regular,ppx,jelly,487,huan,lion,3,0,2020-2023.xlsx,679
1823,2021-10-03,IVL_2021_fall_regular,ppx,487,jelly,huan,lion,0,1,2020-2023.xlsx,680
1824,2021-10-03,IVL_2021_fall_regular,alex,kong,shadow,youzi,heart,1,1,2020-2023.xlsx,681
1825,2021-10-03,IVL_2021_fall_regular,alex,zzai,youzi,heart,shadow,2,,2020-2023.xlsx,682
1826,2021-10-03,IVL_2021_fall_regular,ppx,487,lion,huan,jelly,2,,2020-2023.xlsx,683
1827,2021-10-03,IVL_2021_fall_regular,chz,ming,naian,zibi,z,4,0,2020-2023.xlsx,684
1828,2021-10-03,IVL_2021_fall_regular,yue,billy,tea,yjj,sxy,2,,2020-2023.xlsx,685
1829,2021-10-03,IVL_2021_fall_regular,yue,billy,tea,yjj,sxy,2,,2020-2023.xlsx,686
1830,2021-10-03,IVL_2021_fall_regular,chz,naian,zibi,ming,z,2,,2020-2023.xlsx,687
1831,2021-10-03,IVL_2021_fall_regular,chz,naian,ming,jmt,zibi,2,,2020-2023.xlsx,688
1832,2021-10-03,IVL_2021_fall_regular,yue,billy,sxy,yjj,tea,0,1,2020-2023.xlsx,689
1833,2021-10-31,IVL_2021_fall_regular,xc,bm,tx,chuc,jiaxin,2,,2020-2023.xlsx,690
1834,2021-10-31,IVL_2021_fall_regular,yan,xiaod,xingh,hengh,weirdo,2,,2020-2023.xlsx,691
1835,2021-10-31,IVL_2021_fall_regular,yan,xiaod,xingh,weirdo,hengh,3,0,2020-2023.xlsx,692
1836,2021-10-31,IVL_2021_fall_regular,xc,bm,chuc,jiaxin,tx,3,0,2020-2023.xlsx,693
1837,2021-10-31,IVL_2021_fall_regular,xc,jiaxin,chuc,xiaoi,tx,2,,2020-2023.xlsx,694
1838,2021-10-31,IVL_2021_fall_regular,yan,xingh,weirdo,hengh,xiaod,3,0,2020-2023.xlsx,695
1839,2021-10-31,IVL_2021_fall_regular,yue,kucao,xen,koko,18,3,0,2020-2023.xlsx,696
1840,2021-10-31,IVL_2021_fall_regular,xawm,ming,naian,zibi,z,3,0,2020-2023.xlsx,697
1841,2021-10-31,IVL_2021_fall_regular,xawm,zibi,naian,z,ming,1,1,2020-2023.xlsx,698
1842,2021-10-31,IVL_2021_fall_regular,yue,xen,koko,18,kucao,1,1,2020-2023.xlsx,699
1843,2021-10-31,IVL_2021_fall_regular,yue,koko,kucao,xen,18,2,,2020-2023.xlsx,700
1844,2021-10-31,IVL_2021_fall_regular,xawm,jmt,zibi,z,ming,2,,2020-2023.xlsx,701
1845,2021-10-31,IVL_2021_fall_regular,xawm,jmt,zibi,z,ming,3,0,2020-2023.xlsx,702
1846,2021-10-31,IVL_2021_fall_regular,yue,koko,18,xen,kucao,3,0,2020-2023.xlsx,703
1847,2021-10-31,IVL_2021_fall_regular,ppx,tang,libao,blue,huiyi,2,,2020-2023.xlsx,704
1848,2021-10-31,IVL_2021_fall_regular,d,kong,youzi,heart,shadow,2,,2020-2023.xlsx,705
1849,2021-10-31,IVL_2021_fall_regular,d,kong,shadow,heart,youzi,2,,2020-2023.xlsx,706
1850,2021-10-31,IVL_2021_fall_regular,ppx,libao,tang,huiyi,blue,0,1,2020-2023.xlsx,707
1851,2021-10-31,IVL_2021_fall_regular,ppx,libao,tang,maom,huiyi,3,0,2020-2023.xlsx,708
1852,2021-10-31,IVL_2021_fall_regular,ymm,zzai,shadow,youzi,heart,3,0,2020-2023.xlsx,709
1853,2021-11-05,IVL_2021_fall_regular,yue,zyj,bobo,yihua,upxi,3,0,2020-2023.xlsx,710
1854,2021-11-05,IVL_2021_fall_regular,dongx,zibi,naian,jmt,ming,0,1,2020-2023.xlsx,711
1855,2021-11-05,IVL_2021_fall_regular,yue,bobo,upxi,zyj,yihua,2,,2020-2023.xlsx,712
1856,2021-11-05,IVL_2021_fall_regular,dongx,naian,ming,zibi,z,2,,2020-2023.xlsx,713
1857,2021-11-05,IVL_2021_fall_regular,dongx,jmt,z,ming,zibi,2,,2020-2023.xlsx,714
1858,2021-11-05,IVL_2021_fall_regular,yue,yihua,upxi,bobo,zyj,3,0,2020-2023.xlsx,715
1859,2021-11-05,IVL_2021_fall_regular,yan,youzi,shadow,heart,zzai,2,,2020-2023.xlsx,716
1860,2021-11-05,IVL_2021_fall_regular,ppx,tx,chuc,bm,xiaoi,1,1,2020-2023.xlsx,717
1861,2021-11-05,IVL_2021_fall_regular,ppx,tx,bm,xiaoi,chuc,1,1,2020-2023.xlsx,718
1862,2021-11-05,IVL_2021_fall_regular,yan,zzai,shadow,heart,youzi,2,,2020-2023.xlsx,719
1863,2021-11-05,IVL_2021_fall_regular,d,sxy,tea,yjj,billy,4,0,2020-2023.xlsx,720
1864,2021-11-05,IVL_2021_fall_regular,chz,libao,tang,huiyi,maom,3,0,2020-2023.xlsx,721
1865,2021-11-05,IVL_2021_fall_regular,chz,maom,tang,huiyi,libao,2,,2020-2023.xlsx,722
1866,2021-11-05,IVL_2021_fall_regular,d,sxy,tea,billy,yjj,0,1,2020-2023.xlsx,723
1867,2021-11-05,IVL_2021_fall_regular,d,sxy,tea,billy,yjj,4,0,2020-2023.xlsx,724
1868,2021-11-05,IVL_2021_fall_regular,chz,tang,huiyi,maom,libao,4,0,2020-2023.xlsx,725
1869,2021-11-06,IVL_2021_fall_regular,xawm,xingh,xiaod,hengh,weirdo,1,1,2020-2023.xlsx,726
1870,2021-11-06,IVL_2021_fall_regular,xc,kucao,xen,koko,18,0,1,2020-2023.xlsx,727
1871,2021-11-06,IVL_2021_fall_regular,xc,18,koko,kucao,xen,3,0,2020-2023.xlsx,728
1872,2021-11-06,IVL_2021_fall_regular,xawm,xingh,xiaod,weirdo,hengh,1,1,2020-2023.xlsx,729
1873,2021-11-06,IVL_2021_fall_regular,xawm,xingh,weirdo,xiaod,hengh,0,1,2020-2023.xlsx,730
1874,2021-11-06,IVL_2021_fall_regular,xc,kucao,18,xen,koko,1,1,2020-2023.xlsx,731
1875,2021-11-06,IVL_2021_fall_regular,alex,iron,mk,long,ak,2,,2020-2023.xlsx,732
1876,2021-11-06,IVL_2021_fall_regular,afu,jelly,487,lion,huan,3,0,2020-2023.xlsx,733
1877,2021-11-06,IVL_2021_fall_regular,alex,mk,long,ak,iron,2,,2020-2023.xlsx,734
1878,2021-11-06,IVL_2021_fall_regular,afu,jelly,lion,487,huan,3,0,2020-2023.xlsx,735
1879,2021-11-06,IVL_2021_fall_regular,yue,tang,libao,maom,huiyi,2,,2020-2023.xlsx,736
1880,2021-11-06,IVL_2021_fall_regular,d,naian,ming,zibi,z,2,,2020-2023.xlsx,737
1881,2021-11-06,IVL_2021_fall_regular,d,naian,zibi,ming,z,0,1,2020-2023.xlsx,738
1882,2021-11-06,IVL_2021_fall_regular,yue,libao,tang,maom,huiyi,4,0,2020-2023.xlsx,739
1883,2021-11-06,IVL_2021_fall_regular,yue,tang,huiyi,libao,maom,1,1,2020-2023.xlsx,740
1884,2021-11-06,IVL_2021_fall_regular,d,naian,zibi,jmt,ming,2,,2020-2023.xlsx,741
1885,2021-11-07,IVL_2021_fall_regular,yan,iron,long,mk,ak,3,0,2020-2023.xlsx,742
1886,2021-11-07,IVL_2021_fall_regular,afu,chuc,xiaoi,tx,jiaxin,2,,2020-2023.xlsx,743
1887,2021-11-07,IVL_2021_fall_regular,yan,ak,long,mk,iron,2,,2020-2023.xlsx,744
1888,2021-11-07,IVL_2021_fall_regular,afu,tx,chuc,jiaxin,xiaoi,2,,2020-2023.xlsx,745
1889,2021-11-07,IVL_2021_fall_regular,afu,jiaxin,chuc,xiaoi,tx,2,,2020-2023.xlsx,746
1890,2021-11-07,IVL_2021_fall_regular,yan,long,iron,ak,mk,4,0,2020-2023.xlsx,747
1891,2021-11-07,IVL_2021_fall_regular,dongx,kucao,xen,koko,18,1,1,2020-2023.xlsx,748
1892,2021-11-07,IVL_2021_fall_regular,xawm,bobo,zyj,yihua,upxi,2,,2020-2023.xlsx,749
1893,2021-11-07,IVL_2021_fall_regular,xawm,bobo,zyj,yihua,upxi,1,1,2020-2023.xlsx,750
1894,2021-11-07,IVL_2021_fall_regular,dongx,koko,18,xen,kucao,0,1,2020-2023.xlsx,751
1895,2021-11-07,IVL_2021_fall_regular,anyi,xiaod,weirdo,xingh,hengh,4,0,2020-2023.xlsx,752
1896,2021-11-07,IVL_2021_fall_regular,xc,487,jelly,huan,lion,3,0,2020-2023.xlsx,753
1897,2021-11-07,IVL_2021_fall_regular,xc,jelly,487,lion,huan,3,0,2020-2023.xlsx,754
1898,2021-11-07,IVL_2021_fall_regular,alex,xingh,weirdo,hengh,xiaod,3,0,2020-2023.xlsx,755
1899,2021-11-07,IVL_2021_fall_regular,alex,xiaod,xingh,weirdo,hengh,2,,2020-2023.xlsx,756
1900,2021-11-07,IVL_2021_fall_regular,xc,487,jelly,lion,huan,3,0,2020-2023.xlsx,757
1901,2021-11-12,IVL_2021_fall_regular,yan,jmt,ming,naian,zibi,3,0,2020-2023.xlsx,758
1902,2021-11-12,IVL_2021_fall_regular,yue,bm,tx,jiaxin,chuc,0,1,2020-2023.xlsx,759
1903,2021-11-12,IVL_2021_fall_regular,yue,jiaxin,chuc,xiaoi,tx,1,1,2020-2023.xlsx,760
1904,2021-11-12,IVL_2021_fall_regular,yan,jmt,ming,naian,zibi,3,0,2020-2023.xlsx,761
1905,2021-11-12,IVL_2021_fall_regular,chz,ak,long,mk,moon,3,0,2020-2023.xlsx,762
1906,2021-11-12,IVL_2021_fall_regular,afu,billy,tea,sxy,yjj,2,,2020-2023.xlsx,763
1907,2021-11-12,IVL_2021_fall_regular,thirteen,ak,long,moon,mk,3,0,2020-2023.xlsx,764
1908,2021-11-12,IVL_2021_fall_regular,afu,sxy,tea,billy,yjj,0,1,2020-2023.xlsx,765
1909,2021-11-12,IVL_2021_fall_regular,xc,youzi,shadow,heart,zzai,2,,2020-2023.xlsx,766
1910,2021-11-12,IVL_2021_fall_regular,ppx,xiaod,xingh,hengh,weirdo,2,,2020-2023.xlsx,767
1911,2021-11-12,IVL_2021_fall_regular,ppx,hengh,xingh,weirdo,xiaod,3,0,2020-2023.xlsx,768
1912,2021-11-12,IVL_2021_fall_regular,xc,youzi,shadow,heart,zzai,2,,2020-2023.xlsx,769
1913,2021-11-12,IVL_2021_fall_regular,xc,youzi,zzai,heart,shadow,2,,2020-2023.xlsx,770
1914,2021-11-12,IVL_2021_fall_regular,ppx,xingh,weirdo,hengh,xiaod,3,0,2020-2023.xlsx,771
1915,2021-11-13,IVL_2021_fall_regular,chz,kucao,xen,18,koko,1,1,2020-2023.xlsx,772
1916,2021-11-13,IVL_2021_fall_regular,xawm,billy,tea,sxy,yjj,4,0,2020-2023.xlsx,773
1917,2021-11-13,IVL_2021_fall_regular,chz,xen,kucao,18,zhuzi,2,,2020-2023.xlsx,774
1918,2021-11-13,IVL_2021_fall_regular,xawm,tea,sxy,yjj,billy,4,0,2020-2023.xlsx,775
1919,2021-11-13,IVL_2021_fall_regular,yue,jelly,487,lion,huan,2,,2020-2023.xlsx,776
1920,2021-11-13,IVL_2021_fall_regular,alex,jmt,ming,naian,zibi,4,0,2020-2023.xlsx,777
1921,2021-11-13,IVL_2021_fall_regular,yue,jelly,huan,lion,487,3,0,2020-2023.xlsx,778
1922,2021-11-13,IVL_2021_fall_regular,alex,ming,jmt,naian,zibi,3,0,2020-2023.xlsx,779
1923,2021-11-13,IVL_2021_fall_regular,yue,jelly,huan,487,lion,2,,2020-2023.xlsx,780
1924,2021-11-13,IVL_2021_fall_regular,alex,jmt,ming,zibi,naian,0,1,2020-2023.xlsx,781
1925,2021-11-13,IVL_2021_fall_regular,alex,jmt,naian,zibi,ming,3,0,2020-2023.xlsx,782
1926,2021-11-13,IVL_2021_fall_regular,yue,487,huan,lion,jelly,3,0,2020-2023.xlsx,783
1927,2021-11-13,IVL_2021_fall_regular,dongx,xingh,xiaod,weirdo,hengh,2,,2020-2023.xlsx,784
1928,2021-11-13,IVL_2021_fall_regular,xc,bobo,upxi,zyj,yihua,0,1,2020-2023.xlsx,785
1929,2021-11-13,IVL_2021_fall_regular,dongx,xingh,hengh,xiaod,weirdo,2,,2020-2023.xlsx,786
1930,2021-11-13,IVL_2021_fall_regular,xc,yihua,zyj,upxi,bobo,3,0,2020-2023.xlsx,787
1931,2021-11-13,IVL_2021_fall_regular,dongx,xiaod,hengh,xingh,weirdo,0,1,2020-2023.xlsx,788
1932,2021-11-13,IVL_2021_fall_regular,xc,bobo,yihua,upxi,zyj,2,,2020-2023.xlsx,789
1933,2021-11-14,IVL_2021_fall_regular,yan,487,jelly,lion,huan,1,1,2020-2023.xlsx,790
1934,2021-11-14,IVL_2021_fall_regular,alex,tx,chuc,jiaxin,xiaoi,2,,2020-2023.xlsx,791
1935,2021-11-14,IVL_2021_fall_regular,gy,487,jelly,huan,lion,4,0,2020-2023.xlsx,792
1936,2021-11-14,IVL_2021_fall_regular,alex,jiaxin,chuc,xiaoi,tx,2,,2020-2023.xlsx,793
1937,2021-11-14,IVL_2021_fall_regular,yan,487,lion,jelly,huan,3,0,2020-2023.xlsx,794
1938,2021-11-14,IVL_2021_fall_regular,alex,jiaxin,xiaoi,chuc,tx,0,1,2020-2023.xlsx,795
1939,2021-11-14,IVL_2021_fall_regular,dongx,tang,libao,maom,huiyi,3,0,2020-2023.xlsx,796
1940,2021-11-14,IVL_2021_fall_regular,d,bobo,upxi,yihua,zyj,2,,2020-2023.xlsx,797
1941,2021-11-14,IVL_2021_fall_regular,d,bobo,zyj,upxi,yihua,2,,2020-2023.xlsx,798
1942,2021-11-14,IVL_2021_fall_regular,dongx,libao,tang,huiyi,maom,2,,2020-2023.xlsx,799
1943,2021-11-14,IVL_2021_fall_regular,dongx,libao,huiyi,tang,maom,0,1,2020-2023.xlsx,800
1944,2021-11-14,IVL_2021_fall_regular,d,yihua,bobo,upxi,zyj,3,0,2020-2023.xlsx,801
1945,2021-11-14,IVL_2021_fall_regular,ppx,moon,ak,long,mk,2,,2020-2023.xlsx,802
1946,2021-11-14,IVL_2021_fall_regular,afu,youzi,zzai,heart,shadow,2,,2020-2023.xlsx,803
1947,2021-11-14,IVL_2021_fall_regular,afu,youzi,zzai,shadow,heart,1,1,2020-2023.xlsx,804
1948,2021-11-14,IVL_2021_fall_regular,ppx,ak,long,mk,moon,1,1,2020-2023.xlsx,805
1949,2021-11-14,IVL_2021_fall_regular,afu,youzi,heart,shadow,zzai,3,0,2020-2023.xlsx,806
1950,2021-11-14,IVL_2021_fall_regular,ppx,moon,long,mk,ak,2,,2020-2023.xlsx,807
1951,2021-11-19,IVL_2021_fall_regular,chz,bobo,zyj,upxi,yihua,3,0,2020-2023.xlsx,808
1952,2021-11-19,IVL_2021_fall_regular,dongx,billy,sxy,tea,yjj,0,1,2020-2023.xlsx,809
1953,2021-11-19,IVL_2021_fall_regular,chz,bobo,yihua,upxi,zyj,3,0,2020-2023.xlsx,810
1954,2021-11-19,IVL_2021_fall_regular,dongx,sxy,tea,yjj,billy,4,0,2020-2023.xlsx,811
1955,2021-11-19,IVL_2021_fall_regular,chz,yihua,bobo,zyj,upxi,3,0,2020-2023.xlsx,812
1956,2021-11-19,IVL_2021_fall_regular,dongx,billy,tea,sxy,yjj,1,1,2020-2023.xlsx,813
1957,2021-11-19,IVL_2021_fall_regular,d,xingh,weirdo,xiaod,hengh,2,,2020-2023.xlsx,814
1958,2021-11-19,IVL_2021_fall_regular,xc,tang,maom,libao,huiyi,1,1,2020-2023.xlsx,815
1959,2021-11-19,IVL_2021_fall_regular,xc,tang,libao,huiyi,maom,4,0,2020-2023.xlsx,816
1960,2021-11-19,IVL_2021_fall_regular,d,weirdo,xingh,xiaod,hengh,2,,2020-2023.xlsx,817
1961,2021-11-19,IVL_2021_fall_regular,xc,libao,maom,huiyi,tang,3,0,2020-2023.xlsx,818
1962,2021-11-19,IVL_2021_fall_regular,d,xingh,weirdo,hengh,xiaod,3,0,2020-2023.xlsx,819
1963,2021-11-19,IVL_2021_fall_regular,xawm,tx,chuc,jiaxin,xiaoi,3,0,2020-2023.xlsx,820
1964,2021-11-19,IVL_2021_fall_regular,yan,kucao,xen,18,koko,2,,2020-2023.xlsx,821
1965,2021-11-19,IVL_2021_fall_regular,yan,koko,xen,kucao,18,3,0,2020-2023.xlsx,822
1966,2021-11-19,IVL_2021_fall_regular,xawm,jiaxin,chuc,xiaoi,tx,4,0,2020-2023.xlsx,823
1967,2021-11-02,IVL_2021_fall_regular,dongx,long,ak,mk,moon,2,,2020-2023.xlsx,824
1968,2021-11-02,IVL_2021_fall_regular,afu,bobo,zyj,yihua,upxi,3,0,2020-2023.xlsx,825
1969,2021-11-02,IVL_2021_fall_regular,dongx,ak,long,moon,mk,0,1,2020-2023.xlsx,826
1970,2021-11-02,IVL_2021_fall_regular,afu,bobo,zyj,upxi,yihua,2,,2020-2023.xlsx,827
1971,2021-11-02,IVL_2021_fall_regular,ppx,487,lion,huan,111,0,1,2020-2023.xlsx,828
1972,2021-11-02,IVL_2021_fall_regular,alex,shadow,youzi,zzai,heart,2,,2020-2023.xlsx,829
1973,2021-11-02,IVL_2021_fall_regular,alex,heart,shadow,youzi,zzai,2,,2020-2023.xlsx,830
1974,2021-11-02,IVL_2021_fall_regular,ppx,jelly,huan,487,lion,2,,2020-2023.xlsx,831
1975,2021-11-02,IVL_2021_fall_regular,alex,shadow,heart,zzai,youzi,3,0,2020-2023.xlsx,832
1976,2021-11-02,IVL_2021_fall_regular,ppx,huan,jelly,lion,487,3,0,2020-2023.xlsx,833
1977,2021-11-02,IVL_2021_fall_regular,yue,tea,sxy,billy,yjj,3,0,2020-2023.xlsx,834
1978,2021-11-02,IVL_2021_fall_regular,thirteen,zibi,ming,fox,jmt,4,0,2020-2023.xlsx,835
1979,2021-11-02,IVL_2021_fall_regular,thirteen,jmt,zibi,fox,ming,3,0,2020-2023.xlsx,836
1980,2021-11-02,IVL_2021_fall_regular,yue,sxy,tea,billy,yjj,2,,2020-2023.xlsx,837
1981,2021-11-21,IVL_2021_fall_regular,yan,xiaod,xingh,weirdo,hengh,2,,2020-2023.xlsx,838
1982,2021-11-21,IVL_2021_fall_regular,xc,tx,jiaxin,xiaoi,chuc,0,1,2020-2023.xlsx,839
1983,2021-11-21,IVL_2021_fall_regular,xc,jiaxin,chuc,xiaoi,tx,2,,2020-2023.xlsx,840
1984,2021-11-21,IVL_2021_fall_regular,gy,xingh,xiaod,hengh,weirdo,3,0,2020-2023.xlsx,841
1985,2021-11-21,IVL_2021_fall_regular,xawm,ming,jmt,fox,zibi,3,0,2020-2023.xlsx,842
1986,2021-11-21,IVL_2021_fall_regular,yue,kucao,koko,xen,18,2,,2020-2023.xlsx,843
1987,2021-11-21,IVL_2021_fall_regular,yue,koko,18,xen,kucao,3,0,2020-2023.xlsx,844
1988,2021-11-21,IVL_2021_fall_regular,xawm,ming,jmt,zibi,fox,1,1,2020-2023.xlsx,845
1989,2021-11-21,IVL_2021_fall_regular,yue,18,xen,koko,kucao,2,,2020-2023.xlsx,846
1990,2021-11-21,IVL_2021_fall_regular,xawm,jmt,zibi,fox,ming,2,,2020-2023.xlsx,847
1991,2021-11-21,IVL_2021_fall_regular,ppx,tang,libao,maom,huiyi,2,,2020-2023.xlsx,848
1992,2021-11-21,IVL_2021_fall_regular,d,zzai,shadow,youzi,heart,2,,2020-2023.xlsx,849
1993,2021-11-21,IVL_2021_fall_regular,ppx,tang,huiyi,libao,maom,3,0,2020-2023.xlsx,850
1994,2021-11-21,IVL_2021_fall_regular,d,zzai,heart,shadow,youzi,3,0,2020-2023.xlsx,851
1995,2021-11-21,IVL_2021_fall_regular,d,zzai,youzi,heart,shadow,2,,2020-2023.xlsx,852
1996,2021-11-21,IVL_2021_fall_regular,ppx,tang,huiyi,maom,libao,3,0,2020-2023.xlsx,853
1997,2021-11-26,IVL_2021_fall_regular,dongx,ming,jmt,fox,zibi,3,0,2020-2023.xlsx,854
1998,2021-11-26,IVL_2021_fall_regular,yue,bobo,upxi,yihua,zyj,2,,2020-2023.xlsx,855
1999,2021-11-26,IVL_2021_fall_regular,dongx,jmt,ming,zibi,fox,1,1,2020-2023.xlsx,856
2000,2021-11-26,IVL_2021_fall_regular,yue,bobo,yihua,zyj,upxi,0,1,2020-2023.xlsx,857
2001,2021-11-26,IVL_2021_fall_regular,ppx,jiaxin,chuc,tx,xiaoi,0,1,2020-2023.xlsx,858
2002,2021-11-26,IVL_2021_fall_regular,yan,youzi,40,heart,zzai,2,,2020-2023.xlsx,859
2003,2021-11-26,IVL_2021_fall_regular,yan,zzai,youzi,heart,shadow,4,0,2020-2023.xlsx,860
2004,2021-11-26,IVL_2021_fall_regular,ppx,jiaxin,chuc,tx,xiaoi,3,0,2020-2023.xlsx,861
2005,2021-11-26,IVL_2021_fall_regular,thirteen,maom,libao,blue,huiyi,4,0,2020-2023.xlsx,862
2006,2021-11-26,IVL_2021_fall_regular,d,sxy,tea,billy,yjj,1,1,2020-2023.xlsx,863
2007,2021-11-26,IVL_2021_fall_regular,chz,maom,libao,blue,huiyi,0,1,2020-2023.xlsx,864
2008,2021-11-26,IVL_2021_fall_regular,d,sxy,tea,billy,yjj,2,,2020-2023.xlsx,865
2009,2021-11-26,IVL_2021_fall_regular,chz,maom,huiyi,blue,libao,0,1,2020-2023.xlsx,866
2010,2021-11-26,IVL_2021_fall_regular,d,sxy,yjj,tea,billy,2,,2020-2023.xlsx,867
2011,2021-11-27,IVL_2021_fall_regular,xc,kucao,koko,xen,18,3,0,2020-2023.xlsx,868
2012,2021-11-27,IVL_2021_fall_regular,xawm,xingh,xiaod,hengh,weirdo,4,0,2020-2023.xlsx,869
2013,2021-11-27,IVL_2021_fall_regular,xawm,weirdo,xiaod,xingh,hengh,2,,2020-2023.xlsx,870
2014,2021-11-27,IVL_2021_fall_regular,xc,kucao,xen,18,koko,3,0,2020-2023.xlsx,871
2015,2021-11-27,IVL_2021_fall_regular,xawm,xiaod,xingh,weirdo,hengh,0,1,2020-2023.xlsx,872
2016,2021-11-27,IVL_2021_fall_regular,xc,koko,18,kucao,xen,3,0,2020-2023.xlsx,873
2017,2021-11-27,IVL_2021_fall_regular,afu,jelly,487,huan,lion,2,,2020-2023.xlsx,874
2018,2021-11-27,IVL_2021_fall_regular,alex,moon,ak,long,mk,2,,2020-2023.xlsx,875
2019,2021-11-27,IVL_2021_fall_regular,afu,jelly,huan,lion,487,2,,2020-2023.xlsx,876
2020,2021-11-27,IVL_2021_fall_regular,alex,moon,ak,long,mk,3,0,2020-2023.xlsx,877
2021,2021-11-27,IVL_2021_fall_regular,afu,487,huan,lion,jelly,4,0,2020-2023.xlsx,878
2022,2021-11-27,IVL_2021_fall_regular,alex,ak,moon,mk,long,0,1,2020-2023.xlsx,879
2023,2021-11-27,IVL_2021_fall_regular,d,jmt,ming,fox,zibi,2,,2020-2023.xlsx,880
2024,2021-11-27,IVL_2021_fall_regular,yue,libao,tang,huiyi,maom,2,,2020-2023.xlsx,881
2025,2021-11-27,IVL_2021_fall_regular,yue,tang,maom,libao,huiyi,4,0,2020-2023.xlsx,882
2026,2021-11-27,IVL_2021_fall_regular,d,zibi,jmt,fox,ming,4,0,2020-2023.xlsx,883
2027,2021-11-27,IVL_2021_fall_regular,d,fox,zibi,jmt,ming,3,0,2020-2023.xlsx,884
2028,2021-11-27,IVL_2021_fall_regular,yue,libao,tang,huiyi,maom,2,,2020-2023.xlsx,885
2029,2021-11-28,IVL_2021_fall_regular,yan,mk,ak,moon,long,1,1,2020-2023.xlsx,886
2030,2021-11-28,IVL_2021_fall_regular,afu,tx,chuc,xiaoi,jiaxin,0,1,2020-2023.xlsx,887
2031,2021-11-28,IVL_2021_fall_regular,afu,tx,chuc,jiaxin,xiaoi,2,,2020-2023.xlsx,888
2032,2021-11-28,IVL_2021_fall_regular,yan,mk,ak,moon,long,3,0,2020-2023.xlsx,889
2033,2021-11-28,IVL_2021_fall_regular,xawm,bobo,yihua,upxi,ww,1,1,2020-2023.xlsx,890
2034,2021-11-28,IVL_2021_fall_regular,dongx,kucao,koko,xen,18,0,1,2020-2023.xlsx,891
2035,2021-11-28,IVL_2021_fall_regular,xawm,ww,bobo,yihua,upxi,3,0,2020-2023.xlsx,892
2036,2021-11-28,IVL_2021_fall_regular,dongx,koko,18,kucao,xen,0,1,2020-2023.xlsx,893
2037,2021-11-28,IVL_2021_fall_regular,xc,487,huan,jelly,lion,1,1,2020-2023.xlsx,894
2038,2021-11-28,IVL_2021_fall_regular,alex,xiaod,xingh,hengh,weirdo,0,1,2020-2023.xlsx,895
2039,2021-11-28,IVL_2021_fall_regular,alex,hengh,xingh,weirdo,xiaod,3,0,2020-2023.xlsx,896
2040,2021-11-28,IVL_2021_fall_regular,xc,jelly,487,lion,huan,4,0,2020-2023.xlsx,897
2041,2021-12-03,IVL_2021_fall_regular,yue,aj,tx,xiaoi,jiaxin,2,,2020-2023.xlsx,898
2042,2021-12-03,IVL_2021_fall_regular,yan,jmt,zibi,fox,ming,1,1,2020-2023.xlsx,899
2043,2021-12-03,IVL_2021_fall_regular,gy,jmt,ming,zibi,fox,2,,2020-2023.xlsx,900
2044,2021-12-03,IVL_2021_fall_regular,yue,jiaxin,aj,xiaoi,tx,0,1,2020-2023.xlsx,901
2045,2021-12-03,IVL_2021_fall_regular,yue,aj,xiaoi,tx,chuc,0,1,2020-2023.xlsx,902
2046,2021-12-03,IVL_2021_fall_regular,gy,jmt,zibi,fox,ming,2,,2020-2023.xlsx,903
2047,2021-12-03,IVL_2021_fall_regular,chz,moon,ak,mk,long,3,0,2020-2023.xlsx,904
2048,2021-12-03,IVL_2021_fall_regular,afu,billy,sxy,yjj,tea,3,0,2020-2023.xlsx,905
2049,2021-12-03,IVL_2021_fall_regular,chz,ak,mk,moon,long,3,0,2020-2023.xlsx,906
2050,2021-12-03,IVL_2021_fall_regular,afu,sxy,yjj,billy,tea,0,1,2020-2023.xlsx,907
2051,2021-12-03,IVL_2021_fall_regular,chz,ak,moon,long,mk,3,0,2020-2023.xlsx,908
2052,2021-12-03,IVL_2021_fall_regular,afu,sxy,billy,tea,yjj,0,1,2020-2023.xlsx,909
2053,2021-12-03,IVL_2021_fall_regular,ppx,xingh,hengh,weirdo,xiaod,2,,2020-2023.xlsx,910
2054,2021-12-03,IVL_2021_fall_regular,xc,zzai,heart,youzi,shadow,0,1,2020-2023.xlsx,911
2055,2021-12-03,IVL_2021_fall_regular,ppx,xingh,hengh,weirdo,xiaod,2,,2020-2023.xlsx,912
2056,2021-12-03,IVL_2021_fall_regular,xc,heart,shadow,youzi,zzai,2,,2020-2023.xlsx,913
2057,2021-12-03,IVL_2021_fall_regular,ppx,hengh,xingh,xiaod,weirdo,3,0,2020-2023.xlsx,914
2058,2021-12-03,IVL_2021_fall_regular,xc,youzi,heart,zzai,shadow,3,0,2020-2023.xlsx,915
2059,2021-12-04,IVL_2021_fall_regular,chz,kucao,koko,18,xen,0,1,2020-2023.xlsx,916
2060,2021-12-04,IVL_2021_fall_regular,xawm,tea,sxy,billy,yjj,1,1,2020-2023.xlsx,917
2061,2021-12-04,IVL_2021_fall_regular,chz,kucao,xen,koko,18,3,0,2020-2023.xlsx,918
2062,2021-12-04,IVL_2021_fall_regular,xawm,sxy,yjj,billy,tea,3,0,2020-2023.xlsx,919
2063,2021-12-04,IVL_2021_fall_regular,chz,koko,18,kucao,xen,3,0,2020-2023.xlsx,920
2064,2021-12-04,IVL_2021_fall_regular,xawm,sxy,tea,billy,yjj,2,,2020-2023.xlsx,921
2065,2021-12-04,IVL_2021_fall_regular,alex,jmt,zibi,ming,fox,3,0,2020-2023.xlsx,922
2066,2021-12-04,IVL_2021_fall_regular,yue,487,jelly,huan,lion,1,1,2020-2023.xlsx,923
2067,2021-12-04,IVL_2021_fall_regular,yue,487,jelly,huan,lion,2,,2020-2023.xlsx,924
2068,2021-12-04,IVL_2021_fall_regular,alex,jmt,ming,fox,zibi,0,1,2020-2023.xlsx,925
2069,2021-12-04,IVL_2021_fall_regular,yue,lion,huan,487,jelly,0,1,2020-2023.xlsx,926
2070,2021-12-04,IVL_2021_fall_regular,alex,ming,zibi,fox,jmt,2,,2020-2023.xlsx,927
2071,2021-12-04,IVL_2021_fall_regular,xc,bobo,upxi,ww,zyj,0,1,2020-2023.xlsx,928
2072,2021-12-04,IVL_2021_fall_regular,dongx,hengh,xiaod,weirdo,xingh,3,0,2020-2023.xlsx,929
2073,2021-12-04,IVL_2021_fall_regular,dongx,xingh,xiaod,hengh,weirdo,1,1,2020-2023.xlsx,930
2074,2021-12-04,IVL_2021_fall_regular,xc,ww,bobo,zyj,upxi,3,0,2020-2023.xlsx,931
2075,2021-12-04,IVL_2021_fall_regular,xc,bobo,upxi,zyj,ww,0,1,2020-2023.xlsx,932
2076,2021-12-04,IVL_2021_fall_regular,dongx,weirdo,xiaod,xingh,hengh,0,1,2020-2023.xlsx,933
2077,2021-12-05,IVL_2021_fall_regular,alex,tx,xiaoi,jiaxin,aj,0,1,2020-2023.xlsx,934
2078,2021-12-05,IVL_2021_fall_regular,yan,487,huan,lion,jelly,3,0,2020-2023.xlsx,935
2079,2021-12-05,IVL_2021_fall_regular,alex,tx,xiaoi,jiaxin,aj,3,0,2020-2023.xlsx,936
2080,2021-12-05,IVL_2021_fall_regular,gy,487,huan,lion,jelly,3,0,2020-2023.xlsx,937
2081,2021-12-05,IVL_2021_fall_regular,gy,487,huan,lion,jelly,2,,2020-2023.xlsx,938
2082,2021-12-05,IVL_2021_fall_regular,alex,aj,tx,xiaoi,jiaxin,0,1,2020-2023.xlsx,939
2083,2021-12-05,IVL_2021_fall_regular,d,bobo,zyj,ww,upxi,2,,2020-2023.xlsx,940
2084,2021-12-05,IVL_2021_fall_regular,dongx,libao,tang,maom,huiyi,2,,2020-2023.xlsx,941
2085,2021-12-05,IVL_2021_fall_regular,dongx,libao,maom,huiyi,tang,0,1,2020-2023.xlsx,942
2086,2021-12-05,IVL_2021_fall_regular,d,bobo,zyj,upxi,ww,3,0,2020-2023.xlsx,943
2087,2021-12-05,IVL_2021_fall_regular,d,bobo,zyj,ww,upxi,3,0,2020-2023.xlsx,944
2088,2021-12-05,IVL_2021_fall_regular,dongx,libao,tang,maom,huiyi,2,,2020-2023.xlsx,945
2089,2021-12-05,IVL_2021_fall_regular,afu,zzai,40,shadow,heart,2,,2020-2023.xlsx,946
2090,2021-12-05,IVL_2021_fall_regular,ppx,ak,mk,long,moon,3,0,2020-2023.xlsx,947
2091,2021-12-05,IVL_2021_fall_regular,ppx,mk,moon,ak,long,2,,2020-2023.xlsx,948
2092,2021-12-05,IVL_2021_fall_regular,afu,heart,shadow,zzai,40,2,,2020-2023.xlsx,949
2093,2021-12-05,IVL_2021_fall_regular,ppx,moon,mk,ak,long,2,,2020-2023.xlsx,950
2094,2021-12-05,IVL_2021_fall_regular,afu,heart,zzai,shadow,kong,0,1,2020-2023.xlsx,951
2095,2021-12-01,IVL_2021_fall_regular,d,487,jelly,lion,huan,3,0,2020-2023.xlsx,952
2096,2021-12-01,IVL_2021_fall_regular,alex,libao,tang,huiyi,maom,1,1,2020-2023.xlsx,953
2097,2021-12-01,IVL_2021_fall_regular,alex,libao,tang,huiyi,maom,2,,2020-2023.xlsx,954
2098,2021-12-01,IVL_2021_fall_regular,d,jelly,487,huan,lion,2,,2020-2023.xlsx,955
2099,2021-12-01,IVL_2021_fall_regular,alex,tang,huiyi,libao,maom,3,0,2020-2023.xlsx,956
2100,2021-12-01,IVL_2021_fall_regular,d,jelly,huan,lion,487,3,0,2020-2023.xlsx,957
2101,2021-12-01,IVL_2021_fall_regular,afu,xingh,hengh,weirdo,xiaod,2,,2020-2023.xlsx,958
2102,2021-12-01,IVL_2021_fall_regular,xc,tk,ak,mk,long,2,,2020-2023.xlsx,959
2103,2021-12-01,IVL_2021_fall_regular,afu,xiaod,xingh,weirdo,hengh,3,0,2020-2023.xlsx,960
2104,2021-12-01,IVL_2021_fall_regular,xc,tk,mk,ak,long,3,0,2020-2023.xlsx,961
2105,2021-12-01,IVL_2021_fall_regular,afu,xingh,hengh,xiaod,weirdo,2,,2020-2023.xlsx,962
2106,2021-12-01,IVL_2021_fall_regular,xc,mk,tk,ak,long,2,,2020-2023.xlsx,963
2107,2021-12-01,IVL_2021_fall_regular,afu,xingh,weirdo,xiaod,hengh,0,1,2020-2023.xlsx,964
2108,2021-12-01,IVL_2021_fall_regular,xc,tk,ak,long,mk,2,,2020-2023.xlsx,965
2109,2021-12-01,IVL_2021_fall_regular,dongx,tx,chuc,jiaxin,xiaoi,2,,2020-2023.xlsx,966
2110,2021-12-01,IVL_2021_fall_regular,yan,bobo,zyj,upxi,yihua,3,0,2020-2023.xlsx,967
2111,2021-12-01,IVL_2021_fall_regular,gy,bobo,upxi,yihua,zyj,3,0,2020-2023.xlsx,968
2112,2021-12-01,IVL_2021_fall_regular,dongx,jiaxin,tx,chuc,xiaoi,2,,2020-2023.xlsx,969
2113,2021-12-11,IVL_2021_fall_regular,ppx,kucao,koko,18,xen,2,,2020-2023.xlsx,970
2114,2021-12-11,IVL_2021_fall_regular,xawm,40,shadow,zzai,heart,0,1,2020-2023.xlsx,971
2115,2021-12-11,IVL_2021_fall_regular,ppx,kucao,koko,18,xen,3,0,2020-2023.xlsx,972
2116,2021-12-11,IVL_2021_fall_regular,xawm,zzai,kong,heart,shadow,1,1,2020-2023.xlsx,973
2117,2021-12-11,IVL_2021_fall_regular,yue,weirdo,xiaod,xingh,hengh,0,1,2020-2023.xlsx,974
2118,2021-12-11,IVL_2021_fall_regular,xc,jmt,zibi,ming,fox,0,1,2020-2023.xlsx,975
2119,2021-12-11,IVL_2021_fall_regular,xc,jmt,zibi,fox,ming,2,,2020-2023.xlsx,976
2120,2021-12-11,IVL_2021_fall_regular,yue,xingh,xiaod,hengh,weirdo,3,0,2020-2023.xlsx,977
2121,2021-12-11,IVL_2021_fall_regular,xc,jmt,zibi,fox,ming,1,1,2020-2023.xlsx,978
2122,2021-12-11,IVL_2021_fall_regular,yue,xingh,weirdo,xiaod,hengh,1,1,2020-2023.xlsx,979
2123,2021-12-11,IVL_2021_fall_regular,chz,487,jelly,lion,huan,3,0,2020-2023.xlsx,980
2124,2021-12-11,IVL_2021_fall_regular,alex,sxy,yjj,billy,tea,2,,2020-2023.xlsx,981
2125,2021-12-11,IVL_2021_fall_regular,chz,jelly,487,huan,lion,4,0,2020-2023.xlsx,982
2126,2021-12-11,IVL_2021_fall_regular,alex,sxy,tea,billy,yjj,2,,2020-2023.xlsx,983
2127,2021-12-12,IVL_2021_fall_regular,xawm,tk,ak,mk,long,3,0,2020-2023.xlsx,984
2128,2021-12-12,IVL_2021_fall_regular,afu,kucao,koko,18,xen,1,1,2020-2023.xlsx,985
2129,2021-12-12,IVL_2021_fall_regular,afu,kucao,koko,18,xen,3,0,2020-2023.xlsx,986
2130,2021-12-12,IVL_2021_fall_regular,xawm,long,tk,ak,mk,2,,2020-2023.xlsx,987
2131,2021-12-12,IVL_2021_fall_regular,afu,18,xen,koko,kucao,0,1,2020-2023.xlsx,988
2132,2021-12-12,IVL_2021_fall_regular,xawm,tk,mk,long,ak,2,,2020-2023.xlsx,989
2133,2021-12-12,IVL_2021_fall_regular,chz,zzai,40,heart,shadow,3,0,2020-2023.xlsx,990
2134,2021-12-12,IVL_2021_fall_regular,ppx,sxy,yjj,billy,tea,2,,2020-2023.xlsx,991
2135,2021-12-12,IVL_2021_fall_regular,chz,zzai,shadow,kong,heart,3,0,2020-2023.xlsx,992
2136,2021-12-12,IVL_2021_fall_regular,ppx,sxy,tea,billy,yjj,1,1,2020-2023.xlsx,993
2137,2021-12-12,IVL_2021_fall_regular,yan,libao,tang,maom,huiyi,2,,2020-2023.xlsx,994
2138,2021-12-12,IVL_2021_fall_regular,d,tx,chuc,xiaoi,jiaxin,3,0,2020-2023.xlsx,995
2139,2021-12-12,IVL_2021_fall_regular,gy,tang,maom,huiyi,libao,3,0,2020-2023.xlsx,996
2140,2021-12-12,IVL_2021_fall_regular,d,jiaxin,xiaoi,tx,chuc,2,,2020-2023.xlsx,997
2141,2021-12-12,IVL_2021_fall_regular,gy,maom,tang,huiyi,libao,4,0,2020-2023.xlsx,998
2142,2021-12-12,IVL_2021_fall_regular,d,jiaxin,chuc,xiaoi,tx,2,,2020-2023.xlsx,999
2143,2021-12-17,IVL_2021_fall_regular,alex,kucao,koko,18,xen,3,0,2020-2023.xlsx,1000
2144,2021-12-17,IVL_2021_fall_regular,xawm,487,lion,huan,jelly,3,0,2020-2023.xlsx,1001
2145,2021-12-17,IVL_2021_fall_regular,xawm,487,huan,jelly,lion,4,0,2020-2023.xlsx,1002
2146,2021-12-17,IVL_2021_fall_regular,alex,koko,kucao,18,zhuzi,3,0,2020-2023.xlsx,1003
2147,2021-12-17,IVL_2021_fall_regular,xawm,jelly,lion,huan,487,2,,2020-2023.xlsx,1004
2148,2021-12-17,IVL_2021_fall_regular,alex,18,koko,kucao,xen,0,1,2020-2023.xlsx,1005
2149,2021-12-17,IVL_2021_fall_regular,thirteen,chuc,tx,jiaxin,aj,3,0,2020-2023.xlsx,1006
2150,2021-12-17,IVL_2021_fall_regular,yan,dis,sxy,billy,yjj,3,0,2020-2023.xlsx,1007
2151,2021-12-17,IVL_2021_fall_regular,thirteen,chuc,tx,jiaxin,aj,3,0,2020-2023.xlsx,1008
2152,2021-12-17,IVL_2021_fall_regular,yan,sxy,yjj,dis,billy,2,,2020-2023.xlsx,1009
2153,2021-12-17,IVL_2021_fall_regular,yan,billy,dis,yjj,sxy,2,,2020-2023.xlsx,1010
2154,2021-12-17,IVL_2021_fall_regular,thirteen,tx,aj,jiaxin,chuc,2,,2020-2023.xlsx,1011
2155,2021-12-17,IVL_2021_fall_regular,afu,jmt,zibi,fox,ming,2,,2020-2023.xlsx,1012
2156,2021-12-17,IVL_2021_fall_regular,yue,tk,ak,mk,long,2,,2020-2023.xlsx,1013
2157,2021-12-17,IVL_2021_fall_regular,afu,fox,ming,jmt,zibi,0,1,2020-2023.xlsx,1014
2158,2021-12-17,IVL_2021_fall_regular,yue,ak,mk,tk,long,3,0,2020-2023.xlsx,1015
2159,2021-12-17,IVL_2021_fall_regular,yue,tk,long,ak,mk,3,0,2020-2023.xlsx,1016
2160,2021-12-17,IVL_2021_fall_regular,afu,fox,ming,zibi,jmt,2,,2020-2023.xlsx,1017
2161,2021-12-18,IVL_2021_fall_regular,alex,bobo,upxi,yihua,zyj,2,,2020-2023.xlsx,1018
2162,2021-12-18,IVL_2021_fall_regular,dongx,487,huan,jelly,lion,2,,2020-2023.xlsx,1019
2163,2021-12-18,IVL_2021_fall_regular,alex,bobo,gin,upxi,zyj,2,,2020-2023.xlsx,1020
2164,2021-12-18,IVL_2021_fall_regular,dongx,487,lion,jelly,huan,4,0,2020-2023.xlsx,1021
2165,2021-12-18,IVL_2021_fall_regular,dongx,jelly,lion,huan,487,3,0,2020-2023.xlsx,1022
2166,2021-12-18,IVL_2021_fall_regular,alex,bobo,upxi,gin,zyj,4,0,2020-2023.xlsx,1023
2167,2021-12-18,IVL_2021_fall_regular,xawm,tang,maom,libao,huiyi,2,,2020-2023.xlsx,1024
2168,2021-12-18,IVL_2021_fall_regular,d,koko,kucao,zhuzi,18,2,,2020-2023.xlsx,1025
2169,2021-12-18,IVL_2021_fall_regular,d,kucao,koko,xen,18,1,1,2020-2023.xlsx,1026
2170,2021-12-18,IVL_2021_fall_regular,xawm,libao,maom,tang,huiyi,0,1,2020-2023.xlsx,1027
2171,2021-12-18,IVL_2021_fall_regular,d,kucao,xen,18,koko,4,0,2020-2023.xlsx,1028
2172,2021-12-18,IVL_2021_fall_regular,xawm,huiyi,libao,tang,maom,0,1,2020-2023.xlsx,1029
2173,2021-12-18,IVL_2021_fall_regular,ppx,ming,jmt,zibi,fox,1,1,2020-2023.xlsx,1030
2174,2021-12-18,IVL_2021_fall_regular,yue,40,zzai,shadow,heart,3,0,2020-2023.xlsx,1031
2175,2021-12-18,IVL_2021_fall_regular,yue,zzai,shadow,heart,kong,0,1,2020-2023.xlsx,1032
2176,2021-12-18,IVL_2021_fall_regular,ppx,jmt,ming,fox,zibi,3,0,2020-2023.xlsx,1033
2177,2021-12-18,IVL_2021_fall_regular,ppx,jmt,zibi,fox,ming,2,,2020-2023.xlsx,1034
2178,2021-12-18,IVL_2021_fall_regular,yue,heart,shadow,zzai,kong,2,,2020-2023.xlsx,1035
2179,2021-12-19,IVL_2021_fall_regular,thirteen,xingh,xiaod,weirdo,hengh,4,0,2020-2023.xlsx,1036
2180,2021-12-19,IVL_2021_fall_regular,zhengm,billy,yjj,sxy,dis,1,1,2020-2023.xlsx,1037
2181,2021-12-19,IVL_2021_fall_regular,zhengm,dis,billy,sxy,yjj,1,1,2020-2023.xlsx,1038
2182,2021-12-19,IVL_2021_fall_regular,thirteen,xingh,hengh,weirdo,xiaod,2,,2020-2023.xlsx,1039
2183,2021-12-19,IVL_2021_fall_regular,afu,huiyi,tang,maom,libao,3,0,2020-2023.xlsx,1040
2184,2021-12-19,IVL_2021_fall_regular,d,tk,ak,mk,long,2,,2020-2023.xlsx,1041
2185,2021-12-19,IVL_2021_fall_regular,afu,libao,tang,huiyi,maom,3,0,2020-2023.xlsx,1042
2186,2021-12-19,IVL_2021_fall_regular,d,ak,long,tk,mk,0,1,2020-2023.xlsx,1043
2187,2021-12-19,IVL_2021_fall_regular,dongx,zzai,youzi,shadow,40,2,,2020-2023.xlsx,1044
2188,2021-12-19,IVL_2021_fall_regular,ppx,bobo,gin,zyj,upxi,0,1,2020-2023.xlsx,1045
2189,2021-12-19,IVL_2021_fall_regular,ppx,bobo,gin,upxi,zyj,2,,2020-2023.xlsx,1046
2190,2021-12-19,IVL_2021_fall_regular,dongx,youzi,shadow,40,zzai,2,,2020-2023.xlsx,1047
2191,2021-12-19,IVL_2021_fall_regular,dongx,zzai,shadow,youzi,40,3,0,2020-2023.xlsx,1048
2192,2021-12-19,IVL_2021_fall_regular,ppx,zyj,gin,bobo,upxi,0,1,2020-2023.xlsx,1049
2193,2021-12-31,IVL_2021_fall_playoffs,yue,ak,mk,long,iron,3,0,2020-2023.xlsx,1050
2194,2021-12-31,IVL_2021_fall_playoffs,afu,zibi,jmt,fox,ming,1,1,2020-2023.xlsx,1051
2195,2021-12-31,IVL_2021_fall_playoffs,yue,long,mk,ak,iron,4,0,2020-2023.xlsx,1052
2196,2021-12-31,IVL_2021_fall_playoffs,afu,jmt,ming,zibi,fox,2,,2020-2023.xlsx,1053
2197,2021-12-31,IVL_2021_fall_playoffs,yue,long,mk,ak,iron,2,,2020-2023.xlsx,1054
2198,2021-12-31,IVL_2021_fall_playoffs,afu,jmt,ming,zibi,fox,1,1,2020-2023.xlsx,1055
2199,2021-12-31,IVL_2021_fall_playoffs,xawm,487,lion,huan,jelly,2,,2020-2023.xlsx,1056
2200,2021-12-31,IVL_2021_fall_playoffs,alex,koko,kucao,xen,18,3,0,2020-2023.xlsx,1057
2201,2021-12-31,IVL_2021_fall_playoffs,xawm,jelly,lion,huan,487,3,0,2020-2023.xlsx,1058
2202,2021-12-31,IVL_2021_fall_playoffs,alex,kucao,zhuzi,18,koko,0,1,2020-2023.xlsx,1059
2203,2021-12-31,IVL_2021_fall_playoffs,xawm,jelly,487,huan,lion,3,0,2020-2023.xlsx,1060
2204,2021-12-31,IVL_2021_fall_playoffs,alex,xen,18,kucao,koko,0,1,2020-2023.xlsx,1061
2205,2021-12-31,IVL_2021_fall_playoffs,xawm,huan,lion,487,jelly,3,0,2020-2023.xlsx,1062
2206,2021-12-31,IVL_2021_fall_playoffs,alex,xen,18,kucao,koko,2,,2020-2023.xlsx,1063
2207,2021-12-31,IVL_2021_fall_playoffs,dongx,weirdo,xingh,hengh,xiaod,2,,2020-2023.xlsx,1064
2208,2021-12-31,IVL_2021_fall_playoffs,xc,bobo,upxi,zyj,yihua,2,,2020-2023.xlsx,1065
2209,2021-12-31,IVL_2021_fall_playoffs,dongx,xingh,xiaod,weirdo,hengh,1,1,2020-2023.xlsx,1066
2210,2021-12-31,IVL_2021_fall_playoffs,xc,zyj,gin,upxi,bobo,3,0,2020-2023.xlsx,1067
2211,2021-12-31,IVL_2021_fall_playoffs,dongx,xiaod,weirdo,xingh,hengh,3,0,2020-2023.xlsx,1068
2212,2021-12-31,IVL_2021_fall_playoffs,xc,bobo,zyj,gin,upxi,0,1,2020-2023.xlsx,1069
2213,2021-12-31,IVL_2021_fall_playoffs,dongx,xingh,weirdo,xiaod,hengh,3,0,2020-2023.xlsx,1070
2214,2021-12-31,IVL_2021_fall_playoffs,xc,gin,zyj,upxi,bobo,2,,2020-2023.xlsx,1071
2215,2021-12-31,IVL_2021_fall_playoffs,dongx,xingh,xiaod,weirdo,hengh,2,,2020-2023.xlsx,1072
2216,2021-12-31,IVL_2021_fall_playoffs,xc,zyj,gin,upxi,bobo,0,1,2020-2023.xlsx,1073
2217,2021-01-01,IVL_2021_fall_playoffs,xawm,iron,mk,ak,long,0,1,2020-2023.xlsx,1074
2218,2021-01-01,IVL_2021_fall_playoffs,afu,kucao,koko,xen,18,0,1,2020-2023.xlsx,1075
2219,2021-01-01,IVL_2021_fall_playoffs,xawm,mk,long,ak,iron,4,0,2020-2023.xlsx,1076
2220,2021-01-01,IVL_2021_fall_playoffs,afu,xen,kucao,18,koko,2,,2020-2023.xlsx,1077
2221,2021-01-01,IVL_2021_fall_playoffs,xawm,iron,ak,long,mk,3,0,2020-2023.xlsx,1078
2222,2021-01-01,IVL_2021_fall_playoffs,afu,koko,xen,18,kucao,0,1,2020-2023.xlsx,1079
2223,2021-01-01,IVL_2021_fall_playoffs,xawm,mk,ak,iron,long,2,,2020-2023.xlsx,1080
2224,2021-01-01,IVL_2021_fall_playoffs,afu,18,xen,zhuzi,koko,0,1,2020-2023.xlsx,1081
2225,2021-01-01,IVL_2021_fall_playoffs,xc,jelly,487,lion,huan,1,1,2020-2023.xlsx,1082
2226,2021-01-01,IVL_2021_fall_playoffs,alex,hengh,xiaod,xingh,weirdo,3,0,2020-2023.xlsx,1083
2227,2021-01-01,IVL_2021_fall_playoffs,alex,xingh,weirdo,hengh,xiaod,2,,2020-2023.xlsx,1084
2228,2021-01-01,IVL_2021_fall_playoffs,xc,jelly,lion,huan,487,2,,2020-2023.xlsx,1085
2229,2021-01-01,IVL_2021_fall_playoffs,xc,huan,lion,jelly,487,3,0,2020-2023.xlsx,1086
2230,2021-01-01,IVL_2021_fall_playoffs,alex,hengh,weirdo,hengh,xingh,2,,2020-2023.xlsx,1087
2231,2021-01-01,IVL_2021_fall_playoffs,alex,hengh,xingh,weirdo,xiaod,0,1,2020-2023.xlsx,1088
2232,2021-01-01,IVL_2021_fall_playoffs,xc,lion,jelly,huan,487,2,,2020-2023.xlsx,1089
2233,2021-01-01,IVL_2021_fall_playoffs,alex,weirdo,hengh,xiaod,xingh,0,1,2020-2023.xlsx,1090
2234,2021-01-02,IVL_2021_fall_playoffs,dongx,ak,long,mk,iron,3,0,2020-2023.xlsx,1091
2235,2021-01-02,IVL_2021_fall_playoffs,afu,bobo,zyj,yihua,upxi,3,0,2020-2023.xlsx,1092
2236,2021-01-02,IVL_2021_fall_playoffs,afu,bobo,zyj,yihua,upxi,3,0,2020-2023.xlsx,1093
2237,2021-01-02,IVL_2021_fall_playoffs,dongx,ak,long,mk,iron,0,1,2020-2023.xlsx,1094
2238,2021-01-02,IVL_2021_fall_playoffs,afu,bobo,zyj,yihua,upxi,4,0,2020-2023.xlsx,1095
2239,2021-01-02,IVL_2021_fall_playoffs,dongx,ak,long,mk,iron,3,0,2020-2023.xlsx,1096
2240,2021-01-02,IVL_2021_fall_playoffs,afu,bobo,zyj,yihua,upxi,2,,2020-2023.xlsx,1097
2241,2021-01-02,IVL_2021_fall_playoffs,dongx,ak,long,mk,iron,2,,2020-2023.xlsx,1098
2242,2021-01-02,IVL_2021_fall_playoffs,dongx,hengh,xingh,xiaod,weirdo,2,,2020-2023.xlsx,1099
2243,2021-01-02,IVL_2021_fall_playoffs,xc,bobo,upxi,zyj,yihua,2,,2020-2023.xlsx,1100
2244,2021-01-02,IVL_2021_fall_playoffs,dongx,xingh,xiaod,weirdo,hengh,0,1,2020-2023.xlsx,1101
2245,2021-01-02,IVL_2021_fall_playoffs,xc,yihua,zyj,bobo,upxi,3,0,2020-2023.xlsx,1102
2246,2021-01-02,IVL_2021_fall_playoffs,xc,bobo,upxi,zyj,yihua,0,1,2020-2023.xlsx,1103
2247,2021-01-02,IVL_2021_fall_playoffs,dongx,xingh,xiaod,hengh,weirdo,3,0,2020-2023.xlsx,1104
2248,2021-01-02,IVL_2021_fall_playoffs,dongx,hengh,weirdo,xingh,xiaod,2,,2020-2023.xlsx,1105
2249,2021-01-02,IVL_2021_fall_playoffs,xc,upxi,yihua,zyj,bobo,3,0,2020-2023.xlsx,1106
2250,2021-01-02,IVL_2021_fall_playoffs,xc,bobo,upxi,zyj,yihua,3,0,2020-2023.xlsx,1107
2251,2021-01-02,IVL_2021_fall_playoffs,dongx,weirdo,hengh,xingh,xiaod,2,,2020-2023.xlsx,1108
2252,2021-01-03,IVL_2021_fall_playoffs,dongx,487,huan,jelly,lion,3,0,2020-2023.xlsx,1109
2253,2021-01-03,IVL_2021_fall_playoffs,alex,bobo,zyj,yihua,upxi,2,,2020-2023.xlsx,1110
2254,2021-01-03,IVL_2021_fall_playoffs,dongx,jelly,huan,lion,487,2,,2020-2023.xlsx,1111
2255,2021-01-03,IVL_2021_fall_playoffs,alex,yihua,bobo,upxi,zyj,2,,2020-2023.xlsx,1112
2256,2021-01-03,IVL_2021_fall_playoffs,dongx,lion,487,huan,jelly,4,0,2020-2023.xlsx,1113
2257,2021-01-03,IVL_2021_fall_playoffs,alex,bobo,upxi,zyj,yihua,1,1,2020-2023.xlsx,1114
2258,2021-01-03,IVL_2021_fall_playoffs,alex,bobo,zyj,upxi,yihua,2,,2020-2023.xlsx,1115
2259,2021-01-03,IVL_2021_fall_playoffs,dongx,jelly,huan,lion,487,4,0,2020-2023.xlsx,1116
2260,2022-06-03,IVL_2022_summer_regular,ppx,lion,487,jelly,huan,3,0,2020-2023.xlsx,0
2261,2022-06-03,IVL_2022_summer_regular,alex,tea,heart,ak,shadow,3,0,2020-2023.xlsx,1
2262,2022-06-03,IVL_2022_summer_regular,ppx,lion,huan,487,jelly,3,0,2020-2023.xlsx,2
2263,2022-06-03,IVL_2022_summer_regular,alex,heart,shadow,tea,ak,2,,2020-2023.xlsx,3
2264,2022-06-03,IVL_2022_summer_regular,ppx,lion,jelly,huan,487,2,,2020-2023.xlsx,4
2265,2022-06-03,IVL_2022_summer_regular,alex,heart,tea,ak,shadow,2,,2020-2023.xlsx,5
2266,2022-06-03,IVL_2022_summer_regular,xc,iron,mk,long,huiyi,0,1,2020-2023.xlsx,6
2267,2022-06-03,IVL_2022_summer_regular,ymm,xingh,xiaod,hengh,huac,0,1,2020-2023.xlsx,7
2268,2022-06-03,IVL_2022_summer_regular,ymm,xingh,xiaod,huac,hengh,2,,2020-2023.xlsx,8
2269,2022-06-03,IVL_2022_summer_regular,xc,iron,mk,long,huiyi,3,0,2020-2023.xlsx,9
2270,2022-06-03,IVL_2022_summer_regular,ymm,xiaod,xingh,hengh,huac,0,1,2020-2023.xlsx,10
2271,2022-06-03,IVL_2022_summer_regular,xc,huiyi,long,iron,mk,2,,2020-2023.xlsx,11
2272,2022-06-03,IVL_2022_summer_regular,xawm,bobo,upxi,yihua,zyj,3,0,2020-2023.xlsx,12
2273,2022-06-03,IVL_2022_summer_regular,dongx,kucao,koko,18,445,0,1,2020-2023.xlsx,13
2274,2022-06-03,IVL_2022_summer_regular,xawm,bobo,upxi,zyj,yihua,2,,2020-2023.xlsx,14
2275,2022-06-03,IVL_2022_summer_regular,dongx,koko,445,18,kucao,1,1,2020-2023.xlsx,15
2276,2022-06-04,IVL_2022_summer_regular,yan,fox,zibi,ming,xen,3,0,2020-2023.xlsx,16
2277,2022-06-04,IVL_2022_summer_regular,yue,huahua,tx,aj,jiaxin,0,1,2020-2023.xlsx,17
2278,2022-06-04,IVL_2022_summer_regular,yan,fox,zibi,xen,ming,3,0,2020-2023.xlsx,18
2279,2022-06-04,IVL_2022_summer_regular,yue,jiaxin,tx,aj,huahua,3,0,2020-2023.xlsx,19
2280,2022-06-04,IVL_2022_summer_regular,yue,jiaxin,aj,tx,huahua,3,0,2020-2023.xlsx,20
2281,2022-06-04,IVL_2022_summer_regular,yan,ming,xen,fox,zibi,3,0,2020-2023.xlsx,21
2282,2022-06-04,IVL_2022_summer_regular,ppx,sxy,zzai,chuc,dis,0,1,2020-2023.xlsx,22
2283,2022-06-04,IVL_2022_summer_regular,sese,heart,ak,tea,shadow,3,0,2020-2023.xlsx,23
2284,2022-06-04,IVL_2022_summer_regular,ppx,sxy,chuc,zzai,dis,1,1,2020-2023.xlsx,24
2285,2022-06-04,IVL_2022_summer_regular,sese,heart,tea,shadow,ak,3,0,2020-2023.xlsx,25
2286,2022-06-04,IVL_2022_summer_regular,anyi,long,iron,huiyi,mk,2,,2020-2023.xlsx,26
2287,2022-06-04,IVL_2022_summer_regular,ymm,sans,drop,libao,maom,2,,2020-2023.xlsx,27
2288,2022-06-04,IVL_2022_summer_regular,anyi,mk,huiyi,long,iron,2,,2020-2023.xlsx,28
2289,2022-06-04,IVL_2022_summer_regular,ymm,maom,sans,libao,drop,3,0,2020-2023.xlsx,29
2290,2022-06-04,IVL_2022_summer_regular,anyi,mk,huiyi,iron,long,3,0,2020-2023.xlsx,30
2291,2022-06-04,IVL_2022_summer_regular,ymm,libao,drop,maom,sans,3,0,2020-2023.xlsx,31
2292,2022-06-05,IVL_2022_summer_regular,alex,jiaxin,tx,aj,huahua,2,,2020-2023.xlsx,32
2293,2022-06-05,IVL_2022_summer_regular,yan,jelly,huan,lion,487,2,,2020-2023.xlsx,33
2294,2022-06-05,IVL_2022_summer_regular,yan,huan,lion,jelly,487,0,1,2020-2023.xlsx,34
2295,2022-06-05,IVL_2022_summer_regular,alex,tx,jiaxin,aj,huahua,2,,2020-2023.xlsx,35
2296,2022-06-05,IVL_2022_summer_regular,yan,487,lion,jelly,huan,3,0,2020-2023.xlsx,36
2297,2022-06-05,IVL_2022_summer_regular,alex,huahua,aj,tx,jiaxin,2,,2020-2023.xlsx,37
2298,2022-06-05,IVL_2022_summer_regular,d,kucao,koko,18,ppxia,0,1,2020-2023.xlsx,38
2299,2022-06-05,IVL_2022_summer_regular,xawm,sans,maom,drop,libao,0,1,2020-2023.xlsx,39
2300,2022-06-05,IVL_2022_summer_regular,xawm,sans,drop,maom,libao,2,,2020-2023.xlsx,40
2301,2022-06-05,IVL_2022_summer_regular,d,445,koko,kucao,18,2,,2020-2023.xlsx,41
2302,2022-06-05,IVL_2022_summer_regular,d,445,kucao,18,ppxia,1,1,2020-2023.xlsx,42
2303,2022-06-05,IVL_2022_summer_regular,xawm,libao,maom,drop,sans,2,,2020-2023.xlsx,43
2304,2022-06-05,IVL_2022_summer_regular,xc,bobo,upxi,zyj,yihua,2,,2020-2023.xlsx,44
2305,2022-06-05,IVL_2022_summer_regular,dongx,add,xingh,hengh,xiaod,1,1,2020-2023.xlsx,45
2306,2022-06-05,IVL_2022_summer_regular,dongx,xingh,add,xiaod,hengh,1,1,2020-2023.xlsx,46
2307,2022-06-05,IVL_2022_summer_regular,xc,bobo,upxi,zyj,yihua,1,1,2020-2023.xlsx,47
2308,2022-06-05,IVL_2022_summer_regular,dongx,xiaod,add,hengh,xingh,2,,2020-2023.xlsx,48
2309,2022-06-05,IVL_2022_summer_regular,xc,yihua,upxi,bobo,zyj,1,1,2020-2023.xlsx,49
2310,2022-06-05,IVL_2022_summer_regular,dongx,hengh,xiaod,xingh,add,3,0,2020-2023.xlsx,50
2311,2022-06-05,IVL_2022_summer_regular,xc,yihua,zyj,bobo,upxi,3,0,2020-2023.xlsx,51
2312,2022-06-01,IVL_2022_summer_regular,ymm,fox,ming,zibi,xen,0,1,2020-2023.xlsx,52
2313,2022-06-01,IVL_2022_summer_regular,yue,long,iron,huiyi,mk,2,,2020-2023.xlsx,53
2314,2022-06-01,IVL_2022_summer_regular,yue,long,iron,huiyi,mk,2,,2020-2023.xlsx,54
2315,2022-06-01,IVL_2022_summer_regular,ymm,fox,ming,zibi,xen,2,,2020-2023.xlsx,55
2316,2022-06-01,IVL_2022_summer_regular,yue,long,iron,huiyi,mk,3,0,2020-2023.xlsx,56
2317,2022-06-01,IVL_2022_summer_regular,ymm,fox,ming,zibi,xen,2,,2020-2023.xlsx,57
2318,2022-06-01,IVL_2022_summer_regular,sese,487,jelly,lion,huan,2,,2020-2023.xlsx,58
2319,2022-06-01,IVL_2022_summer_regular,alex,zzai,chuc,kong,sxy,2,,2020-2023.xlsx,59
2320,2022-06-01,IVL_2022_summer_regular,sese,487,jelly,lion,huan,2,,2020-2023.xlsx,60
2321,2022-06-01,IVL_2022_summer_regular,alex,zzai,chuc,sxy,kong,0,1,2020-2023.xlsx,61
2322,2022-06-01,IVL_2022_summer_regular,sese,487,jelly,lion,huan,4,0,2020-2023.xlsx,62
2323,2022-06-01,IVL_2022_summer_regular,alex,zzai,chuc,kong,sxy,2,,2020-2023.xlsx,63
2324,2022-06-01,IVL_2022_summer_regular,yan,kucao,koko,445,18,0,1,2020-2023.xlsx,64
2325,2022-06-01,IVL_2022_summer_regular,xawm,jiaxin,tx,huahua,aj,0,1,2020-2023.xlsx,65
2326,2022-06-01,IVL_2022_summer_regular,yan,445,koko,18,kucao,0,1,2020-2023.xlsx,66
2327,2022-06-01,IVL_2022_summer_regular,xawm,jiaxin,aj,huahua,tx,4,0,2020-2023.xlsx,67
2328,2022-06-01,IVL_2022_summer_regular,xawm,jiaxin,aj,huahua,tx,3,0,2020-2023.xlsx,68
2329,2022-06-01,IVL_2022_summer_regular,yan,18,kucao,445,koko,1,1,2020-2023.xlsx,69
2330,2022-06-11,IVL_2022_summer_regular,d,yihua,zyj,upxi,bobo,2,,2020-2023.xlsx,70
2331,2022-06-11,IVL_2022_summer_regular,dongx,drop,sans,maom,libao,3,0,2020-2023.xlsx,71
2332,2022-06-11,IVL_2022_summer_regular,dongx,libao,drop,maom,sans,2,,2020-2023.xlsx,72
2333,2022-06-11,IVL_2022_summer_regular,d,yihua,upxi,bobo,zyj,1,1,2020-2023.xlsx,73
2334,2022-06-11,IVL_2022_summer_regular,ppx,xingh,xiaod,add,hengh,2,,2020-2023.xlsx,74
2335,2022-06-11,IVL_2022_summer_regular,xc,heart,ak,tea,shadow,3,0,2020-2023.xlsx,75
2336,2022-06-11,IVL_2022_summer_regular,ppx,add,xingh,hengh,xiaod,2,,2020-2023.xlsx,76
2337,2022-06-11,IVL_2022_summer_regular,xc,heart,shadow,tea,ak,4,0,2020-2023.xlsx,77
2338,2022-06-11,IVL_2022_summer_regular,yue,jelly,487,huan,lion,3,0,2020-2023.xlsx,78
2339,2022-06-11,IVL_2022_summer_regular,alex,xen,ming,zibi,fox,3,0,2020-2023.xlsx,79
2340,2022-06-11,IVL_2022_summer_regular,yue,487,lion,huan,jelly,4,0,2020-2023.xlsx,80
2341,2022-06-11,IVL_2022_summer_regular,alex,zibi,fox,xen,ming,2,,2020-2023.xlsx,81
2342,2022-06-11,IVL_2022_summer_regular,alex,ming,xen,fox,zibi,3,0,2020-2023.xlsx,82
2343,2022-06-11,IVL_2022_summer_regular,yue,lion,jelly,487,huan,3,0,2020-2023.xlsx,83
2344,2022-06-12,IVL_2022_summer_regular,yan,bobo,upxi,zyj,yihua,2,,2020-2023.xlsx,84
2345,2022-06-12,IVL_2022_summer_regular,dongx,jiaxin,tx,aj,huahua,2,,2020-2023.xlsx,85
2346,2022-06-12,IVL_2022_summer_regular,yan,yihua,upxi,zyj,bobo,1,1,2020-2023.xlsx,86
2347,2022-06-12,IVL_2022_summer_regular,dongx,jiaxin,tx,aj,huahua,3,0,2020-2023.xlsx,87
2348,2022-06-12,IVL_2022_summer_regular,yan,yihua,upxi,bobo,zyj,2,,2020-2023.xlsx,88
2349,2022-06-12,IVL_2022_summer_regular,dongx,tx,aj,jiaxin,huahua,0,1,2020-2023.xlsx,89
2350,2022-06-12,IVL_2022_summer_regular,sese,koko,kucao,18,445,2,,2020-2023.xlsx,90
2351,2022-06-12,IVL_2022_summer_regular,xawm,sxy,kong,zzai,chuc,0,1,2020-2023.xlsx,91
2352,2022-06-12,IVL_2022_summer_regular,sese,,,,,2,,2020-2023.xlsx,92
2353,2022-06-12,IVL_2022_summer_regular,xawm,koko,18,445,kucao,2,,2020-2023.xlsx,93
2354,2022-06-12,IVL_2022_summer_regular,ppx,iron,mk,huiyi,long,2,,2020-2023.xlsx,94
2355,2022-06-12,IVL_2022_summer_regular,ymm,shadow,tea,ak,heart,4,0,2020-2023.xlsx,95
2356,2022-06-12,IVL_2022_summer_regular,ppx,huiyi,long,mk,iron,3,0,2020-2023.xlsx,96
2357,2022-06-12,IVL_2022_summer_regular,ymm,heart,shadow,ak,tea,2,,2020-2023.xlsx,97
2358,2022-06-12,IVL_2022_summer_regular,ppx,huiyi,long,iron,mk,3,0,2020-2023.xlsx,98
2359,2022-06-12,IVL_2022_summer_regular,ymm,heart,shadow,ak,tea,2,,2020-2023.xlsx,99
2360,2022-06-17,IVL_2022_summer_regular,anyi,zzai,chuc,sxy,dis,2,,2020-2023.xlsx,100
2361,2022-06-17,IVL_2022_summer_regular,sese,drop,sans,maom,libao,3,0,2020-2023.xlsx,101
2362,2022-06-17,IVL_2022_summer_regular,anyi,dis,zzai,chuc,sxy,0,1,2020-2023.xlsx,102
2363,2022-06-17,IVL_2022_summer_regular,sese,drop,sans,libao,maom,2,,2020-2023.xlsx,103
2364,2022-06-17,IVL_2022_summer_regular,yan,ak,ac,shadow,heart,3,0,2020-2023.xlsx,104
2365,2022-06-17,IVL_2022_summer_regular,ppx,huahua,aj,tx,jiaxin,1,1,2020-2023.xlsx,105
2366,2022-06-17,IVL_2022_summer_regular,ppx,huahua,tx,aj,jiaxin,2,,2020-2023.xlsx,106
2367,2022-06-17,IVL_2022_summer_regular,yan,heart,shadow,tea,ak,3,0,2020-2023.xlsx,107
2368,2022-06-17,IVL_2022_summer_regular,alex,xiaod,xingh,add,hengh,0,1,2020-2023.xlsx,108
2369,2022-06-17,IVL_2022_summer_regular,xc,487,huan,lion,jelly,3,0,2020-2023.xlsx,109
2370,2022-06-17,IVL_2022_summer_regular,alex,xiaod,xingh,hengh,add,3,0,2020-2023.xlsx,110
2371,2022-06-17,IVL_2022_summer_regular,xc,487,lion,jelly,huan,2,,2020-2023.xlsx,111
2372,2022-06-17,IVL_2022_summer_regular,xc,lion,487,jelly,huan,2,,2020-2023.xlsx,112
2373,2022-06-17,IVL_2022_summer_regular,alex,hengh,xingh,xiaod,add,2,,2020-2023.xlsx,113
2374,2022-06-18,IVL_2022_summer_regular,yue,ak,shadow,heart,tea,2,,2020-2023.xlsx,114
2375,2022-06-18,IVL_2022_summer_regular,ppx,ming,fox,zibi,xen,3,0,2020-2023.xlsx,115
2376,2022-06-18,IVL_2022_summer_regular,ppx,xen,zibi,ming,fox,3,0,2020-2023.xlsx,116
2377,2022-06-18,IVL_2022_summer_regular,yue,heart,shadow,tea,ak,3,0,2020-2023.xlsx,117
2378,2022-06-18,IVL_2022_summer_regular,yue,heart,shadow,tea,ak,2,,2020-2023.xlsx,118
2379,2022-06-18,IVL_2022_summer_regular,ppx,fox,zibi,xen,ming,2,,2020-2023.xlsx,119
2380,2022-06-18,IVL_2022_summer_regular,ymm,yihua,bobo,upxi,zyj,2,,2020-2023.xlsx,120
2381,2022-06-18,IVL_2022_summer_regular,dongx,huiyi,iron,mk,long,2,,2020-2023.xlsx,121
2382,2022-06-18,IVL_2022_summer_regular,dongx,huiyi,mk,iron,long,3,0,2020-2023.xlsx,122
2383,2022-06-18,IVL_2022_summer_regular,ymm,yihua,zyj,upxi,bobo,3,0,2020-2023.xlsx,123
2384,2022-06-18,IVL_2022_summer_regular,ymm,yihua,upxi,bobo,zyj,3,0,2020-2023.xlsx,124
2385,2022-06-18,IVL_2022_summer_regular,dongx,mk,huiyi,long,iron,2,,2020-2023.xlsx,125
2386,2022-06-18,IVL_2022_summer_regular,d,jiaxin,tx,aj,huahua,3,0,2020-2023.xlsx,126
2387,2022-06-18,IVL_2022_summer_regular,yan,drop,sans,libao,maom,2,,2020-2023.xlsx,127
2388,2022-06-18,IVL_2022_summer_regular,d,jiaxin,tx,huahua,aj,2,,2020-2023.xlsx,128
2389,2022-06-18,IVL_2022_summer_regular,yan,libao,maom,drop,sans,2,,2020-2023.xlsx,129
2390,2022-06-18,IVL_2022_summer_regular,d,huahua,aj,tx,jiaxin,0,1,2020-2023.xlsx,130
2391,2022-06-18,IVL_2022_summer_regular,yan,libao,drop,maom,sans,2,,2020-2023.xlsx,131
2392,2022-06-19,IVL_2022_summer_regular,yue,xiaod,add,xingh,hengh,1,1,2020-2023.xlsx,132
2393,2022-06-19,IVL_2022_summer_regular,xc,fox,ming,zibi,xen,0,1,2020-2023.xlsx,133
2394,2022-06-19,IVL_2022_summer_regular,yue,xiaod,add,xingh,hengh,3,0,2020-2023.xlsx,134
2395,2022-06-19,IVL_2022_summer_regular,xc,fox,ming,zibi,xen,1,1,2020-2023.xlsx,135
2396,2022-06-19,IVL_2022_summer_regular,alex,kucao,koko,18,445,0,1,2020-2023.xlsx,136
2397,2022-06-19,IVL_2022_summer_regular,xawm,jelly,huan,487,lion,3,0,2020-2023.xlsx,137
2398,2022-06-19,IVL_2022_summer_regular,xawm,huan,lion,jelly,487,4,0,2020-2023.xlsx,138
2399,2022-06-19,IVL_2022_summer_regular,alex,kucao,koko,18,445,0,1,2020-2023.xlsx,139
2400,2022-06-19,IVL_2022_summer_regular,sese,huiyi,iron,long,mk,3,0,2020-2023.xlsx,140
2401,2022-06-19,IVL_2022_summer_regular,ymm,zzai,chuc,sxy,dis,2,,2020-2023.xlsx,141
2402,2022-06-19,IVL_2022_summer_regular,sese,iron,mk,long,huiyi,3,0,2020-2023.xlsx,142
2403,2022-06-19,IVL_2022_summer_regular,ymm,zzai,dis,chuc,sxy,2,,2020-2023.xlsx,143
2404,2022-06-24,IVL_2022_summer_regular,yan,xingh,hengh,add,xiaod,3,0,2020-2023.xlsx,144
2405,2022-06-24,IVL_2022_summer_regular,xc,huahua,tx,jiaxin,aj,2,,2020-2023.xlsx,145
2406,2022-06-24,IVL_2022_summer_regular,yan,hengh,add,xingh,xiaod,3,0,2020-2023.xlsx,146
2407,2022-06-24,IVL_2022_summer_regular,xc,jiaxin,tx,huahua,aj,0,1,2020-2023.xlsx,147
2408,2022-06-24,IVL_2022_summer_regular,ppx,drop,libao,sans,maom,3,0,2020-2023.xlsx,148
2409,2022-06-24,IVL_2022_summer_regular,d,ak,shadow,tea,heart,2,,2020-2023.xlsx,149
2410,2022-06-24,IVL_2022_summer_regular,ppx,drop,libao,maom,sans,3,0,2020-2023.xlsx,150
2411,2022-06-24,IVL_2022_summer_regular,d,heart,shadow,ak,tea,0,1,2020-2023.xlsx,151
2412,2022-06-24,IVL_2022_summer_regular,alex,zyj,upxi,bobo,yihua,0,1,2020-2023.xlsx,152
2413,2022-06-24,IVL_2022_summer_regular,dongx,487,huan,lion,jelly,2,,2020-2023.xlsx,153
2414,2022-06-24,IVL_2022_summer_regular,dongx,487,lion,jelly,huan,2,,2020-2023.xlsx,154
2415,2022-06-24,IVL_2022_summer_regular,alex,yihua,upxi,zyj,bobo,3,0,2020-2023.xlsx,155
2416,2022-06-24,IVL_2022_summer_regular,dongx,487,jelly,huan,lion,1,1,2020-2023.xlsx,156
2417,2022-06-24,IVL_2022_summer_regular,alex,yihua,zyj,upxi,bobo,2,,2020-2023.xlsx,157
2418,2022-06-25,IVL_2022_summer_regular,ymm,kucao,ppxia,18,445,0,1,2020-2023.xlsx,158
2419,2022-06-25,IVL_2022_summer_regular,xawm,iron,mk,huiyi,long,2,,2020-2023.xlsx,159
2420,2022-06-25,IVL_2022_summer_regular,xawm,iron,huiyi,long,mk,2,,2020-2023.xlsx,160
2421,2022-06-25,IVL_2022_summer_regular,ymm,18,kucao,445,ppxia,2,,2020-2023.xlsx,161
2422,2022-06-25,IVL_2022_summer_regular,xawm,iron,huiyi,mk,long,3,0,2020-2023.xlsx,162
2423,2022-06-25,IVL_2022_summer_regular,ymm,ppxia,18,kucao,445,3,0,2020-2023.xlsx,163
2424,2022-06-25,IVL_2022_summer_regular,yue,drop,sans,libao,maom,0,1,2020-2023.xlsx,164
2425,2022-06-25,IVL_2022_summer_regular,d,fox,zibi,xen,ming,0,1,2020-2023.xlsx,165
2426,2022-06-25,IVL_2022_summer_regular,yue,sans,maom,drop,libao,2,,2020-2023.xlsx,166
2427,2022-06-25,IVL_2022_summer_regular,anyi,fox,zibi,xen,ming,1,1,2020-2023.xlsx,167
2428,2022-06-25,IVL_2022_summer_regular,d,xen,fox,zibi,ming,0,1,2020-2023.xlsx,168
2429,2022-06-25,IVL_2022_summer_regular,yue,maom,libao,drop,sans,1,1,2020-2023.xlsx,169
2430,2022-06-25,IVL_2022_summer_regular,yan,zzai,40,sxy,dis,3,0,2020-2023.xlsx,170
2431,2022-06-25,IVL_2022_summer_regular,sese,jiaxin,huahua,aj,tx,3,0,2020-2023.xlsx,171
2432,2022-06-25,IVL_2022_summer_regular,yan,dis,zzai,sxy,40,3,0,2020-2023.xlsx,172
2433,2022-06-25,IVL_2022_summer_regular,sese,jiaxin,tx,huahua,aj,2,,2020-2023.xlsx,173
2434,2022-06-25,IVL_2022_summer_regular,yan,zzai,sxy,40,dis,1,1,2020-2023.xlsx,174
2435,2022-06-25,IVL_2022_summer_regular,sese,tx,huahua,aj,jiaxin,3,0,2020-2023.xlsx,175
2436,2022-06-26,IVL_2022_summer_regular,yue,bobo,yihua,upxi,zyj,0,1,2020-2023.xlsx,176
2437,2022-06-26,IVL_2022_summer_regular,dongx,xen,fox,zibi,ming,4,0,2020-2023.xlsx,177
2438,2022-06-26,IVL_2022_summer_regular,dongx,xen,zibi,ming,fox,2,,2020-2023.xlsx,178
2439,2022-06-26,IVL_2022_summer_regular,yue,yihua,upxi,zyj,bobo,2,,2020-2023.xlsx,179
2440,2022-06-26,IVL_2022_summer_regular,yue,bobo,yihua,zyj,upxi,0,1,2020-2023.xlsx,180
2441,2022-06-26,IVL_2022_summer_regular,dongx,xen,ming,fox,zibi,4,0,2020-2023.xlsx,181
2442,2022-06-26,IVL_2022_summer_regular,sese,xingh,xiaod,hengh,add,2,,2020-2023.xlsx,182
2443,2022-06-26,IVL_2022_summer_regular,xc,dis,zzai,sxy,40,2,,2020-2023.xlsx,183
2444,2022-06-26,IVL_2022_summer_regular,sese,xingh,add,hengh,xiaod,3,0,2020-2023.xlsx,184
2445,2022-06-26,IVL_2022_summer_regular,xc,zzai,dis,sxy,40,3,0,2020-2023.xlsx,185
2446,2022-06-26,IVL_2022_summer_regular,sese,xingh,hengh,xiaod,add,3,0,2020-2023.xlsx,186
2447,2022-06-26,IVL_2022_summer_regular,xc,zzai,dis,40,sxy,0,1,2020-2023.xlsx,187
2448,2022-06-26,IVL_2022_summer_regular,xawm,heart,tea,shadow,ak,2,,2020-2023.xlsx,188
2449,2022-06-26,IVL_2022_summer_regular,ppx,18,ppxia,kucao,445,3,0,2020-2023.xlsx,189
2450,2022-06-26,IVL_2022_summer_regular,xawm,heart,shadow,ak,tea,3,0,2020-2023.xlsx,190
2451,2022-06-26,IVL_2022_summer_regular,ppx,445,ppxia,18,kucao,2,,2020-2023.xlsx,191
2452,2022-06-26,IVL_2022_summer_regular,ppx,kucao,ppxia,445,18,3,0,2020-2023.xlsx,192
2453,2022-06-26,IVL_2022_summer_regular,xawm,heart,ak,tea,shadow,2,,2020-2023.xlsx,193
2454,2022-07-01,IVL_2022_summer_regular,yan,iron,mk,long,huiyi,4,0,2020-2023.xlsx,194
2455,2022-07-01,IVL_2022_summer_regular,ymm,jiaxin,tx,jmt,aj,3,0,2020-2023.xlsx,195
2456,2022-07-01,IVL_2022_summer_regular,yan,iron,long,mk,huiyi,3,0,2020-2023.xlsx,196
2457,2022-07-01,IVL_2022_summer_regular,ymm,jiaxin,jmt,tx,aj,2,,2020-2023.xlsx,197
2458,2022-07-01,IVL_2022_summer_regular,sese,xen,ming,zibi,fox,2,,2020-2023.xlsx,198
2459,2022-07-01,IVL_2022_summer_regular,yue,dis,zzai,40,sxy,0,1,2020-2023.xlsx,199
2460,2022-07-01,IVL_2022_summer_regular,sese,xen,zibi,ming,fox,2,,2020-2023.xlsx,200
2461,2022-07-01,IVL_2022_summer_regular,yue,dis,zzai,sxy,40,3,0,2020-2023.xlsx,201
2462,2022-07-01,IVL_2022_summer_regular,sese,xen,zibi,fox,ming,3,0,2020-2023.xlsx,202
2463,2022-07-01,IVL_2022_summer_regular,yue,40,sxy,zzai,dis,0,1,2020-2023.xlsx,203
2464,2022-07-01,IVL_2022_summer_regular,d,xingh,xiaod,add,hengh,2,,2020-2023.xlsx,204
2465,2022-07-01,IVL_2022_summer_regular,xc,drop,sans,libao,maom,0,1,2020-2023.xlsx,205
2466,2022-07-01,IVL_2022_summer_regular,xc,drop,sans,maom,libao,2,,2020-2023.xlsx,206
2467,2022-07-01,IVL_2022_summer_regular,d,add,xingh,hengh,xiaod,3,0,2020-2023.xlsx,207
2468,2022-07-01,IVL_2022_summer_regular,d,add,xiaod,hengh,xingh,3,0,2020-2023.xlsx,208
2469,2022-07-01,IVL_2022_summer_regular,xc,maom,libao,drop,sans,1,1,2020-2023.xlsx,209
2470,2022-07-02,IVL_2022_summer_regular,dongx,heart,shadow,ak,tea,2,,2020-2023.xlsx,210
2471,2022-07-02,IVL_2022_summer_regular,ppx,bobo,upxi,zyj,yihua,2,,2020-2023.xlsx,211
2472,2022-07-02,IVL_2022_summer_regular,dongx,shadow,heart,ak,tea,0,1,2020-2023.xlsx,212
2473,2022-07-02,IVL_2022_summer_regular,ppx,yihua,zyj,upxi,yihua,3,0,2020-2023.xlsx,213
2474,2022-07-02,IVL_2022_summer_regular,ppx,bobo,yihua,zyj,upxi,2,,2020-2023.xlsx,214
2475,2022-07-02,IVL_2022_summer_regular,dongx,heart,shadow,tea,ak,0,1,2020-2023.xlsx,215
2476,2022-07-02,IVL_2022_summer_regular,alex,mk,iron,huiyi,long,2,,2020-2023.xlsx,216
2477,2022-07-02,IVL_2022_summer_regular,ymm,487,huan,jelly,lion,2,,2020-2023.xlsx,217
2478,2022-07-02,IVL_2022_summer_regular,ymm,lion,jelly,487,huan,3,0,2020-2023.xlsx,218
2479,2022-07-02,IVL_2022_summer_regular,alex,huiyi,long,mk,iron,3,0,2020-2023.xlsx,219
2480,2022-07-02,IVL_2022_summer_regular,alex,huiyi,iron,long,mk,0,1,2020-2023.xlsx,220
2481,2022-07-02,IVL_2022_summer_regular,ymm,487,lion,huan,jelly,4,0,2020-2023.xlsx,221
2482,2022-07-02,IVL_2022_summer_regular,xawm,xingh,xiaod,hengh,add,3,0,2020-2023.xlsx,222
2483,2022-07-02,IVL_2022_summer_regular,xc,kucao,ppxia,18,445,2,,2020-2023.xlsx,223
2484,2022-07-02,IVL_2022_summer_regular,xawm,xingh,add,hengh,xiaod,3,0,2020-2023.xlsx,224
2485,2022-07-02,IVL_2022_summer_regular,xc,ppxia,18,kucao,445,3,0,2020-2023.xlsx,225
2486,2022-07-02,IVL_2022_summer_regular,xc,445,kucao,18,ppxia,3,0,2020-2023.xlsx,226
2487,2022-07-02,IVL_2022_summer_regular,xawm,xiaod,hengh,xingh,add,3,0,2020-2023.xlsx,227
2488,2022-07-03,IVL_2022_summer_regular,d,487,lion,huan,jelly,3,0,2020-2023.xlsx,228
2489,2022-07-03,IVL_2022_summer_regular,alex,sans,maom,libao,drop,2,,2020-2023.xlsx,229
2490,2022-07-03,IVL_2022_summer_regular,alex,sans,drop,maom,libao,3,0,2020-2023.xlsx,230
2491,2022-07-03,IVL_2022_summer_regular,d,487,lion,jelly,huan,1,1,2020-2023.xlsx,231
2492,2022-07-03,IVL_2022_summer_regular,d,huan,487,lion,jelly,2,,2020-2023.xlsx,232
2493,2022-07-03,IVL_2022_summer_regular,alex,libao,maom,drop,sans,2,,2020-2023.xlsx,233
2494,2022-07-03,IVL_2022_summer_regular,yue,kucao,ppxia,18,445,2,,2020-2023.xlsx,234
2495,2022-07-03,IVL_2022_summer_regular,xawm,fox,xen,ming,zibi,0,1,2020-2023.xlsx,235
2496,2022-07-03,IVL_2022_summer_regular,xawm,fox,xen,ming,zibi,1,1,2020-2023.xlsx,236
2497,2022-07-03,IVL_2022_summer_regular,yue,18,ppxia,kucao,445,3,0,2020-2023.xlsx,237
2498,2022-07-03,IVL_2022_summer_regular,sese,bobo,upxi,yihua,zyj,3,0,2020-2023.xlsx,238
2499,2022-07-03,IVL_2022_summer_regular,dongx,dis,zzai,sxy,40,0,1,2020-2023.xlsx,239
2500,2022-07-03,IVL_2022_summer_regular,sese,yihua,upxi,zyj,eleven,3,0,2020-2023.xlsx,240
2501,2022-07-03,IVL_2022_summer_regular,dongx,zzai,dis,sxy,40,0,1,2020-2023.xlsx,241
2502,2022-07-08,IVL_2022_summer_regular,dongx,jmt,jiaxin,tx,huahua,2,,2020-2023.xlsx,242
2503,2022-07-08,IVL_2022_summer_regular,yan,bobo,yihua,zyj,upxi,2,,2020-2023.xlsx,243
2504,2022-07-08,IVL_2022_summer_regular,dongx,jiaxin,tx,huahua,aj,1,1,2020-2023.xlsx,244
2505,2022-07-08,IVL_2022_summer_regular,yan,yihua,upxi,zyj,bobo,2,,2020-2023.xlsx,245
2506,2022-07-08,IVL_2022_summer_regular,dongx,aj,huahua,tx,jiaxin,0,1,2020-2023.xlsx,246
2507,2022-07-08,IVL_2022_summer_regular,yan,upxi,zyj,yihua,bobo,2,,2020-2023.xlsx,247
2508,2022-07-08,IVL_2022_summer_regular,alex,dis,zzai,sxy,kong,0,1,2020-2023.xlsx,248
2509,2022-07-08,IVL_2022_summer_regular,sese,jelly,487,lion,huan,3,0,2020-2023.xlsx,249
2510,2022-07-08,IVL_2022_summer_regular,alex,dis,sxy,kong,zzai,3,0,2020-2023.xlsx,250
2511,2022-07-08,IVL_2022_summer_regular,sese,lion,487,huan,jelly,4,0,2020-2023.xlsx,251
2512,2022-07-08,IVL_2022_summer_regular,yue,iron,mk,long,huiyi,4,0,2020-2023.xlsx,252
2513,2022-07-08,IVL_2022_summer_regular,ymm,fox,zibi,xen,ming,2,,2020-2023.xlsx,253
2514,2022-07-08,IVL_2022_summer_regular,yue,iron,mk,long,huiyi,1,1,2020-2023.xlsx,254
2515,2022-07-08,IVL_2022_summer_regular,ymm,xen,zibi,ming,fox,2,,2020-2023.xlsx,255
2516,2022-07-08,IVL_2022_summer_regular,yue,long,iron,mk,huiyi,2,,2020-2023.xlsx,256
2517,2022-07-08,IVL_2022_summer_regular,ymm,xen,zibi,fox,ming,2,,2020-2023.xlsx,257
2518,2022-07-09,IVL_2022_summer_regular,xc,heart,shadow,ak,tea,3,0,2020-2023.xlsx,258
2519,2022-07-09,IVL_2022_summer_regular,ppx,add,xingh,xiaod,hengh,3,0,2020-2023.xlsx,259
2520,2022-07-09,IVL_2022_summer_regular,xc,heart,shadow,tea,ak,2,,2020-2023.xlsx,260
2521,2022-07-09,IVL_2022_summer_regular,ppx,xingh,add,xiaod,hengh,3,0,2020-2023.xlsx,261
2522,2022-07-09,IVL_2022_summer_regular,xc,heart,tea,ak,shadow,0,1,2020-2023.xlsx,262
2523,2022-07-09,IVL_2022_summer_regular,ppx,xingh,xiaod,hengh,add,1,1,2020-2023.xlsx,263
2524,2022-07-09,IVL_2022_summer_regular,yan,kucao,ppxia,18,445,1,1,2020-2023.xlsx,264
2525,2022-07-09,IVL_2022_summer_regular,xawm,jmt,tx,aj,huahua,0,1,2020-2023.xlsx,265
2526,2022-07-09,IVL_2022_summer_regular,xawm,aj,tx,huahua,jmt,3,0,2020-2023.xlsx,266
2527,2022-07-09,IVL_2022_summer_regular,yan,445,kucao,18,ppxia,2,,2020-2023.xlsx,267
2528,2022-07-09,IVL_2022_summer_regular,xawm,tx,aj,jmt,huahua,1,1,2020-2023.xlsx,268
2529,2022-07-09,IVL_2022_summer_regular,yan,ppxia,18,445,kucao,3,0,2020-2023.xlsx,269
2530,2022-07-09,IVL_2022_summer_regular,dongx,sans,libao,maom,drop,0,1,2020-2023.xlsx,270
2531,2022-07-09,IVL_2022_summer_regular,anyi,bobo,yihua,zyj,upxi,3,0,2020-2023.xlsx,271
2532,2022-07-09,IVL_2022_summer_regular,dongx,sans,libao,maom,drop,0,1,2020-2023.xlsx,272
2533,2022-07-09,IVL_2022_summer_regular,anyi,bobo,upxi,zyj,yihua,2,,2020-2023.xlsx,273
2534,2022-07-10,IVL_2022_summer_regular,yue,jelly,huan,lion,487,2,,2020-2023.xlsx,274
2535,2022-07-10,IVL_2022_summer_regular,alex,xen,fox,zibi,ming,2,,2020-2023.xlsx,275
2536,2022-07-10,IVL_2022_summer_regular,yue,lion,jelly,huan,487,3,0,2020-2023.xlsx,276
2537,2022-07-10,IVL_2022_summer_regular,alex,xen,zibi,fox,ming,2,,2020-2023.xlsx,277
2538,2022-07-10,IVL_2022_summer_regular,yue,lion,487,huan,jelly,4,0,2020-2023.xlsx,278
2539,2022-07-10,IVL_2022_summer_regular,alex,xen,zibi,fox,ming,0,1,2020-2023.xlsx,279
2540,2022-07-10,IVL_2022_summer_regular,ppx,iron,mk,long,huiyi,3,0,2020-2023.xlsx,280
2541,2022-07-10,IVL_2022_summer_regular,ymm,ak,shadow,heart,tea,4,0,2020-2023.xlsx,281
2542,2022-07-10,IVL_2022_summer_regular,ymm,heart,shadow,tea,ak,3,0,2020-2023.xlsx,282
2543,2022-07-10,IVL_2022_summer_regular,ppx,long,mk,iron,huiyi,2,,2020-2023.xlsx,283
2544,2022-07-10,IVL_2022_summer_regular,sese,kucao,ppxia,445,18,3,0,2020-2023.xlsx,284
2545,2022-07-10,IVL_2022_summer_regular,xawm,dis,zzai,kong,sxy,0,1,2020-2023.xlsx,285
2546,2022-07-10,IVL_2022_summer_regular,sese,kucao,18,ppxia,445,2,,2020-2023.xlsx,286
2547,2022-07-10,IVL_2022_summer_regular,xawm,kong,sxy,dis,zzai,1,1,2020-2023.xlsx,287
2548,2022-07-15,IVL_2022_summer_regular,yan,sans,drop,libao,maom,2,,2020-2023.xlsx,288
2549,2022-07-15,IVL_2022_summer_regular,d,tx,huahua,jmt,jiaxin,2,,2020-2023.xlsx,289
2550,2022-07-15,IVL_2022_summer_regular,yan,drop,sans,maom,libao,0,1,2020-2023.xlsx,290
2551,2022-07-15,IVL_2022_summer_regular,d,jiaxin,huahua,jmt,tx,2,,2020-2023.xlsx,291
2552,2022-07-15,IVL_2022_summer_regular,yan,sans,libao,maom,drop,2,,2020-2023.xlsx,292
2553,2022-07-15,IVL_2022_summer_regular,d,jmt,huahua,tx,jiaxin,3,0,2020-2023.xlsx,293
2554,2022-07-15,IVL_2022_summer_regular,ymm,xingh,add,hengh,xiaod,2,,2020-2023.xlsx,294
2555,2022-07-15,IVL_2022_summer_regular,xc,iron,mk,long,huiyi,3,0,2020-2023.xlsx,295
2556,2022-07-15,IVL_2022_summer_regular,xc,huiyi,mk,long,iron,0,1,2020-2023.xlsx,296
2557,2022-07-15,IVL_2022_summer_regular,ymm,add,xiaod,xingh,hengh,3,0,2020-2023.xlsx,297
2558,2022-07-15,IVL_2022_summer_regular,xc,mk,long,huiyi,iron,2,,2020-2023.xlsx,298
2559,2022-07-15,IVL_2022_summer_regular,ymm,xiaod,hengh,add,xingh,1,1,2020-2023.xlsx,299
2560,2022-07-15,IVL_2022_summer_regular,sese,ak,shadow,heart,tea,2,,2020-2023.xlsx,300
2561,2022-07-15,IVL_2022_summer_regular,ppx,dis,zzai,sxy,kong,0,1,2020-2023.xlsx,301
2562,2022-07-15,IVL_2022_summer_regular,sese,heart,shadow,tea,ak,2,,2020-2023.xlsx,302
2563,2022-07-15,IVL_2022_summer_regular,ppx,kong,zzai,sxy,dis,3,0,2020-2023.xlsx,303
2564,2022-07-15,IVL_2022_summer_regular,ppx,sxy,zzai,dis,kong,1,1,2020-2023.xlsx,304
2565,2022-07-15,IVL_2022_summer_regular,sese,heart,ak,shadow,tea,4,0,2020-2023.xlsx,305
2566,2022-07-16,IVL_2022_summer_regular,d,iron,mk,huiyi,long,2,,2020-2023.xlsx,306
2567,2022-07-16,IVL_2022_summer_regular,ymm,drop,sans,maom,libao,3,0,2020-2023.xlsx,307
2568,2022-07-16,IVL_2022_summer_regular,d,iron,mk,huiyi,long,4,0,2020-2023.xlsx,308
2569,2022-07-16,IVL_2022_summer_regular,ymm,drop,libao,sans,maom,4,0,2020-2023.xlsx,309
2570,2022-07-16,IVL_2022_summer_regular,d,long,mk,huiyi,iron,3,0,2020-2023.xlsx,310
2571,2022-07-16,IVL_2022_summer_regular,ymm,drop,sans,maom,libao,2,,2020-2023.xlsx,311
2572,2022-07-16,IVL_2022_summer_regular,ymm,libao,sans,maom,drop,0,1,2020-2023.xlsx,312
2573,2022-07-16,IVL_2022_summer_regular,anyi,mk,iron,huiyi,long,2,,2020-2023.xlsx,313
2574,2022-07-16,IVL_2022_summer_regular,alex,kucao,ppxia,18,445,2,,2020-2023.xlsx,314
2575,2022-07-16,IVL_2022_summer_regular,xawm,jelly,huan,lion,487,1,1,2020-2023.xlsx,315
2576,2022-07-16,IVL_2022_summer_regular,alex,445,ppxia,kucao,18,2,,2020-2023.xlsx,316
2577,2022-07-16,IVL_2022_summer_regular,xawm,487,lion,huan,jelly,2,,2020-2023.xlsx,317
2578,2022-07-16,IVL_2022_summer_regular,alex,445,kucao,ppxia,18,2,,2020-2023.xlsx,318
2579,2022-07-16,IVL_2022_summer_regular,xawm,lion,jelly,487,huan,2,,2020-2023.xlsx,319
2580,2022-07-16,IVL_2022_summer_regular,alex,18,445,ppxia,kucao,3,0,2020-2023.xlsx,320
2581,2022-07-16,IVL_2022_summer_regular,xawm,487,lion,jelly,huan,3,0,2020-2023.xlsx,321
2582,2022-07-16,IVL_2022_summer_regular,dongx,dis,zzai,sxy,kong,0,1,2020-2023.xlsx,322
2583,2022-07-16,IVL_2022_summer_regular,sese,yihua,upxi,bobo,zyj,3,0,2020-2023.xlsx,323
2584,2022-07-16,IVL_2022_summer_regular,sese,yihua,upxi,eleven,zyj,4,0,2020-2023.xlsx,324
2585,2022-07-16,IVL_2022_summer_regular,dongx,dis,zzai,sxy,kong,2,,2020-2023.xlsx,325
2586,2022-07-17,IVL_2022_summer_regular,xawm,ak,shadow,tea,heart,3,0,2020-2023.xlsx,326
2587,2022-07-17,IVL_2022_summer_regular,ppx,ak,ppxia,18,445,1,1,2020-2023.xlsx,327
2588,2022-07-17,IVL_2022_summer_regular,xawm,heart,ak,shadow,tea,2,,2020-2023.xlsx,328
2589,2022-07-17,IVL_2022_summer_regular,ppx,445,ppxia,18,kucao,3,0,2020-2023.xlsx,329
2590,2022-07-17,IVL_2022_summer_regular,xawm,heart,shadow,tea,ak,2,,2020-2023.xlsx,330
2591,2022-07-17,IVL_2022_summer_regular,ppx,445,ppxia,kucao,18,4,0,2020-2023.xlsx,331
2592,2022-07-17,IVL_2022_summer_regular,yue,jiaxin,huahua,tx,jmt,2,,2020-2023.xlsx,332
2593,2022-07-17,IVL_2022_summer_regular,yan,xen,fox,ming,zibi,2,,2020-2023.xlsx,333
2594,2022-07-17,IVL_2022_summer_regular,yan,xen,ming,fox,ming,3,0,2020-2023.xlsx,334
2595,2022-07-17,IVL_2022_summer_regular,yue,jiaxin,jmt,tx,huahua,3,0,2020-2023.xlsx,335
2596,2022-07-17,IVL_2022_summer_regular,yue,tx,jmt,huahua,jiaxin,2,,2020-2023.xlsx,336
2597,2022-07-17,IVL_2022_summer_regular,yan,zibi,ming,xen,fox,2,,2020-2023.xlsx,337
2598,2022-07-17,IVL_2022_summer_regular,yan,fox,zibi,ming,xen,2,,2020-2023.xlsx,338
2599,2022-07-17,IVL_2022_summer_regular,yue,jiaxin,tx,huahua,jmt,0,1,2020-2023.xlsx,339
2600,2022-07-17,IVL_2022_summer_regular,alex,add,xiaod,xingh,hengh,2,,2020-2023.xlsx,340
2601,2022-07-17,IVL_2022_summer_regular,xc,jelly,huan,487,lion,4,0,2020-2023.xlsx,341
2602,2022-07-17,IVL_2022_summer_regular,xc,487,lion,huan,jelly,3,0,2020-2023.xlsx,342
2603,2022-07-17,IVL_2022_summer_regular,alex,xiaod,add,hengh,xingh,3,0,2020-2023.xlsx,343
2604,2022-07-17,IVL_2022_summer_regular,xc,487,lion,huan,jelly,3,0,2020-2023.xlsx,344
2605,2022-07-17,IVL_2022_summer_regular,alex,hengh,xiaod,xingh,add,0,1,2020-2023.xlsx,345
2606,2022-07-22,IVL_2022_summer_regular,xc,fox,zibi,ming,xen,3,0,2020-2023.xlsx,346
2607,2022-07-22,IVL_2022_summer_regular,yue,xingh,xiaod,huac,add,1,1,2020-2023.xlsx,347
2608,2022-07-22,IVL_2022_summer_regular,yue,xingh,xiaod,huac,add,2,,2020-2023.xlsx,348
2609,2022-07-22,IVL_2022_summer_regular,xc,xen,ming,fox,zibi,2,,2020-2023.xlsx,349
2610,2022-07-22,IVL_2022_summer_regular,yue,xingh,xiaod,add,huac,2,,2020-2023.xlsx,350
2611,2022-07-22,IVL_2022_summer_regular,xc,xen,ming,zibi,fox,3,0,2020-2023.xlsx,351
2612,2022-07-22,IVL_2022_summer_regular,dongx,kucao,ppxia,445,18,0,1,2020-2023.xlsx,352
2613,2022-07-22,IVL_2022_summer_regular,xawm,zyj,upxi,yihua,bobo,3,0,2020-2023.xlsx,353
2614,2022-07-22,IVL_2022_summer_regular,xawm,yihua,upxi,bobo,zyj,3,0,2020-2023.xlsx,354
2615,2022-07-22,IVL_2022_summer_regular,dongx,ppxia,18,445,kucao,3,0,2020-2023.xlsx,355
2616,2022-07-22,IVL_2022_summer_regular,dongx,18,kucao,445,ppxia,2,,2020-2023.xlsx,356
2617,2022-07-22,IVL_2022_summer_regular,xawm,yihua,zyj,bobo,upxi,2,,2020-2023.xlsx,357
2618,2022-07-22,IVL_2022_summer_regular,yan,dis,zzai,sxy,chuc,2,,2020-2023.xlsx,358
2619,2022-07-22,IVL_2022_summer_regular,chz,jiaxin,jmt,huahua,tx,3,0,2020-2023.xlsx,359
2620,2022-07-22,IVL_2022_summer_regular,yan,dis,sxy,zzai,chuc,2,,2020-2023.xlsx,360
2621,2022-07-22,IVL_2022_summer_regular,chz,jiaxin,tx,jmt,huahua,3,0,2020-2023.xlsx,361
2622,2022-07-23,IVL_2022_summer_regular,d,jelly,487,huan,lion,4,0,2020-2023.xlsx,362
2623,2022-07-23,IVL_2022_summer_regular,alex,sans,drop,maom,libao,3,0,2020-2023.xlsx,363
2624,2022-07-23,IVL_2022_summer_regular,d,487,huan,jelly,lion,4,0,2020-2023.xlsx,364
2625,2022-07-23,IVL_2022_summer_regular,alex,sans,libao,maom,drop,2,,2020-2023.xlsx,365
2626,2022-07-23,IVL_2022_summer_regular,dongx,fox,xen,ming,zibi,0,1,2020-2023.xlsx,366
2627,2022-07-23,IVL_2022_summer_regular,yue,bobo,yihua,upxi,zyj,0,1,2020-2023.xlsx,367
2628,2022-07-23,IVL_2022_summer_regular,yue,yihua,upxi,zyj,bobo,3,0,2020-2023.xlsx,368
2629,2022-07-23,IVL_2022_summer_regular,dongx,xen,zibi,fox,ming,2,,2020-2023.xlsx,369
2630,2022-07-23,IVL_2022_summer_regular,dongx,xen,fox,ming,zibi,2,,2020-2023.xlsx,370
2631,2022-07-23,IVL_2022_summer_regular,yue,yihua,zyj,upxi,bobo,2,,2020-2023.xlsx,371
2632,2022-07-23,IVL_2022_summer_regular,xawm,iron,mk,huiyi,long,3,0,2020-2023.xlsx,372
2633,2022-07-23,IVL_2022_summer_regular,ymm,kucao,ppxia,18,445,2,,2020-2023.xlsx,373
2634,2022-07-23,IVL_2022_summer_regular,ymm,18,ppxia,445,kucao,3,0,2020-2023.xlsx,374
2635,2022-07-23,IVL_2022_summer_regular,xawm,huiyi,mk,long,iron,2,,2020-2023.xlsx,375
2636,2022-07-23,IVL_2022_summer_regular,xawm,iron,long,mk,huiyi,2,,2020-2023.xlsx,376
2637,2022-07-23,IVL_2022_summer_regular,ymm,445,kucao,18,ppxia,3,0,2020-2023.xlsx,377
2638,2022-07-24,IVL_2022_summer_regular,anyi,ak,shadow,tea,heart,3,0,2020-2023.xlsx,378
2639,2022-07-24,IVL_2022_summer_regular,ppx,drop,sans,maom,libao,2,,2020-2023.xlsx,379
2640,2022-07-24,IVL_2022_summer_regular,anyi,heart,shadow,ak,tea,3,0,2020-2023.xlsx,380
2641,2022-07-24,IVL_2022_summer_regular,ppx,sans,drop,maom,libao,3,0,2020-2023.xlsx,381
2642,2022-07-24,IVL_2022_summer_regular,anyi,shadow,ak,tea,heart,2,,2020-2023.xlsx,382
2643,2022-07-24,IVL_2022_summer_regular,ppx,sans,maom,drop,libao,2,,2020-2023.xlsx,383
2644,2022-07-24,IVL_2022_summer_regular,yan,487,jelly,lion,huan,3,0,2020-2023.xlsx,384
2645,2022-07-24,IVL_2022_summer_regular,alex,tx,huahua,jiaxin,jmt,1,1,2020-2023.xlsx,385
2646,2022-07-24,IVL_2022_summer_regular,yan,huan,lion,487,jelly,2,,2020-2023.xlsx,386
2647,2022-07-24,IVL_2022_summer_regular,alex,huahua,saury,jmt,jiaxin,2,,2020-2023.xlsx,387
2648,2022-07-24,IVL_2022_summer_regular,alex,saury,jiaxin,jmt,huahua,2,,2020-2023.xlsx,388
2649,2022-07-24,IVL_2022_summer_regular,yan,lion,huan,487,jelly,3,0,2020-2023.xlsx,389
2650,2022-07-24,IVL_2022_summer_regular,chz,xiaod,add,huac,xingh,2,,2020-2023.xlsx,390
2651,2022-07-24,IVL_2022_summer_regular,xc,dis,zzai,sxy,chuc,0,1,2020-2023.xlsx,391
2652,2022-07-24,IVL_2022_summer_regular,chz,xingh,xiaod,huac,add,3,0,2020-2023.xlsx,392
2653,2022-07-24,IVL_2022_summer_regular,xc,dis,chuc,zzai,sxy,0,1,2020-2023.xlsx,393
2654,2022-07-29,IVL_2022_summer_regular,d,dis,chuc,sxy,40,2,,2020-2023.xlsx,394
2655,2022-07-29,IVL_2022_summer_regular,chz,drop,libao,sans,maom,4,0,2020-2023.xlsx,395
2656,2022-07-29,IVL_2022_summer_regular,chz,sans,maom,libao,drop,3,0,2020-2023.xlsx,396
2657,2022-07-29,IVL_2022_summer_regular,d,sxy,40,chuc,dis,1,1,2020-2023.xlsx,397
2658,2022-07-29,IVL_2022_summer_regular,ymm,tx,huahua,saury,jiaxin,2,,2020-2023.xlsx,398
2659,2022-07-29,IVL_2022_summer_regular,yeyv,iron,mk,huiyi,long,3,0,2020-2023.xlsx,399
2660,2022-07-29,IVL_2022_summer_regular,yeyv,long,mk,huiyi,iron,3,0,2020-2023.xlsx,400
2661,2022-07-29,IVL_2022_summer_regular,ymm,jiaxin,saury,huahua,tx,1,1,2020-2023.xlsx,401
2662,2022-07-29,IVL_2022_summer_regular,dongx,ak,shadow,heart,tea,3,0,2020-2023.xlsx,402
2663,2022-07-29,IVL_2022_summer_regular,ppx,bobo,upxi,yihua,zyj,1,1,2020-2023.xlsx,403
2664,2022-07-29,IVL_2022_summer_regular,dongx,shadow,tea,ak,heart,2,,2020-2023.xlsx,404
2665,2022-07-29,IVL_2022_summer_regular,ppx,yihua,upxi,zyj,bobo,3,0,2020-2023.xlsx,405
2666,2022-07-29,IVL_2022_summer_regular,dongx,shadow,tea,ak,heart,2,,2020-2023.xlsx,406
2667,2022-07-29,IVL_2022_summer_regular,ppx,upxi,zyj,bobo,yihua,3,0,2020-2023.xlsx,407
2668,2022-07-30,IVL_2022_summer_regular,ymm,jelly,huan,487,lion,3,0,2020-2023.xlsx,408
2669,2022-07-30,IVL_2022_summer_regular,alex,mk,iron,huiyi,long,1,1,2020-2023.xlsx,409
2670,2022-07-30,IVL_2022_summer_regular,ymm,lion,huan,487,jelly,3,0,2020-2023.xlsx,410
2671,2022-07-30,IVL_2022_summer_regular,alex,long,mk,huiyi,iron,1,1,2020-2023.xlsx,411
2672,2022-07-30,IVL_2022_summer_regular,dongx,xingh,xiaod,hengh,add,4,0,2020-2023.xlsx,412
2673,2022-07-30,IVL_2022_summer_regular,xc,bobo,upxi,zyj,yihua,2,,2020-2023.xlsx,413
2674,2022-07-30,IVL_2022_summer_regular,dongx,add,xiaod,hengh,xingh,2,,2020-2023.xlsx,414
2675,2022-07-30,IVL_2022_summer_regular,xc,yihua,upxi,zyj,bobo,3,0,2020-2023.xlsx,415
2676,2022-07-30,IVL_2022_summer_regular,xc,upxi,zyj,bobo,yihua,1,1,2020-2023.xlsx,416
2677,2022-07-30,IVL_2022_summer_regular,dongx,xingh,xiaod,hengh,add,2,,2020-2023.xlsx,417
2678,2022-07-30,IVL_2022_summer_regular,yue,kucao,ppxia,18,445,3,0,2020-2023.xlsx,418
2679,2022-07-30,IVL_2022_summer_regular,xawm,fox,zibi,xen,ming,2,,2020-2023.xlsx,419
2680,2022-07-30,IVL_2022_summer_regular,yue,ppxia,18,445,kucao,3,0,2020-2023.xlsx,420
2681,2022-07-30,IVL_2022_summer_regular,xawm,xen,zibi,ming,fox,3,0,2020-2023.xlsx,421
2682,2022-07-30,IVL_2022_summer_regular,yue,kucao,18,ppxia,445,2,,2020-2023.xlsx,422
2683,2022-07-30,IVL_2022_summer_regular,xawm,fox,xen,ming,zibi,3,0,2020-2023.xlsx,423
2684,2022-07-30,IVL_2022_summer_regular,yue,18,kucao,445,ppxia,0,1,2020-2023.xlsx,424
2685,2022-07-30,IVL_2022_summer_regular,xawm,fox,zibi,xen,ming,3,0,2020-2023.xlsx,425
2686,2022-07-31,IVL_2022_summer_regular,xc,sans,libao,drop,maom,3,0,2020-2023.xlsx,426
2687,2022-07-31,IVL_2022_summer_regular,d,add,xiaod,xingh,hengh,4,0,2020-2023.xlsx,427
2688,2022-07-31,IVL_2022_summer_regular,d,xingh,add,xiaod,hengh,2,,2020-2023.xlsx,428
2689,2022-07-31,IVL_2022_summer_regular,xc,drop,libao,maom,sans,3,0,2020-2023.xlsx,429
2690,2022-07-31,IVL_2022_summer_regular,d,xiaod,xingh,add,hengh,3,0,2020-2023.xlsx,430
2691,2022-07-31,IVL_2022_summer_regular,xc,drop,libao,sans,maom,0,1,2020-2023.xlsx,431
2692,2022-07-31,IVL_2022_summer_regular,yue,dis,chuc,40,sxy,0,1,2020-2023.xlsx,432
2693,2022-07-31,IVL_2022_summer_regular,chz,fox,xen,ming,zibi,3,0,2020-2023.xlsx,433
2694,2022-07-31,IVL_2022_summer_regular,chz,fox,xen,zibi,ming,1,1,2020-2023.xlsx,434
2695,2022-07-31,IVL_2022_summer_regular,yue,dis,chuc,sxy,40,2,,2020-2023.xlsx,435
2696,2022-07-31,IVL_2022_summer_regular,yue,dis,sxy,chuc,40,2,,2020-2023.xlsx,436
2697,2022-07-31,IVL_2022_summer_regular,chz,fox,xen,ming,zibi,0,1,2020-2023.xlsx,437
2698,2022-07-31,IVL_2022_summer_regular,alex,tea,heart,shadow,ak,2,,2020-2023.xlsx,438
2699,2022-07-31,IVL_2022_summer_regular,ppx,487,lion,huan,jelly,3,0,2020-2023.xlsx,439
2700,2022-07-31,IVL_2022_summer_regular,alex,heart,shadow,ak,ac,2,,2020-2023.xlsx,440
2701,2022-07-31,IVL_2022_summer_regular,ppx,487,lion,huan,jelly,2,,2020-2023.xlsx,441
2702,2022-07-31,IVL_2022_summer_regular,alex,heart,shadow,ak,ac,0,1,2020-2023.xlsx,442
2703,2022-07-31,IVL_2022_summer_regular,ppx,lion,487,jelly,huan,3,0,2020-2023.xlsx,443
2704,2022-08-05,IVL_2022_summer_regular,sese,iron,mk,long,huiyi,3,0,2020-2023.xlsx,444
2705,2022-08-05,IVL_2022_summer_regular,ymm,dis,sxy,40,chuc,2,,2020-2023.xlsx,445
2706,2022-08-05,IVL_2022_summer_regular,ymm,sxy,40,dis,chuc,2,,2020-2023.xlsx,446
2707,2022-08-05,IVL_2022_summer_regular,sese,long,huiyi,mk,iron,3,0,2020-2023.xlsx,447
2708,2022-08-05,IVL_2022_summer_regular,d,xen,zibi,fox,ming,1,1,2020-2023.xlsx,448
2709,2022-08-05,IVL_2022_summer_regular,yue,sans,libao,drop,maom,2,,2020-2023.xlsx,449
2710,2022-08-05,IVL_2022_summer_regular,yue,drop,maom,sans,libao,3,0,2020-2023.xlsx,450
2711,2022-08-05,IVL_2022_summer_regular,anyi,xen,fox,zibi,ming,0,1,2020-2023.xlsx,451
2712,2022-08-05,IVL_2022_summer_regular,yan,ak,shadow,heart,tea,2,,2020-2023.xlsx,452
2713,2022-08-05,IVL_2022_summer_regular,ppx,jiaxin,tx,huahua,jmt,3,0,2020-2023.xlsx,453
2714,2022-08-05,IVL_2022_summer_regular,yan,heart,tea,ak,shadow,2,,2020-2023.xlsx,454
2715,2022-08-05,IVL_2022_summer_regular,ppx,jmt,jiaxin,tx,huahua,3,0,2020-2023.xlsx,455
2716,2022-08-06,IVL_2022_summer_regular,ymm,bobo,upxi,yihua,zyj,3,0,2020-2023.xlsx,456
2717,2022-08-06,IVL_2022_summer_regular,dongx,iron,mk,long,huiyi,3,0,2020-2023.xlsx,457
2718,2022-08-06,IVL_2022_summer_regular,dongx,mk,long,huiyi,iron,3,0,2020-2023.xlsx,458
2719,2022-08-06,IVL_2022_summer_regular,ymm,upxi,zyj,bobo,yihua,2,,2020-2023.xlsx,459
2720,2022-08-06,IVL_2022_summer_regular,ymm,zyj,yihua,bobo,upxi,3,0,2020-2023.xlsx,460
2721,2022-08-06,IVL_2022_summer_regular,dongx,long,huiyi,mk,iron,0,1,2020-2023.xlsx,461
2722,2022-08-06,IVL_2022_summer_regular,yan,xingh,xiaod,hengh,add,4,0,2020-2023.xlsx,462
2723,2022-08-06,IVL_2022_summer_regular,xc,tx,huahua,jiaxin,jmt,1,1,2020-2023.xlsx,463
2724,2022-08-06,IVL_2022_summer_regular,xc,jiaxin,jmt,huahua,tx,2,,2020-2023.xlsx,464
2725,2022-08-06,IVL_2022_summer_regular,yan,xingh,xiaod,hengh,add,4,0,2020-2023.xlsx,465
2726,2022-08-06,IVL_2022_summer_regular,anyi,445,18,ppxia,kucao,2,,2020-2023.xlsx,466
2727,2022-08-06,IVL_2022_summer_regular,xawm,sans,maom,libao,drop,3,0,2020-2023.xlsx,467
2728,2022-08-06,IVL_2022_summer_regular,xawm,sans,maom,drop,libao,1,1,2020-2023.xlsx,468
2729,2022-08-06,IVL_2022_summer_regular,anyi,ppxia,18,kucao,445,3,0,2020-2023.xlsx,469
2730,2022-08-06,IVL_2022_summer_regular,anyi,445,18,kucao,ppxia,2,,2020-2023.xlsx,470
2731,2022-08-06,IVL_2022_summer_regular,xawm,sans,libao,drop,maom,4,0,2020-2023.xlsx,471
2732,2022-08-07,IVL_2022_summer_regular,yue,heart,shadow,ak,ac,3,0,2020-2023.xlsx,472
2733,2022-08-07,IVL_2022_summer_regular,xj,ling,xen,fox,ming,4,0,2020-2023.xlsx,473
2734,2022-08-07,IVL_2022_summer_regular,yue,heart,ak,shadow,ac,2,,2020-2023.xlsx,474
2735,2022-08-07,IVL_2022_summer_regular,xj,xen,ming,fox,ling,3,0,2020-2023.xlsx,475
2736,2022-08-07,IVL_2022_summer_regular,dongx,jelly,lion,huan,487,3,0,2020-2023.xlsx,476
2737,2022-08-07,IVL_2022_summer_regular,alex,yihua,upxi,zyj,bobo,4,0,2020-2023.xlsx,477
2738,2022-08-07,IVL_2022_summer_regular,dongx,487,lion,jelly,huan,2,,2020-2023.xlsx,478
2739,2022-08-07,IVL_2022_summer_regular,alex,bobo,upxi,yihua,zyj,0,1,2020-2023.xlsx,479
2740,2022-08-07,IVL_2022_summer_regular,dongx,487,lion,jelly,huan,0,1,2020-2023.xlsx,480
2741,2022-08-07,IVL_2022_summer_regular,alex,bobo,zyj,upxi,yihua,1,1,2020-2023.xlsx,481
2742,2022-08-07,IVL_2022_summer_regular,xawm,xiaod,add,hengh,xingh,0,1,2020-2023.xlsx,482
2743,2022-08-07,IVL_2022_summer_regular,xc,kucao,ppxia,445,18,3,0,2020-2023.xlsx,483
2744,2022-08-07,IVL_2022_summer_regular,xawm,xingh,xiaod,hengh,add,3,0,2020-2023.xlsx,484
2745,2022-08-07,IVL_2022_summer_regular,xc,ppxia,18,445,kucao,3,0,2020-2023.xlsx,485
2746,2022-08-07,IVL_2022_summer_regular,xc,445,ppxia,kucao,18,2,,2020-2023.xlsx,486
2747,2022-08-07,IVL_2022_summer_regular,xawm,xingh,hengh,add,xiaod,2,,2020-2023.xlsx,487
2748,2022-08-18,IVL_2022_summer_playoffs,xawm,sans,libao,maom,drop,3,0,2020-2023.xlsx,488
2749,2022-08-18,IVL_2022_summer_playoffs,anyi,kucao,18,ppxia,445,3,0,2020-2023.xlsx,489
2750,2022-08-18,IVL_2022_summer_playoffs,xawm,drop,maom,libao,sans,1,1,2020-2023.xlsx,490
2751,2022-08-18,IVL_2022_summer_playoffs,d,kucao,18,ppxia,445,2,,2020-2023.xlsx,491
2752,2022-08-18,IVL_2022_summer_playoffs,xawm,drop,libao,sans,maom,3,0,2020-2023.xlsx,492
2753,2022-08-18,IVL_2022_summer_playoffs,d,ppxia,18,kucao,445,3,0,2020-2023.xlsx,493
2754,2022-08-18,IVL_2022_summer_playoffs,d,ppxia,18,kucao,445,3,0,2020-2023.xlsx,494
2755,2022-08-18,IVL_2022_summer_playoffs,xawm,maom,libao,sans,drop,2,,2020-2023.xlsx,495
2756,2022-08-18,IVL_2022_summer_playoffs,dongx,add,xiaod,hengh,xingh,3,0,2020-2023.xlsx,496
2757,2022-08-18,IVL_2022_summer_playoffs,xc,upxi,bobo,yihua,zyj,1,1,2020-2023.xlsx,497
2758,2022-08-18,IVL_2022_summer_playoffs,dongx,xiaod,add,xingh,hengh,3,0,2020-2023.xlsx,498
2759,2022-08-18,IVL_2022_summer_playoffs,xc,zyj,bobo,upxi,yihua,2,,2020-2023.xlsx,499
2760,2022-08-18,IVL_2022_summer_playoffs,dongx,xiaod,xingh,add,hengh,1,1,2020-2023.xlsx,500
2761,2022-08-18,IVL_2022_summer_playoffs,xc,upxi,yihua,bobo,zyj,3,0,2020-2023.xlsx,501
2762,2022-08-18,IVL_2022_summer_playoffs,dongx,xiaod,add,xingh,hengh,2,,2020-2023.xlsx,502
2763,2022-08-18,IVL_2022_summer_playoffs,xc,upxi,yihua,bobo,zyj,1,1,2020-2023.xlsx,503
2764,2022-08-18,IVL_2022_summer_playoffs,ymm,jelly,huan,lion,487,3,0,2020-2023.xlsx,504
2765,2022-08-18,IVL_2022_summer_playoffs,alex,iron,mk,huiyi,long,2,,2020-2023.xlsx,505
2766,2022-08-18,IVL_2022_summer_playoffs,ymm,jelly,huan,lion,487,0,1,2020-2023.xlsx,506
2767,2022-08-18,IVL_2022_summer_playoffs,alex,iron,huiyi,mk,long,3,0,2020-2023.xlsx,507
2768,2022-08-18,IVL_2022_summer_playoffs,ymm,lion,487,jelly,huan,1,1,2020-2023.xlsx,508
2769,2022-08-18,IVL_2022_summer_playoffs,alex,huiyi,iron,mk,long,4,0,2020-2023.xlsx,509
2770,2022-08-18,IVL_2022_summer_playoffs,ymm,487,lion,jelly,huan,2,,2020-2023.xlsx,510
2771,2022-08-18,IVL_2022_summer_playoffs,alex,huiyi,long,mk,iron,2,,2020-2023.xlsx,511
2772,2022-08-19,IVL_2022_summer_playoffs,xawm,jelly,487,lion,huan,2,,2020-2023.xlsx,512
2773,2022-08-19,IVL_2022_summer_playoffs,alex,18,kucao,ppxia,445,1,1,2020-2023.xlsx,513
2774,2022-08-19,IVL_2022_summer_playoffs,xawm,jelly,487,lion,huan,0,1,2020-2023.xlsx,514
2775,2022-08-19,IVL_2022_summer_playoffs,alex,ppxia,18,445,kucao,2,,2020-2023.xlsx,515
2776,2022-08-19,IVL_2022_summer_playoffs,xawm,487,lion,huan,jelly,2,,2020-2023.xlsx,516
2777,2022-08-19,IVL_2022_summer_playoffs,alex,ppxia,18,kucao,445,3,0,2020-2023.xlsx,517
2778,2022-08-19,IVL_2022_summer_playoffs,xawm,huan,jelly,487,lion,0,1,2020-2023.xlsx,518
2779,2022-08-19,IVL_2022_summer_playoffs,alex,kucao,18,ppxia,445,2,,2020-2023.xlsx,519
2780,2022-08-19,IVL_2022_summer_playoffs,ymm,hengh,xiaod,add,xingh,3,0,2020-2023.xlsx,520
2781,2022-08-19,IVL_2022_summer_playoffs,xc,iron,mk,long,huiyi,1,1,2020-2023.xlsx,521
2782,2022-08-19,IVL_2022_summer_playoffs,ymm,hengh,xiaod,xingh,add,0,1,2020-2023.xlsx,522
2783,2022-08-19,IVL_2022_summer_playoffs,xc,iron,long,huiyi,mk,3,0,2020-2023.xlsx,523
2784,2022-08-19,IVL_2022_summer_playoffs,ymm,hengh,add,xingh,xiaod,2,,2020-2023.xlsx,524
2785,2022-08-19,IVL_2022_summer_playoffs,xc,mk,long,huiyi,iron,2,,2020-2023.xlsx,525
2786,2022-08-19,IVL_2022_summer_playoffs,xc,mk,huiyi,long,iron,3,0,2020-2023.xlsx,526
2787,2022-08-19,IVL_2022_summer_playoffs,ymm,hengh,xiaod,add,xingh,2,,2020-2023.xlsx,527
2788,2022-08-19,IVL_2022_summer_playoffs,ymm,xiaod,hengh,xingh,add,2,,2020-2023.xlsx,528
2789,2022-08-19,IVL_2022_summer_playoffs,xc,huiyi,mk,long,iron,2,,2020-2023.xlsx,529
2790,2022-08-20,IVL_2022_summer_playoffs,xawm,yihua,upxi,zyj,bobo,2,,2020-2023.xlsx,530
2791,2022-08-20,IVL_2022_summer_playoffs,dongx,kucao,ppxia,445,18,0,1,2020-2023.xlsx,531
2792,2022-08-20,IVL_2022_summer_playoffs,dongx,kucao,18,445,ppxia,2,,2020-2023.xlsx,532
2793,2022-08-20,IVL_2022_summer_playoffs,xawm,yihua,upxi,zyj,bobo,3,0,2020-2023.xlsx,533
2794,2022-08-20,IVL_2022_summer_playoffs,xawm,yihua,zyj,bobo,upxi,1,1,2020-2023.xlsx,534
2795,2022-08-20,IVL_2022_summer_playoffs,dongx,kucao,ppxia,445,18,1,1,2020-2023.xlsx,535
2796,2022-08-20,IVL_2022_summer_playoffs,dongx,kucao,445,18,ppxia,2,,2020-2023.xlsx,536
2797,2022-08-20,IVL_2022_summer_playoffs,xawm,upxi,bobo,zyj,yihua,2,,2020-2023.xlsx,537
2798,2022-08-20,IVL_2022_summer_playoffs,dongx,xiaod,add,xingh,hengh,2,,2020-2023.xlsx,538
2799,2022-08-20,IVL_2022_summer_playoffs,xc,bobo,upxi,zyj,yihua,2,,2020-2023.xlsx,539
2800,2022-08-20,IVL_2022_summer_playoffs,xc,yihua,upxi,bobo,zyj,3,0,2020-2023.xlsx,540
2801,2022-08-20,IVL_2022_summer_playoffs,dongx,xingh,hengh,xiaod,add,2,,2020-2023.xlsx,541
2802,2022-08-20,IVL_2022_summer_playoffs,dongx,xingh,add,hengh,xiaod,0,1,2020-2023.xlsx,542
2803,2022-08-20,IVL_2022_summer_playoffs,xc,yihua,zyj,bobo,upxi,3,0,2020-2023.xlsx,543
2804,2022-08-20,IVL_2022_summer_playoffs,xc,yihua,upxi,zyj,bobo,4,0,2020-2023.xlsx,544
2805,2022-08-21,IVL_2022_summer_playoffs,ymm,bobo,upxi,zyj,yihua,3,0,2020-2023.xlsx,545
2806,2022-08-21,IVL_2022_summer_playoffs,dongx,iron,mk,huiyi,long,1,1,2020-2023.xlsx,546
2807,2022-08-21,IVL_2022_summer_playoffs,dongx,mk,iron,long,huiyi,2,,2020-2023.xlsx,547
2808,2022-08-21,IVL_2022_summer_playoffs,ymm,yihua,bobo,upxi,zyj,0,1,2020-2023.xlsx,548
2809,2022-08-21,IVL_2022_summer_playoffs,dongx,long,huiyi,mk,iron,2,,2020-2023.xlsx,549
2810,2022-08-21,IVL_2022_summer_playoffs,ymm,yihua,zyj,upxi,bobo,3,0,2020-2023.xlsx,550
2811,2022-08-21,IVL_2022_summer_playoffs,dongx,iron,mk,long,huiyi,0,1,2020-2023.xlsx,551
2812,2022-08-21,IVL_2022_summer_playoffs,ymm,yihua,bobo,zyj,upxi,0,1,2020-2023.xlsx,552
2813,2022-08-21,IVL_2022_summer_playoffs,dongx,iron,mk,long,huiyi,3,0,2020-2023.xlsx,553
2814,2022-08-21,IVL_2022_summer_playoffs,ymm,bobo,upxi,yihua,zyj,3,0,2020-2023.xlsx,554
2815,2022-10-05,IVL_2022_fall_regular,dongx,jelly,ming,huan,487,2,,2020-2023.xlsx,555
2816,2022-10-05,IVL_2022_fall_regular,alex,zyj,silverzhi,bobo,yihua,2,,2020-2023.xlsx,556
2817,2022-10-05,IVL_2022_fall_regular,dongx,jelly,ming,487,huan,2,,2020-2023.xlsx,557
2818,2022-10-05,IVL_2022_fall_regular,alex,silverzhi,zyj,bobo,yihua,0,1,2020-2023.xlsx,558
2819,2022-10-05,IVL_2022_fall_regular,dongx,jelly,huan,ming,487,3,0,2020-2023.xlsx,559
2820,2022-10-05,IVL_2022_fall_regular,alex,bobo,yihua,zyj,silverzhi,3,0,2020-2023.xlsx,560
2821,2022-10-05,IVL_2022_fall_regular,ppx,kucao,18,445,ppxia,2,,2020-2023.xlsx,561
2822,2022-10-05,IVL_2022_fall_regular,xawm,ak,czai,shadow,heart,2,,2020-2023.xlsx,562
2823,2022-10-05,IVL_2022_fall_regular,xawm,shadow,ak,heart,czai,4,0,2020-2023.xlsx,563
2824,2022-10-05,IVL_2022_fall_regular,ppx,445,18,kucao,ppxia,2,,2020-2023.xlsx,564
2825,2022-10-05,IVL_2022_fall_regular,xawm,heart,czai,shadow,ak,0,1,2020-2023.xlsx,565
2826,2022-10-05,IVL_2022_fall_regular,ppx,445,18,kucao,ppxia,3,0,2020-2023.xlsx,566
2827,2022-10-05,IVL_2022_fall_regular,yan,fox,zibi,moon,xen,3,0,2020-2023.xlsx,567
2828,2022-10-05,IVL_2022_fall_regular,yue,jiaxin,huahua,tx,saury,3,0,2020-2023.xlsx,568
2829,2022-10-05,IVL_2022_fall_regular,yue,jiaxin,huahua,tx,saury,2,,2020-2023.xlsx,569
2830,2022-10-05,IVL_2022_fall_regular,yan,moon,xen,fox,zibi,2,,2020-2023.xlsx,570
2831,2022-10-05,IVL_2022_fall_regular,yan,xen,zibi,moon,fox,3,0,2020-2023.xlsx,571
2832,2022-10-05,IVL_2022_fall_regular,yue,huahua,saury,jiaxin,tx,0,1,2020-2023.xlsx,572
2833,2022-10-06,IVL_2022_fall_regular,alex,kucao,18,445,ppxia,3,0,2020-2023.xlsx,573
2834,2022-10-06,IVL_2022_fall_regular,xawm,ming,487,huan,jelly,2,,2020-2023.xlsx,574
2835,2022-10-06,IVL_2022_fall_regular,alex,kucao,18,445,ppxia,3,0,2020-2023.xlsx,575
2836,2022-10-06,IVL_2022_fall_regular,xawm,487,huan,ming,jelly,3,0,2020-2023.xlsx,576
2837,2022-10-06,IVL_2022_fall_regular,alex,445,kucao,18,ppxia,2,,2020-2023.xlsx,577
2838,2022-10-06,IVL_2022_fall_regular,xawm,huan,ming,487,jelly,3,0,2020-2023.xlsx,578
2839,2022-10-06,IVL_2022_fall_regular,xawm,jelly,ming,487,huan,2,,2020-2023.xlsx,579
2840,2022-10-06,IVL_2022_fall_regular,alex,kucao,18,ppxia,445,3,0,2020-2023.xlsx,580
2841,2022-10-06,IVL_2022_fall_regular,dongx,zibi,fox,moon,xen,2,,2020-2023.xlsx,581
2842,2022-10-06,IVL_2022_fall_regular,yue,yihua,bobo,silverzhi,zyj,3,0,2020-2023.xlsx,582
2843,2022-10-06,IVL_2022_fall_regular,yue,silverzhi,zyj,yihua,bobo,2,,2020-2023.xlsx,583
2844,2022-10-06,IVL_2022_fall_regular,dongx,fox,xen,zibi,moon,1,1,2020-2023.xlsx,584
2845,2022-10-06,IVL_2022_fall_regular,d,dis,chuc,sxy,chz,2,,2020-2023.xlsx,585
2846,2022-10-06,IVL_2022_fall_regular,anyi,sans,maom,libao,drop,2,,2020-2023.xlsx,586
2847,2022-10-06,IVL_2022_fall_regular,anyi,drop,maom,sans,libao,1,1,2020-2023.xlsx,587
2848,2022-10-06,IVL_2022_fall_regular,d,chz,dis,sxy,chuc,2,,2020-2023.xlsx,588
2849,2022-10-06,IVL_2022_fall_regular,anyi,sans,maom,libao,drop,2,,2020-2023.xlsx,589
2850,2022-10-06,IVL_2022_fall_regular,d,chz,sxy,chuc,dis,0,1,2020-2023.xlsx,590
2851,2022-10-07,IVL_2022_fall_regular,yan,iron,mk,huiyi,long,4,0,2020-2023.xlsx,591
2852,2022-10-07,IVL_2022_fall_regular,ymm,tx,jiaxin,huahua,saury,3,0,2020-2023.xlsx,592
2853,2022-10-07,IVL_2022_fall_regular,ymm,jiaxin,huahua,saury,tx,2,,2020-2023.xlsx,593
2854,2022-10-07,IVL_2022_fall_regular,yan,iron,huiyi,mk,long,3,0,2020-2023.xlsx,594
2855,2022-10-07,IVL_2022_fall_regular,d,ak,czai,shadow,heart,3,0,2020-2023.xlsx,595
2856,2022-10-07,IVL_2022_fall_regular,ppx,maom,libao,drop,sans,2,,2020-2023.xlsx,596
2857,2022-10-07,IVL_2022_fall_regular,ppx,maom,sans,drop,libao,3,0,2020-2023.xlsx,597
2858,2022-10-07,IVL_2022_fall_regular,d,heart,czai,ak,shadow,3,0,2020-2023.xlsx,598
2859,2022-10-07,IVL_2022_fall_regular,d,ak,shadow,heart,czai,4,0,2020-2023.xlsx,599
2860,2022-10-07,IVL_2022_fall_regular,ppx,sans,maom,libao,drop,2,,2020-2023.xlsx,600
2861,2022-10-07,IVL_2022_fall_regular,sese,xingh,huac,xiaod,add,3,0,2020-2023.xlsx,601
2862,2022-10-07,IVL_2022_fall_regular,xc,sxy,chuc,xingchen,dis,1,1,2020-2023.xlsx,602
2863,2022-10-07,IVL_2022_fall_regular,sese,xingh,xiaod,huac,add,2,,2020-2023.xlsx,603
2864,2022-10-07,IVL_2022_fall_regular,xc,dis,sxy,chuc,xingchen,2,,2020-2023.xlsx,604
2865,2022-10-07,IVL_2022_fall_regular,sese,xingh,add,xiaod,huac,3,0,2020-2023.xlsx,605
2866,2022-10-07,IVL_2022_fall_regular,xc,dis,xingchen,sxy,chuc,1,1,2020-2023.xlsx,606
2867,2022-10-14,IVL_2022_fall_regular,ymm,fox,zibi,moon,xen,3,0,2020-2023.xlsx,607
2868,2022-10-14,IVL_2022_fall_regular,yue,iron,mk,huiyi,long,3,0,2020-2023.xlsx,608
2869,2022-10-14,IVL_2022_fall_regular,yue,huiyi,long,mk,iron,2,,2020-2023.xlsx,609
2870,2022-10-14,IVL_2022_fall_regular,ymm,xen,moon,zibi,fox,1,1,2020-2023.xlsx,610
2871,2022-10-14,IVL_2022_fall_regular,ymm,fox,moon,xen,zibi,2,,2020-2023.xlsx,611
2872,2022-10-14,IVL_2022_fall_regular,yue,mk,long,huiyi,iron,0,1,2020-2023.xlsx,612
2873,2022-10-14,IVL_2022_fall_regular,dongx,huahua,tx,saury,jiaxin,0,1,2020-2023.xlsx,613
2874,2022-10-14,IVL_2022_fall_regular,yan,yihua,bobo,silverzhi,zyj,0,1,2020-2023.xlsx,614
2875,2022-10-14,IVL_2022_fall_regular,dongx,jiaxin,huahua,tx,saury,2,,2020-2023.xlsx,615
2876,2022-10-14,IVL_2022_fall_regular,yan,yihua,silverzhi,bobo,zyj,2,,2020-2023.xlsx,616
2877,2022-10-14,IVL_2022_fall_regular,dongx,tx,huahua,jiaxin,saury,0,1,2020-2023.xlsx,617
2878,2022-10-14,IVL_2022_fall_regular,yan,silverzhi,zyj,yihua,bobo,3,0,2020-2023.xlsx,618
2879,2022-10-14,IVL_2022_fall_regular,ppx,ming,jelly,487,huan,2,,2020-2023.xlsx,619
2880,2022-10-14,IVL_2022_fall_regular,alex,ak,shadow,heart,czai,2,,2020-2023.xlsx,620
2881,2022-10-14,IVL_2022_fall_regular,alex,ak,shadow,czai,heart,2,,2020-2023.xlsx,621
2882,2022-10-14,IVL_2022_fall_regular,ppx,jelly,huan,487,ming,2,,2020-2023.xlsx,622
2883,2022-10-14,IVL_2022_fall_regular,ppx,jelly,ming,huan,487,4,0,2020-2023.xlsx,623
2884,2022-10-14,IVL_2022_fall_regular,alex,heart,shadow,czai,ak,2,,2020-2023.xlsx,624
2885,2022-10-15,IVL_2022_fall_regular,dongx,kucao,ppxia,18,445,2,,2020-2023.xlsx,625
2886,2022-10-15,IVL_2022_fall_regular,xawm,silverzhi,zyj,bobo,yihua,3,0,2020-2023.xlsx,626
2887,2022-10-15,IVL_2022_fall_regular,dongx,kucao,18,445,ppxia,2,,2020-2023.xlsx,627
2888,2022-10-15,IVL_2022_fall_regular,xawm,yihua,zyj,bobo,silverzhi,0,1,2020-2023.xlsx,628
2889,2022-10-15,IVL_2022_fall_regular,xawm,yihua,bobo,silverzhi,zyj,0,1,2020-2023.xlsx,629
2890,2022-10-15,IVL_2022_fall_regular,dongx,kucao,ppxia,18,445,4,0,2020-2023.xlsx,630
2891,2022-10-15,IVL_2022_fall_regular,d,xingh,xiaod,huac,add,3,0,2020-2023.xlsx,631
2892,2022-10-15,IVL_2022_fall_regular,xc,sans,drop,libao,maom,1,1,2020-2023.xlsx,632
2893,2022-10-15,IVL_2022_fall_regular,xc,maom,drop,sans,libao,3,0,2020-2023.xlsx,633
2894,2022-10-15,IVL_2022_fall_regular,d,xingh,xiaod,huac,add,3,0,2020-2023.xlsx,634
2895,2022-10-15,IVL_2022_fall_regular,d,xiaod,huac,xingh,add,3,0,2020-2023.xlsx,635
2896,2022-10-15,IVL_2022_fall_regular,xc,libao,maom,sans,drop,2,,2020-2023.xlsx,636
2897,2022-10-15,IVL_2022_fall_regular,yan,xingchen,chuc,yinl,sxy,1,1,2020-2023.xlsx,637
2898,2022-10-15,IVL_2022_fall_regular,anyi,jiaxin,tx,huahua,saury,3,0,2020-2023.xlsx,638
2899,2022-10-15,IVL_2022_fall_regular,anyi,jiaxin,saury,tx,huahua,2,,2020-2023.xlsx,639
2900,2022-10-15,IVL_2022_fall_regular,yan,sxy,yinl,chuc,xingchen,1,1,2020-2023.xlsx,640
2901,2022-10-16,IVL_2022_fall_regular,ymm,ak,czai,heart,shadow,2,,2020-2023.xlsx,641
2902,2022-10-16,IVL_2022_fall_regular,ppx,iron,huiyi,long,mk,0,1,2020-2023.xlsx,642
2903,2022-10-16,IVL_2022_fall_regular,ppx,iron,mk,long,huiyi,0,1,2020-2023.xlsx,643
2904,2022-10-16,IVL_2022_fall_regular,ymm,heart,shadow,czai,ak,4,0,2020-2023.xlsx,644
2905,2022-10-16,IVL_2022_fall_regular,xc,kucao,ppxia,18,445,0,1,2020-2023.xlsx,645
2906,2022-10-16,IVL_2022_fall_regular,xawm,xiaod,xingh,huac,add,2,,2020-2023.xlsx,646
2907,2022-10-16,IVL_2022_fall_regular,xawm,xingh,xiaod,add,huac,2,,2020-2023.xlsx,647
2908,2022-10-16,IVL_2022_fall_regular,xc,18,kucao,ppxia,445,3,0,2020-2023.xlsx,648
2909,2022-10-16,IVL_2022_fall_regular,xc,kucao,18,445,ppxia,3,0,2020-2023.xlsx,649
2910,2022-10-16,IVL_2022_fall_regular,xawm,xiaod,add,xingh,huac,3,0,2020-2023.xlsx,650
2911,2022-10-16,IVL_2022_fall_regular,yue,jelly,487,huan,ming,3,0,2020-2023.xlsx,651
2912,2022-10-16,IVL_2022_fall_regular,alex,fox,xen,zibi,lis,2,,2020-2023.xlsx,652
2913,2022-10-16,IVL_2022_fall_regular,yue,487,jelly,ming,huan,3,0,2020-2023.xlsx,653
2914,2022-10-16,IVL_2022_fall_regular,alex,fox,moon,zibi,xen,3,0,2020-2023.xlsx,654
2915,2022-10-16,IVL_2022_fall_regular,alex,fox,moon,xen,zibi,2,,2020-2023.xlsx,655
2916,2022-10-16,IVL_2022_fall_regular,yue,jelly,487,ming,huan,3,0,2020-2023.xlsx,656
2917,2022-10-21,IVL_2022_fall_regular,yue,xingchen,chuc,sxy,dis,3,0,2020-2023.xlsx,657
2918,2022-10-21,IVL_2022_fall_regular,anyi,fox,zibi,xen,moon,1,1,2020-2023.xlsx,658
2919,2022-10-21,IVL_2022_fall_regular,anyi,xen,moon,zibi,fox,1,1,2020-2023.xlsx,659
2920,2022-10-21,IVL_2022_fall_regular,yue,sxy,xingchen,chuc,dis,0,1,2020-2023.xlsx,660
2921,2022-10-21,IVL_2022_fall_regular,yue,sxy,xingchen,dis,chuc,1,1,2020-2023.xlsx,661
2922,2022-10-21,IVL_2022_fall_regular,anyi,zibi,moon,xen,fox,2,,2020-2023.xlsx,662
2923,2022-10-21,IVL_2022_fall_regular,xc,487,jelly,ming,huan,0,1,2020-2023.xlsx,663
2924,2022-10-21,IVL_2022_fall_regular,alex,xingh,huac,xiaod,add,2,,2020-2023.xlsx,664
2925,2022-10-21,IVL_2022_fall_regular,xc,huan,ming,jelly,487,2,,2020-2023.xlsx,665
2926,2022-10-21,IVL_2022_fall_regular,alex,xingh,xiaod,huac,add,2,,2020-2023.xlsx,666
2927,2022-10-21,IVL_2022_fall_regular,xc,487,jelly,ming,huan,3,0,2020-2023.xlsx,667
2928,2022-10-21,IVL_2022_fall_regular,alex,xingh,xiaod,huac,add,3,0,2020-2023.xlsx,668
2929,2022-10-21,IVL_2022_fall_regular,yan,tea,ak,heart,czai,3,0,2020-2023.xlsx,669
2930,2022-10-21,IVL_2022_fall_regular,ppx,jiaxin,tx,huahua,jmt,0,1,2020-2023.xlsx,670
2931,2022-10-21,IVL_2022_fall_regular,ppx,tx,huahua,jiaxin,jmt,2,,2020-2023.xlsx,671
2932,2022-10-21,IVL_2022_fall_regular,yan,heart,tea,czai,ak,4,0,2020-2023.xlsx,672
2933,2022-10-22,IVL_2022_fall_regular,d,zyj,silverzhi,nan,yihua,1,1,2020-2023.xlsx,673
2934,2022-10-22,IVL_2022_fall_regular,dongx,drop,sans,maom,libao,3,0,2020-2023.xlsx,674
2935,2022-10-22,IVL_2022_fall_regular,dongx,maom,libao,drop,sans,1,1,2020-2023.xlsx,675
2936,2022-10-22,IVL_2022_fall_regular,d,zyj,nan,yihua,silverzhi,3,0,2020-2023.xlsx,676
2937,2022-10-22,IVL_2022_fall_regular,dongx,maom,libao,drop,sans,3,0,2020-2023.xlsx,677
2938,2022-10-22,IVL_2022_fall_regular,d,silverzhi,nan,yihua,zyj,1,1,2020-2023.xlsx,678
2939,2022-10-22,IVL_2022_fall_regular,ymm,kucao,ppxia,18,445,2,,2020-2023.xlsx,679
2940,2022-10-22,IVL_2022_fall_regular,xawm,mk,huiyi,long,iron,3,0,2020-2023.xlsx,680
2941,2022-10-22,IVL_2022_fall_regular,ymm,kucao,18,ppxia,445,2,,2020-2023.xlsx,681
2942,2022-10-22,IVL_2022_fall_regular,xawm,long,huiyi,mk,iron,3,0,2020-2023.xlsx,682
2943,2022-10-22,IVL_2022_fall_regular,anyi,ak,czai,tea,heart,3,0,2020-2023.xlsx,683
2944,2022-10-22,IVL_2022_fall_regular,ppx,yinl,dis,xingchen,sxy,2,,2020-2023.xlsx,684
2945,2022-10-22,IVL_2022_fall_regular,ppx,yinl,sxy,xingchen,dis,4,0,2020-2023.xlsx,685
2946,2022-10-22,IVL_2022_fall_regular,anyi,ak,czai,tea,heart,3,0,2020-2023.xlsx,686
2947,2022-10-22,IVL_2022_fall_regular,anyi,heart,czai,tea,ak,2,,2020-2023.xlsx,687
2948,2022-10-22,IVL_2022_fall_regular,ppx,sxy,xingchen,yinl,dis,1,1,2020-2023.xlsx,688
2949,2022-10-23,IVL_2022_fall_regular,ymm,xiaod,xingh,huac,add,3,0,2020-2023.xlsx,689
2950,2022-10-23,IVL_2022_fall_regular,xc,mk,huiyi,long,iron,2,,2020-2023.xlsx,690
2951,2022-10-23,IVL_2022_fall_regular,xc,mk,iron,long,huiyi,3,0,2020-2023.xlsx,691
2952,2022-10-23,IVL_2022_fall_regular,ymm,xingh,xiaod,huac,add,3,0,2020-2023.xlsx,692
2953,2022-10-23,IVL_2022_fall_regular,xc,long,mk,iron,huiyi,2,,2020-2023.xlsx,693
2954,2022-10-23,IVL_2022_fall_regular,ymm,xingh,xiaod,add,huac,2,,2020-2023.xlsx,694
2955,2022-10-23,IVL_2022_fall_regular,yue,kucao,ppxia,18,445,3,0,2020-2023.xlsx,695
2956,2022-10-23,IVL_2022_fall_regular,xawm,fox,zibi,xen,moon,1,1,2020-2023.xlsx,696
2957,2022-10-23,IVL_2022_fall_regular,yue,kucao,ppxia,18,445,3,0,2020-2023.xlsx,697
2958,2022-10-23,IVL_2022_fall_regular,xawm,fox,zibi,moon,xen,3,0,2020-2023.xlsx,698
2959,2022-10-23,IVL_2022_fall_regular,yue,445,kucao,18,ppxia,0,1,2020-2023.xlsx,699
2960,2022-10-23,IVL_2022_fall_regular,xawm,fox,zibi,xen,moon,2,,2020-2023.xlsx,700
2961,2022-10-23,IVL_2022_fall_regular,yan,maom,sans,libao,drop,4,0,2020-2023.xlsx,701
2962,2022-10-23,IVL_2022_fall_regular,d,huahua,tx,jiaxin,jmt,3,0,2020-2023.xlsx,702
2963,2022-10-23,IVL_2022_fall_regular,rabbit,huahua,tx,jiaxin,jmt,2,,2020-2023.xlsx,703
2964,2022-10-23,IVL_2022_fall_regular,yan,maom,libao,drop,sans,2,,2020-2023.xlsx,704
2965,2022-10-23,IVL_2022_fall_regular,yan,sans,drop,libao,maom,2,,2020-2023.xlsx,705
2966,2022-10-23,IVL_2022_fall_regular,d,jiaxin,huahua,tx,jmt,0,1,2020-2023.xlsx,706
2967,2022-10-28,IVL_2022_fall_regular,anyi,ppxia,kucao,ppz,18,1,1,2020-2023.xlsx,707
2968,2022-10-28,IVL_2022_fall_regular,xawm,sxy,yinl,dis,xingchen,2,,2020-2023.xlsx,708
2969,2022-10-28,IVL_2022_fall_regular,xawm,xingchen,yinl,dis,sxy,3,0,2020-2023.xlsx,709
2970,2022-10-28,IVL_2022_fall_regular,anyi,ppxia,18,ppz,kucao,1,1,2020-2023.xlsx,710
2971,2022-10-28,IVL_2022_fall_regular,yue,drop,sans,maom,libao,2,,2020-2023.xlsx,711
2972,2022-10-28,IVL_2022_fall_regular,d,zibi,xen,moon,fox,3,0,2020-2023.xlsx,712
2973,2022-10-28,IVL_2022_fall_regular,rabbit,fox,lis,xen,zibi,2,,2020-2023.xlsx,713
2974,2022-10-28,IVL_2022_fall_regular,yue,drop,libao,maom,sans,4,0,2020-2023.xlsx,714
2975,2022-10-28,IVL_2022_fall_regular,d,moon,zibi,xen,fox,2,,2020-2023.xlsx,715
2976,2022-10-28,IVL_2022_fall_regular,yue,maom,libao,drop,sans,2,,2020-2023.xlsx,716
2977,2022-10-28,IVL_2022_fall_regular,dongx,add,xiaod,xingh,huac,0,1,2020-2023.xlsx,717
2978,2022-10-28,IVL_2022_fall_regular,xc,nan,zyj,bobo,yihua,0,1,2020-2023.xlsx,718
2979,2022-10-28,IVL_2022_fall_regular,dongx,add,xiaod,huac,xingh,3,0,2020-2023.xlsx,719
2980,2022-10-28,IVL_2022_fall_regular,xc,nan,zyj,bobo,yihua,2,,2020-2023.xlsx,720
2981,2022-10-28,IVL_2022_fall_regular,dongx,xingh,add,huac,xiaod,3,0,2020-2023.xlsx,721
2982,2022-10-28,IVL_2022_fall_regular,xc,yihua,bobo,zyj,nan,1,1,2020-2023.xlsx,722
2983,2022-10-29,IVL_2022_fall_regular,alex,jiaxin,jmt,huahua,tx,2,,2020-2023.xlsx,723
2984,2022-10-29,IVL_2022_fall_regular,yeyv,487,jelly,lion,huan,2,,2020-2023.xlsx,724
2985,2022-10-29,IVL_2022_fall_regular,alex,tx,jiaxin,huahua,jmt,1,1,2020-2023.xlsx,725
2986,2022-10-29,IVL_2022_fall_regular,yeyv,jelly,487,lion,huan,2,,2020-2023.xlsx,726
2987,2022-10-29,IVL_2022_fall_regular,yeyv,huan,487,lion,jelly,3,0,2020-2023.xlsx,727
2988,2022-10-29,IVL_2022_fall_regular,alex,tx,jiaxin,huahua,jmt,0,1,2020-2023.xlsx,728
2989,2022-10-29,IVL_2022_fall_regular,ppx,xingh,xiaod,huac,add,3,0,2020-2023.xlsx,729
2990,2022-10-29,IVL_2022_fall_regular,xc,ak,czai,heart,tea,1,1,2020-2023.xlsx,730
2991,2022-10-29,IVL_2022_fall_regular,xc,ak,czai,tea,heart,2,,2020-2023.xlsx,731
2992,2022-10-29,IVL_2022_fall_regular,ppx,xingh,xiaod,add,huac,3,0,2020-2023.xlsx,732
2993,2022-10-29,IVL_2022_fall_regular,dongx,huiyi,mk,long,iron,3,0,2020-2023.xlsx,733
2994,2022-10-29,IVL_2022_fall_regular,ymm,silverzhi,zyj,yihua,bobo,2,,2020-2023.xlsx,734
2995,2022-10-29,IVL_2022_fall_regular,dongx,mk,huiyi,long,iron,2,,2020-2023.xlsx,735
2996,2022-10-29,IVL_2022_fall_regular,ymm,bobo,silverzhi,zyj,yihua,1,1,2020-2023.xlsx,736
2997,2022-10-30,IVL_2022_fall_regular,alex,sans,drop,maom,libao,2,,2020-2023.xlsx,737
2998,2022-10-30,IVL_2022_fall_regular,d,huan,487,jelly,lion,2,,2020-2023.xlsx,738
2999,2022-10-30,IVL_2022_fall_regular,alex,drop,maom,sans,libao,3,0,2020-2023.xlsx,739
3000,2022-10-30,IVL_2022_fall_regular,d,huan,jelly,lion,487,3,0,2020-2023.xlsx,740
3001,2022-10-30,IVL_2022_fall_regular,d,487,jelly,lion,huan,2,,2020-2023.xlsx,741
3002,2022-10-30,IVL_2022_fall_regular,alex,drop,libao,maom,sans,2,,2020-2023.xlsx,742
3003,2022-10-30,IVL_2022_fall_regular,alex,drop,maom,libao,sans,2,,2020-2023.xlsx,743
3004,2022-10-30,IVL_2022_fall_regular,d,487,jelly,lion,huan,2,,2020-2023.xlsx,744
3005,2022-10-30,IVL_2022_fall_regular,anyi,iron,huiyi,mk,long,2,,2020-2023.xlsx,745
3006,2022-10-30,IVL_2022_fall_regular,ymm,dis,yinl,sxy,xingchen,2,,2020-2023.xlsx,746
3007,2022-10-30,IVL_2022_fall_regular,ymm,dis,xingchen,sxy,yinl,3,0,2020-2023.xlsx,747
3008,2022-10-30,IVL_2022_fall_regular,anyi,mk,iron,huiyi,long,3,0,2020-2023.xlsx,748
3009,2022-10-30,IVL_2022_fall_regular,sese,long,huiyi,mk,iron,4,0,2020-2023.xlsx,749
3010,2022-10-30,IVL_2022_fall_regular,ymm,sxy,dis,yinl,xingchen,3,0,2020-2023.xlsx,750
3011,2022-10-30,IVL_2022_fall_regular,xawm,jiaxin,jmt,huahua,tx,3,0,2020-2023.xlsx,751
3012,2022-10-30,IVL_2022_fall_regular,yeyv,kucao,18,ppxia,ppz,3,0,2020-2023.xlsx,752
3013,2022-10-30,IVL_2022_fall_regular,yeyv,kucao,18,ppxia,ppz,4,0,2020-2023.xlsx,753
3014,2022-10-30,IVL_2022_fall_regular,xawm,jiaxin,huahua,jmt,tx,2,,2020-2023.xlsx,754
3015,2022-10-30,IVL_2022_fall_regular,yeyv,ppxia,kucao,18,ppz,2,,2020-2023.xlsx,755
3016,2022-10-30,IVL_2022_fall_regular,xawm,huahua,jmt,jiaxin,tx,0,1,2020-2023.xlsx,756
3017,2022-11-04,IVL_2022_fall_regular,xc,jiaxin,tx,bm,huahua,1,1,2020-2023.xlsx,757
3018,2022-11-04,IVL_2022_fall_regular,yan,xiaod,xingh,add,huac,3,0,2020-2023.xlsx,758
3019,2022-11-04,IVL_2022_fall_regular,yan,add,xiaod,huac,xingh,3,0,2020-2023.xlsx,759
3020,2022-11-04,IVL_2022_fall_regular,xc,tx,huahua,jiaxin,qingq,0,1,2020-2023.xlsx,760
3021,2022-11-04,IVL_2022_fall_regular,dongx,xingchen,yinl,dis,sxy,2,,2020-2023.xlsx,761
3022,2022-11-04,IVL_2022_fall_regular,anyi,zyj,bobo,silverzhi,yihua,3,0,2020-2023.xlsx,762
3023,2022-11-04,IVL_2022_fall_regular,dongx,dis,yinl,sxy,xingchen,2,,2020-2023.xlsx,763
3024,2022-11-04,IVL_2022_fall_regular,anyi,yihua,zyj,bobo,silverzhi,1,1,2020-2023.xlsx,764
3025,2022-11-04,IVL_2022_fall_regular,anyi,zyj,silverzhi,bobo,yihua,2,,2020-2023.xlsx,765
3026,2022-11-04,IVL_2022_fall_regular,dongx,sxy,yinl,dis,xingchen,2,,2020-2023.xlsx,766
3027,2022-11-04,IVL_2022_fall_regular,anyi,yihua,silverzhi,zyj,bobo,2,,2020-2023.xlsx,767
3028,2022-11-04,IVL_2022_fall_regular,dongx,sxy,yinl,dis,xingchen,1,1,2020-2023.xlsx,768
3029,2022-11-04,IVL_2022_fall_regular,ymm,sans,drop,maom,libao,2,,2020-2023.xlsx,769
3030,2022-11-04,IVL_2022_fall_regular,d,iron,huiyi,mk,long,3,0,2020-2023.xlsx,770
3031,2022-11-04,IVL_2022_fall_regular,d,huiyi,long,mk,iron,3,0,2020-2023.xlsx,771
3032,2022-11-04,IVL_2022_fall_regular,ymm,sans,libao,maom,drop,3,0,2020-2023.xlsx,772
3033,2022-11-04,IVL_2022_fall_regular,ymm,drop,libao,maom,sans,2,,2020-2023.xlsx,773
3034,2022-11-04,IVL_2022_fall_regular,d,huiyi,long,iron,mk,0,1,2020-2023.xlsx,774
3035,2022-11-05,IVL_2022_fall_regular,dongx,tea,ak,heart,czai,1,1,2020-2023.xlsx,775
3036,2022-11-05,IVL_2022_fall_regular,ppx,silverzhi,bobo,zyj,yihua,2,,2020-2023.xlsx,776
3037,2022-11-05,IVL_2022_fall_regular,ppx,silverzhi,yihua,bobo,zyj,2,,2020-2023.xlsx,777
3038,2022-11-05,IVL_2022_fall_regular,dongx,ak,czai,shadow,heart,0,1,2020-2023.xlsx,778
3039,2022-11-05,IVL_2022_fall_regular,alex,yinl,dis,sxy,xingchen,0,1,2020-2023.xlsx,779
3040,2022-11-05,IVL_2022_fall_regular,anyi,jelly,huan,487,ming,2,,2020-2023.xlsx,780
3041,2022-11-05,IVL_2022_fall_regular,anyi,jelly,487,ming,huan,2,,2020-2023.xlsx,781
3042,2022-11-05,IVL_2022_fall_regular,alex,xingchen,sxy,dis,yinl,2,,2020-2023.xlsx,782
3043,2022-11-05,IVL_2022_fall_regular,anyi,487,ming,jelly,huan,3,0,2020-2023.xlsx,783
3044,2022-11-05,IVL_2022_fall_regular,alex,xingchen,dis,yinl,sxy,3,0,2020-2023.xlsx,784
3045,2022-11-05,IVL_2022_fall_regular,yue,xiaod,xingh,add,huac,0,1,2020-2023.xlsx,785
3046,2022-11-05,IVL_2022_fall_regular,xc,fox,zibi,moon,xen,3,0,2020-2023.xlsx,786
3047,2022-11-05,IVL_2022_fall_regular,yue,add,xiaod,xingh,huac,3,0,2020-2023.xlsx,787
3048,2022-11-05,IVL_2022_fall_regular,xc,moon,xen,fox,zibi,1,1,2020-2023.xlsx,788
3049,2022-11-05,IVL_2022_fall_regular,yue,xiaod,xingh,huac,add,2,,2020-2023.xlsx,789
3050,2022-11-05,IVL_2022_fall_regular,xc,moon,zibi,xen,fox,1,1,2020-2023.xlsx,790
3051,2022-11-06,IVL_2022_fall_regular,rabbit,ppz,ppxia,18,kucao,2,,2020-2023.xlsx,791
3052,2022-11-06,IVL_2022_fall_regular,xawm,sans,drop,maom,libao,2,,2020-2023.xlsx,792
3053,2022-11-06,IVL_2022_fall_regular,xawm,sans,drop,libao,maom,2,,2020-2023.xlsx,793
3054,2022-11-06,IVL_2022_fall_regular,d,ppz,18,ppxia,kucao,2,,2020-2023.xlsx,794
3055,2022-11-06,IVL_2022_fall_regular,d,ppz,ppxia,18,kucao,2,,2020-2023.xlsx,795
3056,2022-11-06,IVL_2022_fall_regular,xawm,sans,drop,maom,libao,1,1,2020-2023.xlsx,796
3057,2022-11-06,IVL_2022_fall_regular,alex,long,huiyi,iron,mk,0,1,2020-2023.xlsx,797
3058,2022-11-06,IVL_2022_fall_regular,ymm,jelly,487,huan,ming,3,0,2020-2023.xlsx,798
3059,2022-11-06,IVL_2022_fall_regular,ymm,huan,ming,487,jelly,3,0,2020-2023.xlsx,799
3060,2022-11-06,IVL_2022_fall_regular,alex,long,mk,huiyi,iron,3,0,2020-2023.xlsx,800
3061,2022-11-06,IVL_2022_fall_regular,ymm,huan,jelly,487,ming,4,0,2020-2023.xlsx,801
3062,2022-11-06,IVL_2022_fall_regular,alex,iron,long,huiyi,mk,0,1,2020-2023.xlsx,802
3063,2022-11-06,IVL_2022_fall_regular,yue,czai,shadow,heart,ak,0,1,2020-2023.xlsx,803
3064,2022-11-06,IVL_2022_fall_regular,ppx,fox,zibi,xen,moon,3,0,2020-2023.xlsx,804
3065,2022-11-06,IVL_2022_fall_regular,yue,ak,czai,heart,shadow,3,0,2020-2023.xlsx,805
3066,2022-11-06,IVL_2022_fall_regular,ppx,fox,moon,zibi,xen,1,1,2020-2023.xlsx,806
3067,2022-11-06,IVL_2022_fall_regular,ppx,fox,zibi,xen,moon,2,,2020-2023.xlsx,807
3068,2022-11-06,IVL_2022_fall_regular,yue,heart,shadow,czai,ak,3,0,2020-2023.xlsx,808
3069,2022-11-11,IVL_2022_fall_regular,anyi,fox,zibi,xen,lis,2,,2020-2023.xlsx,809
3070,2022-11-11,IVL_2022_fall_regular,yue,dis,xingchen,yinl,sxy,0,1,2020-2023.xlsx,810
3071,2022-11-11,IVL_2022_fall_regular,yue,sxy,xingchen,dis,yinl,2,,2020-2023.xlsx,811
3072,2022-11-11,IVL_2022_fall_regular,anyi,lis,xen,zibi,fox,2,,2020-2023.xlsx,812
3073,2022-11-11,IVL_2022_fall_regular,yue,sxy,xingchen,yinl,dis,0,1,2020-2023.xlsx,813
3074,2022-11-11,IVL_2022_fall_regular,anyi,zibi,lis,fox,xen,2,,2020-2023.xlsx,814
3075,2022-11-11,IVL_2022_fall_regular,ppx,huahua,bm,jiaxin,tx,2,,2020-2023.xlsx,815
3076,2022-11-11,IVL_2022_fall_regular,yeyv,ak,czai,shadow,heart,4,0,2020-2023.xlsx,816
3077,2022-11-11,IVL_2022_fall_regular,yeyv,ak,czai,shadow,heart,3,0,2020-2023.xlsx,817
3078,2022-11-11,IVL_2022_fall_regular,ppx,huahua,jiaxin,tx,bm,1,1,2020-2023.xlsx,818
3079,2022-11-11,IVL_2022_fall_regular,ymm,ppz,ppxia,kucao,18,1,1,2020-2023.xlsx,819
3080,2022-11-11,IVL_2022_fall_regular,xawm,iron,huiyi,long,mk,0,1,2020-2023.xlsx,820
3081,2022-11-11,IVL_2022_fall_regular,ymm,ppxia,18,ppz,kucao,1,1,2020-2023.xlsx,821
3082,2022-11-11,IVL_2022_fall_regular,xawm,iron,huiyi,mk,long,0,1,2020-2023.xlsx,822
3083,2022-11-12,IVL_2022_fall_regular,ppx,sans,drop,libao,maom,3,0,2020-2023.xlsx,823
3084,2022-11-12,IVL_2022_fall_regular,d,shadow,czai,ak,heart,3,0,2020-2023.xlsx,824
3085,2022-11-12,IVL_2022_fall_regular,d,ak,czai,heart,shadow,3,0,2020-2023.xlsx,825
3086,2022-11-12,IVL_2022_fall_regular,ppx,sans,maom,libao,drop,0,1,2020-2023.xlsx,826
3087,2022-11-12,IVL_2022_fall_regular,ppx,sans,maom,libao,drop,3,0,2020-2023.xlsx,827
3088,2022-11-12,IVL_2022_fall_regular,d,heart,shadow,ak,czai,1,1,2020-2023.xlsx,828
3089,2022-11-12,IVL_2022_fall_regular,xawm,fox,zibi,xen,lis,3,0,2020-2023.xlsx,829
3090,2022-11-12,IVL_2022_fall_regular,yue,ppxia,ppz,kucao,18,2,,2020-2023.xlsx,830
3091,2022-11-12,IVL_2022_fall_regular,yue,ppz,kucao,18,ppxia,2,,2020-2023.xlsx,831
3092,2022-11-12,IVL_2022_fall_regular,xawm,fox,zibi,xen,lis,3,0,2020-2023.xlsx,832
3093,2022-11-12,IVL_2022_fall_regular,alex,xingh,huac,xiaod,add,0,1,2020-2023.xlsx,833
3094,2022-11-12,IVL_2022_fall_regular,xc,jelly,huan,ming,487,3,0,2020-2023.xlsx,834
3095,2022-11-12,IVL_2022_fall_regular,xc,487,ming,huan,jelly,2,,2020-2023.xlsx,835
3096,2022-11-12,IVL_2022_fall_regular,alex,xiaod,xingh,add,huac,1,1,2020-2023.xlsx,836
3097,2022-11-13,IVL_2022_fall_regular,dongx,maom,sans,drop,libao,3,0,2020-2023.xlsx,837
3098,2022-11-13,IVL_2022_fall_regular,rabbit,silverzhi,zyj,bobo,yihua,2,,2020-2023.xlsx,838
3099,2022-11-13,IVL_2022_fall_regular,rabbit,bobo,zyj,silverzhi,yihua,0,1,2020-2023.xlsx,839
3100,2022-11-13,IVL_2022_fall_regular,dongx,sans,drop,libao,maom,2,,2020-2023.xlsx,840
3101,2022-11-13,IVL_2022_fall_regular,xc,xingchen,yinl,sxy,dis,4,0,2020-2023.xlsx,841
3102,2022-11-13,IVL_2022_fall_regular,anyi,xingh,xiaod,huac,add,2,,2020-2023.xlsx,842
3103,2022-11-13,IVL_2022_fall_regular,anyi,xiaod,xingh,add,huac,2,,2020-2023.xlsx,843
3104,2022-11-13,IVL_2022_fall_regular,xc,dis,xingchen,yinl,sxy,0,1,2020-2023.xlsx,844
3105,2022-11-13,IVL_2022_fall_regular,xc,yinl,dis,sxy,xingchen,3,0,2020-2023.xlsx,845
3106,2022-11-13,IVL_2022_fall_regular,anyi,xingh,xiaod,huac,add,2,,2020-2023.xlsx,846
3107,2022-11-13,IVL_2022_fall_regular,ymm,huahua,tx,bm,jiaxin,0,1,2020-2023.xlsx,847
3108,2022-11-13,IVL_2022_fall_regular,yeyv,mk,huiyi,long,iron,3,0,2020-2023.xlsx,848
3109,2022-11-13,IVL_2022_fall_regular,yan,iron,huiyi,mk,long,3,0,2020-2023.xlsx,849
3110,2022-11-13,IVL_2022_fall_regular,ymm,jiaxin,huahua,tx,bm,2,,2020-2023.xlsx,850
3111,2022-11-18,IVL_2022_fall_regular,alex,ppz,18,ppxia,kucao,3,0,2020-2023.xlsx,851
3112,2022-11-18,IVL_2022_fall_regular,xawm,jelly,487,ming,huan,1,1,2020-2023.xlsx,852
3113,2022-11-18,IVL_2022_fall_regular,alex,ppxia,kucao,18,ppz,3,0,2020-2023.xlsx,853
3114,2022-11-18,IVL_2022_fall_regular,xawm,jelly,ming,487,huan,2,,2020-2023.xlsx,854
3115,2022-11-18,IVL_2022_fall_regular,rabbit,tx,huahua,jiaxin,qingq,0,1,2020-2023.xlsx,855
3116,2022-11-18,IVL_2022_fall_regular,yan,drop,sans,maom,libao,3,0,2020-2023.xlsx,856
3117,2022-11-18,IVL_2022_fall_regular,yan,drop,sans,libao,maom,3,0,2020-2023.xlsx,857
3118,2022-11-18,IVL_2022_fall_regular,d,huahua,qingq,jiaxin,tx,2,,2020-2023.xlsx,858
3119,2022-11-18,IVL_2022_fall_regular,anyi,shadow,czai,ak,heart,3,0,2020-2023.xlsx,859
3120,2022-11-18,IVL_2022_fall_regular,ppx,xingchen,dis,yinl,sxy,2,,2020-2023.xlsx,860
3121,2022-11-18,IVL_2022_fall_regular,superrich,dis,yinl,xingchen,sxy,0,1,2020-2023.xlsx,861
3122,2022-11-18,IVL_2022_fall_regular,anyi,ak,shadow,czai,heart,3,0,2020-2023.xlsx,862
3123,2022-11-19,IVL_2022_fall_regular,xc,mk,huiyi,long,iron,3,0,2020-2023.xlsx,863
3124,2022-11-19,IVL_2022_fall_regular,ymm,xingh,xiaod,huac,lul,2,,2020-2023.xlsx,864
3125,2022-11-19,IVL_2022_fall_regular,ymm,xingh,xiaod,lul,huac,2,,2020-2023.xlsx,865
3126,2022-11-19,IVL_2022_fall_regular,xc,mk,iron,huiyi,long,3,0,2020-2023.xlsx,866
3127,2022-11-19,IVL_2022_fall_regular,anyi,drop,maom,libao,sans,2,,2020-2023.xlsx,867
3128,2022-11-19,IVL_2022_fall_regular,rabbit,dis,yinl,sxy,xingchen,2,,2020-2023.xlsx,868
3129,2022-11-19,IVL_2022_fall_regular,d,xingchen,yinl,dis,sxy,3,0,2020-2023.xlsx,869
3130,2022-11-19,IVL_2022_fall_regular,anyi,maom,sans,libao,drop,3,0,2020-2023.xlsx,870
3131,2022-11-19,IVL_2022_fall_regular,anyi,libao,drop,maom,sans,3,0,2020-2023.xlsx,871
3132,2022-11-19,IVL_2022_fall_regular,d,dis,sxy,xingchen,yinl,2,,2020-2023.xlsx,872
3133,2022-11-19,IVL_2022_fall_regular,yue,zyj,silverzhi,yihua,bobo,0,1,2020-2023.xlsx,873
3134,2022-11-19,IVL_2022_fall_regular,dongx,fox,zibi,moon,xen,3,0,2020-2023.xlsx,874
3135,2022-11-19,IVL_2022_fall_regular,dongx,fox,xen,lis,zibi,2,,2020-2023.xlsx,875
3136,2022-11-19,IVL_2022_fall_regular,yue,yihua,zyj,bobo,nan,3,0,2020-2023.xlsx,876
3137,2022-11-19,IVL_2022_fall_regular,yue,nan,zyj,bobo,yihua,0,1,2020-2023.xlsx,877
3138,2022-11-19,IVL_2022_fall_regular,dongx,zibi,lis,xen,fox,2,,2020-2023.xlsx,878
3139,2022-11-20,IVL_2022_fall_regular,xawm,ak,shadow,heart,czai,2,,2020-2023.xlsx,879
3140,2022-11-20,IVL_2022_fall_regular,ppx,ppz,kucao,ppxia,18,3,0,2020-2023.xlsx,880
3141,2022-11-20,IVL_2022_fall_regular,superrich,ppz,kucao,18,ppxia,2,,2020-2023.xlsx,881
3142,2022-11-20,IVL_2022_fall_regular,xawm,shadow,czai,heart,ak,2,,2020-2023.xlsx,882
3143,2022-11-20,IVL_2022_fall_regular,superrich,ppz,18,ppxia,kucao,3,0,2020-2023.xlsx,883
3144,2022-11-20,IVL_2022_fall_regular,xawm,shadow,ak,czai,heart,2,,2020-2023.xlsx,884
3145,2022-11-20,IVL_2022_fall_regular,yue,tx,qingq,jiaxin,huahua,3,0,2020-2023.xlsx,885
3146,2022-11-20,IVL_2022_fall_regular,yan,fox,zibi,moon,xen,0,1,2020-2023.xlsx,886
3147,2022-11-20,IVL_2022_fall_regular,yue,huahua,qingq,jiaxin,tx,2,,2020-2023.xlsx,887
3148,2022-11-20,IVL_2022_fall_regular,yan,fox,xen,lis,zibi,3,0,2020-2023.xlsx,888
3149,2022-11-20,IVL_2022_fall_regular,yue,huahua,tx,qingq,jiaxin,2,,2020-2023.xlsx,889
3150,2022-11-20,IVL_2022_fall_regular,yan,fox,zibi,xen,lis,3,0,2020-2023.xlsx,890
3151,2022-11-20,IVL_2022_fall_regular,alex,nan,zyj,yihua,bobo,2,,2020-2023.xlsx,891
3152,2022-11-20,IVL_2022_fall_regular,dongx,jelly,487,ming,huan,3,0,2020-2023.xlsx,892
3153,2022-11-20,IVL_2022_fall_regular,dongx,jelly,487,huan,ming,1,1,2020-2023.xlsx,893
3154,2022-11-20,IVL_2022_fall_regular,alex,nan,yihua,bobo,zyj,3,0,2020-2023.xlsx,894
3155,2022-11-20,IVL_2022_fall_regular,alex,nan,zyj,yihua,bobo,0,1,2020-2023.xlsx,895
3156,2022-11-20,IVL_2022_fall_regular,dongx,jelly,ming,huan,487,3,0,2020-2023.xlsx,896
3157,2022-11-25,IVL_2022_fall_regular,yan,xiaod,lul,xingh,huac,0,1,2020-2023.xlsx,897
3158,2022-11-25,IVL_2022_fall_regular,xc,huahua,tx,qingq,jiaxin,1,1,2020-2023.xlsx,898
3159,2022-11-25,IVL_2022_fall_regular,xc,huahua,jiaxin,qingq,tx,3,0,2020-2023.xlsx,899
3160,2022-11-25,IVL_2022_fall_regular,yan,xingh,xiaod,lul,huac,0,1,2020-2023.xlsx,900
3161,2022-11-25,IVL_2022_fall_regular,dongx,xingchen,dis,yinl,sxy,2,,2020-2023.xlsx,901
3162,2022-11-25,IVL_2022_fall_regular,anyi,nan,silverzhi,yihua,zyj,0,1,2020-2023.xlsx,902
3163,2022-11-25,IVL_2022_fall_regular,anyi,nan,yihua,silverzhi,zyj,0,1,2020-2023.xlsx,903
3164,2022-11-25,IVL_2022_fall_regular,dongx,dis,yinl,xingchen,sxy,0,1,2020-2023.xlsx,904
3165,2022-11-25,IVL_2022_fall_regular,dongx,xingchen,sxy,yinl,dis,3,0,2020-2023.xlsx,905
3166,2022-11-25,IVL_2022_fall_regular,anyi,zyj,yihua,silverzhi,nan,2,,2020-2023.xlsx,906
3167,2022-11-25,IVL_2022_fall_regular,ymm,sans,drop,maom,libao,0,1,2020-2023.xlsx,907
3168,2022-11-25,IVL_2022_fall_regular,d,iron,huiyi,mk,long,3,0,2020-2023.xlsx,908
3169,2022-11-25,IVL_2022_fall_regular,d,iron,huiyi,mk,long,3,0,2020-2023.xlsx,909
3170,2022-11-25,IVL_2022_fall_regular,ymm,drop,maom,libao,sans,0,1,2020-2023.xlsx,910
3171,2022-11-26,IVL_2022_fall_regular,dongx,ak,czai,heart,shadow,0,1,2020-2023.xlsx,911
3172,2022-11-26,IVL_2022_fall_regular,ppx,silverzhi,yihua,zyj,nan,3,0,2020-2023.xlsx,912
3173,2022-11-26,IVL_2022_fall_regular,dongx,ak,shadow,heart,czai,0,1,2020-2023.xlsx,913
3174,2022-11-26,IVL_2022_fall_regular,superrich,silverzhi,yihua,zyj,nan,0,1,2020-2023.xlsx,914
3175,2022-11-26,IVL_2022_fall_regular,ppx,silverzhi,nan,zyj,yihua,2,,2020-2023.xlsx,915
3176,2022-11-26,IVL_2022_fall_regular,dongx,ak,czai,heart,shadow,2,,2020-2023.xlsx,916
3177,2022-11-26,IVL_2022_fall_regular,alex,dis,yinl,sxy,xingchen,2,,2020-2023.xlsx,917
3178,2022-11-26,IVL_2022_fall_regular,anyi,huan,487,ming,jelly,3,0,2020-2023.xlsx,918
3179,2022-11-26,IVL_2022_fall_regular,alex,sxy,yinl,xingchen,dis,1,1,2020-2023.xlsx,919
3180,2022-11-26,IVL_2022_fall_regular,anyi,jelly,huan,487,ming,3,0,2020-2023.xlsx,920
3181,2022-11-26,IVL_2022_fall_regular,yue,xingh,add,huac,xiaod,2,,2020-2023.xlsx,921
3182,2022-11-26,IVL_2022_fall_regular,xc,fox,zibi,moon,xen,2,,2020-2023.xlsx,922
3183,2022-11-26,IVL_2022_fall_regular,xc,fox,zibi,lis,xen,3,0,2020-2023.xlsx,923
3184,2022-11-26,IVL_2022_fall_regular,yue,huac,xiaod,xingh,add,1,1,2020-2023.xlsx,924
3185,2022-11-26,IVL_2022_fall_regular,yue,huac,xiaod,add,xingh,1,1,2020-2023.xlsx,925
3186,2022-11-26,IVL_2022_fall_regular,xc,fox,moon,zibi,xen,3,0,2020-2023.xlsx,926
3187,2022-11-27,IVL_2022_fall_regular,alex,iron,mk,long,huiyi,2,,2020-2023.xlsx,927
3188,2022-11-27,IVL_2022_fall_regular,ymm,jelly,huan,487,ming,1,1,2020-2023.xlsx,928
3189,2022-11-27,IVL_2022_fall_regular,alex,iron,huiyi,mk,long,3,0,2020-2023.xlsx,929
3190,2022-11-27,IVL_2022_fall_regular,ymm,huan,ming,487,jelly,3,0,2020-2023.xlsx,930
3191,2022-11-27,IVL_2022_fall_regular,ymm,487,huan,ming,jelly,3,0,2020-2023.xlsx,931
3192,2022-11-27,IVL_2022_fall_regular,alex,long,huiyi,mk,iron,3,0,2020-2023.xlsx,932
3193,2022-11-27,IVL_2022_fall_regular,superrich,fox,lis,xen,zibi,1,1,2020-2023.xlsx,933
3194,2022-11-27,IVL_2022_fall_regular,yue,ak,czai,heart,shadow,0,1,2020-2023.xlsx,934
3195,2022-11-27,IVL_2022_fall_regular,superrich,fox,lis,xen,zibi,3,0,2020-2023.xlsx,935
3196,2022-11-27,IVL_2022_fall_regular,yue,shadow,heart,czai,ak,3,0,2020-2023.xlsx,936
3197,2022-11-27,IVL_2022_fall_regular,yue,ak,czai,shadow,heart,3,0,2020-2023.xlsx,937
3198,2022-11-27,IVL_2022_fall_regular,superrich,lis,fox,zibi,xen,2,,2020-2023.xlsx,938
3199,2022-11-27,IVL_2022_fall_regular,rabbit,kucao,18,ppz,ppxia,3,0,2020-2023.xlsx,939
3200,2022-11-27,IVL_2022_fall_regular,xawm,sans,libao,maom,drop,1,1,2020-2023.xlsx,940
3201,2022-11-27,IVL_2022_fall_regular,rabbit,ppz,kucao,18,ppxia,3,0,2020-2023.xlsx,941
3202,2022-11-27,IVL_2022_fall_regular,xawm,drop,maom,libao,sans,0,1,2020-2023.xlsx,942
3203,2022-12-02,IVL_2022_fall_regular,yue,sans,drop,maom,libao,3,0,2020-2023.xlsx,943
3204,2022-12-02,IVL_2022_fall_regular,d,fox,lis,xen,zibi,2,,2020-2023.xlsx,944
3205,2022-12-02,IVL_2022_fall_regular,d,xen,zibi,lis,fox,3,0,2020-2023.xlsx,945
3206,2022-12-02,IVL_2022_fall_regular,yue,drop,maom,libao,sans,2,,2020-2023.xlsx,946
3207,2022-12-02,IVL_2022_fall_regular,yue,drop,libao,maom,sans,3,0,2020-2023.xlsx,947
3208,2022-12-02,IVL_2022_fall_regular,d,xen,zibi,lis,fox,3,0,2020-2023.xlsx,948
3209,2022-12-02,IVL_2022_fall_regular,yue,drop,maom,libao,sans,2,,2020-2023.xlsx,949
3210,2022-12-02,IVL_2022_fall_regular,d,zibi,xen,lis,fox,2,,2020-2023.xlsx,950
3211,2022-12-02,IVL_2022_fall_regular,dongx,xingh,add,xiaod,huac,3,0,2020-2023.xlsx,951
3212,2022-12-02,IVL_2022_fall_regular,xc,silverzhi,nan,yihua,zyj,4,0,2020-2023.xlsx,952
3213,2022-12-02,IVL_2022_fall_regular,xc,yihua,silverzhi,zyj,nan,2,,2020-2023.xlsx,953
3214,2022-12-02,IVL_2022_fall_regular,dongx,add,xiaod,xingh,huac,3,0,2020-2023.xlsx,954
3215,2022-12-02,IVL_2022_fall_regular,dongx,huac,add,xingh,xiaod,0,1,2020-2023.xlsx,955
3216,2022-12-02,IVL_2022_fall_regular,xc,silverzhi,zyj,nan,yihua,1,1,2020-2023.xlsx,956
3217,2022-12-02,IVL_2022_fall_regular,anyi,ppz,18,ppxia,kucao,2,,2020-2023.xlsx,957
3218,2022-12-02,IVL_2022_fall_regular,xawm,xingchen,dis,yinl,sxy,1,1,2020-2023.xlsx,958
3219,2022-12-02,IVL_2022_fall_regular,anyi,kucao,18,ppz,ppxia,2,,2020-2023.xlsx,959
3220,2022-12-02,IVL_2022_fall_regular,xawm,xingchen,dis,yinl,sxy,0,1,2020-2023.xlsx,960
3221,2022-12-03,IVL_2022_fall_regular,superrich,xingh,huac,add,xiaod,4,0,2020-2023.xlsx,961
3222,2022-12-03,IVL_2022_fall_regular,xc,ak,shadow,czai,heart,2,,2020-2023.xlsx,962
3223,2022-12-03,IVL_2022_fall_regular,xc,heart,czai,shadow,ak,4,0,2020-2023.xlsx,963
3224,2022-12-03,IVL_2022_fall_regular,superrich,xiaod,huac,xingh,add,2,,2020-2023.xlsx,964
3225,2022-12-03,IVL_2022_fall_regular,xc,heart,czai,ak,shadow,2,,2020-2023.xlsx,965
3226,2022-12-03,IVL_2022_fall_regular,superrich,xingh,xiaod,huac,add,3,0,2020-2023.xlsx,966
3227,2022-12-03,IVL_2022_fall_regular,alex,qingq,tx,jiaxin,huahua,2,,2020-2023.xlsx,967
3228,2022-12-03,IVL_2022_fall_regular,yan,huan,487,ming,jelly,4,0,2020-2023.xlsx,968
3229,2022-12-03,IVL_2022_fall_regular,yan,487,jelly,huan,ming,3,0,2020-2023.xlsx,969
3230,2022-12-03,IVL_2022_fall_regular,alex,huahua,qingq,jiaxin,tx,3,0,2020-2023.xlsx,970
3231,2022-12-03,IVL_2022_fall_regular,yan,487,ming,jelly,huan,3,0,2020-2023.xlsx,971
3232,2022-12-03,IVL_2022_fall_regular,alex,jiaxin,huahua,tx,qingq,1,1,2020-2023.xlsx,972
3233,2022-12-03,IVL_2022_fall_regular,ymm,silverzhi,nan,yihua,zyj,0,1,2020-2023.xlsx,973
3234,2022-12-03,IVL_2022_fall_regular,dongx,iron,mk,long,huiyi,0,1,2020-2023.xlsx,974
3235,2022-12-03,IVL_2022_fall_regular,dongx,iron,mk,long,huiyi,0,1,2020-2023.xlsx,975
3236,2022-12-03,IVL_2022_fall_regular,ymm,silverzhi,zyj,nan,yihua,2,,2020-2023.xlsx,976
3237,2022-12-03,IVL_2022_fall_regular,ymm,zyj,yihua,silverzhi,nan,2,,2020-2023.xlsx,977
3238,2022-12-03,IVL_2022_fall_regular,dongx,long,huiyi,mk,iron,3,0,2020-2023.xlsx,978
3239,2022-12-04,IVL_2022_fall_regular,alex,drop,sans,maom,libao,2,,2020-2023.xlsx,979
3240,2022-12-04,IVL_2022_fall_regular,d,huan,jelly,487,ming,2,,2020-2023.xlsx,980
3241,2022-12-04,IVL_2022_fall_regular,d,jelly,487,huan,ming,3,0,2020-2023.xlsx,981
3242,2022-12-04,IVL_2022_fall_regular,alex,maom,drop,libao,sans,2,,2020-2023.xlsx,982
3243,2022-12-04,IVL_2022_fall_regular,alex,drop,maom,libao,sans,2,,2020-2023.xlsx,983
3244,2022-12-04,IVL_2022_fall_regular,d,487,jelly,ming,huan,4,0,2020-2023.xlsx,984
3245,2022-12-04,IVL_2022_fall_regular,mbing,huahua,tx,qingq,jiaxin,3,0,2020-2023.xlsx,985
3246,2022-12-04,IVL_2022_fall_regular,yan,ppz,ppxia,18,kucao,2,,2020-2023.xlsx,986
3247,2022-12-04,IVL_2022_fall_regular,yan,ppz,ppxia,18,kucao,2,,2020-2023.xlsx,987
3248,2022-12-04,IVL_2022_fall_regular,mbing,jiaxin,tx,huahua,qingq,3,0,2020-2023.xlsx,988
3249,2022-12-04,IVL_2022_fall_regular,ymm,xingchen,dis,yinl,sxy,0,1,2020-2023.xlsx,989
3250,2022-12-04,IVL_2022_fall_regular,anyi,iron,mk,long,huiyi,3,0,2020-2023.xlsx,990
3251,2022-12-04,IVL_2022_fall_regular,anyi,long,huiyi,mk,iron,2,,2020-2023.xlsx,991
3252,2022-12-04,IVL_2022_fall_regular,ymm,dis,xingchen,yinl,sxy,3,0,2020-2023.xlsx,992
3253,2022-12-04,IVL_2022_fall_regular,ymm,sxy,dis,yinl,xingchen,2,,2020-2023.xlsx,993
3254,2022-12-04,IVL_2022_fall_regular,anyi,long,huiyi,mk,iron,2,,2020-2023.xlsx,994
3255,2022-12-09,IVL_2022_fall_regular,anyi,tx,jiaxin,huahua,qingq,0,1,2020-2023.xlsx,995
3256,2022-12-09,IVL_2022_fall_regular,yan,yinl,dis,xingchen,sxy,3,0,2020-2023.xlsx,996
3257,2022-12-09,IVL_2022_fall_regular,anyi,tx,jiaxin,qingq,huahua,3,0,2020-2023.xlsx,997
3258,2022-12-09,IVL_2022_fall_regular,yan,yinl,dis,xingchen,sxy,2,,2020-2023.xlsx,998
3259,2022-12-09,IVL_2022_fall_regular,yan,yinl,dis,xingchen,sxy,3,0,2020-2023.xlsx,999
3260,2022-12-09,IVL_2022_fall_regular,anyi,tx,jiaxin,qingq,huahua,2,,2020-2023.xlsx,1000
3261,2022-12-09,IVL_2022_fall_regular,alex,ak,shadow,czai,heart,3,0,2020-2023.xlsx,1001
3262,2022-12-09,IVL_2022_fall_regular,superrich,ming,huan,487,jelly,2,,2020-2023.xlsx,1002
3263,2022-12-09,IVL_2022_fall_regular,superrich,ming,huan,487,jelly,3,0,2020-2023.xlsx,1003
3264,2022-12-09,IVL_2022_fall_regular,alex,ak,shadow,czai,heart,3,0,2020-2023.xlsx,1004
3265,2022-12-09,IVL_2022_fall_regular,alex,ak,shadow,czai,heart,3,0,2020-2023.xlsx,1005
3266,2022-12-09,IVL_2022_fall_regular,superrich,ming,huan,487,jelly,2,,2020-2023.xlsx,1006
3267,2022-12-09,IVL_2022_fall_regular,xawm,xiaod,add,xingh,huac,0,1,2020-2023.xlsx,1007
3268,2022-12-09,IVL_2022_fall_regular,xc,ppz,kucao,18,ppxia,0,1,2020-2023.xlsx,1008
3269,2022-12-09,IVL_2022_fall_regular,xawm,xiaod,add,xingh,huac,0,1,2020-2023.xlsx,1009
3270,2022-12-09,IVL_2022_fall_regular,xc,ppz,kucao,18,ppxia,3,0,2020-2023.xlsx,1010
3271,2022-12-09,IVL_2022_fall_regular,xawm,xiaod,add,xingh,huac,2,,2020-2023.xlsx,1011
3272,2022-12-09,IVL_2022_fall_regular,xc,ppz,kucao,18,ppxia,3,0,2020-2023.xlsx,1012
3273,2022-12-10,IVL_2022_fall_regular,ppx,mk,huiyi,iron,long,2,,2020-2023.xlsx,1013
3274,2022-12-10,IVL_2022_fall_regular,ymm,ak,shadow,heart,czai,2,,2020-2023.xlsx,1014
3275,2022-12-10,IVL_2022_fall_regular,superrich,mk,huiyi,long,iron,3,0,2020-2023.xlsx,1015
3276,2022-12-10,IVL_2022_fall_regular,ymm,czai,heart,ak,shadow,3,0,2020-2023.xlsx,1016
3277,2022-12-10,IVL_2022_fall_regular,superrich,iron,huiyi,mk,long,2,,2020-2023.xlsx,1017
3278,2022-12-10,IVL_2022_fall_regular,ymm,czai,heart,shadow,ak,3,0,2020-2023.xlsx,1018
3279,2022-12-10,IVL_2022_fall_regular,dongx,ppz,ppxia,kucao,18,3,0,2020-2023.xlsx,1019
3280,2022-12-10,IVL_2022_fall_regular,xawm,nan,silverzhi,zyj,yihua,1,1,2020-2023.xlsx,1020
3281,2022-12-10,IVL_2022_fall_regular,xawm,zyj,nan,silverzhi,yihua,2,,2020-2023.xlsx,1021
3282,2022-12-10,IVL_2022_fall_regular,dongx,ppxia,kucao,18,ppz,0,1,2020-2023.xlsx,1022
3283,2022-12-10,IVL_2022_fall_regular,xawm,zyj,silverzhi,yihua,nan,3,0,2020-2023.xlsx,1023
3284,2022-12-10,IVL_2022_fall_regular,dongx,ppz,ppxia,kucao,18,0,1,2020-2023.xlsx,1024
3285,2022-12-10,IVL_2022_fall_regular,alex,fox,xen,zibi,lis,0,1,2020-2023.xlsx,1025
3286,2022-12-10,IVL_2022_fall_regular,yue,huan,487,jelly,ming,3,0,2020-2023.xlsx,1026
3287,2022-12-10,IVL_2022_fall_regular,yue,huan,487,ming,jelly,4,0,2020-2023.xlsx,1027
3288,2022-12-10,IVL_2022_fall_regular,alex,zibi,xen,fox,moon,2,,2020-2023.xlsx,1028
3289,2022-12-11,IVL_2022_fall_regular,d,xiaod,xingh,add,huac,2,,2020-2023.xlsx,1029
3290,2022-12-11,IVL_2022_fall_regular,xc,sans,drop,maom,l,1,1,2020-2023.xlsx,1030
3291,2022-12-11,IVL_2022_fall_regular,rabbit,xingh,xiaod,huac,add,3,0,2020-2023.xlsx,1031
3292,2022-12-11,IVL_2022_fall_regular,xc,sans,l,maom,drop,3,0,2020-2023.xlsx,1032
3293,2022-12-11,IVL_2022_fall_regular,d,xingh,xiaod,huac,add,0,1,2020-2023.xlsx,1033
3294,2022-12-11,IVL_2022_fall_regular,xc,sans,l,maom,drop,1,1,2020-2023.xlsx,1034
3295,2022-12-11,IVL_2022_fall_regular,yan,silverzhi,nan,zyj,yihua,1,1,2020-2023.xlsx,1035
3296,2022-12-11,IVL_2022_fall_regular,dongx,huahua,tx,qingq,jiaxin,0,1,2020-2023.xlsx,1036
3297,2022-12-11,IVL_2022_fall_regular,dongx,huahua,qingq,jiaxin,tx,0,1,2020-2023.xlsx,1037
3298,2022-12-11,IVL_2022_fall_regular,yan,silverzhi,zyj,nan,yihua,1,1,2020-2023.xlsx,1038
3299,2022-12-11,IVL_2022_fall_regular,yue,mk,huiyi,iron,long,3,0,2020-2023.xlsx,1039
3300,2022-12-11,IVL_2022_fall_regular,ymm,zibi,xen,moon,fox,1,1,2020-2023.xlsx,1040
3301,2022-12-11,IVL_2022_fall_regular,ymm,xen,moon,zibi,fox,2,,2020-2023.xlsx,1041
3302,2022-12-11,IVL_2022_fall_regular,yue,mk,iron,huiyi,long,3,0,2020-2023.xlsx,1042
3303,2022-12-30,IVL_2022_fall_playoffs,superrich,xingh,huac,add,xiaod,2,,2020-2023.xlsx,1043
3304,2022-12-30,IVL_2022_fall_playoffs,xc,ak,shadow,czai,heart,3,0,2020-2023.xlsx,1044
3305,2022-12-30,IVL_2022_fall_playoffs,xc,ak,shadow,heart,czai,3,0,2020-2023.xlsx,1045
3306,2022-12-30,IVL_2022_fall_playoffs,ppx,xiaod,add,xingh,huac,3,0,2020-2023.xlsx,1046
3307,2022-12-30,IVL_2022_fall_playoffs,ppx,xingh,xiaod,add,huac,2,,2020-2023.xlsx,1047
3308,2022-12-30,IVL_2022_fall_playoffs,xc,heart,ak,czai,shadow,2,,2020-2023.xlsx,1048
3309,2022-12-30,IVL_2022_fall_playoffs,xc,heart,czai,ak,shadow,3,0,2020-2023.xlsx,1049
3310,2022-12-30,IVL_2022_fall_playoffs,ppx,xingh,huac,xiaod,add,3,0,2020-2023.xlsx,1050
3311,2022-12-30,IVL_2022_fall_playoffs,xc,czai,ak,shadow,heart,3,0,2020-2023.xlsx,1051
3312,2022-12-30,IVL_2022_fall_playoffs,ppx,xingh,huac,add,xiaod,0,1,2020-2023.xlsx,1052
3313,2022-12-30,IVL_2022_fall_playoffs,ymm,ming,487,jelly,huan,4,0,2020-2023.xlsx,1053
3314,2022-12-30,IVL_2022_fall_playoffs,alex,mk,huiyi,iron,long,3,0,2020-2023.xlsx,1054
3315,2022-12-30,IVL_2022_fall_playoffs,ymm,huan,ming,487,jelly,2,,2020-2023.xlsx,1055
3316,2022-12-30,IVL_2022_fall_playoffs,alex,long,mk,iron,huiyi,2,,2020-2023.xlsx,1056
3317,2022-12-30,IVL_2022_fall_playoffs,ymm,ming,huan,487,jelly,2,,2020-2023.xlsx,1057
3318,2022-12-30,IVL_2022_fall_playoffs,alex,long,huiyi,iron,mk,1,1,2020-2023.xlsx,1058
3319,2022-12-30,IVL_2022_fall_playoffs,ymm,huan,ming,487,jelly,3,0,2020-2023.xlsx,1059
3320,2022-12-30,IVL_2022_fall_playoffs,alex,mk,huiyi,iron,long,0,1,2020-2023.xlsx,1060
3321,2022-12-30,IVL_2022_fall_playoffs,yue,ppxia,kucao,ppz,18,2,,2020-2023.xlsx,1061
3322,2022-12-30,IVL_2022_fall_playoffs,xawm,fox,lis,xen,zibi,2,,2020-2023.xlsx,1062
3323,2022-12-30,IVL_2022_fall_playoffs,yue,kucao,ppxia,ppz,18,1,1,2020-2023.xlsx,1063
3324,2022-12-30,IVL_2022_fall_playoffs,xawm,fox,lis,zibi,xen,2,,2020-2023.xlsx,1064
3325,2022-12-30,IVL_2022_fall_playoffs,yue,kucao,18,ppxia,ppz,1,1,2020-2023.xlsx,1065
3326,2022-12-30,IVL_2022_fall_playoffs,xawm,fox,lis,xen,zibi,0,1,2020-2023.xlsx,1066
3327,2022-12-30,IVL_2022_fall_playoffs,xawm,fox,xen,zibi,lis,3,0,2020-2023.xlsx,1067
3328,2022-12-30,IVL_2022_fall_playoffs,yue,18,kucao,ppz,ppxia,1,1,2020-2023.xlsx,1068
3329,2022-12-30,IVL_2022_fall_playoffs,yue,ppz,kucao,ppxia,18,3,0,2020-2023.xlsx,1069
3330,2022-12-30,IVL_2022_fall_playoffs,xawm,zibi,xen,lis,fox,0,1,2020-2023.xlsx,1070
3331,2022-12-31,IVL_2022_fall_playoffs,ymm,ak,shadow,czai,heart,1,1,2020-2023.xlsx,1071
3332,2022-12-31,IVL_2022_fall_playoffs,superrich,mk,huiyi,long,iron,1,1,2020-2023.xlsx,1072
3333,2022-12-31,IVL_2022_fall_playoffs,ymm,heart,shadow,ak,czai,2,,2020-2023.xlsx,1073
3334,2022-12-31,IVL_2022_fall_playoffs,superrich,long,huiyi,mk,iron,2,,2020-2023.xlsx,1074
3335,2022-12-31,IVL_2022_fall_playoffs,ymm,shadow,ak,heart,czai,3,0,2020-2023.xlsx,1075
3336,2022-12-31,IVL_2022_fall_playoffs,ppx,iron,long,mk,huiyi,3,0,2020-2023.xlsx,1076
3337,2022-12-31,IVL_2022_fall_playoffs,ymm,heart,shadow,czai,ak,3,0,2020-2023.xlsx,1077
3338,2022-12-31,IVL_2022_fall_playoffs,ppx,iron,long,mk,huiyi,3,0,2020-2023.xlsx,1078
3339,2022-12-31,IVL_2022_fall_playoffs,ymm,czai,ak,shadow,heart,3,0,2020-2023.xlsx,1079
3340,2022-12-31,IVL_2022_fall_playoffs,ppx,long,iron,huiyi,mk,3,0,2020-2023.xlsx,1080
3341,2022-12-31,IVL_2022_fall_playoffs,ymm,ak,czai,heart,shadow,4,0,2020-2023.xlsx,1081
3342,2022-12-31,IVL_2022_fall_playoffs,superrich,mk,huiyi,long,iron,1,1,2020-2023.xlsx,1082
3343,2022-12-31,IVL_2022_fall_playoffs,alex,ppz,ppxia,18,kucao,3,0,2020-2023.xlsx,1083
3344,2022-12-31,IVL_2022_fall_playoffs,xawm,huan,487,jelly,ming,2,,2020-2023.xlsx,1084
3345,2022-12-31,IVL_2022_fall_playoffs,xawm,jelly,ming,huan,487,2,,2020-2023.xlsx,1085
3346,2022-12-31,IVL_2022_fall_playoffs,alex,kucao,18,ppxia,ppz,0,1,2020-2023.xlsx,1086
3347,2022-12-31,IVL_2022_fall_playoffs,alex,kucao,18,ppxia,ppz,1,1,2020-2023.xlsx,1087
3348,2022-12-31,IVL_2022_fall_playoffs,xawm,huan,ming,jelly,487,2,,2020-2023.xlsx,1088
3349,2022-12-31,IVL_2022_fall_playoffs,xawm,487,huan,ming,jelly,1,1,2020-2023.xlsx,1089
3350,2022-12-31,IVL_2022_fall_playoffs,alex,kucao,18,ppz,ppxia,3,0,2020-2023.xlsx,1090
3351,2022-12-31,IVL_2022_fall_playoffs,xawm,huan,487,ming,jelly,2,,2020-2023.xlsx,1091
3352,2022-12-31,IVL_2022_fall_playoffs,alex,18,kucao,ppz,ppxia,3,0,2020-2023.xlsx,1092
3353,2022-01-01,IVL_2022_fall_playoffs,superrich,fox,lis,xen,zibi,1,1,2020-2023.xlsx,1093
3354,2022-01-01,IVL_2022_fall_playoffs,yue,shadow,czai,ak,heart,2,,2020-2023.xlsx,1094
3355,2022-01-01,IVL_2022_fall_playoffs,yue,heart,ak,czai,shadow,4,0,2020-2023.xlsx,1095
3356,2022-01-01,IVL_2022_fall_playoffs,superrich,xen,lis,fox,zibi,3,0,2020-2023.xlsx,1096
3357,2022-01-01,IVL_2022_fall_playoffs,superrich,xen,lis,zibi,fox,2,,2020-2023.xlsx,1097
3358,2022-01-01,IVL_2022_fall_playoffs,yue,heart,shadow,ak,czai,3,0,2020-2023.xlsx,1098
3359,2022-01-01,IVL_2022_fall_playoffs,superrich,huan,jelly,487,ming,3,0,2020-2023.xlsx,1099
3360,2022-01-01,IVL_2022_fall_playoffs,alex,ak,shadow,czai,heart,3,0,2020-2023.xlsx,1100
3361,2022-01-01,IVL_2022_fall_playoffs,superrich,huan,ming,jelly,487,3,0,2020-2023.xlsx,1101
3362,2022-01-01,IVL_2022_fall_playoffs,alex,heart,shadow,ak,czai,2,,2020-2023.xlsx,1102
3363,2022-01-01,IVL_2022_fall_playoffs,ppx,huan,ming,487,jelly,3,0,2020-2023.xlsx,1103
3364,2022-01-01,IVL_2022_fall_playoffs,alex,shadow,ak,heart,czai,3,0,2020-2023.xlsx,1104
3365,2022-01-01,IVL_2022_fall_playoffs,alex,heart,shadow,ak,czai,3,0,2020-2023.xlsx,1105
3366,2022-01-01,IVL_2022_fall_playoffs,superrich,487,jelly,ming,huan,2,,2020-2023.xlsx,1106
3367,2022-01-01,IVL_2022_fall_playoffs,superrich,487,jelly,ming,huan,4,0,2020-2023.xlsx,1107
3368,2022-01-01,IVL_2022_fall_playoffs,alex,ak,czai,heart,shadow,3,0,2020-2023.xlsx,1108
3369,2022-01-02,IVL_2022_fall_playoffs,xawm,jelly,487,ming,huan,3,0,2020-2023.xlsx,1109
3370,2022-01-02,IVL_2022_fall_playoffs,alex,kucao,ppxia,ppz,18,4,0,2020-2023.xlsx,1110
3371,2022-01-02,IVL_2022_fall_playoffs,alex,ppxia,kucao,ppz,18,2,,2020-2023.xlsx,1111
3372,2022-01-02,IVL_2022_fall_playoffs,xawm,jelly,ming,huan,487,1,1,2020-2023.xlsx,1112
3373,2022-01-02,IVL_2022_fall_playoffs,alex,ppz,kucao,ppxia,18,3,0,2020-2023.xlsx,1113
3374,2022-01-02,IVL_2022_fall_playoffs,xawm,jelly,huan,487,ming,3,0,2020-2023.xlsx,1114
3375,2022-01-02,IVL_2022_fall_playoffs,xawm,ming,jelly,huan,487,1,1,2020-2023.xlsx,1115
3376,2022-01-02,IVL_2022_fall_playoffs,alex,ppz,18,kucao,ppxia,1,1,2020-2023.xlsx,1116
3377,2023-06-09,IVL_2023_summer_regular,xawm,silverzhi,yihua,zyj,nan,2,,2020-2023.xlsx,0
3378,2023-06-09,IVL_2023_summer_regular,dongx,18,ppxia,kucao,fulan,2,,2020-2023.xlsx,1
3379,2023-06-09,IVL_2023_summer_regular,dongx,18,kucao,ppxia,fulan,1,1,2020-2023.xlsx,2
3380,2023-06-09,IVL_2023_summer_regular,xawm,silverzhi,nan,zyj,yihua,2,,2020-2023.xlsx,3
3381,2023-06-09,IVL_2023_summer_regular,xawm,yihua,zyj,nan,silverzhi,2,,2020-2023.xlsx,4
3382,2023-06-09,IVL_2023_summer_regular,dongx,kucao,18,fulan,ppxia,3,0,2020-2023.xlsx,5
3383,2023-06-09,IVL_2023_summer_regular,xawm,yihua,silverzhi,zyj,nan,2,,2020-2023.xlsx,6
3384,2023-06-09,IVL_2023_summer_regular,dongx,ppxia,fulan,18,kucao,2,,2020-2023.xlsx,7
3385,2023-06-09,IVL_2023_summer_regular,superrich,h1gher,dis,tea,xingchen,2,,2020-2023.xlsx,8
3386,2023-06-09,IVL_2023_summer_regular,d,heart,ac,ak,czai,2,,2020-2023.xlsx,9
3387,2023-06-09,IVL_2023_summer_regular,superrich,xingchen,yinl,dis,tea,2,,2020-2023.xlsx,10
3388,2023-06-09,IVL_2023_summer_regular,d,heart,ak,czai,ac,0,1,2020-2023.xlsx,11
3389,2023-06-09,IVL_2023_summer_regular,superrich,dis,yinl,xingchen,tea,2,,2020-2023.xlsx,12
3390,2023-06-09,IVL_2023_summer_regular,d,ac,ak,heart,czai,2,,2020-2023.xlsx,13
3391,2023-06-09,IVL_2023_summer_regular,ali,huahua,tx,tang,qingq,4,0,2020-2023.xlsx,14
3392,2023-06-09,IVL_2023_summer_regular,ppei,nanako,huac,xingh,xiaod,3,0,2020-2023.xlsx,15
3393,2023-06-09,IVL_2023_summer_regular,anyi,huac,xiaod,xingh,nanako,2,,2020-2023.xlsx,16
3394,2023-06-09,IVL_2023_summer_regular,ali,tang,qingq,tx,huahua,2,,2020-2023.xlsx,17
3395,2023-06-09,IVL_2023_summer_regular,xc,qingq,huahua,tang,tx,2,,2020-2023.xlsx,18
3396,2023-06-09,IVL_2023_summer_regular,anyi,xingh,nanako,xiaod,huac,0,1,2020-2023.xlsx,19
3397,2023-06-10,IVL_2023_summer_regular,yue,sxy,zibi,sans,regesi,0,1,2020-2023.xlsx,20
3398,2023-06-10,IVL_2023_summer_regular,sleepy,maom,drop,fox,xen,2,,2020-2023.xlsx,21
3399,2023-06-10,IVL_2023_summer_regular,yue,sxy,regesi,zibi,sans,1,1,2020-2023.xlsx,22
3400,2023-06-10,IVL_2023_summer_regular,sleepy,xen,drop,fox,maom,4,0,2020-2023.xlsx,23
3401,2023-06-10,IVL_2023_summer_regular,xc,tk,huiyi,1k,long,0,1,2020-2023.xlsx,24
3402,2023-06-10,IVL_2023_summer_regular,night,nanako,huac,xingh,xiaod,2,,2020-2023.xlsx,25
3403,2023-06-10,IVL_2023_summer_regular,xc,tk,long,huiyi,1k,3,0,2020-2023.xlsx,26
3404,2023-06-10,IVL_2023_summer_regular,ymm,huac,nanako,xiaod,xingh,0,1,2020-2023.xlsx,27
3405,2023-06-10,IVL_2023_summer_regular,xc,huiyi,1k,long,tk,0,1,2020-2023.xlsx,28
3406,2023-06-10,IVL_2023_summer_regular,ymm,xingh,huac,xiaod,nanako,3,0,2020-2023.xlsx,29
3407,2023-06-10,IVL_2023_summer_regular,yeyv,ac,czai,heart,ak,2,,2020-2023.xlsx,30
3408,2023-06-10,IVL_2023_summer_regular,superrich,jelly,shuaimr,487,guag,2,,2020-2023.xlsx,31
3409,2023-06-10,IVL_2023_summer_regular,superrich,shuaimr,487,guag,jelly,1,1,2020-2023.xlsx,32
3410,2023-06-10,IVL_2023_summer_regular,yeyv,heart,ak,czai,ac,3,0,2020-2023.xlsx,33
3411,2023-06-10,IVL_2023_summer_regular,yeyv,ak,czai,ac,heart,2,,2020-2023.xlsx,34
3412,2023-06-10,IVL_2023_summer_regular,superrich,487,shuaimr,jelly,guag,1,1,2020-2023.xlsx,35
3413,2023-06-11,IVL_2023_summer_regular,xawm,1k,huiyi,long,tk,0,1,2020-2023.xlsx,36
3414,2023-06-11,IVL_2023_summer_regular,night,kucao,fulan,ppxia,18,3,0,2020-2023.xlsx,37
3415,2023-06-11,IVL_2023_summer_regular,xawm,huiyi,tk,1k,long,0,1,2020-2023.xlsx,38
3416,2023-06-11,IVL_2023_summer_regular,ymm,kucao,ppxia,18,fulan,2,,2020-2023.xlsx,39
3417,2023-06-11,IVL_2023_summer_regular,anyi,dis,h1gher,tea,xingchen,2,,2020-2023.xlsx,40
3418,2023-06-11,IVL_2023_summer_regular,yunan,tx,qingq,huahua,tang,2,,2020-2023.xlsx,41
3419,2023-06-11,IVL_2023_summer_regular,d,huahua,qingq,tang,tx,2,,2020-2023.xlsx,42
3420,2023-06-11,IVL_2023_summer_regular,anyi,tea,yinl,xingchen,dis,2,,2020-2023.xlsx,43
3421,2023-06-11,IVL_2023_summer_regular,d,tang,huahua,tx,qingq,2,,2020-2023.xlsx,44
3422,2023-06-11,IVL_2023_summer_regular,anyi,xingchen,yinl,tea,dis,4,0,2020-2023.xlsx,45
3423,2023-06-11,IVL_2023_summer_regular,yue,yihua,zyj,silverzhi,nan,2,,2020-2023.xlsx,46
3424,2023-06-11,IVL_2023_summer_regular,dongx,fox,xen,maom,drop,2,,2020-2023.xlsx,47
3425,2023-06-11,IVL_2023_summer_regular,dongx,fox,drop,maom,xen,0,1,2020-2023.xlsx,48
3426,2023-06-11,IVL_2023_summer_regular,yue,yihua,silverzhi,nan,zyj,1,1,2020-2023.xlsx,49
3427,2023-06-11,IVL_2023_summer_regular,yue,silverzhi,nan,yihua,zyj,2,,2020-2023.xlsx,50
3428,2023-06-11,IVL_2023_summer_regular,dongx,xen,drop,maom,fox,2,,2020-2023.xlsx,51
3429,2023-06-16,IVL_2023_summer_regular,xawm,xiaod,huac,xingh,nanako,3,0,2020-2023.xlsx,52
3430,2023-06-16,IVL_2023_summer_regular,xc,18,fulan,ppxia,kucao,3,0,2020-2023.xlsx,53
3431,2023-06-16,IVL_2023_summer_regular,xawm,xingh,huac,nanako,xiaod,2,,2020-2023.xlsx,54
3432,2023-06-16,IVL_2023_summer_regular,xc,ppxia,18,kucao,fulan,3,0,2020-2023.xlsx,55
3433,2023-06-16,IVL_2023_summer_regular,xc,fulan,ppxia,kucao,18,3,0,2020-2023.xlsx,56
3434,2023-06-16,IVL_2023_summer_regular,xawm,xingh,xiaod,huac,nanako,1,1,2020-2023.xlsx,57
3435,2023-06-16,IVL_2023_summer_regular,anyi,regesi,zibi,sxy,sans,0,1,2020-2023.xlsx,58
3436,2023-06-16,IVL_2023_summer_regular,sleepy,huahua,qingq,tang,tx,3,0,2020-2023.xlsx,59
3437,2023-06-16,IVL_2023_summer_regular,anyi,sxy,zibi,regesi,sans,3,0,2020-2023.xlsx,60
3438,2023-06-16,IVL_2023_summer_regular,bo1,huahua,tx,tang,qingq,2,,2020-2023.xlsx,61
3439,2023-06-16,IVL_2023_summer_regular,anyi,sans,zibi,regesi,sxy,3,0,2020-2023.xlsx,62
3440,2023-06-16,IVL_2023_summer_regular,rabbit,huahua,tx,qingq,tang,2,,2020-2023.xlsx,63
3441,2023-06-16,IVL_2023_summer_regular,yeyv,maom,drop,fox,xen,2,,2020-2023.xlsx,64
3442,2023-06-16,IVL_2023_summer_regular,yue,jelly,guag,487,shuaimr,0,1,2020-2023.xlsx,65
3443,2023-06-16,IVL_2023_summer_regular,yue,487,guag,jelly,shuaimr,2,,2020-2023.xlsx,66
3444,2023-06-16,IVL_2023_summer_regular,choai,fox,drop,xen,maom,2,,2020-2023.xlsx,67
3445,2023-06-16,IVL_2023_summer_regular,choai,drop,xen,maom,fox,3,0,2020-2023.xlsx,68
3446,2023-06-16,IVL_2023_summer_regular,yue,shuaimr,487,jelly,guag,3,0,2020-2023.xlsx,69
3447,2023-06-17,IVL_2023_summer_regular,ymm,heart,ak,ac,czai,2,,2020-2023.xlsx,70
3448,2023-06-17,IVL_2023_summer_regular,ppx,1k,huiyi,iron,long,3,0,2020-2023.xlsx,71
3449,2023-06-17,IVL_2023_summer_regular,ppx,iron,long,1k,huiyi,2,,2020-2023.xlsx,72
3450,2023-06-17,IVL_2023_summer_regular,ymm,czai,heart,ak,ac,4,0,2020-2023.xlsx,73
3451,2023-06-17,IVL_2023_summer_regular,ymm,ak,heart,czai,ac,2,,2020-2023.xlsx,74
3452,2023-06-17,IVL_2023_summer_regular,superrich,1k,long,huiyi,iron,3,0,2020-2023.xlsx,75
3453,2023-06-17,IVL_2023_summer_regular,anyi,zyj,nan,silverzhi,yihua,3,0,2020-2023.xlsx,76
3454,2023-06-17,IVL_2023_summer_regular,dongx,tx,tang,huahua,libao,2,,2020-2023.xlsx,77
3455,2023-06-17,IVL_2023_summer_regular,dongx,tang,tx,libao,huahua,2,,2020-2023.xlsx,78
3456,2023-06-17,IVL_2023_summer_regular,anyi,silverzhi,nan,zyj,yihua,2,,2020-2023.xlsx,79
3457,2023-06-17,IVL_2023_summer_regular,anyi,yihua,zyj,silverzhi,nan,1,1,2020-2023.xlsx,80
3458,2023-06-17,IVL_2023_summer_regular,dongx,huahua,tang,tx,libao,0,1,2020-2023.xlsx,81
3459,2023-06-17,IVL_2023_summer_regular,d,kucao,fulan,18,ppxia,2,,2020-2023.xlsx,82
3460,2023-06-17,IVL_2023_summer_regular,xawm,h1gher,dis,xingchen,tea,2,,2020-2023.xlsx,83
3461,2023-06-17,IVL_2023_summer_regular,xawm,xingchen,yinl,tea,dis,2,,2020-2023.xlsx,84
3462,2023-06-17,IVL_2023_summer_regular,d,kucao,fulan,ppxia,18,2,,2020-2023.xlsx,85
3463,2023-06-17,IVL_2023_summer_regular,d,ppxia,18,fulan,kucao,3,0,2020-2023.xlsx,86
3464,2023-06-17,IVL_2023_summer_regular,xawm,xingchen,yinl,tea,dis,0,1,2020-2023.xlsx,87
3465,2023-06-18,IVL_2023_summer_regular,superrich,zyj,nan,yihua,silverzhi,2,,2020-2023.xlsx,88
3466,2023-06-18,IVL_2023_summer_regular,dongx,ak,ac,czai,heart,2,,2020-2023.xlsx,89
3467,2023-06-18,IVL_2023_summer_regular,dongx,heart,ac,ak,czai,2,,2020-2023.xlsx,90
3468,2023-06-18,IVL_2023_summer_regular,superrich,silverzhi,zyj,yihua,nan,2,,2020-2023.xlsx,91
3469,2023-06-18,IVL_2023_summer_regular,superrich,yihua,zyj,nan,silverzhi,3,0,2020-2023.xlsx,92
3470,2023-06-18,IVL_2023_summer_regular,dongx,czai,ak,ac,heart,0,1,2020-2023.xlsx,93
3471,2023-06-18,IVL_2023_summer_regular,ymm,h1gher,yinl,tea,xingchen,0,1,2020-2023.xlsx,94
3472,2023-06-18,IVL_2023_summer_regular,d,huiyi,1k,iron,long,1,1,2020-2023.xlsx,95
3473,2023-06-18,IVL_2023_summer_regular,ymm,dis,yinl,xingchen,tea,2,,2020-2023.xlsx,96
3474,2023-06-18,IVL_2023_summer_regular,d,1k,huiyi,long,iron,2,,2020-2023.xlsx,97
3475,2023-06-18,IVL_2023_summer_regular,ymm,tea,yinl,xingchen,dis,2,,2020-2023.xlsx,98
3476,2023-06-18,IVL_2023_summer_regular,d,iron,1k,long,huiyi,3,0,2020-2023.xlsx,99
3477,2023-06-18,IVL_2023_summer_regular,choai,regesi,sans,zibi,sxy,2,,2020-2023.xlsx,100
3478,2023-06-18,IVL_2023_summer_regular,bo1,487,jelly,guag,shuaimr,2,,2020-2023.xlsx,101
3479,2023-06-18,IVL_2023_summer_regular,choai,zibi,regesi,sxy,sans,2,,2020-2023.xlsx,102
3480,2023-06-18,IVL_2023_summer_regular,sleepy,jelly,guag,487,shuaimr,3,0,2020-2023.xlsx,103
3481,2023-06-18,IVL_2023_summer_regular,choai,sxy,regesi,sans,zibi,2,,2020-2023.xlsx,104
3482,2023-06-18,IVL_2023_summer_regular,rabbit,487,guag,shuaimr,jelly,3,0,2020-2023.xlsx,105
3483,2023-06-22,IVL_2023_summer_regular,choai,ppxia,kucao,18,fulan,3,0,2020-2023.xlsx,106
3484,2023-06-22,IVL_2023_summer_regular,xawm,jelly,487,guag,shuaimr,2,,2020-2023.xlsx,107
3485,2023-06-22,IVL_2023_summer_regular,xawm,487,jelly,shuaimr,guag,2,,2020-2023.xlsx,108
3486,2023-06-22,IVL_2023_summer_regular,yeyv,ppxia,fulan,kucao,18,2,,2020-2023.xlsx,109
3487,2023-06-22,IVL_2023_summer_regular,choai,ppxia,18,kucao,fulan,0,1,2020-2023.xlsx,110
3488,2023-06-22,IVL_2023_summer_regular,xawm,487,shuaimr,guag,jelly,0,1,2020-2023.xlsx,111
3489,2023-06-22,IVL_2023_summer_regular,xc,zibi,sans,regesi,sxy,3,0,2020-2023.xlsx,112
3490,2023-06-22,IVL_2023_summer_regular,bo1,huac,xiaod,nanako,xingh,3,0,2020-2023.xlsx,113
3491,2023-06-22,IVL_2023_summer_regular,rabbit,xiaod,nanako,xingh,huac,3,0,2020-2023.xlsx,114
3492,2023-06-22,IVL_2023_summer_regular,ali,sans,regesi,sxy,zibi,2,,2020-2023.xlsx,115
3493,2023-06-22,IVL_2023_summer_regular,xc,sxy,regesi,zibi,sans,3,0,2020-2023.xlsx,116
3494,2023-06-22,IVL_2023_summer_regular,rabbit,nanako,xiaod,xingh,huac,3,0,2020-2023.xlsx,117
3495,2023-06-22,IVL_2023_summer_regular,yue,ac,czai,heart,ak,2,,2020-2023.xlsx,118
3496,2023-06-22,IVL_2023_summer_regular,superrich,drop,xen,fox,maom,2,,2020-2023.xlsx,119
3497,2023-06-22,IVL_2023_summer_regular,superrich,maom,drop,xen,fox,0,1,2020-2023.xlsx,120
3498,2023-06-22,IVL_2023_summer_regular,yue,heart,ac,czai,ak,3,0,2020-2023.xlsx,121
3499,2023-06-22,IVL_2023_summer_regular,yue,heart,ak,ac,czai,3,0,2020-2023.xlsx,122
3500,2023-06-22,IVL_2023_summer_regular,superrich,xen,drop,maom,fox,1,1,2020-2023.xlsx,123
3501,2023-06-23,IVL_2023_summer_regular,ymm,yihua,silverzhi,nan,chen,2,,2020-2023.xlsx,124
3502,2023-06-23,IVL_2023_summer_regular,dongx,long,huiyi,iron,1k,2,,2020-2023.xlsx,125
3503,2023-06-23,IVL_2023_summer_regular,ymm,chen,nan,silverzhi,yihua,2,,2020-2023.xlsx,126
3504,2023-06-23,IVL_2023_summer_regular,dongx,iron,huiyi,1k,long,2,,2020-2023.xlsx,127
3505,2023-06-23,IVL_2023_summer_regular,ymm,silverzhi,nan,yihua,zyj,3,0,2020-2023.xlsx,128
3506,2023-06-23,IVL_2023_summer_regular,dongx,iron,huiyi,1k,long,0,1,2020-2023.xlsx,129
3507,2023-06-23,IVL_2023_summer_regular,d,487,jelly,guag,shuaimr,2,,2020-2023.xlsx,130
3508,2023-06-23,IVL_2023_summer_regular,choai,dis,xingchen,yinl,tea,3,0,2020-2023.xlsx,131
3509,2023-06-23,IVL_2023_summer_regular,yeyv,xingchen,dis,tea,yinl,2,,2020-2023.xlsx,132
3510,2023-06-23,IVL_2023_summer_regular,d,shuaimr,guag,487,jelly,0,1,2020-2023.xlsx,133
3511,2023-06-23,IVL_2023_summer_regular,yue,huahua,tx,tang,libao,2,,2020-2023.xlsx,134
3512,2023-06-23,IVL_2023_summer_regular,anyi,drop,maom,xen,fox,2,,2020-2023.xlsx,135
3513,2023-06-23,IVL_2023_summer_regular,anyi,drop,xen,fox,maom,2,,2020-2023.xlsx,136
3514,2023-06-23,IVL_2023_summer_regular,yue,libao,huahua,tx,tang,0,1,2020-2023.xlsx,137
3515,2023-06-23,IVL_2023_summer_regular,yue,tang,libao,huahua,tx,3,0,2020-2023.xlsx,138
3516,2023-06-23,IVL_2023_summer_regular,anyi,fox,xen,maom,lis,3,0,2020-2023.xlsx,139
3517,2023-06-24,IVL_2023_summer_regular,ali,yinl,dis,xingchen,tea,1,1,2020-2023.xlsx,140
3518,2023-06-24,IVL_2023_summer_regular,yunan,nanako,xiaod,xingh,huac,4,0,2020-2023.xlsx,141
3519,2023-06-24,IVL_2023_summer_regular,ali,xingchen,yinl,tea,dis,3,0,2020-2023.xlsx,142
3520,2023-06-24,IVL_2023_summer_regular,yunan,nanako,xiaod,xingh,huac,2,,2020-2023.xlsx,143
3521,2023-06-24,IVL_2023_summer_regular,xc,xingchen,tea,dis,yinl,2,,2020-2023.xlsx,144
3522,2023-06-24,IVL_2023_summer_regular,yunan,huac,xingh,nanako,xiaod,0,1,2020-2023.xlsx,145
3523,2023-06-24,IVL_2023_summer_regular,xawm,tx,libao,huahua,tang,2,,2020-2023.xlsx,146
3524,2023-06-24,IVL_2023_summer_regular,anyi,fulan,ppxia,kucao,18,3,0,2020-2023.xlsx,147
3525,2023-06-24,IVL_2023_summer_regular,xawm,libao,huahua,tang,tx,0,1,2020-2023.xlsx,148
3526,2023-06-24,IVL_2023_summer_regular,anyi,kucao,ppxia,18,fulan,2,,2020-2023.xlsx,149
3527,2023-06-24,IVL_2023_summer_regular,sleepy,ak,ac,heart,czai,3,0,2020-2023.xlsx,150
3528,2023-06-24,IVL_2023_summer_regular,superrich,sans,regesi,sxy,zibi,1,1,2020-2023.xlsx,151
3529,2023-06-24,IVL_2023_summer_regular,sleepy,ac,czai,ak,heart,3,0,2020-2023.xlsx,152
3530,2023-06-24,IVL_2023_summer_regular,superrich,sxy,regesi,sans,zibi,3,0,2020-2023.xlsx,153
3531,2023-06-24,IVL_2023_summer_regular,rabbit,ac,ak,heart,czai,3,0,2020-2023.xlsx,154
3532,2023-06-24,IVL_2023_summer_regular,superrich,sxy,sans,regesi,zibi,2,,2020-2023.xlsx,155
3533,2023-06-30,IVL_2023_summer_regular,ppei,487,jelly,shuaimr,guag,3,0,2020-2023.xlsx,156
3534,2023-06-30,IVL_2023_summer_regular,yeyv,tx,libao,qingq,huahua,3,0,2020-2023.xlsx,157
3535,2023-06-30,IVL_2023_summer_regular,choai,qingq,huahua,tx,libao,0,1,2020-2023.xlsx,158
3536,2023-06-30,IVL_2023_summer_regular,anyi,guag,jelly,487,shuaimr,3,0,2020-2023.xlsx,159
3537,2023-06-30,IVL_2023_summer_regular,yeyv,qingq,tx,huahua,libao,4,0,2020-2023.xlsx,160
3538,2023-06-30,IVL_2023_summer_regular,anyi,487,shuaimr,guag,jelly,2,,2020-2023.xlsx,161
3539,2023-06-30,IVL_2023_summer_regular,xc,ac,czai,heart,ak,2,,2020-2023.xlsx,162
3540,2023-06-30,IVL_2023_summer_regular,superrich,huac,xiaod,xingh,nanako,1,1,2020-2023.xlsx,163
3541,2023-06-30,IVL_2023_summer_regular,xc,ak,czai,ac,heart,3,0,2020-2023.xlsx,164
3542,2023-06-30,IVL_2023_summer_regular,superrich,nanako,xiaod,huac,xingh,1,1,2020-2023.xlsx,165
3543,2023-06-30,IVL_2023_summer_regular,yue,dis,yinl,xingchen,tea,4,0,2020-2023.xlsx,166
3544,2023-06-30,IVL_2023_summer_regular,d,maom,drop,fox,xen,2,,2020-2023.xlsx,167
3545,2023-06-30,IVL_2023_summer_regular,yue,xingchen,yinl,tea,dis,3,0,2020-2023.xlsx,168
3546,2023-06-30,IVL_2023_summer_regular,d,drop,xen,fox,maom,1,1,2020-2023.xlsx,169
3547,2023-07-01,IVL_2023_summer_regular,yan,sxy,sans,regesi,zibi,3,0,2020-2023.xlsx,170
3548,2023-07-01,IVL_2023_summer_regular,sleepy,fulan,ppxia,kucao,18,3,0,2020-2023.xlsx,171
3549,2023-07-01,IVL_2023_summer_regular,sleepy,ppxia,kucao,fulan,18,3,0,2020-2023.xlsx,172
3550,2023-07-01,IVL_2023_summer_regular,xawm,zibi,sxy,regesi,sans,3,0,2020-2023.xlsx,173
3551,2023-07-01,IVL_2023_summer_regular,xawm,regesi,sans,zibi,sxy,2,,2020-2023.xlsx,174
3552,2023-07-01,IVL_2023_summer_regular,sleepy,kucao,ppxia,fulan,18,2,,2020-2023.xlsx,175
3553,2023-07-01,IVL_2023_summer_regular,sleepy,kucao,ppxia,18,fulan,3,0,2020-2023.xlsx,176
3554,2023-07-01,IVL_2023_summer_regular,xawm,zibi,sans,regesi,sxy,2,,2020-2023.xlsx,177
3555,2023-07-01,IVL_2023_summer_regular,ymm,fox,xen,maom,drop,2,,2020-2023.xlsx,178
3556,2023-07-01,IVL_2023_summer_regular,yue,huiyi,1k,iron,long,0,1,2020-2023.xlsx,179
3557,2023-07-01,IVL_2023_summer_regular,yue,huiyi,1k,iron,long,2,,2020-2023.xlsx,180
3558,2023-07-01,IVL_2023_summer_regular,ymm,maom,drop,xen,fox,0,1,2020-2023.xlsx,181
3559,2023-07-01,IVL_2023_summer_regular,yue,long,huiyi,1k,iron,2,,2020-2023.xlsx,182
3560,2023-07-01,IVL_2023_summer_regular,ymm,xen,drop,maom,fox,3,0,2020-2023.xlsx,183
3561,2023-07-01,IVL_2023_summer_regular,dongx,nanako,xiaod,xingh,huac,4,0,2020-2023.xlsx,184
3562,2023-07-01,IVL_2023_summer_regular,xc,chen,nan,silverzhi,yihua,2,,2020-2023.xlsx,185
3563,2023-07-01,IVL_2023_summer_regular,dongx,huac,nanako,xingh,xiaod,2,,2020-2023.xlsx,186
3564,2023-07-01,IVL_2023_summer_regular,xc,nan,silverzhi,yihua,zyj,0,1,2020-2023.xlsx,187
3565,2023-07-02,IVL_2023_summer_regular,superrich,libao,tx,qingq,tang,1,1,2020-2023.xlsx,188
3566,2023-07-02,IVL_2023_summer_regular,anyi,ak,czai,heart,ac,2,,2020-2023.xlsx,189
3567,2023-07-02,IVL_2023_summer_regular,anyi,ak,heart,czai,ac,3,0,2020-2023.xlsx,190
3568,2023-07-02,IVL_2023_summer_regular,superrich,huahua,tx,libao,qingq,2,,2020-2023.xlsx,191
3569,2023-07-02,IVL_2023_summer_regular,dongx,regesi,zibi,sans,sxy,3,0,2020-2023.xlsx,192
3570,2023-07-02,IVL_2023_summer_regular,bo1,zyj,yihua,silverzhi,nan,2,,2020-2023.xlsx,193
3571,2023-07-02,IVL_2023_summer_regular,dongx,zibi,sans,sxy,regesi,1,1,2020-2023.xlsx,194
3572,2023-07-02,IVL_2023_summer_regular,bo1,yihua,silverzhi,zyj,nan,2,,2020-2023.xlsx,195
3573,2023-07-02,IVL_2023_summer_regular,dongx,sxy,regesi,sans,zibi,0,1,2020-2023.xlsx,196
3574,2023-07-02,IVL_2023_summer_regular,bo1,nan,silverzhi,yihua,zyj,0,1,2020-2023.xlsx,197
3575,2023-07-02,IVL_2023_summer_regular,bo1,silverzhi,zyj,yihua,nan,3,0,2020-2023.xlsx,198
3576,2023-07-02,IVL_2023_summer_regular,dongx,zibi,sans,regesi,sxy,3,0,2020-2023.xlsx,199
3577,2023-07-02,IVL_2023_summer_regular,choai,long,huiyi,1k,iron,0,1,2020-2023.xlsx,200
3578,2023-07-02,IVL_2023_summer_regular,ymm,shuaimr,487,guag,jelly,3,0,2020-2023.xlsx,201
3579,2023-07-02,IVL_2023_summer_regular,choai,iron,long,1k,huiyi,2,,2020-2023.xlsx,202
3580,2023-07-02,IVL_2023_summer_regular,ymm,487,shuaimr,guag,jelly,2,,2020-2023.xlsx,203
3581,2023-07-02,IVL_2023_summer_regular,ymm,guag,jelly,shuaimr,487,2,,2020-2023.xlsx,204
3582,2023-07-02,IVL_2023_summer_regular,choai,tk,long,huiyi,iron,3,0,2020-2023.xlsx,205
3583,2023-07-07,IVL_2023_summer_regular,yue,xingh,nanako,huac,xiaod,2,,2020-2023.xlsx,206
3584,2023-07-07,IVL_2023_summer_regular,xc,xen,maom,fox,drop,2,,2020-2023.xlsx,207
3585,2023-07-07,IVL_2023_summer_regular,yue,nanako,xiaod,huac,xingh,2,,2020-2023.xlsx,208
3586,2023-07-07,IVL_2023_summer_regular,xc,drop,xen,fox,maom,1,1,2020-2023.xlsx,209
3587,2023-07-07,IVL_2023_summer_regular,yue,xingh,xiaod,nanako,huac,4,0,2020-2023.xlsx,210
3588,2023-07-07,IVL_2023_summer_regular,xc,fox,xen,lis,maom,2,,2020-2023.xlsx,211
3589,2023-07-07,IVL_2023_summer_regular,anyi,long,huiyi,iron,tk,2,,2020-2023.xlsx,212
3590,2023-07-07,IVL_2023_summer_regular,ymm,tx,libao,tang,qingq,3,0,2020-2023.xlsx,213
3591,2023-07-07,IVL_2023_summer_regular,anyi,tk,long,iron,huiyi,3,0,2020-2023.xlsx,214
3592,2023-07-07,IVL_2023_summer_regular,ymm,huahua,libao,qingq,tx,2,,2020-2023.xlsx,215
3593,2023-07-07,IVL_2023_summer_regular,ymm,huahua,libao,qingq,tx,2,,2020-2023.xlsx,216
3594,2023-07-07,IVL_2023_summer_regular,anyi,iron,huiyi,long,tk,3,0,2020-2023.xlsx,217
3595,2023-07-07,IVL_2023_summer_regular,d,zyj,yihua,nan,silverzhi,2,,2020-2023.xlsx,218
3596,2023-07-07,IVL_2023_summer_regular,dongx,xingchen,yinl,dis,tea,3,0,2020-2023.xlsx,219
3597,2023-07-07,IVL_2023_summer_regular,d,yihua,silverzhi,zyj,nan,2,,2020-2023.xlsx,220
3598,2023-07-07,IVL_2023_summer_regular,dongx,tea,yinl,xingchen,dis,2,,2020-2023.xlsx,221
3599,2023-07-07,IVL_2023_summer_regular,dongx,xingchen,yinl,tea,dis,2,,2020-2023.xlsx,222
3600,2023-07-07,IVL_2023_summer_regular,d,nan,yihua,silverzhi,zyj,2,,2020-2023.xlsx,223
3601,2023-07-08,IVL_2023_summer_regular,xawm,zyan,ac,ak,heart,0,1,2020-2023.xlsx,224
3602,2023-07-08,IVL_2023_summer_regular,superrich,kucao,18,fulan,ppxia,2,,2020-2023.xlsx,225
3603,2023-07-08,IVL_2023_summer_regular,xawm,ak,ac,heart,zyan,3,0,2020-2023.xlsx,226
3604,2023-07-08,IVL_2023_summer_regular,superrich,fulan,ppxia,kucao,18,1,1,2020-2023.xlsx,227
3605,2023-07-08,IVL_2023_summer_regular,xawm,ak,ac,zyan,heart,3,0,2020-2023.xlsx,228
3606,2023-07-08,IVL_2023_summer_regular,superrich,kucao,fulan,ppxia,18,3,0,2020-2023.xlsx,229
3607,2023-07-08,IVL_2023_summer_regular,choai,xiaod,nanako,huac,xingh,0,1,2020-2023.xlsx,230
3608,2023-07-08,IVL_2023_summer_regular,xc,487,guag,huan,jelly,0,1,2020-2023.xlsx,231
3609,2023-07-08,IVL_2023_summer_regular,choai,xingh,nanako,huac,xiaod,2,,2020-2023.xlsx,232
3610,2023-07-08,IVL_2023_summer_regular,xc,jelly,huan,487,guag,2,,2020-2023.xlsx,233
3611,2023-07-08,IVL_2023_summer_regular,choai,xingh,huac,xiaod,nanako,3,0,2020-2023.xlsx,234
3612,2023-07-08,IVL_2023_summer_regular,xc,487,huan,guag,jelly,0,1,2020-2023.xlsx,235
3613,2023-07-08,IVL_2023_summer_regular,ymm,norcy,regesi,sxy,sans,2,,2020-2023.xlsx,236
3614,2023-07-08,IVL_2023_summer_regular,bo1,long,iron,huiyi,tk,3,0,2020-2023.xlsx,237
3615,2023-07-08,IVL_2023_summer_regular,ymm,regesi,norcy,sans,sxy,2,,2020-2023.xlsx,238
3616,2023-07-08,IVL_2023_summer_regular,rabbit,tk,iron,huiyi,long,2,,2020-2023.xlsx,239
3617,2023-07-08,IVL_2023_summer_regular,ymm,sxy,norcy,regesi,sans,3,0,2020-2023.xlsx,240
3618,2023-07-08,IVL_2023_summer_regular,bo1,huiyi,long,tk,iron,2,,2020-2023.xlsx,241
3619,2023-07-08,IVL_2023_summer_regular,ymm,regesi,sans,norcy,sxy,2,,2020-2023.xlsx,242
3620,2023-07-08,IVL_2023_summer_regular,bo1,long,huiyi,tk,iron,2,,2020-2023.xlsx,243
3621,2023-07-09,IVL_2023_summer_regular,choai,silverzhi,zyj,nan,yihua,2,,2020-2023.xlsx,244
3622,2023-07-09,IVL_2023_summer_regular,dongx,guag,jelly,487,huan,3,0,2020-2023.xlsx,245
3623,2023-07-09,IVL_2023_summer_regular,dongx,487,jelly,guag,huan,2,,2020-2023.xlsx,246
3624,2023-07-09,IVL_2023_summer_regular,choai,yihua,zyj,silverzhi,nan,2,,2020-2023.xlsx,247
3625,2023-07-09,IVL_2023_summer_regular,dongx,487,guag,huan,jelly,4,0,2020-2023.xlsx,248
3626,2023-07-09,IVL_2023_summer_regular,choai,nan,yihua,zyj,nan,1,1,2020-2023.xlsx,249
3627,2023-07-09,IVL_2023_summer_regular,yue,ppxia,fulan,kucao,18,3,0,2020-2023.xlsx,250
3628,2023-07-09,IVL_2023_summer_regular,xawm,maom,xen,fox,drop,2,,2020-2023.xlsx,251
3629,2023-07-09,IVL_2023_summer_regular,yue,18,ppxia,fulan,kucao,2,,2020-2023.xlsx,252
3630,2023-07-09,IVL_2023_summer_regular,xawm,maom,xen,drop,fox,3,0,2020-2023.xlsx,253
3631,2023-07-09,IVL_2023_summer_regular,yue,fulan,kucao,18,ppxia,3,0,2020-2023.xlsx,254
3632,2023-07-09,IVL_2023_summer_regular,xawm,xen,drop,fox,maom,2,,2020-2023.xlsx,255
3633,2023-07-09,IVL_2023_summer_regular,bo1,yinl,dis,xingchen,tea,2,,2020-2023.xlsx,256
3634,2023-07-09,IVL_2023_summer_regular,d,norcy,regesi,sxy,sans,1,1,2020-2023.xlsx,257
3635,2023-07-09,IVL_2023_summer_regular,d,sans,regesi,sxy,zibi,3,0,2020-2023.xlsx,258
3636,2023-07-09,IVL_2023_summer_regular,rabbit,yinl,dis,xingchen,tea,1,1,2020-2023.xlsx,259
3637,2023-07-09,IVL_2023_summer_regular,rabbit,xingchen,yinl,tea,dis,3,0,2020-2023.xlsx,260
3638,2023-07-09,IVL_2023_summer_regular,d,sans,zibi,regesi,sxy,2,,2020-2023.xlsx,261
3639,2023-07-14,IVL_2023_summer_regular,yue,nanako,huac,xingh,xiaod,2,,2020-2023.xlsx,262
3640,2023-07-14,IVL_2023_summer_regular,xc,fox,xen,maom,drop,4,0,2020-2023.xlsx,263
3641,2023-07-14,IVL_2023_summer_regular,yue,xingh,xiaod,huac,nanako,3,0,2020-2023.xlsx,264
3642,2023-07-14,IVL_2023_summer_regular,xc,drop,maom,xen,fox,2,,2020-2023.xlsx,265
3643,2023-07-14,IVL_2023_summer_regular,yue,xingh,huac,nanako,xiaod,2,,2020-2023.xlsx,266
3644,2023-07-14,IVL_2023_summer_regular,xc,xen,drop,maom,fox,2,,2020-2023.xlsx,267
3645,2023-07-14,IVL_2023_summer_regular,d,yihua,silverzhi,nan,zyj,3,0,2020-2023.xlsx,268
3646,2023-07-14,IVL_2023_summer_regular,dongx,jiaxin,tea,dis,xingchen,2,,2020-2023.xlsx,269
3647,2023-07-14,IVL_2023_summer_regular,yunan,zyj,nan,silverzhi,yihua,2,,2020-2023.xlsx,270
3648,2023-07-14,IVL_2023_summer_regular,dongx,jiaxin,dis,xingchen,tea,0,1,2020-2023.xlsx,271
3649,2023-07-14,IVL_2023_summer_regular,anyi,long,huiyi,iron,tk,1,1,2020-2023.xlsx,272
3650,2023-07-14,IVL_2023_summer_regular,ymm,qingq,libao,huahua,tx,2,,2020-2023.xlsx,273
3651,2023-07-14,IVL_2023_summer_regular,anyi,tk,long,iron,huiyi,3,0,2020-2023.xlsx,274
3652,2023-07-14,IVL_2023_summer_regular,ymm,tang,libao,tx,huahua,3,0,2020-2023.xlsx,275
3653,2023-07-14,IVL_2023_summer_regular,ymm,huahua,qingq,libao,tx,3,0,2020-2023.xlsx,276
3654,2023-07-14,IVL_2023_summer_regular,anyi,iron,long,tk,huiyi,0,1,2020-2023.xlsx,277
3655,2023-07-15,IVL_2023_summer_regular,superrich,kucao,18,fulan,ppxia,2,,2020-2023.xlsx,278
3656,2023-07-15,IVL_2023_summer_regular,xawm,ac,czai,heart,ak,2,,2020-2023.xlsx,279
3657,2023-07-15,IVL_2023_summer_regular,superrich,kucao,fulan,ppxia,18,2,,2020-2023.xlsx,280
3658,2023-07-15,IVL_2023_summer_regular,xawm,heart,ac,czai,ak,3,0,2020-2023.xlsx,281
3659,2023-07-15,IVL_2023_summer_regular,superrich,ppxia,fulan,kucao,18,2,,2020-2023.xlsx,282
3660,2023-07-15,IVL_2023_summer_regular,xawm,ac,ak,czai,heart,2,,2020-2023.xlsx,283
3661,2023-07-15,IVL_2023_summer_regular,choai,xiaod,huac,xingh,nanako,3,0,2020-2023.xlsx,284
3662,2023-07-15,IVL_2023_summer_regular,xc,jelly,huan,487,guag,3,0,2020-2023.xlsx,285
3663,2023-07-15,IVL_2023_summer_regular,choai,nanako,huac,xingh,xiaod,2,,2020-2023.xlsx,286
3664,2023-07-15,IVL_2023_summer_regular,xc,huan,487,guag,jelly,3,0,2020-2023.xlsx,287
3665,2023-07-15,IVL_2023_summer_regular,choai,huac,nanako,xingh,xiaod,2,,2020-2023.xlsx,288
3666,2023-07-15,IVL_2023_summer_regular,ali,487,huan,guag,jelly,3,0,2020-2023.xlsx,289
3667,2023-07-15,IVL_2023_summer_regular,ymm,sxy,regesi,zibi,sans,3,0,2020-2023.xlsx,290
3668,2023-07-15,IVL_2023_summer_regular,bo1,long,huiyi,1k,iron,2,,2020-2023.xlsx,291
3669,2023-07-15,IVL_2023_summer_regular,ymm,sans,zibi,regesi,sxy,3,0,2020-2023.xlsx,292
3670,2023-07-15,IVL_2023_summer_regular,rabbit,long,iron,huiyi,1k,1,1,2020-2023.xlsx,293
3671,2023-07-16,IVL_2023_summer_regular,dongx,487,jelly,huan,guag,1,1,2020-2023.xlsx,294
3672,2023-07-16,IVL_2023_summer_regular,choai,silverzhi,nan,zyj,yihua,2,,2020-2023.xlsx,295
3673,2023-07-16,IVL_2023_summer_regular,dongx,487,huan,guag,jelly,1,1,2020-2023.xlsx,296
3674,2023-07-16,IVL_2023_summer_regular,choai,yihua,silverzhi,zyj,nan,2,,2020-2023.xlsx,297
3675,2023-07-16,IVL_2023_summer_regular,xawm,drop,maom,xen,fox,2,,2020-2023.xlsx,298
3676,2023-07-16,IVL_2023_summer_regular,yue,fulan,ppxia,kucao,18,3,0,2020-2023.xlsx,299
3677,2023-07-16,IVL_2023_summer_regular,yue,kucao,fulan,ppxia,18,2,,2020-2023.xlsx,300
3678,2023-07-16,IVL_2023_summer_regular,xawm,xen,maom,fox,drop,2,,2020-2023.xlsx,301
3679,2023-07-16,IVL_2023_summer_regular,xawm,fox,drop,maom,xen,2,,2020-2023.xlsx,302
3680,2023-07-16,IVL_2023_summer_regular,yue,fulan,kucao,18,ppxia,0,1,2020-2023.xlsx,303
3681,2023-07-16,IVL_2023_summer_regular,yunan,zibi,regesi,sans,sxy,0,1,2020-2023.xlsx,304
3682,2023-07-16,IVL_2023_summer_regular,bo1,yinl,dis,xingchen,tea,0,1,2020-2023.xlsx,305
3683,2023-07-16,IVL_2023_summer_regular,bo1,tea,yinl,xingchen,dis,2,,2020-2023.xlsx,306
3684,2023-07-16,IVL_2023_summer_regular,yunan,regesi,sxy,sans,zibi,2,,2020-2023.xlsx,307
3685,2023-07-16,IVL_2023_summer_regular,bo1,tea,yinl,dis,xingchen,2,,2020-2023.xlsx,308
3686,2023-07-16,IVL_2023_summer_regular,yunan,regesi,sans,zibi,sxy,3,0,2020-2023.xlsx,309
3687,2023-07-21,IVL_2023_summer_regular,xc,dis,yinl,xingchen,tea,2,,2020-2023.xlsx,310
3688,2023-07-21,IVL_2023_summer_regular,d,huac,nanako,xingh,xiaod,2,,2020-2023.xlsx,311
3689,2023-07-21,IVL_2023_summer_regular,xc,tea,dis,yinl,xingchen,0,1,2020-2023.xlsx,312
3690,2023-07-21,IVL_2023_summer_regular,d,xiaod,huac,xingh,nanako,3,0,2020-2023.xlsx,313
3691,2023-07-21,IVL_2023_summer_regular,xc,tea,yinl,xingchen,dis,0,1,2020-2023.xlsx,314
3692,2023-07-21,IVL_2023_summer_regular,yunan,xingh,huac,nanako,xiaod,3,0,2020-2023.xlsx,315
3693,2023-07-21,IVL_2023_summer_regular,xawm,libao,tx,huahua,yinjue,2,,2020-2023.xlsx,316
3694,2023-07-21,IVL_2023_summer_regular,anyi,ppxia,18,fulan,kucao,2,,2020-2023.xlsx,317
3695,2023-07-21,IVL_2023_summer_regular,anyi,kucao,fulan,ppxia,18,3,0,2020-2023.xlsx,318
3696,2023-07-21,IVL_2023_summer_regular,xawm,tx,huahua,libao,tang,2,,2020-2023.xlsx,319
3697,2023-07-21,IVL_2023_summer_regular,xawm,tang,libao,tx,huahua,1,1,2020-2023.xlsx,320
3698,2023-07-21,IVL_2023_summer_regular,anyi,ppxia,18,fulan,kucao,2,,2020-2023.xlsx,321
3699,2023-07-21,IVL_2023_summer_regular,superrich,regesi,sans,zibi,sxy,3,0,2020-2023.xlsx,322
3700,2023-07-21,IVL_2023_summer_regular,rabbit,heart,ac,ak,czai,3,0,2020-2023.xlsx,323
3701,2023-07-21,IVL_2023_summer_regular,bo1,ak,ac,czai,heart,3,0,2020-2023.xlsx,324
3702,2023-07-21,IVL_2023_summer_regular,superrich,sxy,sans,regesi,zibi,2,,2020-2023.xlsx,325
3703,2023-07-21,IVL_2023_summer_regular,superrich,sans,zibi,regesi,sxy,2,,2020-2023.xlsx,326
3704,2023-07-21,IVL_2023_summer_regular,bo1,heart,ak,ac,czai,4,0,2020-2023.xlsx,327
3705,2023-07-22,IVL_2023_summer_regular,dongx,long,huiyi,1k,iron,2,,2020-2023.xlsx,328
3706,2023-07-22,IVL_2023_summer_regular,night,yihua,silverzhi,nan,zyj,3,0,2020-2023.xlsx,329
3707,2023-07-22,IVL_2023_summer_regular,night,zyj,nan,yihua,silverzhi,2,,2020-2023.xlsx,330
3708,2023-07-22,IVL_2023_summer_regular,dongx,iron,1k,long,huiyi,1,1,2020-2023.xlsx,331
3709,2023-07-22,IVL_2023_summer_regular,yeyv,tea,yinl,xingchen,dis,3,0,2020-2023.xlsx,332
3710,2023-07-22,IVL_2023_summer_regular,d,guag,jelly,huan,487,2,,2020-2023.xlsx,333
3711,2023-07-22,IVL_2023_summer_regular,yeyv,tea,xingchen,yinl,dis,2,,2020-2023.xlsx,334
3712,2023-07-22,IVL_2023_summer_regular,d,jelly,guag,487,huan,3,0,2020-2023.xlsx,335
3713,2023-07-22,IVL_2023_summer_regular,d,jelly,487,huan,guag,3,0,2020-2023.xlsx,336
3714,2023-07-22,IVL_2023_summer_regular,yeyv,tea,yinl,xingchen,dis,3,0,2020-2023.xlsx,337
3715,2023-07-22,IVL_2023_summer_regular,yeyv,yinl,dis,xingchen,tea,2,,2020-2023.xlsx,338
3716,2023-07-22,IVL_2023_summer_regular,d,jelly,huan,guag,487,2,,2020-2023.xlsx,339
3717,2023-07-22,IVL_2023_summer_regular,yue,libao,tx,tang,huahua,2,,2020-2023.xlsx,340
3718,2023-07-22,IVL_2023_summer_regular,anyi,drop,maom,fox,xen,2,,2020-2023.xlsx,341
3719,2023-07-22,IVL_2023_summer_regular,yue,huahua,tx,libao,tang,3,0,2020-2023.xlsx,342
3720,2023-07-22,IVL_2023_summer_regular,anyi,drop,maom,fox,xen,2,,2020-2023.xlsx,343
3721,2023-07-22,IVL_2023_summer_regular,anyi,fox,maom,xen,drop,2,,2020-2023.xlsx,344
3722,2023-07-22,IVL_2023_summer_regular,yue,tang,huahua,libao,tx,0,1,2020-2023.xlsx,345
3723,2023-07-23,IVL_2023_summer_regular,yeyv,18,kucao,fulan,ppxia,2,,2020-2023.xlsx,346
3724,2023-07-23,IVL_2023_summer_regular,xawm,guag,jelly,huan,487,3,0,2020-2023.xlsx,347
3725,2023-07-23,IVL_2023_summer_regular,xawm,jelly,guag,huan,487,2,,2020-2023.xlsx,348
3726,2023-07-23,IVL_2023_summer_regular,choai,kucao,18,ppxia,fulan,0,1,2020-2023.xlsx,349
3727,2023-07-23,IVL_2023_summer_regular,xc,regesi,sans,zibi,sxy,1,1,2020-2023.xlsx,350
3728,2023-07-23,IVL_2023_summer_regular,bo1,huac,xiaod,xingh,nanako,3,0,2020-2023.xlsx,351
3729,2023-07-23,IVL_2023_summer_regular,xc,zibi,regesi,sans,sxy,1,1,2020-2023.xlsx,352
3730,2023-07-23,IVL_2023_summer_regular,bo1,xingh,xiaod,huac,nanako,4,0,2020-2023.xlsx,353
3731,2023-07-23,IVL_2023_summer_regular,superrich,maom,xen,fox,drop,3,0,2020-2023.xlsx,354
3732,2023-07-23,IVL_2023_summer_regular,yue,heart,czai,ac,ak,4,0,2020-2023.xlsx,355
3733,2023-07-23,IVL_2023_summer_regular,yue,ak,heart,czai,ac,2,,2020-2023.xlsx,356
3734,2023-07-23,IVL_2023_summer_regular,superrich,fox,maom,xen,drop,2,,2020-2023.xlsx,357
3735,2023-07-23,IVL_2023_summer_regular,superrich,fox,drop,maom,xen,4,0,2020-2023.xlsx,358
3736,2023-07-23,IVL_2023_summer_regular,yue,ak,ac,czai,heart,3,0,2020-2023.xlsx,359
3737,2023-07-23,IVL_2023_summer_regular,yue,czai,heart,ac,ak,2,,2020-2023.xlsx,360
3738,2023-07-23,IVL_2023_summer_regular,superrich,maom,xen,drop,fox,2,,2020-2023.xlsx,361
3739,2023-07-28,IVL_2023_summer_regular,dongx,maom,drop,fox,xen,0,1,2020-2023.xlsx,362
3740,2023-07-28,IVL_2023_summer_regular,yue,yihua,silverzhi,nan,zyj,2,,2020-2023.xlsx,363
3741,2023-07-28,IVL_2023_summer_regular,yue,silverzhi,nan,yihua,zyj,0,1,2020-2023.xlsx,364
3742,2023-07-28,IVL_2023_summer_regular,dongx,fox,xen,maom,drop,0,1,2020-2023.xlsx,365
3743,2023-07-28,IVL_2023_summer_regular,yue,zyj,silverzhi,yihua,nan,1,1,2020-2023.xlsx,366
3744,2023-07-28,IVL_2023_summer_regular,dongx,fox,maom,drop,xen,1,1,2020-2023.xlsx,367
3745,2023-07-28,IVL_2023_summer_regular,night,ppxia,fulan,kucao,18,3,0,2020-2023.xlsx,368
3746,2023-07-28,IVL_2023_summer_regular,xawm,long,huiyi,1k,iron,0,1,2020-2023.xlsx,369
3747,2023-07-28,IVL_2023_summer_regular,xawm,1k,long,huiyi,iron,0,1,2020-2023.xlsx,370
3748,2023-07-28,IVL_2023_summer_regular,night,ppxia,fulan,kucao,18,1,1,2020-2023.xlsx,371
3749,2023-07-28,IVL_2023_summer_regular,d,tx,tang,huahua,libao,0,1,2020-2023.xlsx,372
3750,2023-07-28,IVL_2023_summer_regular,ppei,tea,yinl,xingchen,dis,2,,2020-2023.xlsx,373
3751,2023-07-28,IVL_2023_summer_regular,ppei,xingchen,tea,yinl,dis,2,,2020-2023.xlsx,374
3752,2023-07-28,IVL_2023_summer_regular,d,libao,huahua,tang,tx,1,1,2020-2023.xlsx,375
3753,2023-07-29,IVL_2023_summer_regular,dongx,ppxia,fulan,kucao,18,1,1,2020-2023.xlsx,376
3754,2023-07-29,IVL_2023_summer_regular,xawm,zyj,nan,yihua,silverzhi,0,1,2020-2023.xlsx,377
3755,2023-07-29,IVL_2023_summer_regular,dongx,kucao,fulan,ppxia,18,2,,2020-2023.xlsx,378
3756,2023-07-29,IVL_2023_summer_regular,xawm,yihua,silverzhi,zyj,nan,0,1,2020-2023.xlsx,379
3757,2023-07-29,IVL_2023_summer_regular,night,nanako,huac,xiaod,xingh,3,0,2020-2023.xlsx,380
3758,2023-07-29,IVL_2023_summer_regular,xc,long,huiyi,1k,iron,0,1,2020-2023.xlsx,381
3759,2023-07-29,IVL_2023_summer_regular,xc,1k,iron,huiyi,long,0,1,2020-2023.xlsx,382
3760,2023-07-29,IVL_2023_summer_regular,night,xingh,huac,xiaod,nanako,3,0,2020-2023.xlsx,383
3761,2023-07-29,IVL_2023_summer_regular,d,czai,ac,ak,heart,3,0,2020-2023.xlsx,384
3762,2023-07-29,IVL_2023_summer_regular,superrich,dis,yinl,xingchen,tea,2,,2020-2023.xlsx,385
3763,2023-07-29,IVL_2023_summer_regular,d,ak,ac,heart,czai,3,0,2020-2023.xlsx,386
3764,2023-07-29,IVL_2023_summer_regular,superrich,tea,yinl,xingchen,dis,1,1,2020-2023.xlsx,387
3765,2023-07-30,IVL_2023_summer_regular,bo1,maom,xen,drop,fox,3,0,2020-2023.xlsx,388
3766,2023-07-30,IVL_2023_summer_regular,yue,sans,regesi,zibi,sxy,3,0,2020-2023.xlsx,389
3767,2023-07-30,IVL_2023_summer_regular,yue,zibi,regesi,sans,sxy,2,,2020-2023.xlsx,390
3768,2023-07-30,IVL_2023_summer_regular,bo1,maom,drop,xen,fox,2,,2020-2023.xlsx,391
3769,2023-07-30,IVL_2023_summer_regular,bo1,fox,drop,maom,xen,3,0,2020-2023.xlsx,392
3770,2023-07-30,IVL_2023_summer_regular,yue,sxy,regesi,zibi,sans,3,0,2020-2023.xlsx,393
3771,2023-07-30,IVL_2023_summer_regular,yue,zibi,sans,sxy,regesi,1,1,2020-2023.xlsx,394
3772,2023-07-30,IVL_2023_summer_regular,rabbit,fox,maom,drop,xen,3,0,2020-2023.xlsx,395
3773,2023-07-30,IVL_2023_summer_regular,xc,tang,yinjue,libao,huahua,0,1,2020-2023.xlsx,396
3774,2023-07-30,IVL_2023_summer_regular,anyi,huac,xiaod,xingh,nanako,4,0,2020-2023.xlsx,397
3775,2023-07-30,IVL_2023_summer_regular,anyi,xingh,xiaod,huac,nanako,2,,2020-2023.xlsx,398
3776,2023-07-30,IVL_2023_summer_regular,xc,tang,yinjue,libao,huahua,0,1,2020-2023.xlsx,399
3777,2023-07-30,IVL_2023_summer_regular,superrich,jelly,487,huan,guag,2,,2020-2023.xlsx,400
3778,2023-07-30,IVL_2023_summer_regular,choai,ac,czai,ak,heart,3,0,2020-2023.xlsx,401
3779,2023-07-30,IVL_2023_summer_regular,choai,heart,ac,ak,czai,2,,2020-2023.xlsx,402
3780,2023-07-30,IVL_2023_summer_regular,superrich,jelly,guag,487,huan,2,,2020-2023.xlsx,403
3781,2023-07-30,IVL_2023_summer_regular,choai,czai,ac,ak,heart,2,,2020-2023.xlsx,404
3782,2023-07-30,IVL_2023_summer_regular,superrich,huan,487,jelly,guag,3,0,2020-2023.xlsx,405
3783,2023-07-30,IVL_2023_summer_regular,superrich,jelly,487,huan,guag,2,,2020-2023.xlsx,406
3784,2023-07-30,IVL_2023_summer_regular,choai,ak,ac,heart,czai,3,0,2020-2023.xlsx,407
3785,2023-08-04,IVL_2023_summer_regular,yue,jelly,guag,487,huan,1,1,2020-2023.xlsx,408
3786,2023-08-04,IVL_2023_summer_regular,choai,drop,maom,xen,fox,2,,2020-2023.xlsx,409
3787,2023-08-04,IVL_2023_summer_regular,choai,fox,maom,drop,xen,0,1,2020-2023.xlsx,410
3788,2023-08-04,IVL_2023_summer_regular,yue,jelly,guag,487,huan,2,,2020-2023.xlsx,411
3789,2023-08-04,IVL_2023_summer_regular,yue,487,huan,guag,jelly,4,0,2020-2023.xlsx,412
3790,2023-08-04,IVL_2023_summer_regular,choai,fox,xen,drop,maom,3,0,2020-2023.xlsx,413
3791,2023-08-04,IVL_2023_summer_regular,bo1,tang,yinjue,huahua,libao,2,,2020-2023.xlsx,414
3792,2023-08-04,IVL_2023_summer_regular,anyi,zibi,sxy,regesi,sans,2,,2020-2023.xlsx,415
3793,2023-08-04,IVL_2023_summer_regular,bo1,libao,tang,huahua,yinjue,2,,2020-2023.xlsx,416
3794,2023-08-04,IVL_2023_summer_regular,anyi,sans,zibi,regesi,sxy,2,,2020-2023.xlsx,417
3795,2023-08-04,IVL_2023_summer_regular,bo1,libao,huahua,yinjue,tang,2,,2020-2023.xlsx,418
3796,2023-08-04,IVL_2023_summer_regular,anyi,sxy,zibi,sans,regesi,2,,2020-2023.xlsx,419
3797,2023-08-04,IVL_2023_summer_regular,rabbit,libao,huahua,yinjue,tang,3,0,2020-2023.xlsx,420
3798,2023-08-04,IVL_2023_summer_regular,anyi,regesi,zibi,sans,sxy,2,,2020-2023.xlsx,421
3799,2023-08-04,IVL_2023_summer_regular,d,fulan,18,kucao,ppxia,3,0,2020-2023.xlsx,422
3800,2023-08-04,IVL_2023_summer_regular,xawm,tea,yinl,xingchen,dis,2,,2020-2023.xlsx,423
3801,2023-08-04,IVL_2023_summer_regular,xawm,yinl,dis,xingchen,tea,0,1,2020-2023.xlsx,424
3802,2023-08-04,IVL_2023_summer_regular,d,ppxia,fulan,kucao,18,3,0,2020-2023.xlsx,425
3803,2023-08-05,IVL_2023_summer_regular,night,czai,ac,ak,heart,3,0,2020-2023.xlsx,426
3804,2023-08-05,IVL_2023_summer_regular,superrich,long,iron,1k,huiyi,3,0,2020-2023.xlsx,427
3805,2023-08-05,IVL_2023_summer_regular,superrich,huiyi,long,1k,iron,2,,2020-2023.xlsx,428
3806,2023-08-05,IVL_2023_summer_regular,night,ac,heart,ak,czai,2,,2020-2023.xlsx,429
3807,2023-08-05,IVL_2023_summer_regular,night,ak,heart,ac,czai,2,,2020-2023.xlsx,430
3808,2023-08-05,IVL_2023_summer_regular,superrich,long,1k,iron,huiyi,2,,2020-2023.xlsx,431
3809,2023-08-05,IVL_2023_summer_regular,superrich,long,1k,iron,huiyi,1,1,2020-2023.xlsx,432
3810,2023-08-05,IVL_2023_summer_regular,night,ak,long,ac,heart,3,0,2020-2023.xlsx,433
3811,2023-08-05,IVL_2023_summer_regular,dongx,libao,yinjue,tang,huahua,1,1,2020-2023.xlsx,434
3812,2023-08-05,IVL_2023_summer_regular,anyi,silverzhi,nan,zyj,yihua,3,0,2020-2023.xlsx,435
3813,2023-08-05,IVL_2023_summer_regular,anyi,silverzhi,nan,yihua,zyj,3,0,2020-2023.xlsx,436
3814,2023-08-05,IVL_2023_summer_regular,dongx,libao,huahua,tang,yinjue,3,0,2020-2023.xlsx,437
3815,2023-08-05,IVL_2023_summer_regular,dongx,tang,libao,yinjue,huahua,1,1,2020-2023.xlsx,438
3816,2023-08-05,IVL_2023_summer_regular,anyi,yihua,zyj,nan,silverzhi,2,,2020-2023.xlsx,439
3817,2023-08-05,IVL_2023_summer_regular,xc,kucao,ppxia,fulan,18,0,1,2020-2023.xlsx,440
3818,2023-08-05,IVL_2023_summer_regular,xawm,nanako,huac,xiaod,xingh,0,1,2020-2023.xlsx,441
3819,2023-08-05,IVL_2023_summer_regular,xc,18,ppxia,kucao,fulan,3,0,2020-2023.xlsx,442
3820,2023-08-05,IVL_2023_summer_regular,xawm,xingh,nanako,huac,xiaod,3,0,2020-2023.xlsx,443
3821,2023-08-05,IVL_2023_summer_regular,xc,fulan,18,ppxia,kucao,0,1,2020-2023.xlsx,444
3822,2023-08-05,IVL_2023_summer_regular,xawm,xingh,huac,xiaod,nanako,3,0,2020-2023.xlsx,445
3823,2023-08-06,IVL_2023_summer_regular,dongx,ak,ac,czai,heart,3,0,2020-2023.xlsx,446
3824,2023-08-06,IVL_2023_summer_regular,superrich,silverzhi,zyj,yihua,nan,2,,2020-2023.xlsx,447
3825,2023-08-06,IVL_2023_summer_regular,dongx,heart,czai,ak,ac,3,0,2020-2023.xlsx,448
3826,2023-08-06,IVL_2023_summer_regular,superrich,silverzhi,zyj,nan,yihua,0,1,2020-2023.xlsx,449
3827,2023-08-06,IVL_2023_summer_regular,d,1k,iron,huiyi,long,2,,2020-2023.xlsx,450
3828,2023-08-06,IVL_2023_summer_regular,night,tea,yinl,dis,xingchen,2,,2020-2023.xlsx,451
3829,2023-08-06,IVL_2023_summer_regular,d,1k,huiyi,long,iron,0,1,2020-2023.xlsx,452
3830,2023-08-06,IVL_2023_summer_regular,night,tea,yinl,dis,xingchen,3,0,2020-2023.xlsx,453
3831,2023-08-06,IVL_2023_summer_regular,night,xingchen,tea,yinl,dis,2,,2020-2023.xlsx,454
3832,2023-08-06,IVL_2023_summer_regular,d,long,iron,huiyi,1k,1,1,2020-2023.xlsx,455
3833,2023-08-06,IVL_2023_summer_regular,bo1,jelly,487,guag,huan,4,0,2020-2023.xlsx,456
3834,2023-08-06,IVL_2023_summer_regular,choai,regesi,zibi,sans,sxy,0,1,2020-2023.xlsx,457
3835,2023-08-06,IVL_2023_summer_regular,choai,zibi,regesi,sxy,sans,2,,2020-2023.xlsx,458
3836,2023-08-06,IVL_2023_summer_regular,bo1,jelly,487,guag,huan,2,,2020-2023.xlsx,459
3837,2023-08-06,IVL_2023_summer_regular,choai,zibi,sans,sxy,regesi,0,1,2020-2023.xlsx,460
3838,2023-08-06,IVL_2023_summer_regular,bo1,huan,487,guag,jelly,2,,2020-2023.xlsx,461
3839,2023-08-11,IVL_2023_summer_regular,anyi,jelly,guag,487,huan,1,1,2020-2023.xlsx,462
3840,2023-08-11,IVL_2023_summer_regular,choai,huahua,tang,libao,yinjue,0,1,2020-2023.xlsx,463
3841,2023-08-11,IVL_2023_summer_regular,choai,tang,yinjue,libao,huahua,0,1,2020-2023.xlsx,464
3842,2023-08-11,IVL_2023_summer_regular,anyi,487,jelly,guag,huan,4,0,2020-2023.xlsx,465
3843,2023-08-11,IVL_2023_summer_regular,xc,ac,heart,ak,czai,2,,2020-2023.xlsx,466
3844,2023-08-11,IVL_2023_summer_regular,superrich,xiaod,huac,xingh,nanako,3,0,2020-2023.xlsx,467
3845,2023-08-11,IVL_2023_summer_regular,xc,czai,ac,heart,ak,1,1,2020-2023.xlsx,468
3846,2023-08-11,IVL_2023_summer_regular,superrich,xingh,nanako,huac,xiaod,4,0,2020-2023.xlsx,469
3847,2023-08-11,IVL_2023_summer_regular,yue,xingchen,yinl,tea,dis,3,0,2020-2023.xlsx,470
3848,2023-08-11,IVL_2023_summer_regular,d,xen,drop,maom,fox,2,,2020-2023.xlsx,471
3849,2023-08-11,IVL_2023_summer_regular,d,maom,fox,xen,drop,2,,2020-2023.xlsx,472
3850,2023-08-11,IVL_2023_summer_regular,yue,dis,xingchen,tea,yinl,3,0,2020-2023.xlsx,473
3851,2023-08-12,IVL_2023_summer_regular,anyi,ac,czai,heart,ak,3,0,2020-2023.xlsx,474
3852,2023-08-12,IVL_2023_summer_regular,superrich,libao,yinjue,huahua,tang,0,1,2020-2023.xlsx,475
3853,2023-08-12,IVL_2023_summer_regular,anyi,czai,ak,heart,ac,2,,2020-2023.xlsx,476
3854,2023-08-12,IVL_2023_summer_regular,superrich,yinjue,huahua,tang,libao,3,0,2020-2023.xlsx,477
3855,2023-08-12,IVL_2023_summer_regular,anyi,ak,czai,heart,ac,3,0,2020-2023.xlsx,478
3856,2023-08-12,IVL_2023_summer_regular,superrich,tang,libao,yinjue,huahua,3,0,2020-2023.xlsx,479
3857,2023-08-12,IVL_2023_summer_regular,dongx,regesi,sxy,zibi,sans,2,,2020-2023.xlsx,480
3858,2023-08-12,IVL_2023_summer_regular,bo1,zyj,nan,yihua,silverzhi,2,,2020-2023.xlsx,481
3859,2023-08-12,IVL_2023_summer_regular,dongx,sxy,sans,norcy,regesi,2,,2020-2023.xlsx,482
3860,2023-08-12,IVL_2023_summer_regular,bo1,silverzhi,nan,yihua,zyj,3,0,2020-2023.xlsx,483
3861,2023-08-12,IVL_2023_summer_regular,bo1,nan,silverzhi,yihua,zyj,2,,2020-2023.xlsx,484
3862,2023-08-12,IVL_2023_summer_regular,dongx,regesi,zibi,sans,sxy,3,0,2020-2023.xlsx,485
3863,2023-08-12,IVL_2023_summer_regular,bo1,yihua,nan,zyj,silverzhi,2,,2020-2023.xlsx,486
3864,2023-08-12,IVL_2023_summer_regular,dongx,zibi,sans,sxy,regesi,1,1,2020-2023.xlsx,487
3865,2023-08-12,IVL_2023_summer_regular,choai,long,huiyi,iron,1k,0,1,2020-2023.xlsx,488
3866,2023-08-12,IVL_2023_summer_regular,night,huan,487,jelly,guag,3,0,2020-2023.xlsx,489
3867,2023-08-12,IVL_2023_summer_regular,choai,tk,iron,huiyi,1k,0,1,2020-2023.xlsx,490
3868,2023-08-12,IVL_2023_summer_regular,night,huan,487,guag,jelly,3,0,2020-2023.xlsx,491
3869,2023-08-13,IVL_2023_summer_regular,dongx,nanako,huac,xingh,xiaod,1,1,2020-2023.xlsx,492
3870,2023-08-13,IVL_2023_summer_regular,xc,yihua,nan,silverzhi,zyj,3,0,2020-2023.xlsx,493
3871,2023-08-13,IVL_2023_summer_regular,xc,yihua,silverzhi,zyj,nan,3,0,2020-2023.xlsx,494
3872,2023-08-13,IVL_2023_summer_regular,dongx,xingh,huac,xiaod,nanako,2,,2020-2023.xlsx,495
3873,2023-08-13,IVL_2023_summer_regular,bo1,fulan,18,ppxia,kucao,2,,2020-2023.xlsx,496
3874,2023-08-13,IVL_2023_summer_regular,xawm,regesi,zibi,sxy,sans,2,,2020-2023.xlsx,497
3875,2023-08-13,IVL_2023_summer_regular,xawm,sans,regesi,norcy,zibi,3,0,2020-2023.xlsx,498
3876,2023-08-13,IVL_2023_summer_regular,bo1,18,ppxia,kucao,fulan,3,0,2020-2023.xlsx,499
3877,2023-08-13,IVL_2023_summer_regular,bo1,ppxia,18,kucao,fulan,3,0,2020-2023.xlsx,500
3878,2023-08-13,IVL_2023_summer_regular,xawm,regesi,sans,norcy,zibi,2,,2020-2023.xlsx,501
3879,2023-08-13,IVL_2023_summer_regular,qingh,iron,long,huiyi,1k,2,,2020-2023.xlsx,502
3880,2023-08-13,IVL_2023_summer_regular,night,fox,xen,maom,drop,3,0,2020-2023.xlsx,503
3881,2023-08-13,IVL_2023_summer_regular,ymm,drop,xen,fox,maom,2,,2020-2023.xlsx,504
3882,2023-08-13,IVL_2023_summer_regular,qingh,long,huiyi,1k,iron,3,0,2020-2023.xlsx,505
3883,2023-08-13,IVL_2023_summer_regular,yue,long,iron,huiyi,1k,1,1,2020-2023.xlsx,506
3884,2023-08-13,IVL_2023_summer_regular,ymm,fox,xen,maom,drop,3,0,2020-2023.xlsx,507
3885,2023-08-24,IVL_2023_summer_playoffs,choai,tea,yinl,dis,xingchen,2,,2020-2023.xlsx,508
3886,2023-08-24,IVL_2023_summer_playoffs,d,jelly,guag,487,huan,2,,2020-2023.xlsx,509
3887,2023-08-24,IVL_2023_summer_playoffs,choai,xingchen,yinl,tea,dis,2,,2020-2023.xlsx,510
3888,2023-08-24,IVL_2023_summer_playoffs,d,jelly,guag,487,huan,2,,2020-2023.xlsx,511
3889,2023-08-24,IVL_2023_summer_playoffs,choai,tea,yinl,dis,xingchen,2,,2020-2023.xlsx,512
3890,2023-08-24,IVL_2023_summer_playoffs,d,487,guag,jelly,huan,2,,2020-2023.xlsx,513
3891,2023-08-24,IVL_2023_summer_playoffs,yeyv,dis,tea,yinl,xingchen,2,,2020-2023.xlsx,514
3892,2023-08-24,IVL_2023_summer_playoffs,d,487,huan,guag,jelly,3,0,2020-2023.xlsx,515
3893,2023-08-24,IVL_2023_summer_playoffs,choai,xingchen,yinl,tea,dis,2,,2020-2023.xlsx,516
3894,2023-08-24,IVL_2023_summer_playoffs,d,huan,guag,487,jelly,2,,2020-2023.xlsx,517
3895,2023-08-24,IVL_2023_summer_playoffs,xc,18,fulan,kucao,ppxia,3,0,2020-2023.xlsx,518
3896,2023-08-24,IVL_2023_summer_playoffs,xawm,xiaod,huac,xingh,nanako,0,1,2020-2023.xlsx,519
3897,2023-08-24,IVL_2023_summer_playoffs,xawm,nanako,huac,xingh,xiaod,1,1,2020-2023.xlsx,520
3898,2023-08-24,IVL_2023_summer_playoffs,xc,kucao,18,ppxia,fulan,2,,2020-2023.xlsx,521
3899,2023-08-24,IVL_2023_summer_playoffs,xc,fulan,ppxia,kucao,18,3,0,2020-2023.xlsx,522
3900,2023-08-24,IVL_2023_summer_playoffs,xawm,xiaod,nanako,xingh,huac,3,0,2020-2023.xlsx,523
3901,2023-08-24,IVL_2023_summer_playoffs,xc,fulan,ppxia,kucao,18,2,,2020-2023.xlsx,524
3902,2023-08-24,IVL_2023_summer_playoffs,xawm,xingh,huac,xiaod,nanako,0,1,2020-2023.xlsx,525
3903,2023-08-24,IVL_2023_summer_playoffs,dongx,czai,heart,ak,ac,3,0,2020-2023.xlsx,526
3904,2023-08-24,IVL_2023_summer_playoffs,superrich,yihua,nan,silverzhi,zyj,2,,2020-2023.xlsx,527
3905,2023-08-24,IVL_2023_summer_playoffs,superrich,zyj,nan,silverzhi,yihua,1,1,2020-2023.xlsx,528
3906,2023-08-24,IVL_2023_summer_playoffs,dongx,heart,ac,czai,ak,2,,2020-2023.xlsx,529
3907,2023-08-24,IVL_2023_summer_playoffs,dongx,czai,ac,ak,heart,2,,2020-2023.xlsx,530
3908,2023-08-24,IVL_2023_summer_playoffs,superrich,silverzhi,nan,yihua,zyj,0,1,2020-2023.xlsx,531
3909,2023-08-25,IVL_2023_summer_playoffs,choai,xiaod,nanako,xingh,huac,2,,2020-2023.xlsx,532
3910,2023-08-25,IVL_2023_summer_playoffs,xc,guag,487,jelly,huan,3,0,2020-2023.xlsx,533
3911,2023-08-25,IVL_2023_summer_playoffs,ali,guag,jelly,487,huan,3,0,2020-2023.xlsx,534
3912,2023-08-25,IVL_2023_summer_playoffs,choai,xiaod,huac,xingh,nanako,3,0,2020-2023.xlsx,535
3913,2023-08-25,IVL_2023_summer_playoffs,xc,guag,jelly,huan,487,0,1,2020-2023.xlsx,536
3914,2023-08-25,IVL_2023_summer_playoffs,choai,nanako,huac,xingh,xiaod,2,,2020-2023.xlsx,537
3915,2023-08-25,IVL_2023_summer_playoffs,xc,487,huan,jelly,guag,1,1,2020-2023.xlsx,538
3916,2023-08-25,IVL_2023_summer_playoffs,choai,xingh,nanako,xiaod,huac,2,,2020-2023.xlsx,539
3917,2023-08-25,IVL_2023_summer_playoffs,yeyv,xingh,nanako,xiaod,huac,3,0,2020-2023.xlsx,540
3918,2023-08-25,IVL_2023_summer_playoffs,superrich,18,fulan,kucao,ppxia,2,,2020-2023.xlsx,541
3919,2023-08-25,IVL_2023_summer_playoffs,xawm,czai,ak,heart,ac,3,0,2020-2023.xlsx,542
3920,2023-08-25,IVL_2023_summer_playoffs,superrich,fulan,18,ppxia,kucao,3,0,2020-2023.xlsx,543
3921,2023-08-25,IVL_2023_summer_playoffs,xawm,ac,czai,heart,ak,0,1,2020-2023.xlsx,544
3922,2023-08-25,IVL_2023_summer_playoffs,xawm,czai,ac,ak,heart,3,0,2020-2023.xlsx,545
3923,2023-08-25,IVL_2023_summer_playoffs,superrich,18,kucao,fulan,ppxia,3,0,2020-2023.xlsx,546
3924,2023-08-25,IVL_2023_summer_playoffs,superrich,kucao,18,ppxia,fulan,4,0,2020-2023.xlsx,547
3925,2023-08-25,IVL_2023_summer_playoffs,xawm,heart,ak,ac,czai,2,,2020-2023.xlsx,548
3926,2023-08-25,IVL_2023_summer_playoffs,xawm,heart,czai,ak,ac,2,,2020-2023.xlsx,549
3927,2023-08-26,IVL_2023_summer_playoffs,xc,yihua,nan,silverzhi,zyj,2,,2020-2023.xlsx,550
3928,2023-08-26,IVL_2023_summer_playoffs,dongx,xiaod,huac,nanako,xingh,1,1,2020-2023.xlsx,551
3929,2023-08-26,IVL_2023_summer_playoffs,xc,nan,zyj,silverzhi,yihua,2,,2020-2023.xlsx,552
3930,2023-08-26,IVL_2023_summer_playoffs,dongx,xiaod,huac,xingh,nanako,2,,2020-2023.xlsx,553
3931,2023-08-26,IVL_2023_summer_playoffs,xc,yihua,silverzhi,zyj,nan,2,,2020-2023.xlsx,554
3932,2023-08-26,IVL_2023_summer_playoffs,dongx,xiaod,huac,xingh,nanako,3,0,2020-2023.xlsx,555
3933,2023-08-26,IVL_2023_summer_playoffs,xc,silverzhi,nan,yihua,zyj,3,0,2020-2023.xlsx,556
3934,2023-08-26,IVL_2023_summer_playoffs,dongx,xingh,huac,xiaod,nanako,3,0,2020-2023.xlsx,557
3935,2023-08-26,IVL_2023_summer_playoffs,dongx,xingh,huac,xiaod,nanako,0,1,2020-2023.xlsx,558
3936,2023-08-26,IVL_2023_summer_playoffs,xc,silverzhi,nan,yihua,zyj,3,0,2020-2023.xlsx,559
3937,2023-08-26,IVL_2023_summer_playoffs,superrich,silverzhi,zyj,yihua,nan,2,,2020-2023.xlsx,560
3938,2023-08-26,IVL_2023_summer_playoffs,dongx,ac,czai,ak,heart,3,0,2020-2023.xlsx,561
3939,2023-08-26,IVL_2023_summer_playoffs,dongx,ak,czai,ac,heart,2,,2020-2023.xlsx,562
3940,2023-08-26,IVL_2023_summer_playoffs,superrich,zyj,nan,silverzhi,yihua,1,1,2020-2023.xlsx,563
3941,2023-08-26,IVL_2023_summer_playoffs,superrich,nan,zyj,yihua,silverzhi,2,,2020-2023.xlsx,564
3942,2023-08-26,IVL_2023_summer_playoffs,dongx,czai,ak,ac,heart,4,0,2020-2023.xlsx,565
3943,2023-08-27,IVL_2023_summer_playoffs,superrich,18,fulan,ppxia,kucao,2,,2020-2023.xlsx,566
3944,2023-08-27,IVL_2023_summer_playoffs,xawm,czai,ac,ak,heart,2,,2020-2023.xlsx,567
3945,2023-08-27,IVL_2023_summer_playoffs,xawm,ac,czai,heart,ak,1,1,2020-2023.xlsx,568
3946,2023-08-27,IVL_2023_summer_playoffs,superrich,18,fulan,ppxia,kucao,2,,2020-2023.xlsx,569
3947,2023-08-27,IVL_2023_summer_playoffs,superrich,ppxia,18,fulan,kucao,4,0,2020-2023.xlsx,570
3948,2023-08-27,IVL_2023_summer_playoffs,xawm,czai,ac,ak,heart,2,,2020-2023.xlsx,571
3949,2023-08-27,IVL_2023_summer_playoffs,superrich,ppxia,fulan,kucao,18,3,0,2020-2023.xlsx,572
3950,2023-08-27,IVL_2023_summer_playoffs,xawm,heart,ac,ak,czai,0,1,2020-2023.xlsx,573
3951,2023-10-13,IVL_2023_fall_regular,xawm,ac,czai,heart,ak,3,0,2020-2023.xlsx,574
3952,2023-10-13,IVL_2023_fall_regular,superrich,fulan,kucao,ppxia,18,1,1,2020-2023.xlsx,575
3953,2023-10-13,IVL_2023_fall_regular,xawm,heart,ak,ac,czai,2,,2020-2023.xlsx,576
3954,2023-10-13,IVL_2023_fall_regular,superrich,ppxia,18,kucao,fulan,0,1,2020-2023.xlsx,577
3955,2023-10-13,IVL_2023_fall_regular,fmaruko,huac,nanako,xiaox,xiaod,3,0,2020-2023.xlsx,578
3956,2023-10-13,IVL_2023_fall_regular,ali,xen,maom,fox,drop,0,1,2020-2023.xlsx,579
3957,2023-10-13,IVL_2023_fall_regular,xc,fox,xen,drop,maom,3,0,2020-2023.xlsx,580
3958,2023-10-13,IVL_2023_fall_regular,yue,xiaox,xiaod,nanako,huac,3,0,2020-2023.xlsx,581
3959,2023-10-13,IVL_2023_fall_regular,yue,xiaod,huac,xiaox,nanako,3,0,2020-2023.xlsx,582
3960,2023-10-13,IVL_2023_fall_regular,xc,drop,xen,maom,fox,1,1,2020-2023.xlsx,583
3961,2023-10-13,IVL_2023_fall_regular,alex,jelly,487,guag,eleven,1,1,2020-2023.xlsx,584
3962,2023-10-13,IVL_2023_fall_regular,choai,huan,long,iron,huiyi,0,1,2020-2023.xlsx,585
3963,2023-10-13,IVL_2023_fall_regular,choai,huan,huiyi,long,iron,3,0,2020-2023.xlsx,586
3964,2023-10-13,IVL_2023_fall_regular,alex,487,guag,jelly,eleven,2,,2020-2023.xlsx,587
3965,2023-10-13,IVL_2023_fall_regular,choai,long,iron,huan,huiyi,2,,2020-2023.xlsx,588
3966,2023-10-13,IVL_2023_fall_regular,alex,jelly,eleven,guag,487,2,,2020-2023.xlsx,589
3967,2023-10-14,IVL_2023_fall_regular,yan,zibi,regesi,sans,sxy,3,0,2020-2023.xlsx,590
3968,2023-10-14,IVL_2023_fall_regular,dongx,nan,yuy,chen,silverzhi,0,1,2020-2023.xlsx,591
3969,2023-10-14,IVL_2023_fall_regular,dongx,yuy,silverzhi,chen,nan,0,1,2020-2023.xlsx,592
3970,2023-10-14,IVL_2023_fall_regular,yan,sans,regesi,zibi,sxy,2,,2020-2023.xlsx,593
3971,2023-10-14,IVL_2023_fall_regular,superrich,huahua,dis,yihua,tx,1,1,2020-2023.xlsx,594
3972,2023-10-14,IVL_2023_fall_regular,ppei,ak,czai,heart,ac,3,0,2020-2023.xlsx,595
3973,2023-10-14,IVL_2023_fall_regular,anyi,heart,czai,ac,ak,3,0,2020-2023.xlsx,596
3974,2023-10-14,IVL_2023_fall_regular,superrich,huahua,tx,yihua,dis,3,0,2020-2023.xlsx,597
3975,2023-10-14,IVL_2023_fall_regular,anyi,ak,ac,heart,czai,4,0,2020-2023.xlsx,598
3976,2023-10-14,IVL_2023_fall_regular,superrich,yihua,huahua,dis,tx,2,,2020-2023.xlsx,599
3977,2023-10-14,IVL_2023_fall_regular,d,iron,huan,long,huiyi,2,,2020-2023.xlsx,600
3978,2023-10-14,IVL_2023_fall_regular,alex,h1gher,tea,lion,xingchen,0,1,2020-2023.xlsx,601
3979,2023-10-14,IVL_2023_fall_regular,d,huan,huiyi,long,iron,2,,2020-2023.xlsx,602
3980,2023-10-14,IVL_2023_fall_regular,alex,h1gher,tea,lion,xingchen,4,0,2020-2023.xlsx,603
3981,2023-10-14,IVL_2023_fall_regular,alex,lion,xingchen,h1gher,tea,2,,2020-2023.xlsx,604
3982,2023-10-14,IVL_2023_fall_regular,yunan,long,huiyi,iron,huan,2,,2020-2023.xlsx,605
3983,2023-10-14,IVL_2023_fall_regular,yunan,long,iron,huiyi,huan,3,0,2020-2023.xlsx,606
3984,2023-10-14,IVL_2023_fall_regular,alex,iron,xingchen,h1gher,tea,2,,2020-2023.xlsx,607
3985,2023-10-15,IVL_2023_fall_regular,fmaruko,dis,huahua,yihua,tx,2,,2020-2023.xlsx,608
3986,2023-10-15,IVL_2023_fall_regular,ppei,drop,maom,fox,xen,2,,2020-2023.xlsx,609
3987,2023-10-15,IVL_2023_fall_regular,yue,tx,huahua,dis,yihua,2,,2020-2023.xlsx,610
3988,2023-10-15,IVL_2023_fall_regular,anyi,drop,maom,xen,fox,0,1,2020-2023.xlsx,611
3989,2023-10-15,IVL_2023_fall_regular,yue,yihua,huahua,tx,dis,2,,2020-2023.xlsx,612
3990,2023-10-15,IVL_2023_fall_regular,anyi,fox,xy,drop,maom,3,0,2020-2023.xlsx,613
3991,2023-10-15,IVL_2023_fall_regular,xawm,487,jelly,guag,eleven,4,0,2020-2023.xlsx,614
3992,2023-10-15,IVL_2023_fall_regular,choai,fulan,18,kucao,ppxia,1,1,2020-2023.xlsx,615
3993,2023-10-15,IVL_2023_fall_regular,xawm,487,eleven,guag,jelly,1,1,2020-2023.xlsx,616
3994,2023-10-15,IVL_2023_fall_regular,choai,fulan,18,kucao,ppxia,2,,2020-2023.xlsx,617
3995,2023-10-15,IVL_2023_fall_regular,choai,ppxia,18,kucao,fulan,2,,2020-2023.xlsx,618
3996,2023-10-15,IVL_2023_fall_regular,xawm,eleven,487,jelly,guag,3,0,2020-2023.xlsx,619
3997,2023-10-15,IVL_2023_fall_regular,ali,sans,regesi,zibi,sxy,1,1,2020-2023.xlsx,620
3998,2023-10-15,IVL_2023_fall_regular,dongx,xiaod,nanako,xiaox,huac,1,1,2020-2023.xlsx,621
3999,2023-10-15,IVL_2023_fall_regular,xc,regesi,zibi,sxy,sans,3,0,2020-2023.xlsx,622
4000,2023-10-15,IVL_2023_fall_regular,dongx,nanako,xiaod,xiaox,huac,2,,2020-2023.xlsx,623
4001,2023-10-15,IVL_2023_fall_regular,dongx,xiaox,huac,nanako,xiaod,4,0,2020-2023.xlsx,624
4002,2023-10-15,IVL_2023_fall_regular,xc,sxy,zibi,sans,regesi,2,,2020-2023.xlsx,625
4003,2023-10-19,IVL_2023_fall_regular,d,drop,maom,xen,fox,2,,2020-2023.xlsx,626
4004,2023-10-19,IVL_2023_fall_regular,yue,xingchen,tea,lion,h1gher,3,0,2020-2023.xlsx,627
4005,2023-10-19,IVL_2023_fall_regular,yue,lion,xingchen,h1gher,tea,3,0,2020-2023.xlsx,628
4006,2023-10-19,IVL_2023_fall_regular,d,fox,maom,drop,xen,0,1,2020-2023.xlsx,629
4007,2023-10-19,IVL_2023_fall_regular,yan,kucao,fulan,ppxia,18,2,,2020-2023.xlsx,630
4008,2023-10-19,IVL_2023_fall_regular,xawm,yuy,nan,chen,silverzhi,0,1,2020-2023.xlsx,631
4009,2023-10-19,IVL_2023_fall_regular,yan,kucao,fulan,ppxia,18,3,0,2020-2023.xlsx,632
4010,2023-10-19,IVL_2023_fall_regular,xawm,yuy,chen,silverzhi,nan,0,1,2020-2023.xlsx,633
4011,2023-10-19,IVL_2023_fall_regular,ppei,487,guag,eleven,jelly,2,,2020-2023.xlsx,634
4012,2023-10-19,IVL_2023_fall_regular,choai,dis,yihua,huahua,tx,1,1,2020-2023.xlsx,635
4013,2023-10-19,IVL_2023_fall_regular,choai,huahua,tx,dis,yihua,1,1,2020-2023.xlsx,636
4014,2023-10-19,IVL_2023_fall_regular,anyi,guag,eleven,487,jelly,2,,2020-2023.xlsx,637
4015,2023-10-20,IVL_2023_fall_regular,ali,silverzhi,yuy,nan,chen,0,1,2020-2023.xlsx,638
4016,2023-10-20,IVL_2023_fall_regular,yan,xiaod,nanako,xiaox,huac,3,0,2020-2023.xlsx,639
4017,2023-10-20,IVL_2023_fall_regular,xc,yuy,silverzhi,nan,chen,0,1,2020-2023.xlsx,640
4018,2023-10-20,IVL_2023_fall_regular,yan,xiaox,huac,nanako,xiaod,0,1,2020-2023.xlsx,641
4019,2023-10-20,IVL_2023_fall_regular,yan,xiaox,nanako,huac,xiaod,3,0,2020-2023.xlsx,642
4020,2023-10-20,IVL_2023_fall_regular,xc,silverzhi,nan,yuy,chen,3,0,2020-2023.xlsx,643
4021,2023-10-20,IVL_2023_fall_regular,ppei,fulan,ppxia,kucao,18,1,1,2020-2023.xlsx,644
4022,2023-10-20,IVL_2023_fall_regular,xawm,dis,huahua,yihua,tx,1,1,2020-2023.xlsx,645
4023,2023-10-20,IVL_2023_fall_regular,xawm,dis,huahua,yihua,tx,3,0,2020-2023.xlsx,646
4024,2023-10-20,IVL_2023_fall_regular,anyi,kucao,fulan,ppxia,18,3,0,2020-2023.xlsx,647
4025,2023-10-20,IVL_2023_fall_regular,anyi,ppxia,18,fulan,kucao,3,0,2020-2023.xlsx,648
4026,2023-10-20,IVL_2023_fall_regular,xawm,tx,huahua,yihua,dis,0,1,2020-2023.xlsx,649
4027,2023-10-20,IVL_2023_fall_regular,dongx,huan,huiyi,long,iron,0,1,2020-2023.xlsx,650
4028,2023-10-20,IVL_2023_fall_regular,alex,zibi,sans,regesi,sxy,1,1,2020-2023.xlsx,651
4029,2023-10-20,IVL_2023_fall_regular,dongx,long,huiyi,huan,iron,0,1,2020-2023.xlsx,652
4030,2023-10-20,IVL_2023_fall_regular,alex,sxy,regesi,sans,zibi,1,1,2020-2023.xlsx,653
4031,2023-10-21,IVL_2023_fall_regular,superrich,guag,487,eleven,jelly,0,1,2020-2023.xlsx,654
4032,2023-10-21,IVL_2023_fall_regular,choai,heart,ac,czai,ak,3,0,2020-2023.xlsx,655
4033,2023-10-21,IVL_2023_fall_regular,choai,ac,heart,czai,ak,4,0,2020-2023.xlsx,656
4034,2023-10-21,IVL_2023_fall_regular,superrich,eleven,487,guag,jelly,0,1,2020-2023.xlsx,657
4035,2023-10-21,IVL_2023_fall_regular,xawm,nanako,huac,xiaox,xiaod,3,0,2020-2023.xlsx,658
4036,2023-10-21,IVL_2023_fall_regular,ali,ppxia,kucao,fulan,18,3,0,2020-2023.xlsx,659
4037,2023-10-21,IVL_2023_fall_regular,xc,kucao,fulan,18,ppxia,3,0,2020-2023.xlsx,660
4038,2023-10-21,IVL_2023_fall_regular,xawm,nanako,xiaod,huac,xiaox,3,0,2020-2023.xlsx,661
4039,2023-10-21,IVL_2023_fall_regular,xc,ppxia,kucao,fulan,18,2,,2020-2023.xlsx,662
4040,2023-10-21,IVL_2023_fall_regular,xawm,huac,xiaod,xiaox,nanako,3,0,2020-2023.xlsx,663
4041,2023-10-21,IVL_2023_fall_regular,alex,maom,drop,xen,xy,3,0,2020-2023.xlsx,664
4042,2023-10-21,IVL_2023_fall_regular,fmaruko,iron,long,huiyi,huan,2,,2020-2023.xlsx,665
4043,2023-10-21,IVL_2023_fall_regular,fmaruko,huan,iron,long,huiyi,3,0,2020-2023.xlsx,666
4044,2023-10-21,IVL_2023_fall_regular,alex,xy,drop,xen,maom,0,1,2020-2023.xlsx,667
4045,2023-10-21,IVL_2023_fall_regular,yue,huiyi,huan,long,iron,3,0,2020-2023.xlsx,668
4046,2023-10-21,IVL_2023_fall_regular,alex,xy,maom,fox,drop,2,,2020-2023.xlsx,669
4047,2023-10-22,IVL_2023_fall_regular,choai,zibi,regesi,sans,sxy,1,1,2020-2023.xlsx,670
4048,2023-10-22,IVL_2023_fall_regular,dongx,eleven,487,guag,jelly,0,1,2020-2023.xlsx,671
4049,2023-10-22,IVL_2023_fall_regular,choai,sxy,sans,zibi,regesi,2,,2020-2023.xlsx,672
4050,2023-10-22,IVL_2023_fall_regular,dongx,eleven,487,jelly,guag,4,0,2020-2023.xlsx,673
4051,2023-10-22,IVL_2023_fall_regular,choai,zibi,regesi,sans,sxy,3,0,2020-2023.xlsx,674
4052,2023-10-22,IVL_2023_fall_regular,dongx,487,jelly,eleven,guag,1,1,2020-2023.xlsx,675
4053,2023-10-22,IVL_2023_fall_regular,ppei,nan,silverzhi,yuy,chen,1,1,2020-2023.xlsx,676
4054,2023-10-22,IVL_2023_fall_regular,musk,huahua,tx,yihua,dis,2,,2020-2023.xlsx,677
4055,2023-10-22,IVL_2023_fall_regular,yan,tx,huahua,dis,yihua,1,1,2020-2023.xlsx,678
4056,2023-10-22,IVL_2023_fall_regular,anyi,chen,silverzhi,yuy,nan,2,,2020-2023.xlsx,679
4057,2023-10-22,IVL_2023_fall_regular,yan,huahua,dis,tx,yihua,1,1,2020-2023.xlsx,680
4058,2023-10-22,IVL_2023_fall_regular,anyi,yuy,chen,silverzhi,nan,3,0,2020-2023.xlsx,681
4059,2023-10-22,IVL_2023_fall_regular,d,ak,czai,ac,heart,0,1,2020-2023.xlsx,682
4060,2023-10-22,IVL_2023_fall_regular,superrich,xingchen,tea,lion,h1gher,2,,2020-2023.xlsx,683
4061,2023-10-22,IVL_2023_fall_regular,superrich,h1gher,xingchen,lion,tea,2,,2020-2023.xlsx,684
4062,2023-10-22,IVL_2023_fall_regular,d,ac,ak,czai,heart,2,,2020-2023.xlsx,685
4063,2023-10-22,IVL_2023_fall_regular,superrich,lion,xingchen,tea,h1gher,3,0,2020-2023.xlsx,686
4064,2023-10-22,IVL_2023_fall_regular,d,heart,ac,ak,czai,4,0,2020-2023.xlsx,687
4065,2023-10-26,IVL_2023_fall_regular,ppei,huac,nanako,xiaod,xiaox,1,1,2020-2023.xlsx,688
4066,2023-10-26,IVL_2023_fall_regular,ali,yihua,tx,huahua,dis,0,1,2020-2023.xlsx,689
4067,2023-10-26,IVL_2023_fall_regular,xc,huahua,tx,dis,yihua,1,1,2020-2023.xlsx,690
4068,2023-10-26,IVL_2023_fall_regular,ppei,nanako,huac,xiaox,xiaod,2,,2020-2023.xlsx,691
4069,2023-10-26,IVL_2023_fall_regular,dongx,xingchen,lion,h1gher,tea,0,1,2020-2023.xlsx,692
4070,2023-10-26,IVL_2023_fall_regular,d,regesi,sans,sxy,zibi,0,1,2020-2023.xlsx,693
4071,2023-10-26,IVL_2023_fall_regular,dongx,lion,h1gher,xingchen,tea,2,,2020-2023.xlsx,694
4072,2023-10-26,IVL_2023_fall_regular,d,sans,regesi,sxy,zibi,1,1,2020-2023.xlsx,695
4073,2023-10-26,IVL_2023_fall_regular,d,sxy,sans,regesi,zibi,0,1,2020-2023.xlsx,696
4074,2023-10-26,IVL_2023_fall_regular,dongx,xingchen,tea,lion,h1gher,0,1,2020-2023.xlsx,697
4075,2023-10-26,IVL_2023_fall_regular,superrich,nan,chen,yuy,silverzhi,2,,2020-2023.xlsx,698
4076,2023-10-26,IVL_2023_fall_regular,musk,czai,ac,heart,ak,3,0,2020-2023.xlsx,699
4077,2023-10-26,IVL_2023_fall_regular,yan,heart,xmiao5,ak,czai,2,,2020-2023.xlsx,700
4078,2023-10-26,IVL_2023_fall_regular,superrich,chen,yuy,silverzhi,nan,3,0,2020-2023.xlsx,701
4079,2023-10-26,IVL_2023_fall_regular,superrich,yuy,nan,chen,silverzhi,2,,2020-2023.xlsx,702
4080,2023-10-26,IVL_2023_fall_regular,yan,heart,xmiao5,ak,ac,2,,2020-2023.xlsx,703
4081,2023-10-26,IVL_2023_fall_regular,superrich,yuy,nan,chen,silverzhi,3,0,2020-2023.xlsx,704
4082,2023-10-26,IVL_2023_fall_regular,yan,heart,ak,xmiao5,ac,3,0,2020-2023.xlsx,705
4083,2023-10-27,IVL_2023_fall_regular,ppei,xingchen,h1gher,lion,tea,0,1,2020-2023.xlsx,706
4084,2023-10-27,IVL_2023_fall_regular,d,yangy,tx,huahua,yihua,0,1,2020-2023.xlsx,707
4085,2023-10-27,IVL_2023_fall_regular,ppei,xingchen,h1gher,lion,tea,2,,2020-2023.xlsx,708
4086,2023-10-27,IVL_2023_fall_regular,d,yihua,huahua,tx,yangy,2,,2020-2023.xlsx,709
4087,2023-10-27,IVL_2023_fall_regular,d,yangy,tx,huahua,yihua,3,0,2020-2023.xlsx,710
4088,2023-10-27,IVL_2023_fall_regular,ppei,lion,tea,h1gher,xingchen,3,0,2020-2023.xlsx,711
4089,2023-10-27,IVL_2023_fall_regular,ppei,tea,lion,xingchen,h1gher,2,,2020-2023.xlsx,712
4090,2023-10-27,IVL_2023_fall_regular,d,yihua,tx,huahua,yangy,3,0,2020-2023.xlsx,713
4091,2023-10-27,IVL_2023_fall_regular,musk,iron,huiyi,long,huan,2,,2020-2023.xlsx,714
4092,2023-10-27,IVL_2023_fall_regular,alex,yuy,chen,silverzhi,nan,1,1,2020-2023.xlsx,715
4093,2023-10-27,IVL_2023_fall_regular,yan,long,iron,huiyi,huan,3,0,2020-2023.xlsx,716
4094,2023-10-27,IVL_2023_fall_regular,alex,silverzhi,nan,yuy,chen,1,1,2020-2023.xlsx,717
4095,2023-10-27,IVL_2023_fall_regular,choai,maom,drop,xy,fox,0,1,2020-2023.xlsx,718
4096,2023-10-27,IVL_2023_fall_regular,fmaruko,487,jelly,eleven,guag,3,0,2020-2023.xlsx,719
4097,2023-10-27,IVL_2023_fall_regular,choai,drop,fox,maom,xy,2,,2020-2023.xlsx,720
4098,2023-10-27,IVL_2023_fall_regular,fmaruko,eleven,487,jelly,guag,3,0,2020-2023.xlsx,721
4099,2023-10-28,IVL_2023_fall_regular,d,18,fulan,kucao,ppxia,2,,2020-2023.xlsx,722
4100,2023-10-28,IVL_2023_fall_regular,xawm,xingchen,lion,h1gher,tea,0,1,2020-2023.xlsx,723
4101,2023-10-28,IVL_2023_fall_regular,yunan,fulan,kucao,18,ppxia,3,0,2020-2023.xlsx,724
4102,2023-10-28,IVL_2023_fall_regular,xawm,lion,h1gher,tea,xingchen,2,,2020-2023.xlsx,725
4103,2023-10-28,IVL_2023_fall_regular,dongx,ak,czai,heart,ac,3,0,2020-2023.xlsx,726
4104,2023-10-28,IVL_2023_fall_regular,superrich,zibi,sans,sxy,regesi,1,1,2020-2023.xlsx,727
4105,2023-10-28,IVL_2023_fall_regular,dongx,heart,ac,ak,czai,2,,2020-2023.xlsx,728
4106,2023-10-28,IVL_2023_fall_regular,superrich,regesi,zibi,sans,sxy,3,0,2020-2023.xlsx,729
4107,2023-10-28,IVL_2023_fall_regular,dongx,czai,heart,ac,ak,2,,2020-2023.xlsx,730
4108,2023-10-28,IVL_2023_fall_regular,superrich,sxy,zibi,regesi,sans,3,0,2020-2023.xlsx,731
4109,2023-10-28,IVL_2023_fall_regular,choai,nanako,huac,xiaox,xiaod,0,1,2020-2023.xlsx,732
4110,2023-10-28,IVL_2023_fall_regular,ali,eleven,guag,487,jelly,0,1,2020-2023.xlsx,733
4111,2023-10-28,IVL_2023_fall_regular,xc,jelly,eleven,487,guag,3,0,2020-2023.xlsx,734
4112,2023-10-28,IVL_2023_fall_regular,choai,nanako,huac,xiaox,xiaod,1,1,2020-2023.xlsx,735
4113,2023-10-28,IVL_2023_fall_regular,xc,487,jelly,guag,eleven,3,0,2020-2023.xlsx,736
4114,2023-10-28,IVL_2023_fall_regular,choai,huac,xiaod,xiaox,nanako,3,0,2020-2023.xlsx,737
4115,2023-10-29,IVL_2023_fall_regular,fmaruko,czai,ac,ak,heart,1,1,2020-2023.xlsx,738
4116,2023-10-29,IVL_2023_fall_regular,superrich,drop,maom,xy,fox,0,1,2020-2023.xlsx,739
4117,2023-10-29,IVL_2023_fall_regular,superrich,drop,maom,fox,xy,2,,2020-2023.xlsx,740
4118,2023-10-29,IVL_2023_fall_regular,fmaruko,heart,ac,ak,czai,3,0,2020-2023.xlsx,741
4119,2023-10-29,IVL_2023_fall_regular,dongx,kucao,fulan,ppxia,18,1,1,2020-2023.xlsx,742
4120,2023-10-29,IVL_2023_fall_regular,xawm,sxy,zibi,sans,regesi,1,1,2020-2023.xlsx,743
4121,2023-10-29,IVL_2023_fall_regular,dongx,fulan,ppxia,kucao,18,1,1,2020-2023.xlsx,744
4122,2023-10-29,IVL_2023_fall_regular,xawm,regesi,zibi,sxy,sans,0,1,2020-2023.xlsx,745
4123,2023-10-29,IVL_2023_fall_regular,dongx,kucao,fulan,18,ppxia,0,1,2020-2023.xlsx,746
4124,2023-10-29,IVL_2023_fall_regular,xawm,regesi,sxy,sans,zibi,2,,2020-2023.xlsx,747
4125,2023-10-29,IVL_2023_fall_regular,ali,huiyi,huan,long,iron,0,1,2020-2023.xlsx,748
4126,2023-10-29,IVL_2023_fall_regular,alex,huac,xiaod,nanako,xiaox,2,,2020-2023.xlsx,749
4127,2023-10-29,IVL_2023_fall_regular,xc,huan,huiyi,iron,long,3,0,2020-2023.xlsx,750
4128,2023-10-29,IVL_2023_fall_regular,alex,huac,xiaod,xiaox,nanako,3,0,2020-2023.xlsx,751
4129,2023-10-29,IVL_2023_fall_regular,xc,huan,iron,long,huiyi,4,0,2020-2023.xlsx,752
4130,2023-10-29,IVL_2023_fall_regular,alex,nanako,huac,xiaox,xiaod,2,,2020-2023.xlsx,753
4131,2023-10-29,IVL_2023_fall_regular,xc,huan,huiyi,long,iron,3,0,2020-2023.xlsx,754
4132,2023-10-29,IVL_2023_fall_regular,alex,nanako,huac,xiaox,xiaod,2,,2020-2023.xlsx,755
4133,2023-11-02,IVL_2023_fall_regular,yan,maom,xen,drop,xy,2,,2020-2023.xlsx,756
4134,2023-11-02,IVL_2023_fall_regular,yue,chen,yuy,nan,silverzhi,2,,2020-2023.xlsx,757
4135,2023-11-02,IVL_2023_fall_regular,yan,fox,maom,drop,xen,4,0,2020-2023.xlsx,758
4136,2023-11-02,IVL_2023_fall_regular,yue,chen,yuy,nan,silverzhi,2,,2020-2023.xlsx,759
4137,2023-11-02,IVL_2023_fall_regular,yue,yuy,silverzhi,nan,chen,2,,2020-2023.xlsx,760
4138,2023-11-02,IVL_2023_fall_regular,yan,maom,drop,fox,xen,3,0,2020-2023.xlsx,761
4139,2023-11-02,IVL_2023_fall_regular,alex,tx,yihua,yangy,huahua,0,1,2020-2023.xlsx,762
4140,2023-11-02,IVL_2023_fall_regular,ppei,huan,iron,huiyi,long,0,1,2020-2023.xlsx,763
4141,2023-11-02,IVL_2023_fall_regular,alex,yihua,huahua,tx,yangy,3,0,2020-2023.xlsx,764
4142,2023-11-02,IVL_2023_fall_regular,ppei,huan,huiyi,long,iron,2,,2020-2023.xlsx,765
4143,2023-11-02,IVL_2023_fall_regular,ppei,long,huiyi,iron,huan,2,,2020-2023.xlsx,766
4144,2023-11-02,IVL_2023_fall_regular,alex,yangy,yihua,huahua,tx,2,,2020-2023.xlsx,767
4145,2023-11-02,IVL_2023_fall_regular,choai,lion,xingchen,h1gher,tea,0,1,2020-2023.xlsx,768
4146,2023-11-02,IVL_2023_fall_regular,d,eleven,guag,487,jelly,2,,2020-2023.xlsx,769
4147,2023-11-02,IVL_2023_fall_regular,choai,h1gher,xingchen,tea,lion,0,1,2020-2023.xlsx,770
4148,2023-11-02,IVL_2023_fall_regular,d,eleven,guag,jelly,487,2,,2020-2023.xlsx,771
4149,2023-11-03,IVL_2023_fall_regular,ppei,sans,regesi,sxy,zibi,2,,2020-2023.xlsx,772
4150,2023-11-03,IVL_2023_fall_regular,dongx,yihua,tx,huahua,yangy,0,1,2020-2023.xlsx,773
4151,2023-11-03,IVL_2023_fall_regular,dongx,yangy,yihua,tx,huahua,2,,2020-2023.xlsx,774
4152,2023-11-03,IVL_2023_fall_regular,ppei,sxy,zibi,regesi,sans,3,0,2020-2023.xlsx,775
4153,2023-11-03,IVL_2023_fall_regular,d,chen,yuy,silverzhi,nan,0,1,2020-2023.xlsx,776
4154,2023-11-03,IVL_2023_fall_regular,yan,lion,h1gher,xingchen,tea,2,,2020-2023.xlsx,777
4155,2023-11-03,IVL_2023_fall_regular,yan,lion,tea,xingchen,h1gher,3,0,2020-2023.xlsx,778
4156,2023-11-03,IVL_2023_fall_regular,d,yuy,chen,nan,silverzhi,3,0,2020-2023.xlsx,779
4157,2023-11-03,IVL_2023_fall_regular,d,chen,yuy,silverzhi,nan,2,,2020-2023.xlsx,780
4158,2023-11-03,IVL_2023_fall_regular,yan,tea,lion,h1gher,xingchen,3,0,2020-2023.xlsx,781
4159,2023-11-03,IVL_2023_fall_regular,superrich,huac,xiaox,nanako,xiaod,2,,2020-2023.xlsx,782
4160,2023-11-03,IVL_2023_fall_regular,ali,czai,ak,heart,ac,1,1,2020-2023.xlsx,783
4161,2023-11-03,IVL_2023_fall_regular,xc,ac,ak,czai,heart,2,,2020-2023.xlsx,784
4162,2023-11-03,IVL_2023_fall_regular,superrich,huac,nanako,xiaox,xiaod,2,,2020-2023.xlsx,785
4163,2023-11-03,IVL_2023_fall_regular,superrich,xiaod,nanako,huac,xiaox,2,,2020-2023.xlsx,786
4164,2023-11-03,IVL_2023_fall_regular,xc,ac,ak,czai,heart,3,0,2020-2023.xlsx,787
4165,2023-11-03,IVL_2023_fall_regular,superrich,xiaox,nanako,xiaod,huac,2,,2020-2023.xlsx,788
4166,2023-11-03,IVL_2023_fall_regular,ali,heart,ak,ac,czai,4,0,2020-2023.xlsx,789
4167,2023-11-04,IVL_2023_fall_regular,alex,kucao,fulan,ppxia,18,2,,2020-2023.xlsx,790
4168,2023-11-04,IVL_2023_fall_regular,xawm,huiyi,huan,long,iron,0,1,2020-2023.xlsx,791
4169,2023-11-04,IVL_2023_fall_regular,xawm,iron,huiyi,long,huan,4,0,2020-2023.xlsx,792
4170,2023-11-04,IVL_2023_fall_regular,alex,fulan,kucao,ppxia,18,2,,2020-2023.xlsx,793
4171,2023-11-04,IVL_2023_fall_regular,alex,kucao,ppxia,fulan,18,2,,2020-2023.xlsx,794
4172,2023-11-04,IVL_2023_fall_regular,xawm,huiyi,huan,long,iron,2,,2020-2023.xlsx,795
4173,2023-11-04,IVL_2023_fall_regular,xawm,huan,huiyi,iron,long,3,0,2020-2023.xlsx,796
4174,2023-11-04,IVL_2023_fall_regular,alex,fulan,kucao,ppxia,18,3,0,2020-2023.xlsx,797
4175,2023-11-04,IVL_2023_fall_regular,musk,jelly,eleven,487,guag,0,1,2020-2023.xlsx,798
4176,2023-11-04,IVL_2023_fall_regular,lxy,yuy,nan,chen,silverzhi,0,1,2020-2023.xlsx,799
4177,2023-11-04,IVL_2023_fall_regular,yan,eleven,jelly,guag,487,2,,2020-2023.xlsx,800
4178,2023-11-04,IVL_2023_fall_regular,lxy,chen,silverzhi,yuy,nan,2,,2020-2023.xlsx,801
4179,2023-11-04,IVL_2023_fall_regular,yan,487,eleven,jelly,guag,3,0,2020-2023.xlsx,802
4180,2023-11-04,IVL_2023_fall_regular,choai,chen,yuy,silverzhi,nan,0,1,2020-2023.xlsx,803
4181,2023-11-04,IVL_2023_fall_regular,yue,zibi,sans,sxy,regesi,0,1,2020-2023.xlsx,804
4182,2023-11-04,IVL_2023_fall_regular,dongx,xy,xen,maom,drop,2,,2020-2023.xlsx,805
4183,2023-11-04,IVL_2023_fall_regular,yue,sxy,regesi,zibi,sans,3,0,2020-2023.xlsx,806
4184,2023-11-04,IVL_2023_fall_regular,dongx,fox,maom,drop,xen,2,,2020-2023.xlsx,807
4185,2023-11-04,IVL_2023_fall_regular,yue,sxy,sans,regesi,zibi,1,1,2020-2023.xlsx,808
4186,2023-11-04,IVL_2023_fall_regular,dongx,drop,maom,xen,fox,3,0,2020-2023.xlsx,809
4187,2023-11-05,IVL_2023_fall_regular,d,huac,xiaod,xiaox,nanako,0,1,2020-2023.xlsx,810
4188,2023-11-05,IVL_2023_fall_regular,ali,xingchen,tea,h1gher,lion,1,1,2020-2023.xlsx,811
4189,2023-11-05,IVL_2023_fall_regular,xc,lion,tea,xingchen,h1gher,2,,2020-2023.xlsx,812
4190,2023-11-05,IVL_2023_fall_regular,d,huac,nanako,xiaox,xiaod,2,,2020-2023.xlsx,813
4191,2023-11-05,IVL_2023_fall_regular,d,nanako,xiaod,xiaox,huac,3,0,2020-2023.xlsx,814
4192,2023-11-05,IVL_2023_fall_regular,xc,lion,xingchen,h1gher,tea,0,1,2020-2023.xlsx,815
4193,2023-11-05,IVL_2023_fall_regular,superrich,iron,long,huiyi,huan,3,0,2020-2023.xlsx,816
4194,2023-11-05,IVL_2023_fall_regular,alex,czai,ac,heart,ak,2,,2020-2023.xlsx,817
4195,2023-11-05,IVL_2023_fall_regular,superrich,huiyi,huan,iron,long,2,,2020-2023.xlsx,818
4196,2023-11-05,IVL_2023_fall_regular,alex,ak,czai,heart,ac,0,1,2020-2023.xlsx,819
4197,2023-11-05,IVL_2023_fall_regular,yue,18,fulan,ppxia,kucao,2,,2020-2023.xlsx,820
4198,2023-11-05,IVL_2023_fall_regular,xawm,drop,xen,maom,xy,0,1,2020-2023.xlsx,821
4199,2023-11-05,IVL_2023_fall_regular,xawm,fox,maom,xen,drop,2,,2020-2023.xlsx,822
4200,2023-11-05,IVL_2023_fall_regular,yue,ppxia,fulan,kucao,18,2,,2020-2023.xlsx,823
4201,2023-11-05,IVL_2023_fall_regular,yue,ppxia,fulan,kucao,18,2,,2020-2023.xlsx,824
4202,2023-11-05,IVL_2023_fall_regular,xawm,fox,xen,maom,drop,3,0,2020-2023.xlsx,825
4203,2023-11-10,IVL_2023_fall_regular,ali,huiyi,huan,long,iron,1,1,2020-2023.xlsx,826
4204,2023-11-10,IVL_2023_fall_regular,alex,huac,xiaod,xiaox,nanako,2,,2020-2023.xlsx,827
4205,2023-11-10,IVL_2023_fall_regular,xc,huiyi,long,huan,iron,2,,2020-2023.xlsx,828
4206,2023-11-10,IVL_2023_fall_regular,alex,nanako,huac,xiaox,xiaod,2,,2020-2023.xlsx,829
4207,2023-11-10,IVL_2023_fall_regular,xc,long,huan,huiyi,iron,2,,2020-2023.xlsx,830
4208,2023-11-10,IVL_2023_fall_regular,alex,xiaox,xiaod,nanako,huac,2,,2020-2023.xlsx,831
4209,2023-11-10,IVL_2023_fall_regular,d,huahua,tx,yihua,yangy,2,,2020-2023.xlsx,832
4210,2023-11-10,IVL_2023_fall_regular,ppei,tea,xingchen,h1gher,lion,0,1,2020-2023.xlsx,833
4211,2023-11-10,IVL_2023_fall_regular,yunan,yihua,huahua,tx,yangy,2,,2020-2023.xlsx,834
4212,2023-11-10,IVL_2023_fall_regular,ppei,lion,tea,h1gher,xingchen,2,,2020-2023.xlsx,835
4213,2023-11-10,IVL_2023_fall_regular,yunan,yangy,tx,yihua,huahua,2,,2020-2023.xlsx,836
4214,2023-11-10,IVL_2023_fall_regular,ppei,lion,h1gher,xingchen,tea,0,1,2020-2023.xlsx,837
4215,2023-11-10,IVL_2023_fall_regular,musk,heart,czai,ac,ak,2,,2020-2023.xlsx,838
4216,2023-11-10,IVL_2023_fall_regular,superrich,yuy,silverzhi,nan,chen,0,1,2020-2023.xlsx,839
4217,2023-11-10,IVL_2023_fall_regular,yan,ak,heart,xmiao5,ac,2,,2020-2023.xlsx,840
4218,2023-11-10,IVL_2023_fall_regular,superrich,silverzhi,chen,yuy,nan,0,1,2020-2023.xlsx,841
4219,2023-11-11,IVL_2023_fall_regular,d,jelly,guag,487,eleven,0,1,2020-2023.xlsx,842
4220,2023-11-11,IVL_2023_fall_regular,lxy,xingchen,tea,lion,h1gher,0,1,2020-2023.xlsx,843
4221,2023-11-11,IVL_2023_fall_regular,choai,h1gher,xingchen,tea,lion,2,,2020-2023.xlsx,844
4222,2023-11-11,IVL_2023_fall_regular,yunan,eleven,guag,jelly,487,2,,2020-2023.xlsx,845
4223,2023-11-11,IVL_2023_fall_regular,choai,h1gher,xingchen,lion,tea,1,1,2020-2023.xlsx,846
4224,2023-11-11,IVL_2023_fall_regular,yunan,guag,eleven,487,jelly,3,0,2020-2023.xlsx,847
4225,2023-11-11,IVL_2023_fall_regular,alex,ppxia,kucao,fulan,18,1,1,2020-2023.xlsx,848
4226,2023-11-11,IVL_2023_fall_regular,xawm,iron,huan,long,huiyi,2,,2020-2023.xlsx,849
4227,2023-11-11,IVL_2023_fall_regular,xawm,iron,huiyi,huan,long,0,1,2020-2023.xlsx,850
4228,2023-11-11,IVL_2023_fall_regular,alex,ppxia,18,kucao,fulan,1,1,2020-2023.xlsx,851
4229,2023-11-11,IVL_2023_fall_regular,xawm,iron,huan,huiyi,long,2,,2020-2023.xlsx,852
4230,2023-11-11,IVL_2023_fall_regular,alex,kucao,ppxia,fulan,18,2,,2020-2023.xlsx,853
4231,2023-11-11,IVL_2023_fall_regular,dongx,xen,xy,drop,maom,0,1,2020-2023.xlsx,854
4232,2023-11-11,IVL_2023_fall_regular,yue,regesi,sxy,zibi,sans,2,,2020-2023.xlsx,855
4233,2023-11-11,IVL_2023_fall_regular,yue,sans,sxy,zibi,regesi,3,0,2020-2023.xlsx,856
4234,2023-11-11,IVL_2023_fall_regular,dongx,fox,xen,maom,drop,0,1,2020-2023.xlsx,857
4235,2023-11-12,IVL_2023_fall_regular,musk,tx,huahua,yihua,yangy,1,1,2020-2023.xlsx,858
4236,2023-11-12,IVL_2023_fall_regular,ppei,yuy,silverzhi,chen,nan,0,1,2020-2023.xlsx,859
4237,2023-11-12,IVL_2023_fall_regular,yan,tx,huahua,yangy,yihua,2,,2020-2023.xlsx,860
4238,2023-11-12,IVL_2023_fall_regular,ppei,yuy,silverzhi,chen,nan,2,,2020-2023.xlsx,861
4239,2023-11-12,IVL_2023_fall_regular,musk,yihua,huahua,yangy,tx,3,0,2020-2023.xlsx,862
4240,2023-11-12,IVL_2023_fall_regular,ppei,silverzhi,yuy,chen,nan,2,,2020-2023.xlsx,863
4241,2023-11-12,IVL_2023_fall_regular,superrich,487,eleven,jelly,guag,0,1,2020-2023.xlsx,864
4242,2023-11-12,IVL_2023_fall_regular,choai,heart,czai,ak,ac,0,1,2020-2023.xlsx,865
4243,2023-11-12,IVL_2023_fall_regular,choai,ak,ac,heart,xmiao5,2,,2020-2023.xlsx,866
4244,2023-11-12,IVL_2023_fall_regular,superrich,487,jelly,eleven,guag,4,0,2020-2023.xlsx,867
4245,2023-11-12,IVL_2023_fall_regular,superrich,jelly,eleven,487,guag,2,,2020-2023.xlsx,868
4246,2023-11-12,IVL_2023_fall_regular,choai,ak,xmiao5,ac,heart,0,1,2020-2023.xlsx,869
4247,2023-11-12,IVL_2023_fall_regular,yue,kucao,ppxia,fulan,18,3,0,2020-2023.xlsx,870
4248,2023-11-12,IVL_2023_fall_regular,xawm,xy,xen,maom,drop,1,1,2020-2023.xlsx,871
4249,2023-11-12,IVL_2023_fall_regular,xawm,fox,xen,drop,maom,2,,2020-2023.xlsx,872
4250,2023-11-12,IVL_2023_fall_regular,yue,ppxia,fulan,18,kucao,1,1,2020-2023.xlsx,873
4251,2023-11-12,IVL_2023_fall_regular,xawm,maom,xen,drop,fox,3,0,2020-2023.xlsx,874
4252,2023-11-12,IVL_2023_fall_regular,yue,18,fulan,kucao,ppxia,3,0,2020-2023.xlsx,875
4253,2023-11-17,IVL_2023_fall_regular,ppei,xen,fox,xy,drop,0,1,2020-2023.xlsx,876
4254,2023-11-17,IVL_2023_fall_regular,fmaruko,tx,yangy,yihua,huahua,2,,2020-2023.xlsx,877
4255,2023-11-17,IVL_2023_fall_regular,yue,yihua,huahua,tx,yangy,3,0,2020-2023.xlsx,878
4256,2023-11-17,IVL_2023_fall_regular,ppei,fox,drop,xen,xy,3,0,2020-2023.xlsx,879
4257,2023-11-17,IVL_2023_fall_regular,yue,huahua,yangy,yihua,tx,2,,2020-2023.xlsx,880
4258,2023-11-17,IVL_2023_fall_regular,ppei,fox,xy,drop,xen,2,,2020-2023.xlsx,881
4259,2023-11-17,IVL_2023_fall_regular,xawm,yuy,chen,silverzhi,nan,2,,2020-2023.xlsx,882
4260,2023-11-17,IVL_2023_fall_regular,yan,kucao,ppxia,fulan,18,1,1,2020-2023.xlsx,883
4261,2023-11-17,IVL_2023_fall_regular,xawm,yuy,chen,silverzhi,nan,0,1,2020-2023.xlsx,884
4262,2023-11-17,IVL_2023_fall_regular,yan,ppxia,kucao,xmx,18,2,,2020-2023.xlsx,885
4263,2023-11-17,IVL_2023_fall_regular,xawm,yuy,chen,silverzhi,nan,2,,2020-2023.xlsx,886
4264,2023-11-17,IVL_2023_fall_regular,yan,fulan,kucao,18,ppxia,3,0,2020-2023.xlsx,887
4265,2023-11-17,IVL_2023_fall_regular,superrich,lion,h1gher,xingchen,tea,0,1,2020-2023.xlsx,888
4266,2023-11-17,IVL_2023_fall_regular,d,ac,czai,heart,ak,0,1,2020-2023.xlsx,889
4267,2023-11-17,IVL_2023_fall_regular,superrich,tea,xingchen,lion,h1gher,0,1,2020-2023.xlsx,890
4268,2023-11-17,IVL_2023_fall_regular,yunan,heart,ak,czai,ac,2,,2020-2023.xlsx,891
4269,2023-11-17,IVL_2023_fall_regular,yunan,ac,ak,czai,heart,3,0,2020-2023.xlsx,892
4270,2023-11-17,IVL_2023_fall_regular,superrich,tea,h1gher,lion,xingchen,0,1,2020-2023.xlsx,893
4271,2023-11-18,IVL_2023_fall_regular,choai,kucao,18,ppxia,fulan,0,1,2020-2023.xlsx,894
4272,2023-11-18,IVL_2023_fall_regular,xawm,guag,yeyv,eleven,487,0,1,2020-2023.xlsx,895
4273,2023-11-18,IVL_2023_fall_regular,xawm,487,yeyv,eleven,guag,0,1,2020-2023.xlsx,896
4274,2023-11-18,IVL_2023_fall_regular,choai,ppxia,fulan,kucao,18,0,1,2020-2023.xlsx,897
4275,2023-11-18,IVL_2023_fall_regular,choai,18,ppxia,kucao,fulan,2,,2020-2023.xlsx,898
4276,2023-11-18,IVL_2023_fall_regular,xawm,yeyv,guag,eleven,487,2,,2020-2023.xlsx,899
4277,2023-11-18,IVL_2023_fall_regular,choai,18,fulan,kucao,ppxia,2,,2020-2023.xlsx,900
4278,2023-11-18,IVL_2023_fall_regular,xawm,guag,eleven,yeyv,487,2,,2020-2023.xlsx,901
4279,2023-11-18,IVL_2023_fall_regular,dongx,xiaod,huac,xiaox,nanako,3,0,2020-2023.xlsx,902
4280,2023-11-18,IVL_2023_fall_regular,ali,regesi,sans,sxy,zibi,3,0,2020-2023.xlsx,903
4281,2023-11-18,IVL_2023_fall_regular,dongx,huac,xiaod,xiaox,nanako,1,1,2020-2023.xlsx,904
4282,2023-11-18,IVL_2023_fall_regular,xc,sans,sxy,regesi,zibi,2,,2020-2023.xlsx,905
4283,2023-11-18,IVL_2023_fall_regular,dongx,nanako,huac,xiaox,xiaod,2,,2020-2023.xlsx,906
4284,2023-11-18,IVL_2023_fall_regular,xc,sxy,zibi,regesi,sans,2,,2020-2023.xlsx,907
4285,2023-11-18,IVL_2023_fall_regular,alex,nan,chen,silverzhi,yuy,1,1,2020-2023.xlsx,908
4286,2023-11-18,IVL_2023_fall_regular,yan,iron,huiyi,long,huan,0,1,2020-2023.xlsx,909
4287,2023-11-18,IVL_2023_fall_regular,yan,iron,huiyi,long,huan,2,,2020-2023.xlsx,910
4288,2023-11-18,IVL_2023_fall_regular,alex,yuy,silverzhi,nan,chen,1,1,2020-2023.xlsx,911
4289,2023-11-18,IVL_2023_fall_regular,alex,nan,silverzhi,yuy,chen,2,,2020-2023.xlsx,912
4290,2023-11-18,IVL_2023_fall_regular,yan,long,iron,huan,huiyi,3,0,2020-2023.xlsx,913
4291,2023-11-19,IVL_2023_fall_regular,superrich,sxy,regesi,zibi,sans,1,1,2020-2023.xlsx,914
4292,2023-11-19,IVL_2023_fall_regular,dongx,ac,heart,czai,ak,0,1,2020-2023.xlsx,915
4293,2023-11-19,IVL_2023_fall_regular,dongx,ak,heart,czai,ac,2,,2020-2023.xlsx,916
4294,2023-11-19,IVL_2023_fall_regular,superrich,sxy,sans,zibi,regesi,2,,2020-2023.xlsx,917
4295,2023-11-19,IVL_2023_fall_regular,dongx,czai,ac,ak,heart,2,,2020-2023.xlsx,918
4296,2023-11-19,IVL_2023_fall_regular,superrich,zibi,sxy,regesi,sans,2,,2020-2023.xlsx,919
4297,2023-11-19,IVL_2023_fall_regular,ppei,huan,iron,long,huiyi,1,1,2020-2023.xlsx,920
4298,2023-11-19,IVL_2023_fall_regular,alex,tx,yihua,huahua,yangy,0,1,2020-2023.xlsx,921
4299,2023-11-19,IVL_2023_fall_regular,ppei,iron,huan,long,huiyi,0,1,2020-2023.xlsx,922
4300,2023-11-19,IVL_2023_fall_regular,alex,huahua,yihua,yangy,tx,4,0,2020-2023.xlsx,923
4301,2023-11-19,IVL_2023_fall_regular,alex,yangy,yihua,huahua,tx,1,1,2020-2023.xlsx,924
4302,2023-11-19,IVL_2023_fall_regular,ppei,long,huiyi,iron,huan,2,,2020-2023.xlsx,925
4303,2023-11-19,IVL_2023_fall_regular,ali,lion,h1gher,tea,xingchen,1,1,2020-2023.xlsx,926
4304,2023-11-19,IVL_2023_fall_regular,d,xiaox,nanako,xiaod,huac,2,,2020-2023.xlsx,927
4305,2023-11-19,IVL_2023_fall_regular,yunan,xiaox,xiaod,huac,nanako,2,,2020-2023.xlsx,928
4306,2023-11-19,IVL_2023_fall_regular,xc,lion,h1gher,xingchen,tea,3,0,2020-2023.xlsx,929
4307,2023-11-19,IVL_2023_fall_regular,xc,xingchen,tea,h1gher,lion,2,,2020-2023.xlsx,930
4308,2023-11-19,IVL_2023_fall_regular,yunan,huac,nanako,xiaox,xiaod,2,,2020-2023.xlsx,931
4309,2023-11-19,IVL_2023_fall_regular,yunan,huac,nanako,xiaod,xiaox,3,0,2020-2023.xlsx,932
4310,2023-11-19,IVL_2023_fall_regular,xc,lion,tea,xingchen,h1gher,0,1,2020-2023.xlsx,933
4311,2023-11-24,IVL_2023_fall_regular,yan,maom,xen,xy,drop,2,,2020-2023.xlsx,934
4312,2023-11-24,IVL_2023_fall_regular,fmaruko,chen,yuy,silverzhi,nan,3,0,2020-2023.xlsx,935
4313,2023-11-24,IVL_2023_fall_regular,yan,drop,xen,maom,fox,2,,2020-2023.xlsx,936
4314,2023-11-24,IVL_2023_fall_regular,yue,yuy,silverzhi,chen,nan,3,0,2020-2023.xlsx,937
4315,2023-11-24,IVL_2023_fall_regular,alex,lion,h1gher,xingchen,tea,0,1,2020-2023.xlsx,938
4316,2023-11-24,IVL_2023_fall_regular,d,huan,long,iron,huiyi,0,1,2020-2023.xlsx,939
4317,2023-11-24,IVL_2023_fall_regular,alex,tea,lion,xingchen,h1gher,1,1,2020-2023.xlsx,940
4318,2023-11-24,IVL_2023_fall_regular,d,iron,huiyi,long,huan,2,,2020-2023.xlsx,941
4319,2023-11-24,IVL_2023_fall_regular,d,iron,huiyi,long,huan,2,,2020-2023.xlsx,942
4320,2023-11-24,IVL_2023_fall_regular,alex,iron,tea,h1gher,xingchen,0,1,2020-2023.xlsx,943
4321,2023-11-24,IVL_2023_fall_regular,ppei,czai,ak,heart,ac,2,,2020-2023.xlsx,944
4322,2023-11-24,IVL_2023_fall_regular,superrich,tx,yihua,huahua,yangy,1,1,2020-2023.xlsx,945
4323,2023-11-24,IVL_2023_fall_regular,ppei,heart,ak,ac,czai,2,,2020-2023.xlsx,946
4324,2023-11-24,IVL_2023_fall_regular,superrich,huahua,tx,yihua,yangy,3,0,2020-2023.xlsx,947
4325,2023-11-24,IVL_2023_fall_regular,ppei,ak,ac,heart,czai,3,0,2020-2023.xlsx,948
4326,2023-11-24,IVL_2023_fall_regular,superrich,yangy,tx,yihua,huahua,0,1,2020-2023.xlsx,949
4327,2023-11-25,IVL_2023_fall_regular,choai,sans,zibi,regesi,sxy,3,0,2020-2023.xlsx,950
4328,2023-11-25,IVL_2023_fall_regular,dongx,487,guag,eleven,yeyv,0,1,2020-2023.xlsx,951
4329,2023-11-25,IVL_2023_fall_regular,dongx,487,yeyv,eleven,guag,1,1,2020-2023.xlsx,952
4330,2023-11-25,IVL_2023_fall_regular,choai,sans,regesi,sxy,zibi,2,,2020-2023.xlsx,953
4331,2023-11-25,IVL_2023_fall_regular,ppei,ppxia,fulan,18,kucao,0,1,2020-2023.xlsx,954
4332,2023-11-25,IVL_2023_fall_regular,xawm,tx,yihua,huahua,yangy,2,,2020-2023.xlsx,955
4333,2023-11-25,IVL_2023_fall_regular,ppei,ppxia,fulan,18,kucao,3,0,2020-2023.xlsx,956
4334,2023-11-25,IVL_2023_fall_regular,xawm,yihua,yangy,huahua,tx,2,,2020-2023.xlsx,957
4335,2023-11-25,IVL_2023_fall_regular,ppei,18,ppxia,fulan,kucao,2,,2020-2023.xlsx,958
4336,2023-11-25,IVL_2023_fall_regular,xawm,yihua,yangy,huahua,tx,3,0,2020-2023.xlsx,959
4337,2023-11-25,IVL_2023_fall_regular,superrich,xiaod,xiaox,nanako,huac,2,,2020-2023.xlsx,960
4338,2023-11-25,IVL_2023_fall_regular,ali,czai,heart,ak,ac,1,1,2020-2023.xlsx,961
4339,2023-11-25,IVL_2023_fall_regular,xc,ak,ac,czai,heart,2,,2020-2023.xlsx,962
4340,2023-11-25,IVL_2023_fall_regular,superrich,xiaod,nanako,xiaox,huac,2,,2020-2023.xlsx,963
4341,2023-11-25,IVL_2023_fall_regular,xc,ak,ac,heart,czai,2,,2020-2023.xlsx,964
4342,2023-11-25,IVL_2023_fall_regular,superrich,xiaox,huac,xiaod,nanako,2,,2020-2023.xlsx,965
4343,2023-11-26,IVL_2023_fall_regular,dongx,kucao,ppxia,18,fulan,0,1,2020-2023.xlsx,966
4344,2023-11-26,IVL_2023_fall_regular,xawm,sans,zibi,sxy,regesi,0,1,2020-2023.xlsx,967
4345,2023-11-26,IVL_2023_fall_regular,dongx,fulan,ppxia,kucao,18,2,,2020-2023.xlsx,968
4346,2023-11-26,IVL_2023_fall_regular,xawm,regesi,zibi,sxy,sans,2,,2020-2023.xlsx,969
4347,2023-11-26,IVL_2023_fall_regular,dongx,kucao,fulan,18,ppxia,3,0,2020-2023.xlsx,970
4348,2023-11-26,IVL_2023_fall_regular,xawm,regesi,sans,sxy,zibi,0,1,2020-2023.xlsx,971
4349,2023-11-26,IVL_2023_fall_regular,choai,huac,xiaod,xiaox,nanako,0,1,2020-2023.xlsx,972
4350,2023-11-26,IVL_2023_fall_regular,ali,yeyv,guag,eleven,487,1,1,2020-2023.xlsx,973
4351,2023-11-26,IVL_2023_fall_regular,choai,xiaod,huac,xiaox,nanako,3,0,2020-2023.xlsx,974
4352,2023-11-26,IVL_2023_fall_regular,xc,487,yeyv,guag,eleven,3,0,2020-2023.xlsx,975
4353,2023-11-26,IVL_2023_fall_regular,xc,guag,yeyv,eleven,487,2,,2020-2023.xlsx,976
4354,2023-11-26,IVL_2023_fall_regular,choai,xiaox,xiaod,huac,nanako,3,0,2020-2023.xlsx,977
4355,2023-11-26,IVL_2023_fall_regular,alex,maom,xen,drop,xy,2,,2020-2023.xlsx,978
4356,2023-11-26,IVL_2023_fall_regular,fmaruko,long,huan,huiyi,iron,2,,2020-2023.xlsx,979
4357,2023-11-26,IVL_2023_fall_regular,alex,fox,drop,maom,xen,2,,2020-2023.xlsx,980
4358,2023-11-26,IVL_2023_fall_regular,yue,iron,huiyi,long,huan,2,,2020-2023.xlsx,981
4359,2023-11-26,IVL_2023_fall_regular,alex,fox,xen,maom,drop,3,0,2020-2023.xlsx,982
4360,2023-11-26,IVL_2023_fall_regular,yue,iron,huiyi,long,huan,2,,2020-2023.xlsx,983
4361,2023-12-01,IVL_2023_fall_regular,yan,huac,xiaod,xiaox,nanako,3,0,2020-2023.xlsx,984
4362,2023-12-01,IVL_2023_fall_regular,ali,chen,nan,silverzhi,yuy,1,1,2020-2023.xlsx,985
4363,2023-12-01,IVL_2023_fall_regular,musk,xiaod,nanako,xiaox,huac,4,0,2020-2023.xlsx,986
4364,2023-12-01,IVL_2023_fall_regular,xc,yuy,silverzhi,nan,chen,4,0,2020-2023.xlsx,987
4365,2023-12-01,IVL_2023_fall_regular,xc,silverzhi,chen,yuy,nan,2,,2020-2023.xlsx,988
4366,2023-12-01,IVL_2023_fall_regular,yan,xiaox,nanako,huac,xiaod,2,,2020-2023.xlsx,989
4367,2023-12-01,IVL_2023_fall_regular,dongx,tx,yihua,yangy,huahua,0,1,2020-2023.xlsx,990
4368,2023-12-01,IVL_2023_fall_regular,ppei,sans,regesi,zibi,sxy,2,,2020-2023.xlsx,991
4369,2023-12-01,IVL_2023_fall_regular,ppei,sxy,regesi,sans,zibi,2,,2020-2023.xlsx,992
4370,2023-12-01,IVL_2023_fall_regular,dongx,yihua,huahua,yangy,tx,4,0,2020-2023.xlsx,993
4371,2023-12-01,IVL_2023_fall_regular,dongx,yihua,huahua,yangy,tx,3,0,2020-2023.xlsx,994
4372,2023-12-01,IVL_2023_fall_regular,ppei,sxy,sans,regesi,zibi,3,0,2020-2023.xlsx,995
4373,2023-12-01,IVL_2023_fall_regular,ppei,sxy,regesi,sans,zibi,3,0,2020-2023.xlsx,996
4374,2023-12-01,IVL_2023_fall_regular,dongx,huahua,tx,yangy,yihua,0,1,2020-2023.xlsx,997
4375,2023-12-01,IVL_2023_fall_regular,fmaruko,guag,487,yeyv,eleven,2,,2020-2023.xlsx,998
4376,2023-12-01,IVL_2023_fall_regular,choai,xen,xy,maom,drop,0,1,2020-2023.xlsx,999
4377,2023-12-01,IVL_2023_fall_regular,yue,487,guag,yeyv,eleven,2,,2020-2023.xlsx,1000
4378,2023-12-01,IVL_2023_fall_regular,choai,fox,maom,xy,xen,3,0,2020-2023.xlsx,1001
4379,2023-12-01,IVL_2023_fall_regular,yue,yeyv,487,guag,eleven,2,,2020-2023.xlsx,1002
4380,2023-12-01,IVL_2023_fall_regular,choai,maom,xy,fox,xen,0,1,2020-2023.xlsx,1003
4381,2023-12-02,IVL_2023_fall_regular,superrich,long,huan,huiyi,iron,2,,2020-2023.xlsx,1004
4382,2023-12-02,IVL_2023_fall_regular,alex,czai,ac,heart,ak,0,1,2020-2023.xlsx,1005
4383,2023-12-02,IVL_2023_fall_regular,alex,ak,ac,czai,heart,3,0,2020-2023.xlsx,1006
4384,2023-12-02,IVL_2023_fall_regular,superrich,huiyi,long,iron,huan,3,0,2020-2023.xlsx,1007
4385,2023-12-02,IVL_2023_fall_regular,superrich,iron,huiyi,huan,long,2,,2020-2023.xlsx,1008
4386,2023-12-02,IVL_2023_fall_regular,alex,heart,ak,ac,czai,2,,2020-2023.xlsx,1009
4387,2023-12-02,IVL_2023_fall_regular,ppei,guag,eleven,487,yeyv,0,1,2020-2023.xlsx,1010
4388,2023-12-02,IVL_2023_fall_regular,choai,tx,yangy,huahua,yihua,0,1,2020-2023.xlsx,1011
4389,2023-12-02,IVL_2023_fall_regular,ppei,yeyv,487,eleven,guag,2,,2020-2023.xlsx,1012
4390,2023-12-02,IVL_2023_fall_regular,choai,huahua,tx,yangy,yihua,2,,2020-2023.xlsx,1013
4391,2023-12-02,IVL_2023_fall_regular,ppei,487,guag,eleven,yeyv,2,,2020-2023.xlsx,1014
4392,2023-12-02,IVL_2023_fall_regular,choai,yihua,huahua,yangy,tx,2,,2020-2023.xlsx,1015
4393,2023-12-02,IVL_2023_fall_regular,ppei,guag,yeyv,487,eleven,0,1,2020-2023.xlsx,1016
4394,2023-12-02,IVL_2023_fall_regular,choai,yangy,yihua,huahua,tx,0,1,2020-2023.xlsx,1017
4395,2023-12-02,IVL_2023_fall_regular,yan,lion,xingchen,tea,h1gher,2,,2020-2023.xlsx,1018
4396,2023-12-02,IVL_2023_fall_regular,d,silverzhi,chen,nan,yuy,1,1,2020-2023.xlsx,1019
4397,2023-12-02,IVL_2023_fall_regular,musk,h1gher,xingchen,lion,tea,3,0,2020-2023.xlsx,1020
4398,2023-12-02,IVL_2023_fall_regular,d,chen,silverzhi,yuy,nan,1,1,2020-2023.xlsx,1021
4399,2023-12-03,IVL_2023_fall_regular,ali,maom,xen,xy,drop,2,,2020-2023.xlsx,1022
4400,2023-12-03,IVL_2023_fall_regular,fmaruko,xiaod,huac,xiaox,nanako,0,1,2020-2023.xlsx,1023
4401,2023-12-03,IVL_2023_fall_regular,xc,fox,xen,xy,maom,1,1,2020-2023.xlsx,1024
4402,2023-12-03,IVL_2023_fall_regular,yue,xiaod,huac,nanako,xiaox,2,,2020-2023.xlsx,1025
4403,2023-12-03,IVL_2023_fall_regular,xc,xy,maom,fox,xen,2,,2020-2023.xlsx,1026
4404,2023-12-03,IVL_2023_fall_regular,yue,nanako,huac,xiaod,xiaox,3,0,2020-2023.xlsx,1027
4405,2023-12-03,IVL_2023_fall_regular,d,18,fulan,ppxia,kucao,2,,2020-2023.xlsx,1028
4406,2023-12-03,IVL_2023_fall_regular,xawm,xingchen,lion,tea,h1gher,1,1,2020-2023.xlsx,1029
4407,2023-12-03,IVL_2023_fall_regular,d,ppxia,18,xmx,kucao,3,0,2020-2023.xlsx,1030
4408,2023-12-03,IVL_2023_fall_regular,xawm,ba1x,tea,h1gher,xingchen,3,0,2020-2023.xlsx,1031
4409,2023-12-03,IVL_2023_fall_regular,xawm,tea,h1gher,xingchen,ba1x,3,0,2020-2023.xlsx,1032
4410,2023-12-03,IVL_2023_fall_regular,yunan,kucao,ppxia,xmx,18,3,0,2020-2023.xlsx,1033
4411,2023-12-03,IVL_2023_fall_regular,dongx,long,huan,iron,huiyi,0,1,2020-2023.xlsx,1034
4412,2023-12-03,IVL_2023_fall_regular,alex,sans,regesi,zibi,sxy,1,1,2020-2023.xlsx,1035
4413,2023-12-03,IVL_2023_fall_regular,dongx,long,huiyi,huan,iron,3,0,2020-2023.xlsx,1036
4414,2023-12-03,IVL_2023_fall_regular,alex,sxy,regesi,sans,zibi,2,,2020-2023.xlsx,1037
4415,2023-12-03,IVL_2023_fall_regular,alex,sxy,zibi,regesi,sans,2,,2020-2023.xlsx,1038
4416,2023-12-03,IVL_2023_fall_regular,dongx,huiyi,long,huan,iron,2,,2020-2023.xlsx,1039
4417,2023-12-08,IVL_2023_fall_regular,d,xen,drop,maom,xy,2,,2020-2023.xlsx,1040
4418,2023-12-08,IVL_2023_fall_regular,fmaruko,xingchen,tea,h1gher,lion,1,1,2020-2023.xlsx,1041
4419,2023-12-08,IVL_2023_fall_regular,yue,lion,xingchen,h1gher,tea,2,,2020-2023.xlsx,1042
4420,2023-12-08,IVL_2023_fall_regular,d,maom,drop,xen,fox,1,1,2020-2023.xlsx,1043
4421,2023-12-08,IVL_2023_fall_regular,d,xen,fox,drop,maom,2,,2020-2023.xlsx,1044
4422,2023-12-08,IVL_2023_fall_regular,yue,lion,tea,h1gher,xingchen,3,0,2020-2023.xlsx,1045
4423,2023-12-08,IVL_2023_fall_regular,choai,chen,silverzhi,mochen,yuy,0,1,2020-2023.xlsx,1046
4424,2023-12-08,IVL_2023_fall_regular,yan,yeyv,487,guag,eleven,0,1,2020-2023.xlsx,1047
4425,2023-12-08,IVL_2023_fall_regular,yan,487,guag,eleven,yeyv,4,0,2020-2023.xlsx,1048
4426,2023-12-08,IVL_2023_fall_regular,choai,chen,silverzhi,yuy,nan,0,1,2020-2023.xlsx,1049
4427,2023-12-08,IVL_2023_fall_regular,choai,silverzhi,yuy,chen,nan,2,,2020-2023.xlsx,1050
4428,2023-12-08,IVL_2023_fall_regular,yan,487,eleven,yeyv,guag,3,0,2020-2023.xlsx,1051
4429,2023-12-08,IVL_2023_fall_regular,xawm,nanako,huac,xiaod,xiaox,0,1,2020-2023.xlsx,1052
4430,2023-12-08,IVL_2023_fall_regular,ali,ppxia,18,fulan,kucao,2,,2020-2023.xlsx,1053
4431,2023-12-08,IVL_2023_fall_regular,xc,kucao,xmx,18,ppxia,2,,2020-2023.xlsx,1054
4432,2023-12-08,IVL_2023_fall_regular,xawm,xiaod,huac,nanako,xiaox,2,,2020-2023.xlsx,1055
4433,2023-12-08,IVL_2023_fall_regular,xc,xmx,ppxia,kucao,18,3,0,2020-2023.xlsx,1056
4434,2023-12-08,IVL_2023_fall_regular,xawm,nanako,xiaod,xiaox,huac,3,0,2020-2023.xlsx,1057
4435,2023-12-09,IVL_2023_fall_regular,dongx,chen,nan,mochen,yuy,0,1,2020-2023.xlsx,1058
4436,2023-12-09,IVL_2023_fall_regular,yan,zibi,regesi,sans,sxy,1,1,2020-2023.xlsx,1059
4437,2023-12-09,IVL_2023_fall_regular,dongx,chen,silverzhi,yuy,nan,2,,2020-2023.xlsx,1060
4438,2023-12-09,IVL_2023_fall_regular,yan,sans,regesi,sxy,zibi,2,,2020-2023.xlsx,1061
4439,2023-12-09,IVL_2023_fall_regular,yan,sxy,zibi,sans,regesi,4,0,2020-2023.xlsx,1062
4440,2023-12-09,IVL_2023_fall_regular,bo1,yuy,chen,silverzhi,nan,2,,2020-2023.xlsx,1063
4441,2023-12-09,IVL_2023_fall_regular,xawm,czai,ac,heart,ak,0,1,2020-2023.xlsx,1064
4442,2023-12-09,IVL_2023_fall_regular,superrich,kucao,ppxia,18,fulan,2,,2020-2023.xlsx,1065
4443,2023-12-09,IVL_2023_fall_regular,superrich,xmx,ppxia,kucao,18,2,,2020-2023.xlsx,1066
4444,2023-12-09,IVL_2023_fall_regular,xawm,ac,ak,xmiao5,czai,2,,2020-2023.xlsx,1067
4445,2023-12-09,IVL_2023_fall_regular,xawm,xmiao5,czai,ac,ak,2,,2020-2023.xlsx,1068
4446,2023-12-09,IVL_2023_fall_regular,superrich,kucao,ppxia,xmx,18,2,,2020-2023.xlsx,1069
4447,2023-12-09,IVL_2023_fall_regular,ali,tx,yihua,huahua,yangy,0,1,2020-2023.xlsx,1070
4448,2023-12-09,IVL_2023_fall_regular,ppei,huac,xiaod,xiaox,nanako,3,0,2020-2023.xlsx,1071
4449,2023-12-09,IVL_2023_fall_regular,ppei,xiaod,huac,xiaox,nanako,2,,2020-2023.xlsx,1072
4450,2023-12-09,IVL_2023_fall_regular,xc,yihua,huahua,yangy,tx,3,0,2020-2023.xlsx,1073
4451,2023-12-09,IVL_2023_fall_regular,xc,yihua,yangy,tx,huahua,0,1,2020-2023.xlsx,1074
4452,2023-12-09,IVL_2023_fall_regular,ppei,xiaox,xiaod,huac,nanako,2,,2020-2023.xlsx,1075
4453,2023-12-10,IVL_2023_fall_regular,fmaruko,ac,czai,ak,heart,2,,2020-2023.xlsx,1076
4454,2023-12-10,IVL_2023_fall_regular,n1e,xen,xy,drop,maom,1,1,2020-2023.xlsx,1077
4455,2023-12-10,IVL_2023_fall_regular,yue,heart,ak,ac,czai,2,,2020-2023.xlsx,1078
4456,2023-12-10,IVL_2023_fall_regular,superrich,fox,xen,maom,drop,0,1,2020-2023.xlsx,1079
4457,2023-12-10,IVL_2023_fall_regular,d,sans,zibi,regesi,norcy,0,1,2020-2023.xlsx,1080
4458,2023-12-10,IVL_2023_fall_regular,bo1,h1gher,xingchen,lion,ba1x,1,1,2020-2023.xlsx,1081
4459,2023-12-10,IVL_2023_fall_regular,d,norcy,zibi,sans,regesi,2,,2020-2023.xlsx,1082
4460,2023-12-10,IVL_2023_fall_regular,bo1,xingchen,ba1x,h1gher,lion,0,1,2020-2023.xlsx,1083
4461,2023-12-10,IVL_2023_fall_regular,d,zibi,sans,norcy,regesi,3,0,2020-2023.xlsx,1084
4462,2023-12-10,IVL_2023_fall_regular,bo1,lion,h1gher,ba1x,xingchen,2,,2020-2023.xlsx,1085
4463,2023-12-10,IVL_2023_fall_regular,choai,iron,huan,huiyi,long,1,1,2020-2023.xlsx,1086
4464,2023-12-10,IVL_2023_fall_regular,alex,guag,487,eleven,yeyv,0,1,2020-2023.xlsx,1087
4465,2023-12-10,IVL_2023_fall_regular,alex,yeyv,487,eleven,guag,1,1,2020-2023.xlsx,1088
4466,2023-12-10,IVL_2023_fall_regular,lxy,iron,huan,long,huiyi,2,,2020-2023.xlsx,1089
4467,2023-12-29,IVL_2023_fall_playoffs,superrich,huan,huiyi,iron,long,2,,2020-2023.xlsx,1090
4468,2023-12-29,IVL_2023_fall_playoffs,alex,ac,ak,xmiao5,heart,0,1,2020-2023.xlsx,1091
4469,2023-12-29,IVL_2023_fall_playoffs,superrich,iron,huan,huiyi,long,3,0,2020-2023.xlsx,1092
4470,2023-12-29,IVL_2023_fall_playoffs,alex,ak,ac,xmiao5,heart,3,0,2020-2023.xlsx,1093
4471,2023-12-29,IVL_2023_fall_playoffs,alex,ac,ak,xmiao5,heart,2,,2020-2023.xlsx,1094
4472,2023-12-29,IVL_2023_fall_playoffs,superrich,iron,huan,huiyi,long,2,,2020-2023.xlsx,1095
4473,2023-12-29,IVL_2023_fall_playoffs,superrich,huan,long,huiyi,iron,2,,2020-2023.xlsx,1096
4474,2023-12-29,IVL_2023_fall_playoffs,alex,xmiao5,ac,heart,ak,3,0,2020-2023.xlsx,1097
4475,2023-12-29,IVL_2023_fall_playoffs,alex,xmiao5,heart,ak,ac,2,,2020-2023.xlsx,1098
4476,2023-12-29,IVL_2023_fall_playoffs,superrich,iron,huan,huiyi,long,2,,2020-2023.xlsx,1099
4477,2023-12-29,IVL_2023_fall_playoffs,dongx,ppxia,kucao,fulan,18,2,,2020-2023.xlsx,1100
4478,2023-12-29,IVL_2023_fall_playoffs,xawm,zibi,sans,regesi,sxy,0,1,2020-2023.xlsx,1101
4479,2023-12-29,IVL_2023_fall_playoffs,dongx,kucao,xmx,ppxia,18,2,,2020-2023.xlsx,1102
4480,2023-12-29,IVL_2023_fall_playoffs,xawm,sans,zibi,regesi,sxy,3,0,2020-2023.xlsx,1103
4481,2023-12-29,IVL_2023_fall_playoffs,dongx,xmx,kucao,18,ppxia,2,,2020-2023.xlsx,1104
4482,2023-12-29,IVL_2023_fall_playoffs,xawm,sxy,sans,regesi,zibi,2,,2020-2023.xlsx,1105
4483,2023-12-29,IVL_2023_fall_playoffs,dongx,xmx,ppxia,18,kucao,3,0,2020-2023.xlsx,1106
4484,2023-12-29,IVL_2023_fall_playoffs,xawm,sans,regesi,sxy,zibi,3,0,2020-2023.xlsx,1107
4485,2023-12-29,IVL_2023_fall_playoffs,dongx,ppxia,kucao,18,xmx,2,,2020-2023.xlsx,1108
4486,2023-12-29,IVL_2023_fall_playoffs,xawm,zibi,regesi,sxy,sans,2,,2020-2023.xlsx,1109
4487,2023-12-29,IVL_2023_fall_playoffs,xc,487,guag,eleven,jelly,2,,2020-2023.xlsx,1110
4488,2023-12-29,IVL_2023_fall_playoffs,choai,nanako,xiaod,xiaox,huac,0,1,2020-2023.xlsx,1111
4489,2023-12-29,IVL_2023_fall_playoffs,choai,xiaod,nanako,xiaox,huac,1,1,2020-2023.xlsx,1112
4490,2023-12-29,IVL_2023_fall_playoffs,xc,jelly,487,eleven,guag,3,0,2020-2023.xlsx,1113
4491,2023-12-29,IVL_2023_fall_playoffs,xc,eleven,jelly,guag,487,2,,2020-2023.xlsx,1114
4492,2023-12-29,IVL_2023_fall_playoffs,choai,xiaod,nanako,huac,xiaox,2,,2020-2023.xlsx,1115
4493,2023-12-29,IVL_2023_fall_playoffs,xc,eleven,487,guag,jelly,3,0,2020-2023.xlsx,1116
4494,2023-12-29,IVL_2023_fall_playoffs,choai,nanako,xiaox,xiaod,huac,1,1,2020-2023.xlsx,1117
4495,2023-12-30,IVL_2023_fall_playoffs,alex,huac,nanako,xiaod,xiaox,0,1,2020-2023.xlsx,1118
4496,2023-12-30,IVL_2023_fall_playoffs,xc,iron,long,huan,huiyi,1,1,2020-2023.xlsx,1119
4497,2023-12-30,IVL_2023_fall_playoffs,xc,huiyi,huan,iron,long,0,1,2020-2023.xlsx,1120
4498,2023-12-30,IVL_2023_fall_playoffs,alex,huac,xiaod,nanako,xiaox,2,,2020-2023.xlsx,1121
4499,2023-12-30,IVL_2023_fall_playoffs,xc,long,huan,huiyi,iron,2,,2020-2023.xlsx,1122
4500,2023-12-30,IVL_2023_fall_playoffs,alex,xiaod,huac,xiaox,nanako,3,0,2020-2023.xlsx,1123
4501,2023-12-30,IVL_2023_fall_playoffs,xc,long,huan,iron,huiyi,2,,2020-2023.xlsx,1124
4502,2023-12-30,IVL_2023_fall_playoffs,alex,xiaod,huac,xiaox,nanako,3,0,2020-2023.xlsx,1125
4503,2023-12-30,IVL_2023_fall_playoffs,choai,ppxia,kucao,18,fulan,2,,2020-2023.xlsx,1126
4504,2023-12-30,IVL_2023_fall_playoffs,xawm,guag,eleven,jelly,487,1,1,2020-2023.xlsx,1127
4505,2023-12-30,IVL_2023_fall_playoffs,choai,kucao,ppxia,xmx,18,2,,2020-2023.xlsx,1128
4506,2023-12-30,IVL_2023_fall_playoffs,xawm,jelly,guag,eleven,487,0,1,2020-2023.xlsx,1129
4507,2023-12-30,IVL_2023_fall_playoffs,choai,kucao,ppxia,18,xmx,2,,2020-2023.xlsx,1130
4508,2023-12-30,IVL_2023_fall_playoffs,xawm,guag,jelly,eleven,487,0,1,2020-2023.xlsx,1131
4509,2023-12-31,IVL_2023_fall_playoffs,dongx,xiaox,xiaod,nanako,huac,2,,2020-2023.xlsx,1132
4510,2023-12-31,IVL_2023_fall_playoffs,xc,sans,zibi,sxy,regesi,2,,2020-2023.xlsx,1133
4511,2023-12-31,IVL_2023_fall_playoffs,dongx,nanako,xiaod,xiaox,huac,2,,2020-2023.xlsx,1134
4512,2023-12-31,IVL_2023_fall_playoffs,xc,sans,zibi,sxy,regesi,2,,2020-2023.xlsx,1135
4513,2023-12-31,IVL_2023_fall_playoffs,dongx,nanako,huac,xiaox,xiaod,2,,2020-2023.xlsx,1136
4514,2023-12-31,IVL_2023_fall_playoffs,xc,regesi,zibi,sxy,sans,1,1,2020-2023.xlsx,1137
4515,2023-12-31,IVL_2023_fall_playoffs,xc,sans,regesi,zibi,sxy,3,0,2020-2023.xlsx,1138
4516,2023-12-31,IVL_2023_fall_playoffs,dongx,xiaod,nanako,xiaox,huac,2,,2020-2023.xlsx,1139
4517,2023-12-31,IVL_2023_fall_playoffs,xc,sxy,regesi,sans,zibi,2,,2020-2023.xlsx,1140
4518,2023-12-31,IVL_2023_fall_playoffs,dongx,nanako,huac,xiaox,xiaod,4,0,2020-2023.xlsx,1141
4519,2023-12-31,IVL_2023_fall_playoffs,choai,xiaod,nanako,huac,xiaox,3,0,2020-2023.xlsx,1142
4520,2023-12-31,IVL_2023_fall_playoffs,xc,487,guag,jelly,eleven,3,0,2020-2023.xlsx,1143
4521,2023-12-31,IVL_2023_fall_playoffs,choai,nanako,xiaod,huac,xiaox,2,,2020-2023.xlsx,1144
4522,2023-12-31,IVL_2023_fall_playoffs,xc,487,jelly,eleven,guag,3,0,2020-2023.xlsx,1145
4523,2023-12-31,IVL_2023_fall_playoffs,xc,487,jelly,eleven,guag,3,0,2020-2023.xlsx,1146
4524,2023-12-31,IVL_2023_fall_playoffs,choai,nanako,xiaod,huac,xiaox,3,0,2020-2023.xlsx,1147
4525,2023-12-31,IVL_2023_fall_playoffs,xc,jelly,487,eleven,guag,1,1,2020-2023.xlsx,1148
4526,2023-12-31,IVL_2023_fall_playoffs,choai,xiaod,nanako,xiaox,huac,1,1,2020-2023.xlsx,1149
4527,2023-12-31,IVL_2023_fall_playoffs,xc,eleven,487,guag,jelly,3,0,2020-2023.xlsx,1150
4528,2023-12-31,IVL_2023_fall_playoffs,choai,xiaox,xiaod,huac,nanako,2,,2020-2023.xlsx,1151
4529,2023-01-01,IVL_2023_fall_playoffs,xawm,487,guag,eleven,jelly,2,,2020-2023.xlsx,1152
4530,2023-01-01,IVL_2023_fall_playoffs,choai,ppxia,18,fulan,kucao,1,1,2020-2023.xlsx,1153
4531,2023-01-01,IVL_2023_fall_playoffs,choai,xmx,kucao,18,ppxia,2,,2020-2023.xlsx,1154
4532,2023-01-01,IVL_2023_fall_playoffs,xawm,jelly,487,eleven,guag,2,,2020-2023.xlsx,1155
4533,2023-01-01,IVL_2023_fall_playoffs,choai,kucao,xmx,ppxia,18,3,0,2020-2023.xlsx,1156
4534,2023-01-01,IVL_2023_fall_playoffs,xawm,eleven,jelly,487,guag,3,0,2020-2023.xlsx,1157
4535,2023-01-01,IVL_2023_fall_playoffs,xawm,guag,eleven,487,jelly,3,0,2020-2023.xlsx,1158
4536,2023-01-01,IVL_2023_fall_playoffs,choai,18,ppxia,xmx,kucao,1,1,2020-2023.xlsx,1159
4537,2021-05-01,COA4,ppxia,akyu,zkai,airqaq,rakki,0,1,2020-2023.xlsx,0
4538,2021-05-01,COA4,dream,445,zb,kucao,zzai,1,1,2020-2023.xlsx,1
4539,2021-05-01,COA4,xawm,akyu,zkai,airqaq,rakki,0,1,2020-2023.xlsx,2
4540,2021-05-01,COA4,crazy,445,zb,kucao,zzai,3,0,2020-2023.xlsx,3
4541,2021-05-01,COA4,ppx,kat,atto,raolie,dolisu,2,,2020-2023.xlsx,4
4542,2021-05-01,COA4,yanasa,mkk,567,xmm,czai,2,,2020-2023.xlsx,5
4543,2021-05-01,COA4,vanpyi,mkk,xmm,kong,czai,0,1,2020-2023.xlsx,6
4544,2021-05-01,COA4,ppx,kat,atto,raolie,dolisu,0,1,2020-2023.xlsx,7
4545,2021-05-01,COA4,ppx,kat,atto,takakou,dolisu,2,,2020-2023.xlsx,8
4546,2021-05-01,COA4,vanpyi,mkk,xmm,kong,czai,1,1,2020-2023.xlsx,9
4547,2021-05-01,COA4,yan,kznk,mocchi,ruto,lim,3,0,2020-2023.xlsx,10
4548,2021-05-01,COA4,silk,jiaxin,bobo,youzi,chuc,3,0,2020-2023.xlsx,11
4549,2021-05-01,COA4,tx,lim,kznk,mocchi,ruto,0,1,2020-2023.xlsx,12
4550,2021-05-01,COA4,alf,jiaxin,bobo,youzi,chuc,2,,2020-2023.xlsx,13
4551,2021-05-01,COA4,alf,jiaxin,bobo,youzi,chuc,1,1,2020-2023.xlsx,14
4552,2021-05-01,COA4,tx,lim,kznk,mocchi,ruto,3,0,2020-2023.xlsx,15
4553,2021-05-01,COA4,sprintzer,yjj,sxy,tea,billy,3,0,2020-2023.xlsx,16
4554,2021-05-01,COA4,afu,myleg,schmiddy,paulblems,rolend,0,1,2020-2023.xlsx,17
4555,2021-05-01,COA4,afu,myleg,schmiddy,paulblems,rolend,0,1,2020-2023.xlsx,18
4556,2021-05-01,COA4,sprintzer,yjj,sxy,tea,billy,2,,2020-2023.xlsx,19
4557,2021-05-02,COA4,xc,add,huiyi,tang,blue,2,,2020-2023.xlsx,20
4558,2021-05-02,COA4,d,haiya,qingc,weirdo,xiaod,2,,2020-2023.xlsx,21
4559,2021-05-02,COA4,xc,add,huiyi,tang,blue,3,0,2020-2023.xlsx,22
4560,2021-05-02,COA4,d,haiya,qingc,weirdo,xiaod,1,1,2020-2023.xlsx,23
4561,2021-05-02,COA4,xc,add,huiyi,tang,blue,0,1,2020-2023.xlsx,24
4562,2021-05-02,COA4,d,haiya,qingc,weirdo,xiaod,0,1,2020-2023.xlsx,25
4563,2021-05-02,COA4,metal,iron,mk,long,ak,2,,2020-2023.xlsx,26
4564,2021-05-02,COA4,ymm,haram,calendar,jueun,3o3,2,,2020-2023.xlsx,27
4565,2021-05-02,COA4,ken,haram,calendar,jueun,3o3,0,1,2020-2023.xlsx,28
4566,2021-05-02,COA4,metal,iron,mk,long,ak,2,,2020-2023.xlsx,29
4567,2021-05-02,COA4,metal,iron,mk,long,ak,4,0,2020-2023.xlsx,30
4568,2021-05-02,COA4,ken,haram,calendar,jueun,3o3,0,1,2020-2023.xlsx,31
4569,2021-05-02,COA4,nonino,theflash,hata,9mammos,littleboy,0,1,2020-2023.xlsx,32
4570,2021-05-02,COA4,thelast,maeken,yuto,kit,maka,3,0,2020-2023.xlsx,33
4571,2021-05-02,COA4,thelast,maeken,yuto,kit,maka,4,0,2020-2023.xlsx,34
4572,2021-05-02,COA4,nonino,theflash,hata,9mammos,littleboy,1,1,2020-2023.xlsx,35
4573,2021-05-02,COA4,zenowo,upxi,zyj,ww,jx,3,0,2020-2023.xlsx,36
4574,2021-05-02,COA4,dongx,rem,ram,kuanlee,mx,0,1,2020-2023.xlsx,37
4575,2021-05-02,COA4,zenowo,upxi,zyj,ww,jx,3,0,2020-2023.xlsx,38
4576,2021-05-02,COA4,dongx,rem,ram,kuanlee,mx,0,1,2020-2023.xlsx,39
4577,2021-05-03,COA4,yanasa,445,zb,kucao,zzai,4,0,2020-2023.xlsx,40
4578,2021-05-03,COA4,ppxia,kat,atto,raolie,dolisu,2,,2020-2023.xlsx,41
4579,2021-05-03,COA4,vanpyi,445,zb,kucao,zzai,1,1,2020-2023.xlsx,42
4580,2021-05-03,COA4,xawm,kat,atto,raolie,dolisu,0,1,2020-2023.xlsx,43
4581,2021-05-03,COA4,yan,yjj,sxy,tea,billy,3,0,2020-2023.xlsx,44
4582,2021-05-03,COA4,afu,jiaxin,bobo,youzi,chuc,2,,2020-2023.xlsx,45
4583,2021-05-03,COA4,tx,yjj,sxy,tea,billy,2,,2020-2023.xlsx,46
4584,2021-05-03,COA4,afu,jiaxin,bobo,youzi,chuc,0,1,2020-2023.xlsx,47
4585,2021-05-03,COA4,d,iron,mk,long,ak,3,0,2020-2023.xlsx,48
4586,2021-05-03,COA4,ymm,blue,huiyi,add,tang,0,1,2020-2023.xlsx,49
4587,2021-05-03,COA4,d,iron,mk,long,ak,2,,2020-2023.xlsx,50
4588,2021-05-03,COA4,ken,blue,huiyi,add,tang,2,,2020-2023.xlsx,51
4589,2021-05-03,COA4,ken,blue,huiyi,add,tang,3,0,2020-2023.xlsx,52
4590,2021-05-03,COA4,d,iron,mk,long,ak,4,0,2020-2023.xlsx,53
4591,2021-05-03,COA4,nonino,upxi,zyj,ww,jx,0,1,2020-2023.xlsx,54
4592,2021-05-03,COA4,dongx,maeken,yuto,maka,kit,0,1,2020-2023.xlsx,55
4593,2021-05-03,COA4,dongx,maeken,yuto,maka,kit,0,1,2020-2023.xlsx,56
4594,2021-05-03,COA4,nonino,upxi,zyj,ww,jx,3,0,2020-2023.xlsx,57
4595,2021-05-03,COA4,dongx,maeken,yuto,maka,kit,0,1,2020-2023.xlsx,58
4596,2021-05-03,COA4,nonino,upxi,zyj,ww,jx,3,0,2020-2023.xlsx,59
4597,2021-05-04,COA4,afu,kucao,zzai,zb,445,2,,2020-2023.xlsx,60
4598,2021-05-04,COA4,ppxia,billy,sxy,yjj,tea,2,,2020-2023.xlsx,61
4599,2021-05-04,COA4,afu,kucao,zzai,zb,445,2,,2020-2023.xlsx,62
4600,2021-05-04,COA4,xawm,billy,sxy,yjj,tea,2,,2020-2023.xlsx,63
4601,2021-05-04,COA4,ppxia,billy,sxy,yjj,tea,1,1,2020-2023.xlsx,64
4602,2021-05-04,COA4,afu,kucao,zzai,zb,445,3,0,2020-2023.xlsx,65
4603,2021-05-04,COA4,ken,jx,zyj,ww,upxi,2,,2020-2023.xlsx,66
4604,2021-05-04,COA4,dongx,iron,long,mk,ak,2,,2020-2023.xlsx,67
4605,2021-05-04,COA4,dongx,iron,long,mk,ak,3,0,2020-2023.xlsx,68
4606,2021-05-04,COA4,ken,jx,zyj,ww,upxi,1,1,2020-2023.xlsx,69
4607,2021-05-04,COA4,ken,jx,zyj,ww,upxi,2,,2020-2023.xlsx,70
4608,2021-05-04,COA4,dongx,iron,long,mk,ak,2,,2020-2023.xlsx,71
4609,2021-05-04,COA4,dongx,yjj,billy,tea,sxy,0,1,2020-2023.xlsx,72
4610,2021-05-04,COA4,afu,jx,zyj,ww,upxi,0,1,2020-2023.xlsx,73
4611,2021-05-04,COA4,afu,zyj,upxi,ww,jx,2,,2020-2023.xlsx,74
4612,2021-05-04,COA4,dongx,yjj,billy,tea,sxy,1,1,2020-2023.xlsx,75
4613,2021-05-04,COA4,afu,jx,zyj,ww,upxi,2,,2020-2023.xlsx,76
4614,2021-05-04,COA4,dongx,yjj,billy,tea,sxy,3,0,2020-2023.xlsx,77
4615,2021-05-04,COA4,afu,zyj,upxi,ww,jx,0,1,2020-2023.xlsx,78
4616,2021-05-04,COA4,dongx,yjj,sxy,tea,billy,3,0,2020-2023.xlsx,79
4617,2021-05-04,COA4,ymm,445,zb,kucao,zzai,1,1,2020-2023.xlsx,80
4618,2021-05-04,COA4,ppxia,iron,mk,long,ak,0,1,2020-2023.xlsx,81
4619,2021-05-04,COA4,xawm,iron,mk,long,ak,3,0,2020-2023.xlsx,82
4620,2021-05-04,COA4,ken,445,zb,kucao,zzai,2,,2020-2023.xlsx,83
4621,2021-05-04,COA4,ken,445,zb,kucao,zzai,3,0,2020-2023.xlsx,84
4622,2021-05-04,COA4,ppxia,iron,mk,long,ak,2,,2020-2023.xlsx,85
4623,2021-05-04,COA4,ppxia,iron,mk,long,ak,2,,2020-2023.xlsx,86
4624,2021-05-04,COA4,ken,445,zb,kucao,zzai,0,1,2020-2023.xlsx,87
4625,2021-05-04,COA4,ppxia,iron,mk,long,ak,0,1,2020-2023.xlsx,88
4626,2021-05-04,COA4,ken,445,zb,kucao,zzai,2,,2020-2023.xlsx,89
4627,2022-04-16,COA5,ymm,487,huan,lion,jelly,2,,2020-2023.xlsx,0
4628,2022-04-16,COA5,alex,tang,maom,huiyi,libao,0,1,2020-2023.xlsx,1
4629,2022-04-16,COA5,alex,tang,huiyi,libao,maom,3,0,2020-2023.xlsx,2
4630,2022-04-16,COA5,ymm,lion,487,huan,jelly,3,0,2020-2023.xlsx,3
4631,2022-04-16,COA5,alex,tang,huiyi,maom,libao,2,,2020-2023.xlsx,4
4632,2022-04-16,COA5,ymm,lion,487,jelly,huan,3,0,2020-2023.xlsx,5
4633,2022-04-16,COA5,yue,kznk,lim,unpyi,mocchi,3,0,2020-2023.xlsx,6
4634,2022-04-16,COA5,silk,jmt,zibi,ming,fox,0,1,2020-2023.xlsx,7
4635,2022-04-16,COA5,yue,mocchi,unpyi,lim,kznk,3,0,2020-2023.xlsx,8
4636,2022-04-16,COA5,alf,jmt,fox,ming,zibi,1,1,2020-2023.xlsx,9
4637,2022-04-16,COA5,xawm,mone,sinami,pyone,soar,0,1,2020-2023.xlsx,10
4638,2022-04-16,COA5,miraik,kucao,koko,18,zhuzi,3,0,2020-2023.xlsx,11
4639,2022-04-16,COA5,xawm,pyone,soar,sinami,mone,3,0,2020-2023.xlsx,12
4640,2022-04-16,COA5,silia,18,zhuzi,koko,kucao,3,0,2020-2023.xlsx,13
4641,2022-04-16,COA5,silia,koko,zhuzi,18,kucao,1,1,2020-2023.xlsx,14
4642,2022-04-16,COA5,xawm,pyone,soar,mone,sinami,0,1,2020-2023.xlsx,15
4643,2022-04-16,COA5,godjay,bobo,upxi,zyj,yihua,4,0,2020-2023.xlsx,16
4644,2022-04-16,COA5,dongx,hatar1,littleboy,skyfall,captkun,0,1,2020-2023.xlsx,17
4645,2022-04-16,COA5,dongx,skyfall,littleboy,captkun,hatar1,0,1,2020-2023.xlsx,18
4646,2022-04-16,COA5,godjay,yihua,upxi,zyj,bobo,3,0,2020-2023.xlsx,19
4647,2022-04-17,COA5,karyl,zzai,shadow,heart,ac,4,0,2020-2023.xlsx,20
4648,2022-04-17,COA5,ppx,kuanlee,rem,mx,miniblue,0,1,2020-2023.xlsx,21
4649,2022-04-17,COA5,ppx,rem,miniblue,kuanlee,mx,0,1,2020-2023.xlsx,22
4650,2022-04-17,COA5,karyl,heart,shadow,ac,zzai,3,0,2020-2023.xlsx,23
4651,2022-04-17,COA5,papua,ak,long,mk,iron,3,0,2020-2023.xlsx,24
4652,2022-04-17,COA5,afu,imsosexy,ch,sika,seeun,2,,2020-2023.xlsx,25
4653,2022-04-17,COA5,afu,imsosexy,ch,sika,seeun,2,,2020-2023.xlsx,26
4654,2022-04-17,COA5,yuu,ak,long,mk,iron,2,,2020-2023.xlsx,27
4655,2022-04-17,COA5,afu,imsosexy,ch,sika,seeun,2,,2020-2023.xlsx,28
4656,2022-04-17,COA5,yuu,ak,long,mk,iron,3,0,2020-2023.xlsx,29
4657,2022-04-17,COA5,sprintzer,daccho,no5,roido,yat,0,1,2020-2023.xlsx,30
4658,2022-04-17,COA5,pipicha,schmiddy,paulblems,myleg,rolend,2,,2020-2023.xlsx,31
4659,2022-04-17,COA5,sprintzer,daccho,no5,roido,yat,4,0,2020-2023.xlsx,32
4660,2022-04-17,COA5,pipicha,rolend,paulblems,schmiddy,myleg,0,1,2020-2023.xlsx,33
4661,2022-04-17,COA5,sprintzer,yat,dahyo,daccho,roido,2,,2020-2023.xlsx,34
4662,2022-04-17,COA5,pipicha,schmiddy,paulblems,myleg,rolend,0,1,2020-2023.xlsx,35
4663,2022-04-17,COA5,ukg,xiaod,xingh,weirdo,hengh,2,,2020-2023.xlsx,36
4664,2022-04-17,COA5,xc,lofi,ola,an,87yt,2,,2020-2023.xlsx,37
4665,2022-04-17,COA5,maitake,xingh,hengh,weirdo,xiaod,4,0,2020-2023.xlsx,38
4666,2022-04-17,COA5,xc,lofi,ola,99,an,0,1,2020-2023.xlsx,39
4667,2022-04-17,COA5,maitake,weirdo,hengh,xiaod,xingh,3,0,2020-2023.xlsx,40
4668,2022-04-17,COA5,xc,lofi,an,ola,99,0,1,2020-2023.xlsx,41
4669,2022-04-18,COA5,ppx,mone,sinami,pyone,soar,0,1,2020-2023.xlsx,42
4670,2022-04-18,COA5,miraik,zzai,ac,shadow,heart,2,,2020-2023.xlsx,43
4671,2022-04-18,COA5,ppx,mone,soar,sinami,pyone,3,0,2020-2023.xlsx,44
4672,2022-04-18,COA5,silia,heart,shadow,zzai,ac,2,,2020-2023.xlsx,45
4673,2022-04-18,COA5,ppx,mone,soar,pyone,sinami,1,1,2020-2023.xlsx,46
4674,2022-04-18,COA5,silia,zzai,shadow,ac,heart,2,,2020-2023.xlsx,47
4675,2022-04-18,COA5,papua,hatar1,littleboy,skyfall,captkun,2,,2020-2023.xlsx,48
4676,2022-04-18,COA5,godjay,sika,ch,imsosexy,seeun,2,,2020-2023.xlsx,49
4677,2022-04-18,COA5,yuu,hatar1,captkun,skyfall,littleboy,2,,2020-2023.xlsx,50
4678,2022-04-18,COA5,godjay,seeun,ch,imsosexy,sika,3,0,2020-2023.xlsx,51
4679,2022-04-18,COA5,thelast,seeun,sika,imsosexy,ch,3,0,2020-2023.xlsx,52
4680,2022-04-18,COA5,yuu,skyfall,hatar1,littleboy,captkun,3,0,2020-2023.xlsx,53
4681,2022-04-18,COA5,silk,lofi,ola,87yt,an,3,0,2020-2023.xlsx,54
4682,2022-04-18,COA5,ukg,kznk,lim,mocchi,unpyi,1,1,2020-2023.xlsx,55
4683,2022-04-18,COA5,ukg,lim,kznk,unpyi,mocchi,3,0,2020-2023.xlsx,56
4684,2022-04-18,COA5,alf,lofi,ola,99,an,0,1,2020-2023.xlsx,57
4685,2022-04-18,COA5,alf,lofi,ola,an,99,0,1,2020-2023.xlsx,58
4686,2022-04-18,COA5,maitake,kznk,mocchi,lim,unpyi,3,0,2020-2023.xlsx,59
4687,2022-04-18,COA5,alex,schmiddy,paulblems,myleg,rolend,1,1,2020-2023.xlsx,60
4688,2022-04-18,COA5,sprintzer,487,huan,jelly,lion,3,0,2020-2023.xlsx,61
4689,2022-04-18,COA5,sprintzer,lion,487,jelly,huan,3,0,2020-2023.xlsx,62
4690,2022-04-18,COA5,alex,schmiddy,myleg,rolend,paulblems,2,,2020-2023.xlsx,63
4691,2022-04-19,COA5,yue,hengh,xiaod,qingc,xingh,0,1,2020-2023.xlsx,64
4692,2022-04-19,COA5,xc,jmt,ming,zibi,fox,3,0,2020-2023.xlsx,65
4693,2022-04-19,COA5,xc,jmt,zibi,fox,ming,1,1,2020-2023.xlsx,66
4694,2022-04-19,COA5,yue,xingh,hengh,qingc,xiaod,2,,2020-2023.xlsx,67
4695,2022-04-19,COA5,yue,xingh,xiaod,hengh,qingc,2,,2020-2023.xlsx,68
4696,2022-04-19,COA5,xc,jmt,zibi,fox,ming,2,,2020-2023.xlsx,69
4697,2022-04-19,COA5,ymm,yat,dahyo,daccho,no5,2,,2020-2023.xlsx,70
4698,2022-04-19,COA5,pipicha,tang,maom,huiyi,libao,1,1,2020-2023.xlsx,71
4699,2022-04-19,COA5,pipicha,tang,maom,libao,huiyi,2,,2020-2023.xlsx,72
4700,2022-04-19,COA5,ymm,daccho,yat,roido,dahyo,2,,2020-2023.xlsx,73
4701,2022-04-19,COA5,ymm,dahyo,roido,daccho,yat,3,0,2020-2023.xlsx,74
4702,2022-04-19,COA5,pipicha,tang,maom,libao,huiyi,2,,2020-2023.xlsx,75
4703,2022-04-19,COA5,xawm,kuanlee,miniblue,rem,mx,3,0,2020-2023.xlsx,76
4704,2022-04-19,COA5,darkowo,koko,18,zhuzi,kucao,3,0,2020-2023.xlsx,77
4705,2022-04-19,COA5,xawm,miniblue,rem,mx,kuanlee,0,1,2020-2023.xlsx,78
4706,2022-04-19,COA5,darkowo,kucao,zhuzi,xen,18,4,0,2020-2023.xlsx,79
4707,2022-04-19,COA5,ppxia,rem,miniblue,kuanlee,mx,0,1,2020-2023.xlsx,80
4708,2022-04-19,COA5,darkowo,kucao,zhuzi,xen,18,3,0,2020-2023.xlsx,81
4709,2022-04-19,COA5,dongx,ak,iron,mk,long,3,0,2020-2023.xlsx,82
4710,2022-04-19,COA5,afu,yihua,zyj,upxi,bobo,3,0,2020-2023.xlsx,83
4711,2022-04-19,COA5,afu,yihua,bobo,zyj,upxi,2,,2020-2023.xlsx,84
4712,2022-04-19,COA5,dongx,mk,iron,long,ak,3,0,2020-2023.xlsx,85
4713,2022-04-19,COA5,afu,yihua,bobo,zyj,upxi,3,0,2020-2023.xlsx,86
4714,2022-04-19,COA5,dongx,mk,long,iron,ak,2,,2020-2023.xlsx,87
4715,2022-04-19,COA5,afu,yihua,upxi,zyj,bobo,2,,2020-2023.xlsx,88
4716,2022-04-19,COA5,dongx,long,iron,ak,mk,0,1,2020-2023.xlsx,89
4717,2022-04-20,COA5,silk,xingh,xiaod,hengh,qingc,2,,2020-2023.xlsx,90
4718,2022-04-20,COA5,xc,kznk,lim,unpyi,mocchi,1,1,2020-2023.xlsx,91
4719,2022-04-20,COA5,alf,xingh,qingc,xiaod,hengh,0,1,2020-2023.xlsx,92
4720,2022-04-20,COA5,xc,lim,kznk,mocchi,unpyi,3,0,2020-2023.xlsx,93
4721,2022-04-20,COA5,xc,lim,mocchi,kznk,umpyi,4,0,2020-2023.xlsx,94
4722,2022-04-20,COA5,alf,qingc,hengh,xiaod,xingh,3,0,2020-2023.xlsx,95
4723,2022-04-20,COA5,miraik,kuanlee,miniblue,rem,mx,0,1,2020-2023.xlsx,96
4724,2022-04-20,COA5,darkowo,mone,soar,pyone,sinami,3,0,2020-2023.xlsx,97
4725,2022-04-20,COA5,darkowo,pyone,sinami,soar,mone,3,0,2020-2023.xlsx,98
4726,2022-04-20,COA5,silia,kuanlee,miniblue,rem,mx,1,1,2020-2023.xlsx,99
4727,2022-04-20,COA5,ymm,rolend,paulblems,myleg,schmiddy,0,1,2020-2023.xlsx,100
4728,2022-04-20,COA5,sprintzer,tang,maom,libao,huiyi,3,0,2020-2023.xlsx,101
4729,2022-04-20,COA5,sprintzer,tang,maom,libao,huiyi,2,,2020-2023.xlsx,102
4730,2022-04-20,COA5,ymm,rolend,paulblems,schmiddy,myleg,1,1,2020-2023.xlsx,103
4731,2022-04-20,COA5,godjay,iron,mk,ak,long,2,,2020-2023.xlsx,104
4732,2022-04-20,COA5,afu,captkun,littleboy,hatari,skyfall,2,,2020-2023.xlsx,105
4733,2022-04-20,COA5,afu,skyfall,littleboy,hatari,captkun,0,1,2020-2023.xlsx,106
4734,2022-04-20,COA5,godjay,mk,iron,ak,long,4,0,2020-2023.xlsx,107
4735,2022-04-20,COA5,godjay,mk,ak,iron,long,2,,2020-2023.xlsx,108
4736,2022-04-20,COA5,afu,skyfall,captkun,hatari,littleboy,0,1,2020-2023.xlsx,109
4737,2022-04-21,COA5,pipicha,jelly,487,lion,huan,3,0,2020-2023.xlsx,110
4738,2022-04-21,COA5,alex,daccho,no5,yat,dahyo,3,0,2020-2023.xlsx,111
4739,2022-04-21,COA5,alex,yat,roido,daccho,dahyo,2,,2020-2023.xlsx,112
4740,2022-04-21,COA5,pipicha,lion,487,jelly,huan,3,0,2020-2023.xlsx,113
4741,2022-04-21,COA5,alex,daccho,yat,dahyo,roido,2,,2020-2023.xlsx,114
4742,2022-04-21,COA5,pipicha,huan,487,jelly,lion,4,0,2020-2023.xlsx,115
4743,2022-04-21,COA5,papua,yihua,zyj,upxi,bobo,2,,2020-2023.xlsx,116
4744,2022-04-21,COA5,dongx,seeun,ch,imsosexy,sika,2,,2020-2023.xlsx,117
4745,2022-04-21,COA5,yuu,yihua,bobo,zyj,upxi,3,0,2020-2023.xlsx,118
4746,2022-04-21,COA5,dongx,seeun,sika,imsosexy,ch,0,1,2020-2023.xlsx,119
4747,2022-04-21,COA5,yuu,bobo,upxi,yihua,zyj,1,1,2020-2023.xlsx,120
4748,2022-04-21,COA5,dongx,seeun,ch,sika,imsosexy,0,1,2020-2023.xlsx,121
4749,2022-04-21,COA5,ukg,jmt,zibi,fox,ming,3,0,2020-2023.xlsx,122
4750,2022-04-21,COA5,yue,lofi,ola,an,87yt,0,1,2020-2023.xlsx,123
4751,2022-04-21,COA5,maitake,jmt,fox,zibi,ming,2,,2020-2023.xlsx,124
4752,2022-04-21,COA5,yue,87yt,lofi,an,99,3,0,2020-2023.xlsx,125
4753,2022-04-21,COA5,yue,an,lofi,87yt,ola,1,1,2020-2023.xlsx,126
4754,2022-04-21,COA5,maitake,jmt,zibi,fox,ming,2,,2020-2023.xlsx,127
4755,2022-04-21,COA5,xawm,zzai,heart,shadow,ac,2,,2020-2023.xlsx,128
4756,2022-04-21,COA5,ppx,18,koko,kucao,zhuzi,3,0,2020-2023.xlsx,129
4757,2022-04-21,COA5,ppx,zhuzi,xen,18,kucao,2,,2020-2023.xlsx,130
4758,2022-04-21,COA5,xawm,heart,zzai,shadow,ac,2,,2020-2023.xlsx,131
4759,2022-04-21,COA5,xawm,heart,shadow,zzai,ac,2,,2020-2023.xlsx,132
4760,2022-04-21,COA5,ppx,xen,zhuzi,kucao,18,3,0,2020-2023.xlsx,133
4761,2022-04-30,COA5,miraik,no5,yat,dahyo,daccho,2,,2020-2023.xlsx,134
4762,2022-04-30,COA5,pipicha,mone,sinami,pyone,soar,3,0,2020-2023.xlsx,135
4763,2022-04-30,COA5,silia,daccho,no5,yat,dahyo,2,,2020-2023.xlsx,136
4764,2022-04-30,COA5,pipicha,pyone,sinami,mone,soar,4,0,2020-2023.xlsx,137
4765,2022-04-30,COA5,xuan,libao,maom,tang,huiyi,3,0,2020-2023.xlsx,138
4766,2022-04-30,COA5,ymm,long,mk,ak,sans,2,,2020-2023.xlsx,139
4767,2022-04-30,COA5,ymm,long,mk,ak,iron,4,0,2020-2023.xlsx,140
4768,2022-04-30,COA5,afu,maom,tang,huiyi,libao,4,0,2020-2023.xlsx,141
4769,2022-04-30,COA5,afu,huiyi,libao,maom,tang,2,,2020-2023.xlsx,142
4770,2022-04-30,COA5,ymm,long,iron,mk,ak,0,1,2020-2023.xlsx,143
4771,2022-04-30,COA5,papua,jmt,zibi,ming,fox,3,0,2020-2023.xlsx,144
4772,2022-04-30,COA5,yue,ch,seeun,imsosexy,sika,0,1,2020-2023.xlsx,145
4773,2022-04-30,COA5,yuu,jmt,zibi,ming,fox,0,1,2020-2023.xlsx,146
4774,2022-04-30,COA5,yue,sika,imsosexy,seeun,ch,0,1,2020-2023.xlsx,147
4775,2022-04-30,COA5,yuu,jmt,zibi,ming,fox,2,,2020-2023.xlsx,148
4776,2022-04-30,COA5,ppx,xingh,weirdo,hengh,xiaod,0,1,2020-2023.xlsx,149
4777,2022-04-30,COA5,xc,heart,shadow,zzai,ac,3,0,2020-2023.xlsx,150
4778,2022-04-30,COA5,xc,zzai,heart,shadow,ac,2,,2020-2023.xlsx,151
4779,2022-04-30,COA5,ppx,xingh,hengh,xiaod,weirdo,4,0,2020-2023.xlsx,152
4780,2022-04-30,COA5,ppx,weirdo,hengh,xingh,xiaod,2,,2020-2023.xlsx,153
4781,2022-04-30,COA5,xc,zzai,shadow,heart,ac,0,1,2020-2023.xlsx,154
4782,2022-05-01,COA5,miraik,kznk,lim,mocchi,unpyi,2,,2020-2023.xlsx,155
4783,2022-05-01,COA5,silk,mone,sinami,pyone,soar,3,0,2020-2023.xlsx,156
4784,2022-05-01,COA5,silia,mocchi,kznk,unpyi,lim,3,0,2020-2023.xlsx,157
4785,2022-05-01,COA5,alf,mone,sinami,pyone,soar,3,0,2020-2023.xlsx,158
4786,2022-05-01,COA5,silia,lim,unpyi,mocchi,kznk,3,0,2020-2023.xlsx,159
4787,2022-05-01,COA5,alf,pyone,sinami,mone,soar,0,1,2020-2023.xlsx,160
4788,2022-05-01,COA5,xawm,maom,tang,libao,huiyi,2,,2020-2023.xlsx,161
4789,2022-05-01,COA5,ymm,kucao,koko,zhuzi,18,3,0,2020-2023.xlsx,162
4790,2022-05-01,COA5,xawm,tang,maom,huiyi,libao,0,1,2020-2023.xlsx,163
4791,2022-05-01,COA5,ymm,zhuzi,xen,18,kucao,2,,2020-2023.xlsx,164
4792,2022-05-01,COA5,alex,jmt,zibi,fox,ming,1,1,2020-2023.xlsx,165
4793,2022-05-01,COA5,yue,jelly,487,lion,huan,1,1,2020-2023.xlsx,166
4794,2022-05-01,COA5,yue,487,lion,jelly,huan,3,0,2020-2023.xlsx,167
4795,2022-05-01,COA5,alex,jmt,zibi,fox,ming,0,1,2020-2023.xlsx,168
4796,2022-05-01,COA5,alex,jmt,ming,zibi,fox,2,,2020-2023.xlsx,169
4797,2022-05-01,COA5,yue,huan,jelly,lion,487,3,0,2020-2023.xlsx,170
4798,2022-05-01,COA5,xc,bobo,yihua,zyj,upxi,2,,2020-2023.xlsx,171
4799,2022-05-01,COA5,dongx,xingh,weirdo,xiaod,hengh,1,1,2020-2023.xlsx,172
4800,2022-05-01,COA5,xc,yihua,upxi,zyj,bobo,2,,2020-2023.xlsx,173
4801,2022-05-01,COA5,dongx,xingh,hengh,weirdo,xiaod,2,,2020-2023.xlsx,174
4802,2022-05-01,COA5,dongx,hengh,xiaod,weirdo,xingh,3,0,2020-2023.xlsx,175
4803,2022-05-01,COA5,xc,bobo,upxi,yihua,zyj,3,0,2020-2023.xlsx,176
4804,2022-05-02,COA5,silk,kucao,koko,18,zhuzi,3,0,2020-2023.xlsx,177
4805,2022-05-02,COA5,xawm,kznk,lim,unpyi,mocchi,3,0,2020-2023.xlsx,178
4806,2022-05-02,COA5,xawm,lim,unpyi,mocchi,kznk,3,0,2020-2023.xlsx,179
4807,2022-05-02,COA5,alf,zhuzi,xen,kucao,18,2,,2020-2023.xlsx,180
4808,2022-05-02,COA5,xawm,lim,unpyi,mocchi,kznk,3,0,2020-2023.xlsx,181
4809,2022-05-02,COA5,alf,xen,zhuzi,18,kucao,2,,2020-2023.xlsx,182
4810,2022-05-02,COA5,ppxia,kznk,mocchi,unpyi,lim,3,0,2020-2023.xlsx,183
4811,2022-05-02,COA5,alf,xen,zhuzi,18,kucao,3,0,2020-2023.xlsx,184
4812,2022-05-02,COA5,alex,yihua,bobo,upxi,zyj,0,1,2020-2023.xlsx,185
4813,2022-05-02,COA5,dongx,487,huan,lion,jelly,3,0,2020-2023.xlsx,186
4814,2022-05-02,COA5,alex,yihua,zyj,upxi,bobo,0,1,2020-2023.xlsx,187
4815,2022-05-02,COA5,dongx,jelly,lion,487,huan,3,0,2020-2023.xlsx,188
4816,2022-05-02,COA5,alex,bobo,upxi,yihua,zyj,3,0,2020-2023.xlsx,189
4817,2022-05-02,COA5,dongx,jelly,huan,lion,487,2,,2020-2023.xlsx,190
4818,2022-05-02,COA5,dongx,lion,jelly,487,huan,4,0,2020-2023.xlsx,191
4819,2022-05-03,COA5,dongx,kucao,koko,xen,18,2,,2020-2023.xlsx,192
4820,2022-05-03,COA5,xawm,bobo,zyj,yihua,upxi,3,0,2020-2023.xlsx,193
4821,2022-05-03,COA5,xawm,yihua,upxi,zyj,bobo,2,,2020-2023.xlsx,194
4822,2022-05-03,COA5,dongx,xen,kucao,18,koko,2,,2020-2023.xlsx,195
4823,2022-05-03,COA5,dongx,xen,kucao,koko,18,2,,2020-2023.xlsx,196
4824,2022-05-03,COA5,xawm,yihua,zyj,upxi,bobo,2,,2020-2023.xlsx,197
4825,2022-05-03,COA5,ppxia,yihua,upxi,bobo,zyj,1,1,2020-2023.xlsx,198
4826,2022-05-03,COA5,dongx,18,xen,koko,kucao,0,1,2020-2023.xlsx,199
4827,2022-05-03,COA5,silk,487,huan,jelly,lion,3,0,2020-2023.xlsx,200
4828,2022-05-03,COA5,alex,kznk,lim,unpyi,mocchi,0,1,2020-2023.xlsx,201
4829,2022-05-03,COA5,alf,487,lion,huan,jelly,0,1,2020-2023.xlsx,202
4830,2022-05-03,COA5,alex,lim,mocchi,unpyi,kznk,1,1,2020-2023.xlsx,203
4831,2022-05-03,COA5,alex,lim,mocchi,unpyi,kznk,3,0,2020-2023.xlsx,204
4832,2022-05-03,COA5,alf,lion,487,jelly,huan,3,0,2020-2023.xlsx,205
4833,2022-05-03,COA5,alf,jelly,huan,lion,487,3,0,2020-2023.xlsx,206
4834,2022-05-03,COA5,alex,,,,,0,1,2020-2023.xlsx,207
4835,2023-04-07,COA6,aka,ppxia,ppz,kucao,18,3,0,2020-2023.xlsx,0
4836,2023-04-07,COA6,xawm,city,kaeru,soba,ivory,2,,2020-2023.xlsx,1
4837,2023-04-07,COA6,aka,ppxia,kucao,18,ppz,3,0,2020-2023.xlsx,2
4838,2023-04-07,COA6,xawm,city,soba,kaeru,ivory,3,0,2020-2023.xlsx,3
4839,2023-04-07,COA6,shota,ppz,ppxia,kucao,18,3,0,2020-2023.xlsx,4
4840,2023-04-07,COA6,xawm,alphar,soba,city,ivory,3,0,2020-2023.xlsx,5
4841,2023-04-07,COA6,hasha,toki,nyan,lim,atto,2,,2020-2023.xlsx,6
4842,2023-04-07,COA6,dming,unpyi,yougg,maeken,raori,0,1,2020-2023.xlsx,7
4843,2023-04-07,COA6,rose,unpyi,maka,maeken,raori,2,,2020-2023.xlsx,8
4844,2023-04-07,COA6,pipicha,lim,atto,nyan,toki,3,0,2020-2023.xlsx,9
4845,2023-04-07,COA6,superrich,seeun,imso0v0,cc,oni,0,1,2020-2023.xlsx,10
4846,2023-04-07,COA6,m1take,heart,czai,ak,shadow,3,0,2020-2023.xlsx,11
4847,2023-04-07,COA6,m1take,czai,ak,heart,shadow,3,0,2020-2023.xlsx,12
4848,2023-04-07,COA6,superrich,seeun,oni,cc,imso0v0,2,,2020-2023.xlsx,13
4849,2023-04-07,COA6,yue,yihua,silverzhi,zyj,nan,2,,2020-2023.xlsx,14
4850,2023-04-07,COA6,dongx,lis,fox,xen,zibi,3,0,2020-2023.xlsx,15
4851,2023-04-07,COA6,dongx,lis,fox,zibi,xen,0,1,2020-2023.xlsx,16
4852,2023-04-07,COA6,yue,silverzhi,nan,zyj,yihua,3,0,2020-2023.xlsx,17
4853,2023-04-07,COA6,yue,nan,zyj,yihua,silverzhi,2,,2020-2023.xlsx,18
4854,2023-04-07,COA6,dongx,zibi,fox,xen,moon,0,1,2020-2023.xlsx,19
4855,2023-04-08,COA6,alex,sasori,kznk,dolisu,mocchi,2,,2020-2023.xlsx,20
4856,2023-04-08,COA6,vanpyi,487,huan,lion,jelly,3,0,2020-2023.xlsx,21
4857,2023-04-08,COA6,alf,487,lion,jelly,huan,2,,2020-2023.xlsx,22
4858,2023-04-08,COA6,alex,dolisu,kznk,mocchi,sasori,2,,2020-2023.xlsx,23
4859,2023-04-08,COA6,alex,mocchi,dolisu,sasori,kznk,0,1,2020-2023.xlsx,24
4860,2023-04-08,COA6,alf,487,lion,jelly,huan,2,,2020-2023.xlsx,25
4861,2023-04-08,COA6,anyi,rolend,myleg,schmiddy,paulblems,1,1,2020-2023.xlsx,26
4862,2023-04-08,COA6,sprintzer,sxy,xingchen,yinl,dis,2,,2020-2023.xlsx,27
4863,2023-04-08,COA6,anyi,myleg,paulblems,rolend,schmiddy,2,,2020-2023.xlsx,28
4864,2023-04-08,COA6,sprintzer,dis,xingchen,yinl,sxy,0,1,2020-2023.xlsx,29
4865,2023-04-08,COA6,anyi,rolend,schmiddy,paulblems,myleg,2,,2020-2023.xlsx,30
4866,2023-04-08,COA6,sprintzer,dis,yinl,sxy,xingchen,4,0,2020-2023.xlsx,31
4867,2023-04-08,COA6,nico,potato,xizi,zed,mx,3,0,2020-2023.xlsx,32
4868,2023-04-08,COA6,miaopai,agramont,pbnjam,honor,kloud,0,1,2020-2023.xlsx,33
4869,2023-04-08,COA6,miaopai,pbnjam,agramont,honor,kloud,0,1,2020-2023.xlsx,34
4870,2023-04-08,COA6,nico,potato,xizi,zed,mx,3,0,2020-2023.xlsx,35
4871,2023-04-08,COA6,yan,mk,huiyi,iron,long,4,0,2020-2023.xlsx,36
4872,2023-04-08,COA6,ymm,tx,qingq,jiaxin,huahua,3,0,2020-2023.xlsx,37
4873,2023-04-08,COA6,yan,long,huiyi,mk,iron,3,0,2020-2023.xlsx,38
4874,2023-04-08,COA6,ymm,huahua,tx,jiaxin,qingq,2,,2020-2023.xlsx,39
4875,2023-04-09,COA6,yue,soar,shinami,pyone,mone,3,0,2020-2023.xlsx,40
4876,2023-04-09,COA6,miraik,xen,fox,lis,zibi,2,,2020-2023.xlsx,41
4877,2023-04-09,COA6,silia,lis,xen,zibi,fox,3,0,2020-2023.xlsx,42
4878,2023-04-09,COA6,yue,pyone,soar,shinami,mone,2,,2020-2023.xlsx,43
4879,2023-04-09,COA6,yue,soar,shinami,mone,pyone,2,,2020-2023.xlsx,44
4880,2023-04-09,COA6,silia,lis,fox,zibi,xen,2,,2020-2023.xlsx,45
4881,2023-04-09,COA6,silia,xen,lis,zibi,fox,1,1,2020-2023.xlsx,46
4882,2023-04-09,COA6,yue,pyone,shinami,soar,mone,3,0,2020-2023.xlsx,47
4883,2023-04-09,COA6,ryun,toki,lim,atto,nyan,3,0,2020-2023.xlsx,48
4884,2023-04-09,COA6,dming,flashair,pin,cy,shao,0,1,2020-2023.xlsx,49
4885,2023-04-09,COA6,ryun,toki,nyan,atto,lim,4,0,2020-2023.xlsx,50
4886,2023-04-09,COA6,rose,cy,pin,flashair,shao,3,0,2020-2023.xlsx,51
4887,2023-04-09,COA6,godjay,cc,seeun,oni,imso0v0,2,,2020-2023.xlsx,52
4888,2023-04-09,COA6,m1take,skyfall,481,littleboy,captkun,2,,2020-2023.xlsx,53
4889,2023-04-09,COA6,godjay,imso0v0,seeun,oni,cc,3,0,2020-2023.xlsx,54
4890,2023-04-09,COA6,m1take,captkun,481,skyfall,littleboy,2,,2020-2023.xlsx,55
4891,2023-04-09,COA6,m1take,481,skyfall,littleboy,captkun,0,1,2020-2023.xlsx,56
4892,2023-04-09,COA6,godjay,seeun,oni,imso0v0,cc,4,0,2020-2023.xlsx,57
4893,2023-04-09,COA6,aka,maom,libao,sans,drop,2,,2020-2023.xlsx,58
4894,2023-04-09,COA6,d,city,ivory,kaeru,soba,2,,2020-2023.xlsx,59
4895,2023-04-09,COA6,d,city,kaeru,ivory,soba,2,,2020-2023.xlsx,60
4896,2023-04-09,COA6,aka,libao,maom,drop,sans,0,1,2020-2023.xlsx,61
4897,2023-04-09,COA6,shota,sans,maom,drop,libao,3,0,2020-2023.xlsx,62
4898,2023-04-09,COA6,d,city,alphar,ivory,soba,2,,2020-2023.xlsx,63
4899,2023-04-10,COA6,vanpyi,heart,czai,shadow,ak,3,0,2020-2023.xlsx,64
4900,2023-04-10,COA6,superrich,dolisu,kznk,mocchi,sasori,3,0,2020-2023.xlsx,65
4901,2023-04-10,COA6,superrich,kznk,sasori,mocchi,dolisu,3,0,2020-2023.xlsx,66
4902,2023-04-10,COA6,alf,ak,shadow,czai,heart,2,,2020-2023.xlsx,67
4903,2023-04-10,COA6,alf,ak,czai,heart,shadow,2,,2020-2023.xlsx,68
4904,2023-04-10,COA6,superrich,sasori,kznk,mocchi,dolisu,4,0,2020-2023.xlsx,69
4905,2023-04-10,COA6,hasha,pbnjam,kloud,agramont,honor,0,1,2020-2023.xlsx,70
4906,2023-04-10,COA6,nico,maeken,raori,maka,yougg,3,0,2020-2023.xlsx,71
4907,2023-04-10,COA6,hasha,agramont,honor,pbnjam,kloud,0,1,2020-2023.xlsx,72
4908,2023-04-10,COA6,nico,maeken,yougg,raori,maka,4,0,2020-2023.xlsx,73
4909,2023-04-10,COA6,xawm,sxy,xingchen,yinl,dis,0,1,2020-2023.xlsx,74
4910,2023-04-10,COA6,anyi,18,ppz,kucao,ppxia,3,0,2020-2023.xlsx,75
4911,2023-04-10,COA6,xawm,dis,xingchen,yinl,sxy,0,1,2020-2023.xlsx,76
4912,2023-04-10,COA6,anyi,ppxia,kucao,18,ppz,3,0,2020-2023.xlsx,77
4913,2023-04-10,COA6,dongx,jiaxin,huahua,tx,qingq,0,1,2020-2023.xlsx,78
4914,2023-04-10,COA6,yeyv,yihua,silverzhi,nan,zyj,2,,2020-2023.xlsx,79
4915,2023-04-10,COA6,yeyv,yihua,silverzhi,nan,zyj,2,,2020-2023.xlsx,80
4916,2023-04-10,COA6,dongx,huahua,tx,jiaxin,qingq,2,,2020-2023.xlsx,81
4917,2023-04-10,COA6,yeyv,yihua,silverzhi,zyj,nan,2,,2020-2023.xlsx,82
4918,2023-04-10,COA6,dongx,huahua,jiaxin,tx,qingq,2,,2020-2023.xlsx,83
4919,2023-04-11,COA6,ymm,shinami,soar,pyone,mone,0,1,2020-2023.xlsx,84
4920,2023-04-11,COA6,miraik,huiyi,long,iron,mk,2,,2020-2023.xlsx,85
4921,2023-04-11,COA6,ymm,pyone,mone,soar,shinami,3,0,2020-2023.xlsx,86
4922,2023-04-11,COA6,silia,iron,mk,huiyi,long,3,0,2020-2023.xlsx,87
4923,2023-04-11,COA6,silia,long,huiyi,mk,iron,2,,2020-2023.xlsx,88
4924,2023-04-11,COA6,ymm,pyone,shinami,soar,mone,1,1,2020-2023.xlsx,89
4925,2023-04-11,COA6,ryun,potato,zed,xizi,mx,2,,2020-2023.xlsx,90
4926,2023-04-11,COA6,miaopai,pin,cy,shao,zkai,3,0,2020-2023.xlsx,91
4927,2023-04-11,COA6,miaopai,shao,pin,zkai,cy,3,0,2020-2023.xlsx,92
4928,2023-04-11,COA6,ryun,potato,zed,xizi,mx,3,0,2020-2023.xlsx,93
4929,2023-04-11,COA6,ryun,zed,mx,xizi,potato,4,0,2020-2023.xlsx,94
4930,2023-04-11,COA6,miaopai,pin,cy,zkai,shao,0,1,2020-2023.xlsx,95
4931,2023-04-11,COA6,sprintzer,maom,drop,libao,sans,2,,2020-2023.xlsx,96
4932,2023-04-11,COA6,d,rolend,schmiddy,paulblems,myleg,4,0,2020-2023.xlsx,97
4933,2023-04-11,COA6,rabbit,rolend,paulblems,schmiddy,myleg,2,,2020-2023.xlsx,98
4934,2023-04-11,COA6,sprintzer,libao,maom,sans,drop,2,,2020-2023.xlsx,99
4935,2023-04-11,COA6,d,rolend,myleg,paulblems,schmiddy,0,1,2020-2023.xlsx,100
4936,2023-04-11,COA6,sprintzer,sans,maom,drop,libao,3,0,2020-2023.xlsx,101
4937,2023-04-11,COA6,godjay,jelly,487,huan,lion,3,0,2020-2023.xlsx,102
4938,2023-04-11,COA6,alex,skyfall,481,littleboy,captkun,3,0,2020-2023.xlsx,103
4939,2023-04-11,COA6,alex,skyfall,481,littleboy,captkun,2,,2020-2023.xlsx,104
4940,2023-04-11,COA6,godjay,487,lion,jelly,huan,3,0,2020-2023.xlsx,105
4941,2023-04-11,COA6,godjay,huan,487,jelly,lion,4,0,2020-2023.xlsx,106
4942,2023-04-11,COA6,alex,littleboy,481,skyfall,captkun,0,1,2020-2023.xlsx,107
4943,2023-04-14,COA6,yeyv,shinami,soar,mone,pyone,3,0,2020-2023.xlsx,108
4944,2023-04-14,COA6,miraik,tx,huahua,jiaxin,qingq,1,1,2020-2023.xlsx,109
4945,2023-04-14,COA6,silia,jiaxin,huahua,tx,qingq,3,0,2020-2023.xlsx,110
4946,2023-04-14,COA6,yeyv,mone,soar,pyone,shinami,3,0,2020-2023.xlsx,111
4947,2023-04-14,COA6,silia,huahua,jiaxin,tx,qingq,2,,2020-2023.xlsx,112
4948,2023-04-14,COA6,yeyv,pyone,shinami,mone,soar,3,0,2020-2023.xlsx,113
4949,2023-04-14,COA6,ryun,agramont,honor,pbnjam,kloud,0,1,2020-2023.xlsx,114
4950,2023-04-14,COA6,nico,cy,pin,flashair,zkai,3,0,2020-2023.xlsx,115
4951,2023-04-14,COA6,ryun,pbnjam,agramont,kloud,honor,2,,2020-2023.xlsx,116
4952,2023-04-14,COA6,nico,flashair,pin,cy,shao,2,,2020-2023.xlsx,117
4953,2023-04-14,COA6,ryun,pbnjam,agramont,kloud,honor,0,1,2020-2023.xlsx,118
4954,2023-04-14,COA6,nico,pin,shao,flashair,cy,3,0,2020-2023.xlsx,119
4955,2023-04-14,COA6,vanpyi,skyfall,481,9mammos,littleboy,3,0,2020-2023.xlsx,120
4956,2023-04-14,COA6,godjay,mocchi,kznk,sasori,dolisu,3,0,2020-2023.xlsx,121
4957,2023-04-14,COA6,godjay,mocchi,sasori,dolisu,kznk,3,0,2020-2023.xlsx,122
4958,2023-04-14,COA6,alf,skyfall,481,littleboy,9mammos,0,1,2020-2023.xlsx,123
4959,2023-04-14,COA6,godjay,sasori,dolisu,kznk,mocchi,3,0,2020-2023.xlsx,124
4960,2023-04-14,COA6,alf,skyfall,481,9mammos,littleboy,3,0,2020-2023.xlsx,125
4961,2023-04-14,COA6,d,xingchen,yinl,dis,sxy,2,,2020-2023.xlsx,126
4962,2023-04-14,COA6,anyi,sans,maom,libao,drop,2,,2020-2023.xlsx,127
4963,2023-04-14,COA6,anyi,drop,maom,libao,sans,3,0,2020-2023.xlsx,128
4964,2023-04-14,COA6,d,sxy,xingchen,dis,yinl,2,,2020-2023.xlsx,129
4965,2023-04-14,COA6,d,sxy,xingchen,dis,yinl,2,,2020-2023.xlsx,130
4966,2023-04-14,COA6,anyi,libao,maom,sans,drop,2,,2020-2023.xlsx,131
4967,2023-04-15,COA6,m1take,huan,487,lion,jelly,3,0,2020-2023.xlsx,132
4968,2023-04-15,COA6,alex,oni,imso0v0,seeun,cc,2,,2020-2023.xlsx,133
4969,2023-04-15,COA6,alex,imso0v0,cc,oni,seeun,0,1,2020-2023.xlsx,134
4970,2023-04-15,COA6,m1take,lion,487,jelly,huan,1,1,2020-2023.xlsx,135
4971,2023-04-15,COA6,xawm,schmiddy,paulblems,rolend,myleg,0,1,2020-2023.xlsx,136
4972,2023-04-15,COA6,sprintzer,ppxia,kucao,18,ppz,2,,2020-2023.xlsx,137
4973,2023-04-15,COA6,xawm,rolend,schmiddy,paulblems,myleg,1,1,2020-2023.xlsx,138
4974,2023-04-15,COA6,sprintzer,ppxia,ppz,18,kucao,4,0,2020-2023.xlsx,139
4975,2023-04-15,COA6,hasha,runn,zed,potato,mx,2,,2020-2023.xlsx,140
4976,2023-04-15,COA6,miaopai,unpyi,yougg,maeken,raori,4,0,2020-2023.xlsx,141
4977,2023-04-15,COA6,pipicha,potato,zed,mx,runn,1,1,2020-2023.xlsx,142
4978,2023-04-15,COA6,miaopai,unpyi,yougg,maeken,raori,3,0,2020-2023.xlsx,143
4979,2023-04-15,COA6,dongx,mk,huiyi,long,iron,3,0,2020-2023.xlsx,144
4980,2023-04-15,COA6,ymm,yihua,silverzhi,nan,zyj,0,1,2020-2023.xlsx,145
4981,2023-04-15,COA6,dongx,long,huiyi,iron,mk,2,,2020-2023.xlsx,146
4982,2023-04-15,COA6,ymm,zyj,silverzhi,nan,yihua,3,0,2020-2023.xlsx,147
4983,2023-04-15,COA6,dongx,iron,huiyi,mk,long,0,1,2020-2023.xlsx,148
4984,2023-04-15,COA6,ymm,yihua,nan,silverzhi,zyj,2,,2020-2023.xlsx,149
4985,2023-04-16,COA6,yue,jiaxin,qingq,tx,huahua,0,1,2020-2023.xlsx,150
4986,2023-04-16,COA6,yeyv,lis,fox,zibi,xen,2,,2020-2023.xlsx,151
4987,2023-04-16,COA6,yue,jiaxin,qingq,tx,huahua,1,1,2020-2023.xlsx,152
4988,2023-04-16,COA6,yeyv,zibi,lis,fox,xen,3,0,2020-2023.xlsx,153
4989,2023-04-16,COA6,godjay,czai,shadow,ak,heart,2,,2020-2023.xlsx,154
4990,2023-04-16,COA6,superrich,skyfall,481,9mammos,littleboy,0,1,2020-2023.xlsx,155
4991,2023-04-16,COA6,seiychu,heart,ak,czai,shadow,3,0,2020-2023.xlsx,156
4992,2023-04-16,COA6,superrich,skyfall,481,littleboy,9mammos,2,,2020-2023.xlsx,157
4993,2023-04-16,COA6,dming,agramont,kloud,pbnjam,honor,0,1,2020-2023.xlsx,158
4994,2023-04-16,COA6,nico,atto,nyan,lim,toki,4,0,2020-2023.xlsx,159
4995,2023-04-16,COA6,dming,agramont,honor,pbnjam,kloud,0,1,2020-2023.xlsx,160
4996,2023-04-16,COA6,nico,toki,nyan,lim,atto,3,0,2020-2023.xlsx,161
4997,2023-04-16,COA6,anyi,kaeru,city,ivory,soba,2,,2020-2023.xlsx,162
4998,2023-04-16,COA6,aka,yinl,xingchen,dis,sxy,1,1,2020-2023.xlsx,163
4999,2023-04-16,COA6,aka,yinl,xingchen,dis,sxy,4,0,2020-2023.xlsx,164
5000,2023-04-16,COA6,anyi,kaeru,soba,city,ivory,3,0,2020-2023.xlsx,165
5001,2023-04-16,COA6,shota,yinl,dis,sxy,xingchen,2,,2020-2023.xlsx,166
5002,2023-04-16,COA6,anyi,city,ivory,alphar,soba,0,1,2020-2023.xlsx,167
5003,2023-04-17,COA6,dongx,pyone,shinami,soar,mone,3,0,2020-2023.xlsx,168
5004,2023-04-17,COA6,miraik,yihua,zyj,nan,silverzhi,2,,2020-2023.xlsx,169
5005,2023-04-17,COA6,silia,zyj,silverzhi,yihua,nan,2,,2020-2023.xlsx,170
5006,2023-04-17,COA6,dongx,pyone,soar,shinami,mone,2,,2020-2023.xlsx,171
5007,2023-04-17,COA6,dongx,pyone,shinami,mone,soar,1,1,2020-2023.xlsx,172
5008,2023-04-17,COA6,silia,zyj,nan,silverzhi,yihua,2,,2020-2023.xlsx,173
5009,2023-04-17,COA6,silia,silverzhi,nan,yihua,zyj,2,,2020-2023.xlsx,174
5010,2023-04-17,COA6,dongx,pyone,soar,mone,shinami,0,1,2020-2023.xlsx,175
5011,2023-04-17,COA6,pipicha,pin,shao,zkai,cy,3,0,2020-2023.xlsx,176
5012,2023-04-17,COA6,ryun,raori,unpyi,maeken,maka,3,0,2020-2023.xlsx,177
5013,2023-04-17,COA6,ryun,maeken,raori,maka,unpyi,2,,2020-2023.xlsx,178
5014,2023-04-17,COA6,pipicha,zkai,pin,cy,shao,2,,2020-2023.xlsx,179
5015,2023-04-17,COA6,ryun,raori,maeken,unpyi,maka,3,0,2020-2023.xlsx,180
5016,2023-04-17,COA6,pipicha,cy,zkai,shao,pin,0,1,2020-2023.xlsx,181
5017,2023-04-17,COA6,alf,seeun,cc,oni,imso0v0,1,1,2020-2023.xlsx,182
5018,2023-04-17,COA6,m1take,dolisu,kznk,sasori,mocchi,4,0,2020-2023.xlsx,183
5019,2023-04-17,COA6,m1take,dolisu,sasori,kznk,mocchi,3,0,2020-2023.xlsx,184
5020,2023-04-17,COA6,alf,cc,imso0v0,seeun,oni,2,,2020-2023.xlsx,185
5021,2023-04-17,COA6,xawm,drop,maom,sans,libao,2,,2020-2023.xlsx,186
5022,2023-04-17,COA6,d,ppxia,ppz,18,kucao,2,,2020-2023.xlsx,187
5023,2023-04-17,COA6,xawm,drop,sans,libao,maom,3,0,2020-2023.xlsx,188
5024,2023-04-17,COA6,d,ppz,kucao,18,ppxia,2,,2020-2023.xlsx,189
5025,2023-04-17,COA6,d,ppz,ppxia,kucao,18,3,0,2020-2023.xlsx,190
5026,2023-04-17,COA6,xawm,sans,drop,maom,libao,2,,2020-2023.xlsx,191
5027,2023-04-17,COA6,d,ppz,kucao,ppxia,18,3,0,2020-2023.xlsx,192
5028,2023-04-17,COA6,xawm,sans,maom,libao,drop,4,0,2020-2023.xlsx,193
5029,2023-04-18,COA6,superrich,487,lion,jelly,huan,3,0,2020-2023.xlsx,194
5030,2023-04-18,COA6,alex,ak,shadow,heart,czai,3,0,2020-2023.xlsx,195
5031,2023-04-18,COA6,alex,ak,shadow,czai,heart,3,0,2020-2023.xlsx,196
5032,2023-04-18,COA6,superrich,487,lion,jelly,huan,4,0,2020-2023.xlsx,197
5033,2023-04-18,COA6,alex,ak,shadow,heart,czai,3,0,2020-2023.xlsx,198
5034,2023-04-18,COA6,superrich,huan,487,jelly,lion,2,,2020-2023.xlsx,199
5035,2023-04-18,COA6,dming,potato,zed,xizi,runn,3,0,2020-2023.xlsx,200
5036,2023-04-18,COA6,miaopai,takakou,lim,toki,atto,0,1,2020-2023.xlsx,201
5037,2023-04-18,COA6,rose,zed,potato,xizi,runn,3,0,2020-2023.xlsx,202
5038,2023-04-18,COA6,miaopai,toki,atto,lim,takakou,0,1,2020-2023.xlsx,203
5039,2023-04-18,COA6,sprintzer,city,soba,ivory,alphar,2,,2020-2023.xlsx,204
5040,2023-04-18,COA6,aka,myleg,schmiddy,rolend,paulblems,0,1,2020-2023.xlsx,205
5041,2023-04-18,COA6,aka,schmiddy,myleg,rolend,paulblems,0,1,2020-2023.xlsx,206
5042,2023-04-18,COA6,sprintzer,alphar,soba,city,ivory,3,0,2020-2023.xlsx,207
5043,2023-04-18,COA6,yue,mk,huiyi,iron,long,2,,2020-2023.xlsx,208
5044,2023-04-18,COA6,ymm,zibi,fox,xen,lis,3,0,2020-2023.xlsx,209
5045,2023-04-18,COA6,yue,iron,huiyi,long,mk,1,1,2020-2023.xlsx,210
5046,2023-04-18,COA6,ymm,lis,fox,zibi,xen,3,0,2020-2023.xlsx,211
5047,2023-04-30,COA6,xawm,potato,zed,xizi,mx,0,1,2020-2023.xlsx,212
5048,2023-04-30,COA6,miaopai,ppz,kucao,ppxia,18,3,0,2020-2023.xlsx,213
5049,2023-04-30,COA6,xawm,zed,potato,mx,xizi,2,,2020-2023.xlsx,214
5050,2023-04-30,COA6,miaopai,kucao,18,ppz,ppxia,3,0,2020-2023.xlsx,215
5051,2023-04-30,COA6,ymm,maeken,unpyi,raori,yougg,3,0,2020-2023.xlsx,216
5052,2023-04-30,COA6,hasha,mk,huiyi,iron,long,2,,2020-2023.xlsx,217
5053,2023-04-30,COA6,ymm,maeken,unpyi,yougg,raori,2,,2020-2023.xlsx,218
5054,2023-04-30,COA6,pipicha,huiyi,long,iron,mk,3,0,2020-2023.xlsx,219
5055,2023-04-30,COA6,ymm,maeken,unpyi,yougg,raori,2,,2020-2023.xlsx,220
5056,2023-04-30,COA6,pipicha,long,mk,huiyi,iron,2,,2020-2023.xlsx,221
5057,2023-04-30,COA6,pipicha,iron,long,mk,huiyi,3,0,2020-2023.xlsx,222
5058,2023-04-30,COA6,ymm,maeken,raori,unpyi,yougg,2,,2020-2023.xlsx,223
5059,2023-04-30,COA6,superrich,xen,zibi,fox,lis,4,0,2020-2023.xlsx,224
5060,2023-04-30,COA6,yue,shadow,czai,ak,heart,3,0,2020-2023.xlsx,225
5061,2023-04-30,COA6,superrich,xen,zibi,fox,lis,0,1,2020-2023.xlsx,226
5062,2023-04-30,COA6,yue,shadow,ak,czai,heart,2,,2020-2023.xlsx,227
5063,2023-04-30,COA6,superrich,fox,zibi,xen,lis,0,1,2020-2023.xlsx,228
5064,2023-04-30,COA6,alf,sxy,yinl,xingchen,dis,1,1,2020-2023.xlsx,229
5065,2023-04-30,COA6,anyi,mocchi,kznk,sasori,dolisu,0,1,2020-2023.xlsx,230
5066,2023-04-30,COA6,anyi,mocchi,kznk,dolisu,sasori,2,,2020-2023.xlsx,231
5067,2023-04-30,COA6,alf,sxy,yinl,xingchen,dis,2,,2020-2023.xlsx,232
5068,2023-04-30,COA6,alf,dis,yinl,xingchen,sxy,2,,2020-2023.xlsx,233
5069,2023-04-30,COA6,anyi,mocchi,kznk,dolisu,sasori,1,1,2020-2023.xlsx,234
5070,2023-05-01,COA6,xawm,487,huan,jelly,lion,2,,2020-2023.xlsx,235
5071,2023-05-01,COA6,alex,kucao,ppz,18,ppxia,3,0,2020-2023.xlsx,236
5072,2023-05-01,COA6,xawm,jelly,lion,487,huan,2,,2020-2023.xlsx,237
5073,2023-05-01,COA6,alex,ppz,ppxia,18,kucao,2,,2020-2023.xlsx,238
5074,2023-05-01,COA6,xawm,huan,487,lion,jelly,3,0,2020-2023.xlsx,239
5075,2023-05-01,COA6,alex,kucao,18,ppz,ppxia,2,,2020-2023.xlsx,240
5076,2023-05-01,COA6,xawm,487,huan,jelly,lion,1,1,2020-2023.xlsx,241
5077,2023-05-01,COA6,alex,18,kucao,ppxia,ppz,3,0,2020-2023.xlsx,242
5078,2023-05-01,COA6,ymm,drop,maom,sans,libao,2,,2020-2023.xlsx,243
5079,2023-05-01,COA6,d,iron,huiyi,mk,long,3,0,2020-2023.xlsx,244
5080,2023-05-01,COA6,ymm,sans,maom,libao,drop,2,,2020-2023.xlsx,245
5081,2023-05-01,COA6,d,mk,long,iron,huiyi,0,1,2020-2023.xlsx,246
5082,2023-05-01,COA6,ymm,maom,libao,drop,sans,3,0,2020-2023.xlsx,247
5083,2023-05-01,COA6,d,long,mk,iron,huiyi,3,0,2020-2023.xlsx,248
5084,2023-05-01,COA6,superrich,toki,nyan,lim,atto,2,,2020-2023.xlsx,249
5085,2023-05-01,COA6,dming,heart,ak,shadow,czai,3,0,2020-2023.xlsx,250
5086,2023-05-01,COA6,superrich,toki,nyan,atto,lim,3,0,2020-2023.xlsx,251
5087,2023-05-01,COA6,rose,heart,ak,shadow,czai,3,0,2020-2023.xlsx,252
5088,2023-05-01,COA6,rose,heart,ak,shadow,czai,4,0,2020-2023.xlsx,253
5089,2023-05-01,COA6,dongx,sxy,yinl,dis,xingchen,2,,2020-2023.xlsx,254
5090,2023-05-01,COA6,anyi,yihua,silverzhi,nan,zyj,2,,2020-2023.xlsx,255
5091,2023-05-01,COA6,dongx,yinl,xingchen,dis,sxy,2,,2020-2023.xlsx,256
5092,2023-05-01,COA6,anyi,nan,zyj,silverzhi,yihua,3,0,2020-2023.xlsx,257
5093,2023-05-01,COA6,dongx,xingchen,yinl,sxy,dis,2,,2020-2023.xlsx,258
5094,2023-05-01,COA6,anyi,yihua,zyj,nan,silverzhi,3,0,2020-2023.xlsx,259
5095,2023-05-02,COA6,xawm,sans,maom,libao,drop,3,0,2020-2023.xlsx,260
5096,2023-05-02,COA6,d,kucao,ppz,18,ppxia,4,0,2020-2023.xlsx,261
5097,2023-05-02,COA6,xawm,sans,maom,drop,libao,3,0,2020-2023.xlsx,262
5098,2023-05-02,COA6,d,ppz,ppxia,kucao,18,3,0,2020-2023.xlsx,263
5099,2023-05-02,COA6,xawm,libao,drop,sans,maom,2,,2020-2023.xlsx,264
5100,2023-05-02,COA6,d,ppz,ppxia,18,kucao,3,0,2020-2023.xlsx,265
5101,2023-05-02,COA6,xawm,drop,maom,libao,sans,3,0,2020-2023.xlsx,266
5102,2023-05-02,COA6,d,ppz,kucao,ppxia,18,2,,2020-2023.xlsx,267
5103,2023-05-02,COA6,xawm,libao,sans,drop,maom,0,1,2020-2023.xlsx,268
5104,2023-05-02,COA6,dongx,heart,ak,czai,shadow,0,1,2020-2023.xlsx,269
5105,2023-05-02,COA6,superrich,yihua,silverzhi,zyj,nan,4,0,2020-2023.xlsx,270
5106,2023-05-02,COA6,superrich,zyj,silverzhi,nan,yihua,2,,2020-2023.xlsx,271
5107,2023-05-02,COA6,dongx,shadow,ak,czai,heart,3,0,2020-2023.xlsx,272
5108,2023-05-02,COA6,dongx,ak,shadow,czai,heart,3,0,2020-2023.xlsx,273
5109,2023-05-02,COA6,superrich,yihua,silverzhi,zyj,nan,3,0,2020-2023.xlsx,274
5110,2023-05-02,COA6,superrich,yihua,zyj,nan,silverzhi,3,0,2020-2023.xlsx,275
5111,2023-05-02,COA6,dongx,ak,shadow,czai,heart,2,,2020-2023.xlsx,276
5112,2023-05-02,COA6,dongx,ak,shadow,heart,czai,1,1,2020-2023.xlsx,277
5113,2023-05-03,COA6,d,heart,ak,shadow,czai,4,0,2020-2023.xlsx,278
5114,2023-05-03,COA6,ppx,sans,maom,libao,drop,3,0,2020-2023.xlsx,279
5115,2023-05-03,COA6,ppx,maom,libao,drop,sans,3,0,2020-2023.xlsx,280
5116,2023-05-03,COA6,d,heart,ak,czai,shadow,4,0,2020-2023.xlsx,281
5117,2023-05-03,COA6,superrich,libao,maom,sans,drop,1,1,2020-2023.xlsx,282
5118,2023-05-03,COA6,d,ak,czai,shadow,heart,4,0,2020-2023.xlsx,283
5119,2023-05-03,COA6,xawm,zyj,yihua,silverzhi,nan,3,0,2020-2023.xlsx,284
5120,2023-05-03,COA6,dongx,kucao,ppz,ppxia,18,1,1,2020-2023.xlsx,285
5121,2023-05-03,COA6,dongx,kucao,ppz,ppxia,18,1,1,2020-2023.xlsx,286
5122,2023-05-03,COA6,xawm,silverzhi,nan,zyj,yihua,4,0,2020-2023.xlsx,287
5123,2023-05-03,COA6,dongx,ppz,18,kucao,ppxia,3,0,2020-2023.xlsx,288
5124,2023-05-03,COA6,xawm,yihua,silverzhi,nan,zyj,2,,2020-2023.xlsx,289
5125,2023-05-03,COA6,dongx,ppz,18,kucao,ppxia,3,0,2020-2023.xlsx,290
5126,2023-05-03,COA6,xawm,yihua,zyj,nan,silverzhi,1,1,2020-2023.xlsx,291
5127,2023-05-03,COA6,dongx,18,ppz,ppxia,kucao,2,,2020-2023.xlsx,292
5128,2023-05-03,COA6,xawm,silverzhi,zyj,yihua,nan,2,,2020-2023.xlsx,293
5129,2024-06-08,IVL_2024_summer_regular,ppei,18,kucao,tx,ppxia,0,1,"2024IVL夏季赛常规赛.xlsx",0
5130,2024-06-08,IVL_2024_summer_regular,xawm,yangy,libao,yihua,huahua,2,,"2024IVL夏季赛常规赛.xlsx",1
5131,2024-06-08,IVL_2024_summer_regular,xawm,yihua,yangy,libao,huahua,2,,"2024IVL夏季赛常规赛.xlsx",2
5132,2024-06-08,IVL_2024_summer_regular,ppei,ppxia,tx,kucao,18,1,1,"2024IVL夏季赛常规赛.xlsx",3
5133,2024-06-08,IVL_2024_summer_regular,d,487,dking,yeyv,xmx,2,,"2024IVL夏季赛常规赛.xlsx",4
5134,2024-06-08,IVL_2024_summer_regular,choai,yyk,drop,maom,lion,2,,"2024IVL夏季赛常规赛.xlsx",5
5135,2024-06-08,IVL_2024_summer_regular,d,yeyv,dking,xmx,487,1,1,"2024IVL夏季赛常规赛.xlsx",6
5136,2024-06-08,IVL_2024_summer_regular,choai,drop,maom,yyk,lion,2,,"2024IVL夏季赛常规赛.xlsx",7
5137,2024-06-08,IVL_2024_summer_regular,choai,drop,yyk,lion,maom,0,1,"2024IVL夏季赛常规赛.xlsx",8
5138,2024-06-08,IVL_2024_summer_regular,d,xmx,dking,487,yeyv,1,1,"2024IVL夏季赛常规赛.xlsx",9
5139,2024-06-08,IVL_2024_summer_regular,dongx,czai,chen,silverzhi,nan,0,1,"2024IVL夏季赛常规赛.xlsx",10
5140,2024-06-08,IVL_2024_summer_regular,tzym,sans,regesi,sxy,fulan,2,,"2024IVL夏季赛常规赛.xlsx",11
5141,2024-06-08,IVL_2024_summer_regular,yan,regesi,sxy,sans,fulan,0,1,"2024IVL夏季赛常规赛.xlsx",12
5142,2024-06-08,IVL_2024_summer_regular,dongx,silverzhi,chen,czai,nan,3,0,"2024IVL夏季赛常规赛.xlsx",13
5143,2024-06-08,IVL_2024_summer_regular,yan,sxy,regesi,sans,fulan,2,,"2024IVL夏季赛常规赛.xlsx",14
5144,2024-06-08,IVL_2024_summer_regular,dongx,nan,chen,silverzhi,czai,0,1,"2024IVL夏季赛常规赛.xlsx",15
5145,2024-06-09,IVL_2024_summer_regular,n1e,gougou,eleven,xy,egg,2,,"2024IVL夏季赛常规赛.xlsx",16
5146,2024-06-09,IVL_2024_summer_regular,lxy,ak,xmiao5,heart,ac,2,,"2024IVL夏季赛常规赛.xlsx",17
5147,2024-06-09,IVL_2024_summer_regular,n1e,gougou,eleven,xy,egg,2,,"2024IVL夏季赛常规赛.xlsx",18
5148,2024-06-09,IVL_2024_summer_regular,lxy,ak,xmiao5,heart,ac,4,0,"2024IVL夏季赛常规赛.xlsx",19
5149,2024-06-09,IVL_2024_summer_regular,n1e,egg,xy,eleven,gougou,1,1,"2024IVL夏季赛常规赛.xlsx",20
5150,2024-06-09,IVL_2024_summer_regular,lxy,heart,ac,xmiao5,ak,2,,"2024IVL夏季赛常规赛.xlsx",21
5151,2024-06-09,IVL_2024_summer_regular,tzym,long,persica,huiyi,huan,1,1,"2024IVL夏季赛常规赛.xlsx",22
5152,2024-06-09,IVL_2024_summer_regular,alex,silverzhi,czai,nan,chen,1,1,"2024IVL夏季赛常规赛.xlsx",23
5153,2024-06-09,IVL_2024_summer_regular,alex,chen,silverzhi,czai,nan,0,1,"2024IVL夏季赛常规赛.xlsx",24
5154,2024-06-09,IVL_2024_summer_regular,yan,persica,long,huiyi,huan,1,1,"2024IVL夏季赛常规赛.xlsx",25
5155,2024-06-09,IVL_2024_summer_regular,alex,silverzhi,chen,nan,czai,2,,"2024IVL夏季赛常规赛.xlsx",26
5156,2024-06-09,IVL_2024_summer_regular,yan,huiyi,huan,persica,long,2,,"2024IVL夏季赛常规赛.xlsx",27
5157,2024-06-09,IVL_2024_summer_regular,xawm,dking,xmx,487,yeyv,2,,"2024IVL夏季赛常规赛.xlsx",28
5158,2024-06-09,IVL_2024_summer_regular,choai,kucao,18,tx,ppxia,1,1,"2024IVL夏季赛常规赛.xlsx",29
5159,2024-06-09,IVL_2024_summer_regular,choai,tx,18,ppxia,kucao,3,0,"2024IVL夏季赛常规赛.xlsx",30
5160,2024-06-09,IVL_2024_summer_regular,xawm,487,dking,xmx,yeyv,2,,"2024IVL夏季赛常规赛.xlsx",31
5161,2024-06-09,IVL_2024_summer_regular,choai,ppxia,kucao,18,tx,0,1,"2024IVL夏季赛常规赛.xlsx",32
5162,2024-06-09,IVL_2024_summer_regular,xawm,487,yeyv,xmx,dking,1,1,"2024IVL夏季赛常规赛.xlsx",33
5163,2024-06-10,IVL_2024_summer_regular,d,xiaod,huac,xiaox,nanako,3,0,"2024IVL夏季赛常规赛.xlsx",34
5164,2024-06-10,IVL_2024_summer_regular,xc,maom,yyk,drop,lion,0,1,"2024IVL夏季赛常规赛.xlsx",35
5165,2024-06-10,IVL_2024_summer_regular,d,xiaod,nanako,xiaox,huac,3,0,"2024IVL夏季赛常规赛.xlsx",36
5166,2024-06-10,IVL_2024_summer_regular,ali,maom,lion,yyk,drop,3,0,"2024IVL夏季赛常规赛.xlsx",37
5167,2024-06-10,IVL_2024_summer_regular,d,nanako,huac,xiaox,xiaod,3,0,"2024IVL夏季赛常规赛.xlsx",38
5168,2024-06-10,IVL_2024_summer_regular,xc,maom,yyk,lion,drop,2,,"2024IVL夏季赛常规赛.xlsx",39
5169,2024-06-10,IVL_2024_summer_regular,n1e,regesi,sans,fulan,sxy,0,1,"2024IVL夏季赛常规赛.xlsx",40
5170,2024-06-10,IVL_2024_summer_regular,dongx,xmiao5,ak,heart,ac,0,1,"2024IVL夏季赛常规赛.xlsx",41
5171,2024-06-10,IVL_2024_summer_regular,dongx,xmiao5,ak,heart,ac,0,1,"2024IVL夏季赛常规赛.xlsx",42
5172,2024-06-10,IVL_2024_summer_regular,n1e,sans,regesi,fulan,sxy,0,1,"2024IVL夏季赛常规赛.xlsx",43
5173,2024-06-10,IVL_2024_summer_regular,dongx,heart,ac,xmiao5,ak,2,,"2024IVL夏季赛常规赛.xlsx",44
5174,2024-06-10,IVL_2024_summer_regular,n1e,fulan,regesi,sxy,sans,1,1,"2024IVL夏季赛常规赛.xlsx",45
5175,2024-06-10,IVL_2024_summer_regular,ppei,gougou,eleven,xy,egg,2,,"2024IVL夏季赛常规赛.xlsx",46
5176,2024-06-10,IVL_2024_summer_regular,lxy,libao,yangy,huahua,yihua,3,0,"2024IVL夏季赛常规赛.xlsx",47
5177,2024-06-10,IVL_2024_summer_regular,lxy,yihua,libao,huahua,yangy,3,0,"2024IVL夏季赛常规赛.xlsx",48
5178,2024-06-10,IVL_2024_summer_regular,ppei,egg,gougou,eleven,xy,2,,"2024IVL夏季赛常规赛.xlsx",49
5179,2024-06-14,IVL_2024_summer_regular,n1e,persica,long,huan,huiyi,2,,"2024IVL夏季赛常规赛.xlsx",50
5180,2024-06-14,IVL_2024_summer_regular,alex,xmiao5,ac,ak,heart,0,1,"2024IVL夏季赛常规赛.xlsx",51
5181,2024-06-14,IVL_2024_summer_regular,n1e,huiyi,persica,huan,long,1,1,"2024IVL夏季赛常规赛.xlsx",52
5182,2024-06-14,IVL_2024_summer_regular,alex,heart,ac,ak,xmiao5,2,,"2024IVL夏季赛常规赛.xlsx",53
5183,2024-06-14,IVL_2024_summer_regular,alex,ac,xmiao5,heart,ak,3,0,"2024IVL夏季赛常规赛.xlsx",54
5184,2024-06-14,IVL_2024_summer_regular,n1e,huan,long,persica,huiyi,2,,"2024IVL夏季赛常规赛.xlsx",55
5185,2024-06-14,IVL_2024_summer_regular,bo1,487,xmx,yeyv,dking,3,0,"2024IVL夏季赛常规赛.xlsx",56
5186,2024-06-14,IVL_2024_summer_regular,choai,eleven,gougou,xen,egg,1,1,"2024IVL夏季赛常规赛.xlsx",57
5187,2024-06-14,IVL_2024_summer_regular,bo1,487,yeyv,dking,xmx,0,1,"2024IVL夏季赛常规赛.xlsx",58
5188,2024-06-14,IVL_2024_summer_regular,choai,gougou,eleven,egg,xen,2,,"2024IVL夏季赛常规赛.xlsx",59
5189,2024-06-14,IVL_2024_summer_regular,choai,egg,gougou,xen,eleven,1,1,"2024IVL夏季赛常规赛.xlsx",60
5190,2024-06-14,IVL_2024_summer_regular,bo1,xmx,dking,487,yeyv,2,,"2024IVL夏季赛常规赛.xlsx",61
5191,2024-06-14,IVL_2024_summer_regular,xawm,xiaod,huac,nanako,xiaox,2,,"2024IVL夏季赛常规赛.xlsx",62
5192,2024-06-14,IVL_2024_summer_regular,xc,kucao,tx,18,ppxia,2,,"2024IVL夏季赛常规赛.xlsx",63
5193,2024-06-14,IVL_2024_summer_regular,xawm,xiaod,nanako,huac,xiaox,3,0,"2024IVL夏季赛常规赛.xlsx",64
5194,2024-06-14,IVL_2024_summer_regular,ali,tx,18,ppxia,kucao,2,,"2024IVL夏季赛常规赛.xlsx",65
5195,2024-06-14,IVL_2024_summer_regular,xawm,xiaod,huac,xiaox,nanako,3,0,"2024IVL夏季赛常规赛.xlsx",66
5196,2024-06-14,IVL_2024_summer_regular,xc,ppxia,tx,18,kucao,3,0,"2024IVL夏季赛常规赛.xlsx",67
5197,2024-06-15,IVL_2024_summer_regular,n1e,maom,drop,lion,yyk,0,1,"2024IVL夏季赛常规赛.xlsx",68
5198,2024-06-15,IVL_2024_summer_regular,d,xmiao5,ak,heart,ac,2,,"2024IVL夏季赛常规赛.xlsx",69
5199,2024-06-15,IVL_2024_summer_regular,n1e,maom,drop,lion,yyk,0,1,"2024IVL夏季赛常规赛.xlsx",70
5200,2024-06-15,IVL_2024_summer_regular,d,heart,xmiao5,ac,ak,2,,"2024IVL夏季赛常规赛.xlsx",71
5201,2024-06-15,IVL_2024_summer_regular,tzym,yangy,huahua,libao,yihua,0,1,"2024IVL夏季赛常规赛.xlsx",72
5202,2024-06-15,IVL_2024_summer_regular,ppei,silverzhi,czai,nan,chen,0,1,"2024IVL夏季赛常规赛.xlsx",73
5203,2024-06-15,IVL_2024_summer_regular,yan,yihua,huahua,libao,yangy,0,1,"2024IVL夏季赛常规赛.xlsx",74
5204,2024-06-15,IVL_2024_summer_regular,ppei,nan,chen,czai,silverzhi,1,1,"2024IVL夏季赛常规赛.xlsx",75
5205,2024-06-15,IVL_2024_summer_regular,ppei,silverzhi,nan,chen,czai,3,0,"2024IVL夏季赛常规赛.xlsx",76
5206,2024-06-15,IVL_2024_summer_regular,yan,huahua,yangy,yihua,libao,0,1,"2024IVL夏季赛常规赛.xlsx",77
5207,2024-06-15,IVL_2024_summer_regular,dongx,yeyv,xmx,dking,487,1,1,"2024IVL夏季赛常规赛.xlsx",78
5208,2024-06-15,IVL_2024_summer_regular,choai,fulan,regesi,sxy,sans,0,1,"2024IVL夏季赛常规赛.xlsx",79
5209,2024-06-15,IVL_2024_summer_regular,dongx,dking,yeyv,487,xmx,0,1,"2024IVL夏季赛常规赛.xlsx",80
5210,2024-06-15,IVL_2024_summer_regular,choai,sxy,fulan,regesi,sans,3,0,"2024IVL夏季赛常规赛.xlsx",81
5211,2024-06-15,IVL_2024_summer_regular,choai,sans,regesi,sxy,fulan,2,,"2024IVL夏季赛常规赛.xlsx",82
5212,2024-06-15,IVL_2024_summer_regular,dongx,xmx,487,yeyv,dking,0,1,"2024IVL夏季赛常规赛.xlsx",83
5213,2024-06-16,IVL_2024_summer_regular,ppei,xiaox,xiaod,huac,nanako,2,,"2024IVL夏季赛常规赛.xlsx",84
5214,2024-06-16,IVL_2024_summer_regular,xc,huahua,yangy,yihua,libao,0,1,"2024IVL夏季赛常规赛.xlsx",85
5215,2024-06-16,IVL_2024_summer_regular,ppei,nanako,xiaod,xiaox,huac,3,0,"2024IVL夏季赛常规赛.xlsx",86
5216,2024-06-16,IVL_2024_summer_regular,xc,yihua,huahua,libao,yangy,2,,"2024IVL夏季赛常规赛.xlsx",87
5217,2024-06-16,IVL_2024_summer_regular,xawm,xen,egg,eleven,gougou,1,1,"2024IVL夏季赛常规赛.xlsx",88
5218,2024-06-16,IVL_2024_summer_regular,bo1,kucao,18,tx,ppxia,2,,"2024IVL夏季赛常规赛.xlsx",89
5219,2024-06-16,IVL_2024_summer_regular,xawm,xen,eleven,egg,gougou,0,1,"2024IVL夏季赛常规赛.xlsx",90
5220,2024-06-16,IVL_2024_summer_regular,bo1,kucao,18,ppxia,tx,2,,"2024IVL夏季赛常规赛.xlsx",91
5221,2024-06-16,IVL_2024_summer_regular,d,huiyi,persica,huan,long,2,,"2024IVL夏季赛常规赛.xlsx",92
5222,2024-06-16,IVL_2024_summer_regular,alex,maom,yyk,lion,drop,2,,"2024IVL夏季赛常规赛.xlsx",93
5223,2024-06-16,IVL_2024_summer_regular,d,huiyi,persica,huan,long,2,,"2024IVL夏季赛常规赛.xlsx",94
5224,2024-06-16,IVL_2024_summer_regular,alex,yyk,drop,lion,maom,2,,"2024IVL夏季赛常规赛.xlsx",95
5225,2024-06-16,IVL_2024_summer_regular,alex,maom,lion,yyk,drop,3,0,"2024IVL夏季赛常规赛.xlsx",96
5226,2024-06-16,IVL_2024_summer_regular,d,persica,long,huiyi,huan,2,,"2024IVL夏季赛常规赛.xlsx",97
5227,2024-06-21,IVL_2024_summer_regular,choai,xmiao5,ak,ac,heart,2,,"2024IVL夏季赛常规赛.xlsx",98
5228,2024-06-21,IVL_2024_summer_regular,n1e,487,dking,xmx,yeyv,2,,"2024IVL夏季赛常规赛.xlsx",99
5229,2024-06-21,IVL_2024_summer_regular,n1e,dking,yeyv,xmx,487,3,0,"2024IVL夏季赛常规赛.xlsx",100
5230,2024-06-21,IVL_2024_summer_regular,choai,ac,xmiao5,heart,ak,2,,"2024IVL夏季赛常规赛.xlsx",101
5231,2024-06-21,IVL_2024_summer_regular,choai,heart,ak,xmiao5,ac,3,0,"2024IVL夏季赛常规赛.xlsx",102
5232,2024-06-21,IVL_2024_summer_regular,n1e,487,dking,yeyv,xmx,2,,"2024IVL夏季赛常规赛.xlsx",103
5233,2024-06-21,IVL_2024_summer_regular,n1e,487,dking,xmx,yeyv,2,,"2024IVL夏季赛常规赛.xlsx",104
5234,2024-06-21,IVL_2024_summer_regular,choai,ac,xmiao5,heart,ak,2,,"2024IVL夏季赛常规赛.xlsx",105
5235,2024-06-21,IVL_2024_summer_regular,xawm,long,persica,huan,huiyi,1,1,"2024IVL夏季赛常规赛.xlsx",106
5236,2024-06-21,IVL_2024_summer_regular,alex,tx,18,ppxia,kucao,0,1,"2024IVL夏季赛常规赛.xlsx",107
5237,2024-06-21,IVL_2024_summer_regular,xawm,huan,persica,long,huiyi,1,1,"2024IVL夏季赛常规赛.xlsx",108
5238,2024-06-21,IVL_2024_summer_regular,alex,18,kucao,tx,ppxia,3,0,"2024IVL夏季赛常规赛.xlsx",109
5239,2024-06-21,IVL_2024_summer_regular,xawm,persica,huan,long,huiyi,2,,"2024IVL夏季赛常规赛.xlsx",110
5240,2024-06-21,IVL_2024_summer_regular,alex,tx,ppxia,kucao,18,2,,"2024IVL夏季赛常规赛.xlsx",111
5241,2024-06-21,IVL_2024_summer_regular,dongx,xy,gougou,eleven,xen,0,1,"2024IVL夏季赛常规赛.xlsx",112
5242,2024-06-21,IVL_2024_summer_regular,bo1,regesi,fulan,sxy,sans,2,,"2024IVL夏季赛常规赛.xlsx",113
5243,2024-06-21,IVL_2024_summer_regular,dongx,xen,xy,eleven,gougou,2,,"2024IVL夏季赛常规赛.xlsx",114
5244,2024-06-21,IVL_2024_summer_regular,lxy,sxy,fulan,regesi,sans,1,1,"2024IVL夏季赛常规赛.xlsx",115
5245,2024-06-21,IVL_2024_summer_regular,lxy,regesi,sans,sxy,fulan,3,0,"2024IVL夏季赛常规赛.xlsx",116
5246,2024-06-21,IVL_2024_summer_regular,dongx,xy,xen,gougou,eleven,0,1,"2024IVL夏季赛常规赛.xlsx",117
5247,2024-06-22,IVL_2024_summer_regular,xawm,silverzhi,czai,nan,chen,0,1,"2024IVL夏季赛常规赛.xlsx",118
5248,2024-06-22,IVL_2024_summer_regular,tzym,kucao,ppxia,tx,18,1,1,"2024IVL夏季赛常规赛.xlsx",119
5249,2024-06-22,IVL_2024_summer_regular,yan,tx,18,ppxia,kucao,2,,"2024IVL夏季赛常规赛.xlsx",120
5250,2024-06-22,IVL_2024_summer_regular,xawm,nan,czai,silverzhi,chen,0,1,"2024IVL夏季赛常规赛.xlsx",121
5251,2024-06-22,IVL_2024_summer_regular,ppei,drop,maom,lion,yyk,0,1,"2024IVL夏季赛常规赛.xlsx",122
5252,2024-06-22,IVL_2024_summer_regular,d,yangy,libao,yihua,huahua,1,1,"2024IVL夏季赛常规赛.xlsx",123
5253,2024-06-22,IVL_2024_summer_regular,ppei,yyk,maom,drop,lion,2,,"2024IVL夏季赛常规赛.xlsx",124
5254,2024-06-22,IVL_2024_summer_regular,d,yihua,huahua,libao,yangy,1,1,"2024IVL夏季赛常规赛.xlsx",125
5255,2024-06-22,IVL_2024_summer_regular,ppei,maom,lion,yyk,drop,1,1,"2024IVL夏季赛常规赛.xlsx",126
5256,2024-06-22,IVL_2024_summer_regular,d,huahua,libao,yangy,yihua,2,,"2024IVL夏季赛常规赛.xlsx",127
5257,2024-06-22,IVL_2024_summer_regular,alex,xiaox,xiaod,nanako,huac,1,1,"2024IVL夏季赛常规赛.xlsx",128
5258,2024-06-22,IVL_2024_summer_regular,xc,persica,huan,long,huiyi,2,,"2024IVL夏季赛常规赛.xlsx",129
5259,2024-06-22,IVL_2024_summer_regular,alex,xiaod,nanako,huac,xiaox,2,,"2024IVL夏季赛常规赛.xlsx",130
5260,2024-06-22,IVL_2024_summer_regular,xc,huan,persica,huiyi,long,0,1,"2024IVL夏季赛常规赛.xlsx",131
5261,2024-06-22,IVL_2024_summer_regular,xc,huiyi,long,persica,huan,3,0,"2024IVL夏季赛常规赛.xlsx",132
5262,2024-06-22,IVL_2024_summer_regular,alex,xiaod,nanako,xiaox,huac,2,,"2024IVL夏季赛常规赛.xlsx",133
5263,2024-06-23,IVL_2024_summer_regular,bo1,chen,czai,silverzhi,nan,2,,"2024IVL夏季赛常规赛.xlsx",134
5264,2024-06-23,IVL_2024_summer_regular,tzym,xen,eleven,gougou,xy,0,1,"2024IVL夏季赛常规赛.xlsx",135
5265,2024-06-23,IVL_2024_summer_regular,yan,xy,eleven,xen,gougou,2,,"2024IVL夏季赛常规赛.xlsx",136
5266,2024-06-23,IVL_2024_summer_regular,lxy,silverzhi,chen,nan,czai,3,0,"2024IVL夏季赛常规赛.xlsx",137
5267,2024-06-23,IVL_2024_summer_regular,choai,xiaox,huac,nanako,xiaod,1,1,"2024IVL夏季赛常规赛.xlsx",138
5268,2024-06-23,IVL_2024_summer_regular,xc,dking,487,yeyv,xmx,0,1,"2024IVL夏季赛常规赛.xlsx",139
5269,2024-06-23,IVL_2024_summer_regular,choai,nanako,xiaod,xiaox,huac,1,1,"2024IVL夏季赛常规赛.xlsx",140
5270,2024-06-23,IVL_2024_summer_regular,xc,487,yeyv,xmx,dking,0,1,"2024IVL夏季赛常规赛.xlsx",141
5271,2024-06-23,IVL_2024_summer_regular,ppei,sans,fulan,sxy,regesi,2,,"2024IVL夏季赛常规赛.xlsx",142
5272,2024-06-23,IVL_2024_summer_regular,dongx,yangy,huahua,yihua,libao,2,,"2024IVL夏季赛常规赛.xlsx",143
5273,2024-06-23,IVL_2024_summer_regular,dongx,yihua,huahua,libao,yangy,2,,"2024IVL夏季赛常规赛.xlsx",144
5274,2024-06-23,IVL_2024_summer_regular,ppei,sxy,sans,fulan,regesi,2,,"2024IVL夏季赛常规赛.xlsx",145
5275,2024-06-23,IVL_2024_summer_regular,ppei,regesi,fulan,sans,sxy,1,1,"2024IVL夏季赛常规赛.xlsx",146
5276,2024-06-23,IVL_2024_summer_regular,dongx,yangy,huahua,yihua,libao,3,0,"2024IVL夏季赛常规赛.xlsx",147
5277,2024-06-28,IVL_2024_summer_regular,dongx,huiyi,long,huan,persica,2,,"2024IVL夏季赛常规赛.xlsx",148
5278,2024-06-28,IVL_2024_summer_regular,alex,fulan,sans,regesi,sxy,2,,"2024IVL夏季赛常规赛.xlsx",149
5279,2024-06-28,IVL_2024_summer_regular,dongx,persica,huan,long,huiyi,2,,"2024IVL夏季赛常规赛.xlsx",150
5280,2024-06-28,IVL_2024_summer_regular,alex,sxy,regesi,fulan,sans,3,0,"2024IVL夏季赛常规赛.xlsx",151
5281,2024-06-28,IVL_2024_summer_regular,dongx,persica,long,huan,huiyi,0,1,"2024IVL夏季赛常规赛.xlsx",152
5282,2024-06-28,IVL_2024_summer_regular,alex,sxy,regesi,fulan,sans,2,,"2024IVL夏季赛常规赛.xlsx",153
5283,2024-06-28,IVL_2024_summer_regular,d,kucao,ppxia,tx,18,3,0,"2024IVL夏季赛常规赛.xlsx",154
5284,2024-06-28,IVL_2024_summer_regular,xawm,maom,guag,lion,drop,2,,"2024IVL夏季赛常规赛.xlsx",155
5285,2024-06-28,IVL_2024_summer_regular,d,ppxia,kucao,tx,18,1,1,"2024IVL夏季赛常规赛.xlsx",156
5286,2024-06-28,IVL_2024_summer_regular,xawm,drop,lion,guag,maom,3,0,"2024IVL夏季赛常规赛.xlsx",157
5287,2024-06-28,IVL_2024_summer_regular,d,ppxia,tx,18,kucao,3,0,"2024IVL夏季赛常规赛.xlsx",158
5288,2024-06-28,IVL_2024_summer_regular,xawm,maom,drop,guag,lion,2,,"2024IVL夏季赛常规赛.xlsx",159
5289,2024-06-28,IVL_2024_summer_regular,bo1,xiaox,xiaod,nanako,huac,3,0,"2024IVL夏季赛常规赛.xlsx",160
5290,2024-06-28,IVL_2024_summer_regular,xc,eleven,xen,gougou,egg,2,,"2024IVL夏季赛常规赛.xlsx",161
5291,2024-06-28,IVL_2024_summer_regular,xc,eleven,egg,xen,gougou,2,,"2024IVL夏季赛常规赛.xlsx",162
5292,2024-06-28,IVL_2024_summer_regular,bo1,huac,xiaod,xiaox,nanako,3,0,"2024IVL夏季赛常规赛.xlsx",163
5293,2024-06-29,IVL_2024_summer_regular,yan,dking,xmx,yeyv,487,2,,"2024IVL夏季赛常规赛.xlsx",164
5294,2024-06-29,IVL_2024_summer_regular,choai,silverzhi,czai,nan,chen,2,,"2024IVL夏季赛常规赛.xlsx",165
5295,2024-06-29,IVL_2024_summer_regular,yan,dking,yeyv,xmx,487,2,,"2024IVL夏季赛常规赛.xlsx",166
5296,2024-06-29,IVL_2024_summer_regular,choai,czai,chen,nan,silverzhi,2,,"2024IVL夏季赛常规赛.xlsx",167
5297,2024-06-29,IVL_2024_summer_regular,choai,nan,chen,czai,silverzhi,3,0,"2024IVL夏季赛常规赛.xlsx",168
5298,2024-06-29,IVL_2024_summer_regular,yan,xmx,487,yeyv,dking,2,,"2024IVL夏季赛常规赛.xlsx",169
5299,2024-06-29,IVL_2024_summer_regular,dongx,xiaox,xiaod,huac,nanako,1,1,"2024IVL夏季赛常规赛.xlsx",170
5300,2024-06-29,IVL_2024_summer_regular,xc,sans,fulan,sxy,regesi,0,1,"2024IVL夏季赛常规赛.xlsx",171
5301,2024-06-29,IVL_2024_summer_regular,dongx,xiaod,nanako,xiaox,huac,0,1,"2024IVL夏季赛常规赛.xlsx",172
5302,2024-06-29,IVL_2024_summer_regular,xc,regesi,sans,sxy,fulan,3,0,"2024IVL夏季赛常规赛.xlsx",173
5303,2024-06-29,IVL_2024_summer_regular,dongx,xiaod,nanako,xiaox,huac,3,0,"2024IVL夏季赛常规赛.xlsx",174
5304,2024-06-29,IVL_2024_summer_regular,xc,sxy,sans,fulan,regesi,3,0,"2024IVL夏季赛常规赛.xlsx",175
5305,2024-06-29,IVL_2024_summer_regular,n1e,18,tx,kucao,ppxia,3,0,"2024IVL夏季赛常规赛.xlsx",176
5306,2024-06-29,IVL_2024_summer_regular,xawm,ac,ak,heart,xmiao5,1,1,"2024IVL夏季赛常规赛.xlsx",177
5307,2024-06-29,IVL_2024_summer_regular,n1e,tx,18,kucao,ppxia,2,,"2024IVL夏季赛常规赛.xlsx",178
5308,2024-06-29,IVL_2024_summer_regular,xawm,ac,ak,heart,xmiao5,0,1,"2024IVL夏季赛常规赛.xlsx",179
5309,2024-06-30,IVL_2024_summer_regular,bo1,guag,maom,lion,drop,0,1,"2024IVL夏季赛常规赛.xlsx",180
5310,2024-06-30,IVL_2024_summer_regular,d,gougou,xen,eleven,egg,2,,"2024IVL夏季赛常规赛.xlsx",181
5311,2024-06-30,IVL_2024_summer_regular,bo1,guag,maom,lion,drop,2,,"2024IVL夏季赛常规赛.xlsx",182
5312,2024-06-30,IVL_2024_summer_regular,d,xy,gougou,eleven,xen,0,1,"2024IVL夏季赛常规赛.xlsx",183
5313,2024-06-30,IVL_2024_summer_regular,d,egg,eleven,xen,gougou,0,1,"2024IVL夏季赛常规赛.xlsx",184
5314,2024-06-30,IVL_2024_summer_regular,bo1,lion,guag,drop,maom,2,,"2024IVL夏季赛常规赛.xlsx",185
5315,2024-06-30,IVL_2024_summer_regular,tzym,heart,ac,xmiao5,ak,1,1,"2024IVL夏季赛常规赛.xlsx",186
5316,2024-06-30,IVL_2024_summer_regular,n1e,silverzhi,czai,nan,chen,3,0,"2024IVL夏季赛常规赛.xlsx",187
5317,2024-06-30,IVL_2024_summer_regular,yan,ak,ac,heart,xmiao5,2,,"2024IVL夏季赛常规赛.xlsx",188
5318,2024-06-30,IVL_2024_summer_regular,n1e,silverzhi,czai,nan,chen,2,,"2024IVL夏季赛常规赛.xlsx",189
5319,2024-06-30,IVL_2024_summer_regular,n1e,nan,silverzhi,czai,chen,0,1,"2024IVL夏季赛常规赛.xlsx",190
5320,2024-06-30,IVL_2024_summer_regular,yan,heart,ac,xmiao5,ak,3,0,"2024IVL夏季赛常规赛.xlsx",191
5321,2024-06-30,IVL_2024_summer_regular,ppei,huiyi,persica,long,huan,2,,"2024IVL夏季赛常规赛.xlsx",192
5322,2024-06-30,IVL_2024_summer_regular,alex,libao,huahua,yihua,yangy,3,0,"2024IVL夏季赛常规赛.xlsx",193
5323,2024-06-30,IVL_2024_summer_regular,alex,yihua,yangy,libao,huahua,2,,"2024IVL夏季赛常规赛.xlsx",194
5324,2024-06-30,IVL_2024_summer_regular,ppei,persica,huan,long,huiyi,3,0,"2024IVL夏季赛常规赛.xlsx",195
5325,2024-06-30,IVL_2024_summer_regular,ppei,huiyi,long,huan,persica,2,,"2024IVL夏季赛常规赛.xlsx",196
5326,2024-06-30,IVL_2024_summer_regular,alex,libao,huahua,yangy,yihua,1,1,"2024IVL夏季赛常规赛.xlsx",197
5327,2024-07-05,IVL_2024_summer_regular,dongx,tx,18,ppxia,kucao,3,0,"2024IVL夏季赛常规赛.xlsx",198
5328,2024-07-05,IVL_2024_summer_regular,xawm,sans,fulan,sxy,regesi,2,,"2024IVL夏季赛常规赛.xlsx",199
5329,2024-07-05,IVL_2024_summer_regular,dongx,tx,18,kucao,ppxia,2,,"2024IVL夏季赛常规赛.xlsx",200
5330,2024-07-05,IVL_2024_summer_regular,xawm,regesi,fulan,sans,sxy,2,,"2024IVL夏季赛常规赛.xlsx",201
5331,2024-07-05,IVL_2024_summer_regular,dongx,tx,18,kucao,ppxia,0,1,"2024IVL夏季赛常规赛.xlsx",202
5332,2024-07-05,IVL_2024_summer_regular,xawm,sxy,sans,regesi,fulan,1,1,"2024IVL夏季赛常规赛.xlsx",203
5333,2024-07-05,IVL_2024_summer_regular,n1e,huac,xiaod,xiaox,nanako,2,,"2024IVL夏季赛常规赛.xlsx",204
5334,2024-07-05,IVL_2024_summer_regular,xc,ak,ac,heart,xmiao5,0,1,"2024IVL夏季赛常规赛.xlsx",205
5335,2024-07-05,IVL_2024_summer_regular,n1e,xiaox,xiaod,nanako,huac,2,,"2024IVL夏季赛常规赛.xlsx",206
5336,2024-07-05,IVL_2024_summer_regular,xc,ak,heart,xmiao5,ac,1,1,"2024IVL夏季赛常规赛.xlsx",207
5337,2024-07-05,IVL_2024_summer_regular,tzym,drop,guag,lion,maom,0,1,"2024IVL夏季赛常规赛.xlsx",208
5338,2024-07-05,IVL_2024_summer_regular,d,silverzhi,musk,nan,czai,2,,"2024IVL夏季赛常规赛.xlsx",209
5339,2024-07-05,IVL_2024_summer_regular,yan,drop,maom,lion,guag,2,,"2024IVL夏季赛常规赛.xlsx",210
5340,2024-07-05,IVL_2024_summer_regular,d,silverzhi,czai,nan,musk,0,1,"2024IVL夏季赛常规赛.xlsx",211
5341,2024-07-05,IVL_2024_summer_regular,yan,maom,lion,guag,drop,1,1,"2024IVL夏季赛常规赛.xlsx",212
5342,2024-07-05,IVL_2024_summer_regular,d,czai,musk,silverzhi,nan,2,,"2024IVL夏季赛常规赛.xlsx",213
5343,2024-07-06,IVL_2024_summer_regular,choai,huahua,yangy,libao,yihua,1,1,"2024IVL夏季赛常规赛.xlsx",214
5344,2024-07-06,IVL_2024_summer_regular,ppei,dking,yeyv,487,xmx,2,,"2024IVL夏季赛常规赛.xlsx",215
5345,2024-07-06,IVL_2024_summer_regular,choai,yihua,huahua,yangy,libao,3,0,"2024IVL夏季赛常规赛.xlsx",216
5346,2024-07-06,IVL_2024_summer_regular,ppei,yeyv,487,dking,xmx,3,0,"2024IVL夏季赛常规赛.xlsx",217
5347,2024-07-06,IVL_2024_summer_regular,choai,libao,huahua,yihua,yangy,1,1,"2024IVL夏季赛常规赛.xlsx",218
5348,2024-07-06,IVL_2024_summer_regular,ppei,dking,487,xmx,yeyv,0,1,"2024IVL夏季赛常规赛.xlsx",219
5349,2024-07-06,IVL_2024_summer_regular,bo1,huiyi,long,huan,persica,0,1,"2024IVL夏季赛常规赛.xlsx",220
5350,2024-07-06,IVL_2024_summer_regular,alex,eleven,gougou,xen,xy,1,1,"2024IVL夏季赛常规赛.xlsx",221
5351,2024-07-06,IVL_2024_summer_regular,bo1,huan,long,huiyi,persica,2,,"2024IVL夏季赛常规赛.xlsx",222
5352,2024-07-06,IVL_2024_summer_regular,alex,gougou,xy,xen,eleven,1,1,"2024IVL夏季赛常规赛.xlsx",223
5353,2024-07-06,IVL_2024_summer_regular,bo1,huiyi,long,persica,huan,3,0,"2024IVL夏季赛常规赛.xlsx",224
5354,2024-07-06,IVL_2024_summer_regular,alex,eleven,gougou,xen,xy,0,1,"2024IVL夏季赛常规赛.xlsx",225
5355,2024-07-06,IVL_2024_summer_regular,d,sans,fulan,sxy,regesi,2,,"2024IVL夏季赛常规赛.xlsx",226
5356,2024-07-06,IVL_2024_summer_regular,dongx,maom,yyk,drop,lion,0,1,"2024IVL夏季赛常规赛.xlsx",227
5357,2024-07-06,IVL_2024_summer_regular,d,regesi,sxy,fulan,sans,2,,"2024IVL夏季赛常规赛.xlsx",228
5358,2024-07-06,IVL_2024_summer_regular,dongx,lion,yyk,drop,maom,2,,"2024IVL夏季赛常规赛.xlsx",229
5359,2024-07-06,IVL_2024_summer_regular,d,sans,sxy,fulan,regesi,4,0,"2024IVL夏季赛常规赛.xlsx",230
5360,2024-07-06,IVL_2024_summer_regular,dongx,yyk,lion,maom,drop,0,1,"2024IVL夏季赛常规赛.xlsx",231
5361,2024-07-07,IVL_2024_summer_regular,tzym,xiaod,huac,xiaox,nanako,3,0,"2024IVL夏季赛常规赛.xlsx",232
5362,2024-07-07,IVL_2024_summer_regular,xc,czai,silverzhi,nan,musk,0,1,"2024IVL夏季赛常规赛.xlsx",233
5363,2024-07-07,IVL_2024_summer_regular,yan,xiaox,xiaod,nanako,huac,2,,"2024IVL夏季赛常规赛.xlsx",234
5364,2024-07-07,IVL_2024_summer_regular,xc,silverzhi,czai,musk,nan,0,1,"2024IVL夏季赛常规赛.xlsx",235
5365,2024-07-07,IVL_2024_summer_regular,ppei,ac,ak,heart,xmiao5,1,1,"2024IVL夏季赛常规赛.xlsx",236
5366,2024-07-07,IVL_2024_summer_regular,n1e,libao,huahua,yihua,yangy,1,1,"2024IVL夏季赛常规赛.xlsx",237
5367,2024-07-07,IVL_2024_summer_regular,n1e,yihua,libao,huahua,yangy,2,,"2024IVL夏季赛常规赛.xlsx",238
5368,2024-07-07,IVL_2024_summer_regular,ppei,xmiao5,ac,heart,ak,0,1,"2024IVL夏季赛常规赛.xlsx",239
5369,2024-07-07,IVL_2024_summer_regular,ppei,ak,ac,xmiao5,heart,2,,"2024IVL夏季赛常规赛.xlsx",240
5370,2024-07-07,IVL_2024_summer_regular,n1e,yangy,libao,yihua,huahua,3,0,"2024IVL夏季赛常规赛.xlsx",241
5371,2024-07-07,IVL_2024_summer_regular,alex,dking,xmx,yeyv,487,2,,"2024IVL夏季赛常规赛.xlsx",242
5372,2024-07-07,IVL_2024_summer_regular,choai,persica,huan,huiyi,long,0,1,"2024IVL夏季赛常规赛.xlsx",243
5373,2024-07-07,IVL_2024_summer_regular,choai,long,persica,huiyi,huan,2,,"2024IVL夏季赛常规赛.xlsx",244
5374,2024-07-07,IVL_2024_summer_regular,alex,dking,yeyv,xmx,487,2,,"2024IVL夏季赛常规赛.xlsx",245
5375,2024-07-07,IVL_2024_summer_regular,alex,487,yeyv,xmx,dking,3,0,"2024IVL夏季赛常规赛.xlsx",246
5376,2024-07-07,IVL_2024_summer_regular,choai,persica,huiyi,huan,long,0,1,"2024IVL夏季赛常规赛.xlsx",247
5377,2024-07-12,IVL_2024_summer_regular,alex,huahua,yangy,libao,yihua,2,,"2024IVL夏季赛常规赛.xlsx",248
5378,2024-07-12,IVL_2024_summer_regular,ppei,persica,long,huiyi,huan,0,1,"2024IVL夏季赛常规赛.xlsx",249
5379,2024-07-12,IVL_2024_summer_regular,alex,huahua,libao,yihua,yangy,2,,"2024IVL夏季赛常规赛.xlsx",250
5380,2024-07-12,IVL_2024_summer_regular,ppei,long,huan,persica,huiyi,2,,"2024IVL夏季赛常规赛.xlsx",251
5381,2024-07-12,IVL_2024_summer_regular,alex,yihua,huahua,libao,yangy,2,,"2024IVL夏季赛常规赛.xlsx",252
5382,2024-07-12,IVL_2024_summer_regular,ppei,long,huiyi,persica,huan,2,,"2024IVL夏季赛常规赛.xlsx",253
5383,2024-07-12,IVL_2024_summer_regular,yan,heart,ac,xmiao5,ak,1,1,"2024IVL夏季赛常规赛.xlsx",254
5384,2024-07-12,IVL_2024_summer_regular,n1e,czai,silverzhi,chen,nan,0,1,"2024IVL夏季赛常规赛.xlsx",255
5385,2024-07-12,IVL_2024_summer_regular,n1e,czai,chen,silverzhi,nan,1,1,"2024IVL夏季赛常规赛.xlsx",256
5386,2024-07-12,IVL_2024_summer_regular,yan,ac,ak,xmiao5,heart,3,0,"2024IVL夏季赛常规赛.xlsx",257
5387,2024-07-12,IVL_2024_summer_regular,d,eleven,gougou,xy,xen,3,0,"2024IVL夏季赛常规赛.xlsx",258
5388,2024-07-12,IVL_2024_summer_regular,bo1,maom,drop,guag,lion,3,0,"2024IVL夏季赛常规赛.xlsx",259
5389,2024-07-12,IVL_2024_summer_regular,lxy,maom,guag,lion,drop,3,0,"2024IVL夏季赛常规赛.xlsx",260
5390,2024-07-12,IVL_2024_summer_regular,d,gougou,xen,xy,eleven,3,0,"2024IVL夏季赛常规赛.xlsx",261
5391,2024-07-12,IVL_2024_summer_regular,d,eleven,xen,xy,gougou,2,,"2024IVL夏季赛常规赛.xlsx",262
5392,2024-07-12,IVL_2024_summer_regular,bo1,lion,drop,guag,maom,0,1,"2024IVL夏季赛常规赛.xlsx",263
5393,2024-07-13,IVL_2024_summer_regular,alex,sans,fulan,sxy,regesi,2,,"2024IVL夏季赛常规赛.xlsx",264
5394,2024-07-13,IVL_2024_summer_regular,dongx,huan,persica,long,huiyi,0,1,"2024IVL夏季赛常规赛.xlsx",265
5395,2024-07-13,IVL_2024_summer_regular,dongx,long,huan,persica,huiyi,0,1,"2024IVL夏季赛常规赛.xlsx",266
5396,2024-07-13,IVL_2024_summer_regular,alex,sxy,sans,regesi,fulan,2,,"2024IVL夏季赛常规赛.xlsx",267
5397,2024-07-13,IVL_2024_summer_regular,xawm,maom,drop,lion,guag,1,1,"2024IVL夏季赛常规赛.xlsx",268
5398,2024-07-13,IVL_2024_summer_regular,d,ppxia,tx,kucao,18,1,1,"2024IVL夏季赛常规赛.xlsx",269
5399,2024-07-13,IVL_2024_summer_regular,d,tx,18,ppxia,kucao,2,,"2024IVL夏季赛常规赛.xlsx",270
5400,2024-07-13,IVL_2024_summer_regular,xawm,maom,guag,drop,lion,3,0,"2024IVL夏季赛常规赛.xlsx",271
5401,2024-07-13,IVL_2024_summer_regular,d,tx,ppxia,kucao,18,4,0,"2024IVL夏季赛常规赛.xlsx",272
5402,2024-07-13,IVL_2024_summer_regular,xawm,maom,lion,guag,drop,2,,"2024IVL夏季赛常规赛.xlsx",273
5403,2024-07-13,IVL_2024_summer_regular,bo1,xiaox,xiaod,huac,nanako,0,1,"2024IVL夏季赛常规赛.xlsx",274
5404,2024-07-13,IVL_2024_summer_regular,xc,gougou,xen,eleven,xy,0,1,"2024IVL夏季赛常规赛.xlsx",275
5405,2024-07-13,IVL_2024_summer_regular,lxy,xiaod,huac,nanako,xiaox,3,0,"2024IVL夏季赛常规赛.xlsx",276
5406,2024-07-13,IVL_2024_summer_regular,xc,xy,gougou,xen,eleven,3,0,"2024IVL夏季赛常规赛.xlsx",277
5407,2024-07-13,IVL_2024_summer_regular,bo1,xiaox,nanako,huac,xiaod,2,,"2024IVL夏季赛常规赛.xlsx",278
5408,2024-07-13,IVL_2024_summer_regular,xc,xen,eleven,xy,gougou,0,1,"2024IVL夏季赛常规赛.xlsx",279
5409,2024-07-14,IVL_2024_summer_regular,choai,silverzhi,czai,nan,chen,2,,"2024IVL夏季赛常规赛.xlsx",280
5410,2024-07-14,IVL_2024_summer_regular,tzym,yeyv,xmx,487,dking,2,,"2024IVL夏季赛常规赛.xlsx",281
5411,2024-07-14,IVL_2024_summer_regular,yan,487,dking,xmx,yeyv,4,0,"2024IVL夏季赛常规赛.xlsx",282
5412,2024-07-14,IVL_2024_summer_regular,choai,nan,silverzhi,czai,chen,2,,"2024IVL夏季赛常规赛.xlsx",283
5413,2024-07-14,IVL_2024_summer_regular,choai,chen,czai,nan,silverzhi,2,,"2024IVL夏季赛常规赛.xlsx",284
5414,2024-07-14,IVL_2024_summer_regular,yan,xmx,dking,487,yeyv,2,,"2024IVL夏季赛常规赛.xlsx",285
5415,2024-07-14,IVL_2024_summer_regular,xc,sans,regesi,sxy,fulan,2,,"2024IVL夏季赛常规赛.xlsx",286
5416,2024-07-14,IVL_2024_summer_regular,dongx,huac,xiaod,xiaox,nanako,2,,"2024IVL夏季赛常规赛.xlsx",287
5417,2024-07-14,IVL_2024_summer_regular,dongx,xiaox,xiaod,huac,nanako,0,1,"2024IVL夏季赛常规赛.xlsx",288
5418,2024-07-14,IVL_2024_summer_regular,xc,sxy,sans,regesi,fulan,2,,"2024IVL夏季赛常规赛.xlsx",289
5419,2024-07-14,IVL_2024_summer_regular,xc,regesi,sxy,sans,fulan,1,1,"2024IVL夏季赛常规赛.xlsx",290
5420,2024-07-14,IVL_2024_summer_regular,dongx,xiaox,nanako,xiaod,huac,0,1,"2024IVL夏季赛常规赛.xlsx",291
5421,2024-07-14,IVL_2024_summer_regular,xawm,xmiao5,heart,ak,ac,2,,"2024IVL夏季赛常规赛.xlsx",292
5422,2024-07-14,IVL_2024_summer_regular,n1e,18,ppxia,tx,kucao,0,1,"2024IVL夏季赛常规赛.xlsx",293
5423,2024-07-14,IVL_2024_summer_regular,n1e,tx,18,kucao,ppxia,0,1,"2024IVL夏季赛常规赛.xlsx",294
5424,2024-07-14,IVL_2024_summer_regular,xawm,heart,ac,ak,xmiao5,3,0,"2024IVL夏季赛常规赛.xlsx",295
5425,2024-07-19,IVL_2024_summer_regular,ppei,tx,ppxia,kucao,18,2,,"2024IVL夏季赛常规赛.xlsx",296
5426,2024-07-19,IVL_2024_summer_regular,xawm,huahua,yangy,yihua,libao,1,1,"2024IVL夏季赛常规赛.xlsx",297
5427,2024-07-19,IVL_2024_summer_regular,ppei,tx,ppxia,kucao,18,3,0,"2024IVL夏季赛常规赛.xlsx",298
5428,2024-07-19,IVL_2024_summer_regular,xawm,yihua,huahua,yangy,libao,1,1,"2024IVL夏季赛常规赛.xlsx",299
5429,2024-07-19,IVL_2024_summer_regular,choai,maom,drop,lion,guag,0,1,"2024IVL夏季赛常规赛.xlsx",300
5430,2024-07-19,IVL_2024_summer_regular,d,dking,xmx,yeyv,487,1,1,"2024IVL夏季赛常规赛.xlsx",301
5431,2024-07-19,IVL_2024_summer_regular,choai,lion,guag,maom,drop,3,0,"2024IVL夏季赛常规赛.xlsx",302
5432,2024-07-19,IVL_2024_summer_regular,d,yeyv,dking,xmx,487,0,1,"2024IVL夏季赛常规赛.xlsx",303
5433,2024-07-19,IVL_2024_summer_regular,d,xmx,487,dking,yeyv,3,0,"2024IVL夏季赛常规赛.xlsx",304
5434,2024-07-19,IVL_2024_summer_regular,choai,drop,lion,maom,guag,3,0,"2024IVL夏季赛常规赛.xlsx",305
5435,2024-07-19,IVL_2024_summer_regular,dongx,chen,czai,nan,silverzhi,2,,"2024IVL夏季赛常规赛.xlsx",306
5436,2024-07-19,IVL_2024_summer_regular,tzym,fulan,sxy,regesi,sans,2,,"2024IVL夏季赛常规赛.xlsx",307
5437,2024-07-19,IVL_2024_summer_regular,yan,regesi,sans,sxy,fulan,2,,"2024IVL夏季赛常规赛.xlsx",308
5438,2024-07-19,IVL_2024_summer_regular,dongx,silverzhi,czai,chen,nan,3,0,"2024IVL夏季赛常规赛.xlsx",309
5439,2024-07-19,IVL_2024_summer_regular,yan,regesi,sans,sxy,fulan,3,0,"2024IVL夏季赛常规赛.xlsx",310
5440,2024-07-19,IVL_2024_summer_regular,dongx,nan,silverzhi,czai,chen,2,,"2024IVL夏季赛常规赛.xlsx",311
5441,2024-07-19,IVL_2024_summer_regular,dongx,czai,silverzhi,nan,chen,2,,"2024IVL夏季赛常规赛.xlsx",312
5442,2024-07-19,IVL_2024_summer_regular,yan,sans,regesi,sxy,fulan,3,0,"2024IVL夏季赛常规赛.xlsx",313
5443,2024-07-20,IVL_2024_summer_regular,bo1,ak,ac,heart,xmiao5,3,0,"2024IVL夏季赛常规赛.xlsx",314
5444,2024-07-20,IVL_2024_summer_regular,n1e,gougou,xen,xy,eleven,1,1,"2024IVL夏季赛常规赛.xlsx",315
5445,2024-07-20,IVL_2024_summer_regular,n1e,egg,xen,eleven,gougou,0,1,"2024IVL夏季赛常规赛.xlsx",316
5446,2024-07-20,IVL_2024_summer_regular,bo1,heart,xmiao5,ac,ak,3,0,"2024IVL夏季赛常规赛.xlsx",317
5447,2024-07-20,IVL_2024_summer_regular,alex,nan,silverzhi,chen,czai,2,,"2024IVL夏季赛常规赛.xlsx",318
5448,2024-07-20,IVL_2024_summer_regular,tzym,huiyi,long,huan,persica,0,1,"2024IVL夏季赛常规赛.xlsx",319
5449,2024-07-20,IVL_2024_summer_regular,yan,long,huan,persica,huiyi,1,1,"2024IVL夏季赛常规赛.xlsx",320
5450,2024-07-20,IVL_2024_summer_regular,alex,nan,silverzhi,chen,czai,2,,"2024IVL夏季赛常规赛.xlsx",321
5451,2024-07-20,IVL_2024_summer_regular,choai,18,tx,ppxia,kucao,1,1,"2024IVL夏季赛常规赛.xlsx",322
5452,2024-07-20,IVL_2024_summer_regular,xawm,dking,xmx,yeyv,487,0,1,"2024IVL夏季赛常规赛.xlsx",323
5453,2024-07-20,IVL_2024_summer_regular,choai,tx,kucao,ppxia,18,3,0,"2024IVL夏季赛常规赛.xlsx",324
5454,2024-07-20,IVL_2024_summer_regular,xawm,dking,xmx,487,yeyv,2,,"2024IVL夏季赛常规赛.xlsx",325
5455,2024-07-21,IVL_2024_summer_regular,d,xiaod,nanako,xiaox,huac,0,1,"2024IVL夏季赛常规赛.xlsx",326
5456,2024-07-21,IVL_2024_summer_regular,xc,maom,drop,guag,lion,0,1,"2024IVL夏季赛常规赛.xlsx",327
5457,2024-07-21,IVL_2024_summer_regular,xc,maom,guag,lion,drop,0,1,"2024IVL夏季赛常规赛.xlsx",328
5458,2024-07-21,IVL_2024_summer_regular,d,xiaox,nanako,xiaod,huac,1,1,"2024IVL夏季赛常规赛.xlsx",329
5459,2024-07-21,IVL_2024_summer_regular,d,xiaox,nanako,huac,xiaod,3,0,"2024IVL夏季赛常规赛.xlsx",330
5460,2024-07-21,IVL_2024_summer_regular,xc,lion,maom,drop,guag,1,1,"2024IVL夏季赛常规赛.xlsx",331
5461,2024-07-21,IVL_2024_summer_regular,n1e,sans,regesi,sxy,fulan,3,0,"2024IVL夏季赛常规赛.xlsx",332
5462,2024-07-21,IVL_2024_summer_regular,dongx,ak,heart,xmiao5,ac,3,0,"2024IVL夏季赛常规赛.xlsx",333
5463,2024-07-21,IVL_2024_summer_regular,dongx,ac,xmiao5,heart,ak,0,1,"2024IVL夏季赛常规赛.xlsx",334
5464,2024-07-21,IVL_2024_summer_regular,n1e,regesi,fulan,sxy,sans,2,,"2024IVL夏季赛常规赛.xlsx",335
5465,2024-07-21,IVL_2024_summer_regular,n1e,sxy,regesi,fulan,sans,3,0,"2024IVL夏季赛常规赛.xlsx",336
5466,2024-07-21,IVL_2024_summer_regular,dongx,heart,xmiao5,ac,ak,0,1,"2024IVL夏季赛常规赛.xlsx",337
5467,2024-07-21,IVL_2024_summer_regular,wlizi,gougou,xy,xen,eleven,3,0,"2024IVL夏季赛常规赛.xlsx",338
5468,2024-07-21,IVL_2024_summer_regular,bo1,huahua,yangy,yihua,libao,2,,"2024IVL夏季赛常规赛.xlsx",339
5469,2024-07-21,IVL_2024_summer_regular,wlizi,xen,gougou,xy,eleven,3,0,"2024IVL夏季赛常规赛.xlsx",340
5470,2024-07-21,IVL_2024_summer_regular,bo1,yangy,huahua,libao,yihua,0,1,"2024IVL夏季赛常规赛.xlsx",341
5471,2024-07-26,IVL_2024_summer_regular,choai,yangy,huahua,yihua,libao,1,1,"2024IVL夏季赛常规赛.xlsx",342
5472,2024-07-26,IVL_2024_summer_regular,wlizi,487,dking,yeyv,xmx,3,0,"2024IVL夏季赛常规赛.xlsx",343
5473,2024-07-26,IVL_2024_summer_regular,wlizi,dking,yeyv,487,xmx,3,0,"2024IVL夏季赛常规赛.xlsx",344
5474,2024-07-26,IVL_2024_summer_regular,choai,yangy,huahua,libao,yihua,3,0,"2024IVL夏季赛常规赛.xlsx",345
5475,2024-07-26,IVL_2024_summer_regular,wlizi,dking,487,xmx,yeyv,3,0,"2024IVL夏季赛常规赛.xlsx",346
5476,2024-07-26,IVL_2024_summer_regular,choai,yihua,huahua,yangy,libao,0,1,"2024IVL夏季赛常规赛.xlsx",347
5477,2024-07-26,IVL_2024_summer_regular,alex,xen,xy,gougou,eleven,2,,"2024IVL夏季赛常规赛.xlsx",348
5478,2024-07-26,IVL_2024_summer_regular,bo1,long,persica,huiyi,huan,2,,"2024IVL夏季赛常规赛.xlsx",349
5479,2024-07-26,IVL_2024_summer_regular,alex,xy,xen,gougou,eleven,2,,"2024IVL夏季赛常规赛.xlsx",350
5480,2024-07-26,IVL_2024_summer_regular,bo1,huiyi,persica,huan,long,3,0,"2024IVL夏季赛常规赛.xlsx",351
5481,2024-07-26,IVL_2024_summer_regular,bo1,long,huiyi,huan,persica,2,,"2024IVL夏季赛常规赛.xlsx",352
5482,2024-07-26,IVL_2024_summer_regular,alex,xy,xen,eleven,gougou,3,0,"2024IVL夏季赛常规赛.xlsx",353
5483,2024-07-26,IVL_2024_summer_regular,alex,eleven,xy,xen,gougou,0,1,"2024IVL夏季赛常规赛.xlsx",354
5484,2024-07-26,IVL_2024_summer_regular,bo1,huan,long,huiyi,persica,2,,"2024IVL夏季赛常规赛.xlsx",355
5485,2024-07-26,IVL_2024_summer_regular,xawm,fulan,sans,sxy,regesi,0,1,"2024IVL夏季赛常规赛.xlsx",356
5486,2024-07-26,IVL_2024_summer_regular,dongx,tx,kucao,ppxia,18,1,1,"2024IVL夏季赛常规赛.xlsx",357
5487,2024-07-26,IVL_2024_summer_regular,dongx,ppxia,tx,kucao,18,2,,"2024IVL夏季赛常规赛.xlsx",358
5488,2024-07-26,IVL_2024_summer_regular,xawm,regesi,sans,sxy,fulan,1,1,"2024IVL夏季赛常规赛.xlsx",359
5489,2024-07-27,IVL_2024_summer_regular,tzym,xiaod,huac,xiaox,nanako,2,,"2024IVL夏季赛常规赛.xlsx",360
5490,2024-07-27,IVL_2024_summer_regular,xc,chen,czai,nan,silverzhi,2,,"2024IVL夏季赛常规赛.xlsx",361
5491,2024-07-27,IVL_2024_summer_regular,yan,nanako,xiaod,xiaox,huac,3,0,"2024IVL夏季赛常规赛.xlsx",362
5492,2024-07-27,IVL_2024_summer_regular,xc,silverzhi,czai,nan,chen,1,1,"2024IVL夏季赛常规赛.xlsx",363
5493,2024-07-27,IVL_2024_summer_regular,tzym,xiaox,nanako,huac,xiaod,2,,"2024IVL夏季赛常规赛.xlsx",364
5494,2024-07-27,IVL_2024_summer_regular,xc,nan,czai,chen,silverzhi,0,1,"2024IVL夏季赛常规赛.xlsx",365
5495,2024-07-27,IVL_2024_summer_regular,d,libao,yangy,yihua,huahua,2,,"2024IVL夏季赛常规赛.xlsx",366
5496,2024-07-27,IVL_2024_summer_regular,wlizi,maom,guag,lion,drop,2,,"2024IVL夏季赛常规赛.xlsx",367
5497,2024-07-27,IVL_2024_summer_regular,wlizi,drop,maom,guag,lion,3,0,"2024IVL夏季赛常规赛.xlsx",368
5498,2024-07-27,IVL_2024_summer_regular,d,yangy,libao,huahua,yihua,1,1,"2024IVL夏季赛常规赛.xlsx",369
5499,2024-07-27,IVL_2024_summer_regular,wlizi,lion,guag,maom,drop,2,,"2024IVL夏季赛常规赛.xlsx",370
5500,2024-07-27,IVL_2024_summer_regular,d,yihua,libao,huahua,yangy,0,1,"2024IVL夏季赛常规赛.xlsx",371
5501,2024-07-27,IVL_2024_summer_regular,choai,persica,long,huan,huiyi,3,0,"2024IVL夏季赛常规赛.xlsx",372
5502,2024-07-27,IVL_2024_summer_regular,alex,487,xmx,dking,yeyv,1,1,"2024IVL夏季赛常规赛.xlsx",373
5503,2024-07-27,IVL_2024_summer_regular,choai,long,persica,huiyi,huan,2,,"2024IVL夏季赛常规赛.xlsx",374
5504,2024-07-27,IVL_2024_summer_regular,alex,xmx,yeyv,487,dking,2,,"2024IVL夏季赛常规赛.xlsx",375
5505,2024-07-27,IVL_2024_summer_regular,alex,487,dking,xmx,yeyv,3,0,"2024IVL夏季赛常规赛.xlsx",376
5506,2024-07-27,IVL_2024_summer_regular,choai,huiyi,huan,persica,long,2,,"2024IVL夏季赛常规赛.xlsx",377
5507,2024-07-28,IVL_2024_summer_regular,dongx,xen,gougou,xy,eleven,0,1,"2024IVL夏季赛常规赛.xlsx",378
5508,2024-07-28,IVL_2024_summer_regular,bo1,regesi,fulan,sxy,sans,0,1,"2024IVL夏季赛常规赛.xlsx",379
5509,2024-07-28,IVL_2024_summer_regular,bo1,regesi,sans,sxy,fulan,3,0,"2024IVL夏季赛常规赛.xlsx",380
5510,2024-07-28,IVL_2024_summer_regular,dongx,xy,xen,eleven,gougou,0,1,"2024IVL夏季赛常规赛.xlsx",381
5511,2024-07-28,IVL_2024_summer_regular,bo1,regesi,sans,sxy,fulan,0,1,"2024IVL夏季赛常规赛.xlsx",382
5512,2024-07-28,IVL_2024_summer_regular,dongx,xen,xy,gougou,eleven,2,,"2024IVL夏季赛常规赛.xlsx",383
5513,2024-07-28,IVL_2024_summer_regular,n1e,nanako,xiaod,xiaox,huac,1,1,"2024IVL夏季赛常规赛.xlsx",384
5514,2024-07-28,IVL_2024_summer_regular,xc,heart,ak,ac,xmiao5,3,0,"2024IVL夏季赛常规赛.xlsx",385
5515,2024-07-28,IVL_2024_summer_regular,n1e,xiaod,nanako,xiaox,huac,1,1,"2024IVL夏季赛常规赛.xlsx",386
5516,2024-07-28,IVL_2024_summer_regular,xc,ac,ak,heart,xmiao5,3,0,"2024IVL夏季赛常规赛.xlsx",387
5517,2024-07-28,IVL_2024_summer_regular,d,czai,silverzhi,chen,nan,3,0,"2024IVL夏季赛常规赛.xlsx",388
5518,2024-07-28,IVL_2024_summer_regular,tzym,maom,drop,lion,guag,1,1,"2024IVL夏季赛常规赛.xlsx",389
5519,2024-07-28,IVL_2024_summer_regular,yan,drop,guag,lion,maom,2,,"2024IVL夏季赛常规赛.xlsx",390
5520,2024-07-28,IVL_2024_summer_regular,d,silverzhi,czai,nan,chen,2,,"2024IVL夏季赛常规赛.xlsx",391
5521,2024-07-28,IVL_2024_summer_regular,d,nan,silverzhi,chen,czai,3,0,"2024IVL夏季赛常规赛.xlsx",392
5522,2024-07-28,IVL_2024_summer_regular,yan,drop,lion,guag,maom,2,,"2024IVL夏季赛常规赛.xlsx",393
5523,2024-08-02,IVL_2024_summer_regular,xc,yangy,libao,zibi,huahua,2,,"2024IVL夏季赛常规赛.xlsx",394
5524,2024-08-02,IVL_2024_summer_regular,wlizi,huac,nanako,xiaox,xiaod,2,,"2024IVL夏季赛常规赛.xlsx",395
5525,2024-08-02,IVL_2024_summer_regular,wlizi,xiaod,nanako,xiaox,huac,2,,"2024IVL夏季赛常规赛.xlsx",396
5526,2024-08-02,IVL_2024_summer_regular,xc,libao,yangy,zibi,huahua,2,,"2024IVL夏季赛常规赛.xlsx",397
5527,2024-08-02,IVL_2024_summer_regular,xc,huahua,zibi,yangy,libao,2,,"2024IVL夏季赛常规赛.xlsx",398
5528,2024-08-02,IVL_2024_summer_regular,wlizi,huac,xiaod,nanako,xiaox,3,0,"2024IVL夏季赛常规赛.xlsx",399
5529,2024-08-02,IVL_2024_summer_regular,n1e,drop,guag,lion,maom,0,1,"2024IVL夏季赛常规赛.xlsx",400
5530,2024-08-02,IVL_2024_summer_regular,d,ac,ak,heart,xmiao5,2,,"2024IVL夏季赛常规赛.xlsx",401
5531,2024-08-02,IVL_2024_summer_regular,n1e,maom,guag,yyk,drop,2,,"2024IVL夏季赛常规赛.xlsx",402
5532,2024-08-02,IVL_2024_summer_regular,d,ak,heart,xmiao5,ac,2,,"2024IVL夏季赛常规赛.xlsx",403
5533,2024-08-02,IVL_2024_summer_regular,d,heart,ak,xmiao5,ac,2,,"2024IVL夏季赛常规赛.xlsx",404
5534,2024-08-02,IVL_2024_summer_regular,n1e,maom,yyk,drop,guag,1,1,"2024IVL夏季赛常规赛.xlsx",405
5535,2024-08-02,IVL_2024_summer_regular,bo1,ppxia,18,tx,kucao,2,,"2024IVL夏季赛常规赛.xlsx",406
5536,2024-08-02,IVL_2024_summer_regular,xawm,xen,gougou,egg,eleven,1,1,"2024IVL夏季赛常规赛.xlsx",407
5537,2024-08-02,IVL_2024_summer_regular,bo1,tx,ppxia,18,kucao,2,,"2024IVL夏季赛常规赛.xlsx",408
5538,2024-08-02,IVL_2024_summer_regular,xawm,xy,xen,gougou,eleven,0,1,"2024IVL夏季赛常规赛.xlsx",409
5539,2024-08-03,IVL_2024_summer_regular,alex,maom,guag,yyk,drop,0,1,"2024IVL夏季赛常规赛.xlsx",410
5540,2024-08-03,IVL_2024_summer_regular,d,persica,long,huiyi,huan,3,0,"2024IVL夏季赛常规赛.xlsx",411
5541,2024-08-03,IVL_2024_summer_regular,d,persica,huan,long,huiyi,2,,"2024IVL夏季赛常规赛.xlsx",412
5542,2024-08-03,IVL_2024_summer_regular,alex,maom,yyk,guag,drop,1,1,"2024IVL夏季赛常规赛.xlsx",413
5543,2024-08-03,IVL_2024_summer_regular,bo1,dking,xmx,yeyv,487,2,,"2024IVL夏季赛常规赛.xlsx",414
5544,2024-08-03,IVL_2024_summer_regular,choai,xen,egg,gougou,eleven,2,,"2024IVL夏季赛常规赛.xlsx",415
5545,2024-08-03,IVL_2024_summer_regular,choai,eleven,xy,xen,gougou,3,0,"2024IVL夏季赛常规赛.xlsx",416
5546,2024-08-03,IVL_2024_summer_regular,bo1,yeyv,xmx,487,dking,2,,"2024IVL夏季赛常规赛.xlsx",417
5547,2024-08-03,IVL_2024_summer_regular,bo1,dking,487,xmx,yeyv,2,,"2024IVL夏季赛常规赛.xlsx",418
5548,2024-08-03,IVL_2024_summer_regular,choai,eleven,gougou,xy,xen,2,,"2024IVL夏季赛常规赛.xlsx",419
5549,2024-08-03,IVL_2024_summer_regular,xawm,xiaox,nanako,xiaod,huac,2,,"2024IVL夏季赛常规赛.xlsx",420
5550,2024-08-03,IVL_2024_summer_regular,xc,ppxia,kucao,tx,18,2,,"2024IVL夏季赛常规赛.xlsx",421
5551,2024-08-03,IVL_2024_summer_regular,xawm,huac,nanako,xiaox,xiaod,1,1,"2024IVL夏季赛常规赛.xlsx",422
5552,2024-08-03,IVL_2024_summer_regular,xc,kucao,ppxia,tx,18,2,,"2024IVL夏季赛常规赛.xlsx",423
5553,2024-08-03,IVL_2024_summer_regular,xc,tx,ppxia,18,kucao,3,0,"2024IVL夏季赛常规赛.xlsx",424
5554,2024-08-03,IVL_2024_summer_regular,xawm,xiaod,huac,xiaox,nanako,2,,"2024IVL夏季赛常规赛.xlsx",425
5555,2024-08-04,IVL_2024_summer_regular,alex,ac,xmiao5,ak,heart,2,,"2024IVL夏季赛常规赛.xlsx",426
5556,2024-08-04,IVL_2024_summer_regular,n1e,huan,long,huiyi,persica,3,0,"2024IVL夏季赛常规赛.xlsx",427
5557,2024-08-04,IVL_2024_summer_regular,n1e,long,huiyi,persica,huan,1,1,"2024IVL夏季赛常规赛.xlsx",428
5558,2024-08-04,IVL_2024_summer_regular,alex,ak,xmiao5,heart,ac,1,1,"2024IVL夏季赛常规赛.xlsx",429
5559,2024-08-04,IVL_2024_summer_regular,n1e,persica,long,huan,huiyi,3,0,"2024IVL夏季赛常规赛.xlsx",430
5560,2024-08-04,IVL_2024_summer_regular,alex,heart,ak,xmiao5,ac,2,,"2024IVL夏季赛常规赛.xlsx",431
5561,2024-08-04,IVL_2024_summer_regular,tzym,huahua,yangy,yihua,libao,3,0,"2024IVL夏季赛常规赛.xlsx",432
5562,2024-08-04,IVL_2024_summer_regular,wlizi,chen,czai,nan,silverzhi,2,,"2024IVL夏季赛常规赛.xlsx",433
5563,2024-08-04,IVL_2024_summer_regular,yan,yangy,libao,yihua,huahua,2,,"2024IVL夏季赛常规赛.xlsx",434
5564,2024-08-04,IVL_2024_summer_regular,wlizi,chen,silverzhi,nan,czai,1,1,"2024IVL夏季赛常规赛.xlsx",435
5565,2024-08-04,IVL_2024_summer_regular,dongx,dking,yeyv,487,xmx,1,1,"2024IVL夏季赛常规赛.xlsx",436
5566,2024-08-04,IVL_2024_summer_regular,choai,fulan,sans,regesi,sxy,4,0,"2024IVL夏季赛常规赛.xlsx",437
5567,2024-08-04,IVL_2024_summer_regular,choai,fulan,sans,regesi,sxy,3,0,"2024IVL夏季赛常规赛.xlsx",438
5568,2024-08-04,IVL_2024_summer_regular,dongx,dking,yeyv,487,xmx,0,1,"2024IVL夏季赛常规赛.xlsx",439
5569,2024-08-09,IVL_2024_summer_regular,yan,eleven,xen,gougou,egg,1,1,"2024IVL夏季赛常规赛.xlsx",440
5570,2024-08-09,IVL_2024_summer_regular,bo1,nan,chen,silverzhi,czai,1,1,"2024IVL夏季赛常规赛.xlsx",441
5571,2024-08-09,IVL_2024_summer_regular,yan,xen,xy,gougou,eleven,1,1,"2024IVL夏季赛常规赛.xlsx",442
5572,2024-08-09,IVL_2024_summer_regular,bo1,czai,chen,nan,silverzhi,2,,"2024IVL夏季赛常规赛.xlsx",443
5573,2024-08-09,IVL_2024_summer_regular,bo1,silverzhi,chen,nan,czai,1,1,"2024IVL夏季赛常规赛.xlsx",444
5574,2024-08-09,IVL_2024_summer_regular,yan,eleven,gougou,xy,xen,2,,"2024IVL夏季赛常规赛.xlsx",445
5575,2024-08-09,IVL_2024_summer_regular,yan,gougou,eleven,xen,xy,2,,"2024IVL夏季赛常规赛.xlsx",446
5576,2024-08-09,IVL_2024_summer_regular,bo1,chen,czai,silverzhi,nan,3,0,"2024IVL夏季赛常规赛.xlsx",447
5577,2024-08-09,IVL_2024_summer_regular,choai,xiaox,xiaod,huac,nanako,2,,"2024IVL夏季赛常规赛.xlsx",448
5578,2024-08-09,IVL_2024_summer_regular,xc,487,xmx,yeyv,dking,2,,"2024IVL夏季赛常规赛.xlsx",449
5579,2024-08-09,IVL_2024_summer_regular,choai,nanako,xiaod,xiaox,huac,3,0,"2024IVL夏季赛常规赛.xlsx",450
5580,2024-08-09,IVL_2024_summer_regular,xc,487,yeyv,xmx,dking,0,1,"2024IVL夏季赛常规赛.xlsx",451
5581,2024-08-09,IVL_2024_summer_regular,choai,xiaox,nanako,huac,xiaod,2,,"2024IVL夏季赛常规赛.xlsx",452
5582,2024-08-09,IVL_2024_summer_regular,xc,487,xmx,yeyv,dking,1,1,"2024IVL夏季赛常规赛.xlsx",453
5583,2024-08-09,IVL_2024_summer_regular,dongx,maom,guag,lion,yyk,0,1,"2024IVL夏季赛常规赛.xlsx",454
5584,2024-08-09,IVL_2024_summer_regular,d,fulan,regesi,sxy,sans,2,,"2024IVL夏季赛常规赛.xlsx",455
5585,2024-08-09,IVL_2024_summer_regular,dongx,maom,guag,lion,drop,2,,"2024IVL夏季赛常规赛.xlsx",456
5586,2024-08-09,IVL_2024_summer_regular,d,regesi,fulan,sans,sxy,0,1,"2024IVL夏季赛常规赛.xlsx",457
5587,2024-08-09,IVL_2024_summer_regular,d,regesi,fulan,sxy,sans,3,0,"2024IVL夏季赛常规赛.xlsx",458
5588,2024-08-09,IVL_2024_summer_regular,dongx,lion,guag,drop,maom,1,1,"2024IVL夏季赛常规赛.xlsx",459
5589,2024-08-10,IVL_2024_summer_regular,n1e,dking,yeyv,487,xmx,2,,"2024IVL夏季赛常规赛.xlsx",460
5590,2024-08-10,IVL_2024_summer_regular,choai,ac,heart,xmiao5,ak,0,1,"2024IVL夏季赛常规赛.xlsx",461
5591,2024-08-10,IVL_2024_summer_regular,n1e,487,yeyv,xmx,dking,0,1,"2024IVL夏季赛常规赛.xlsx",462
5592,2024-08-10,IVL_2024_summer_regular,choai,ak,xmiao5,heart,ac,2,,"2024IVL夏季赛常规赛.xlsx",463
5593,2024-08-10,IVL_2024_summer_regular,choai,ak,heart,xmiao5,ac,2,,"2024IVL夏季赛常规赛.xlsx",464
5594,2024-08-10,IVL_2024_summer_regular,n1e,xmx,487,yeyv,dking,2,,"2024IVL夏季赛常规赛.xlsx",465
5595,2024-08-10,IVL_2024_summer_regular,n1e,487,yeyv,xmx,dking,3,0,"2024IVL夏季赛常规赛.xlsx",466
5596,2024-08-10,IVL_2024_summer_regular,choai,xmiao5,ac,heart,ak,2,,"2024IVL夏季赛常规赛.xlsx",467
5597,2024-08-10,IVL_2024_summer_regular,alex,ppxia,tx,kucao,18,3,0,"2024IVL夏季赛常规赛.xlsx",468
5598,2024-08-10,IVL_2024_summer_regular,xawm,long,huiyi,huan,persica,3,0,"2024IVL夏季赛常规赛.xlsx",469
5599,2024-08-10,IVL_2024_summer_regular,xawm,persica,huan,long,huiyi,2,,"2024IVL夏季赛常规赛.xlsx",470
5600,2024-08-10,IVL_2024_summer_regular,alex,ppxia,tx,kucao,18,2,,"2024IVL夏季赛常规赛.xlsx",471
5601,2024-08-10,IVL_2024_summer_regular,alex,tx,18,kucao,ppxia,3,0,"2024IVL夏季赛常规赛.xlsx",472
5602,2024-08-10,IVL_2024_summer_regular,xawm,long,persica,huiyi,huan,1,1,"2024IVL夏季赛常规赛.xlsx",473
5603,2024-08-10,IVL_2024_summer_regular,dongx,yangy,zibi,huahua,yihua,0,1,"2024IVL夏季赛常规赛.xlsx",474
5604,2024-08-10,IVL_2024_summer_regular,wlizi,fulan,regesi,sxy,sans,2,,"2024IVL夏季赛常规赛.xlsx",475
5605,2024-08-10,IVL_2024_summer_regular,dongx,huahua,yangy,yihua,zibi,2,,"2024IVL夏季赛常规赛.xlsx",476
5606,2024-08-10,IVL_2024_summer_regular,wlizi,regesi,sans,sxy,fulan,2,,"2024IVL夏季赛常规赛.xlsx",477
5607,2024-08-10,IVL_2024_summer_regular,wlizi,fulan,sans,sxy,regesi,3,0,"2024IVL夏季赛常规赛.xlsx",478
5608,2024-08-10,IVL_2024_summer_regular,dongx,yihua,yangy,huahua,zibi,3,0,"2024IVL夏季赛常规赛.xlsx",479
5609,2024-08-11,IVL_2024_summer_regular,yan,ppxia,violet,kucao,18,0,1,"2024IVL夏季赛常规赛.xlsx",480
5610,2024-08-11,IVL_2024_summer_regular,xawm,silverzhi,czai,nan,chen,1,1,"2024IVL夏季赛常规赛.xlsx",481
5611,2024-08-11,IVL_2024_summer_regular,xawm,nan,czai,silverzhi,chen,4,0,"2024IVL夏季赛常规赛.xlsx",482
5612,2024-08-11,IVL_2024_summer_regular,yan,ppxia,tx,18,kucao,2,,"2024IVL夏季赛常规赛.xlsx",483
5613,2024-08-11,IVL_2024_summer_regular,n1e,yangy,huahua,yihua,zibi,0,1,"2024IVL夏季赛常规赛.xlsx",484
5614,2024-08-11,IVL_2024_summer_regular,wlizi,xmiao5,ak,ac,heart,2,,"2024IVL夏季赛常规赛.xlsx",485
5615,2024-08-11,IVL_2024_summer_regular,n1e,zibi,huahua,yihua,yangy,2,,"2024IVL夏季赛常规赛.xlsx",486
5616,2024-08-11,IVL_2024_summer_regular,wlizi,ac,heart,ak,xmiao5,2,,"2024IVL夏季赛常规赛.xlsx",487
5617,2024-08-11,IVL_2024_summer_regular,mlx,zibi,yihua,huahua,yangy,2,,"2024IVL夏季赛常规赛.xlsx",488
5618,2024-08-11,IVL_2024_summer_regular,wlizi,ak,heart,xmiao5,ac,2,,"2024IVL夏季赛常规赛.xlsx",489
5619,2024-08-11,IVL_2024_summer_regular,alex,xiaox,nanako,huac,xiaod,1,1,"2024IVL夏季赛常规赛.xlsx",490
5620,2024-08-11,IVL_2024_summer_regular,xc,long,huan,huiyi,persica,1,1,"2024IVL夏季赛常规赛.xlsx",491
5621,2024-08-11,IVL_2024_summer_regular,xc,long,huiyi,persica,huan,2,,"2024IVL夏季赛常规赛.xlsx",492
5622,2024-08-11,IVL_2024_summer_regular,alex,xiaod,huac,xiaox,nanako,2,,"2024IVL夏季赛常规赛.xlsx",493
5623,2024-08-11,IVL_2024_summer_regular,ali,persica,huan,huiyi,long,1,1,"2024IVL夏季赛常规赛.xlsx",494
5624,2024-08-11,IVL_2024_summer_regular,alex,nanako,xiaox,huac,xiaod,0,1,"2024IVL夏季赛常规赛.xlsx",495
5625,2024-08-22,IVL_2024_summer_playoffs,yan,huan,huiyi,long,persica,1,1,"2024IVL夏季赛季后赛.xlsx",0
5626,2024-08-22,IVL_2024_summer_playoffs,alex,nan,chen,silverzhi,czai,0,1,"2024IVL夏季赛季后赛.xlsx",1
5627,2024-08-22,IVL_2024_summer_playoffs,alex,czai,chen,silverzhi,nan,3,0,"2024IVL夏季赛季后赛.xlsx",2
5628,2024-08-22,IVL_2024_summer_playoffs,yan,persica,long,huiyi,huan,0,1,"2024IVL夏季赛季后赛.xlsx",3
5629,2024-08-22,IVL_2024_summer_playoffs,yan,long,persica,huiyi,huan,2,,"2024IVL夏季赛季后赛.xlsx",4
5630,2024-08-22,IVL_2024_summer_playoffs,alex,silverzhi,czai,chen,nan,1,1,"2024IVL夏季赛季后赛.xlsx",5
5631,2024-08-22,IVL_2024_summer_playoffs,alex,nan,chen,silverzhi,czai,2,,"2024IVL夏季赛季后赛.xlsx",6
5632,2024-08-22,IVL_2024_summer_playoffs,yan,long,huiyi,persica,huan,3,0,"2024IVL夏季赛季后赛.xlsx",7
5633,2024-08-22,IVL_2024_summer_playoffs,n1e,regesi,sans,sxy,fulan,0,1,"2024IVL夏季赛季后赛.xlsx",8
5634,2024-08-22,IVL_2024_summer_playoffs,dongx,heart,ac,ak,xmiao5,2,,"2024IVL夏季赛季后赛.xlsx",9
5635,2024-08-22,IVL_2024_summer_playoffs,dongx,xmiao5,ac,ak,heart,0,1,"2024IVL夏季赛季后赛.xlsx",10
5636,2024-08-22,IVL_2024_summer_playoffs,n1e,sxy,regesi,fulan,sans,0,1,"2024IVL夏季赛季后赛.xlsx",11
5637,2024-08-22,IVL_2024_summer_playoffs,n1e,sans,fulan,regesi,sxy,1,1,"2024IVL夏季赛季后赛.xlsx",12
5638,2024-08-22,IVL_2024_summer_playoffs,dongx,heart,xmiao5,ak,ac,2,,"2024IVL夏季赛季后赛.xlsx",13
5639,2024-08-22,IVL_2024_summer_playoffs,dongx,ak,heart,xmiao5,ac,3,0,"2024IVL夏季赛季后赛.xlsx",14
5640,2024-08-22,IVL_2024_summer_playoffs,n1e,sans,sxy,regesi,fulan,1,1,"2024IVL夏季赛季后赛.xlsx",15
5641,2024-08-22,IVL_2024_summer_playoffs,xawm,xiaox,nanako,huac,xiaod,0,1,"2024IVL夏季赛季后赛.xlsx",16
5642,2024-08-22,IVL_2024_summer_playoffs,xc,18,kucao,tx,ppxia,2,,"2024IVL夏季赛季后赛.xlsx",17
5643,2024-08-22,IVL_2024_summer_playoffs,xawm,xiaod,huac,nanako,xiaox,3,0,"2024IVL夏季赛季后赛.xlsx",18
5644,2024-08-22,IVL_2024_summer_playoffs,xc,ppxia,tx,kucao,18,2,,"2024IVL夏季赛季后赛.xlsx",19
5645,2024-08-22,IVL_2024_summer_playoffs,xc,kucao,18,ppxia,tx,0,1,"2024IVL夏季赛季后赛.xlsx",20
5646,2024-08-22,IVL_2024_summer_playoffs,xawm,xiaod,huac,nanako,xiaox,2,,"2024IVL夏季赛季后赛.xlsx",21
5647,2024-08-22,IVL_2024_summer_playoffs,xawm,xiaox,xiaod,nanako,huac,0,1,"2024IVL夏季赛季后赛.xlsx",22
5648,2024-08-22,IVL_2024_summer_playoffs,xc,kucao,tx,18,ppxia,2,,"2024IVL夏季赛季后赛.xlsx",23
5649,2024-08-22,IVL_2024_summer_playoffs,xc,ppxia,kucao,18,tx,3,0,"2024IVL夏季赛季后赛.xlsx",24
5650,2024-08-22,IVL_2024_summer_playoffs,xawm,huac,nanako,xiaox,xiaod,2,,"2024IVL夏季赛季后赛.xlsx",25
5651,2024-08-23,IVL_2024_summer_playoffs,alex,xiaox,nanako,xiaod,huac,0,1,"2024IVL夏季赛季后赛.xlsx",26
5652,2024-08-23,IVL_2024_summer_playoffs,xc,persica,huiyi,huan,long,1,1,"2024IVL夏季赛季后赛.xlsx",27
5653,2024-08-23,IVL_2024_summer_playoffs,alex,xiaod,nanako,xiaox,huac,1,1,"2024IVL夏季赛季后赛.xlsx",28
5654,2024-08-23,IVL_2024_summer_playoffs,xc,persica,long,huiyi,huan,0,1,"2024IVL夏季赛季后赛.xlsx",29
5655,2024-08-23,IVL_2024_summer_playoffs,xc,long,huan,huiyi,huan,3,0,"2024IVL夏季赛季后赛.xlsx",30
5656,2024-08-23,IVL_2024_summer_playoffs,alex,huac,xiaox,nanako,xiaod,3,0,"2024IVL夏季赛季后赛.xlsx",31
5657,2024-08-23,IVL_2024_summer_playoffs,alex,xiaox,xiaod,nanako,huac,2,,"2024IVL夏季赛季后赛.xlsx",32
5658,2024-08-23,IVL_2024_summer_playoffs,xc,long,huan,persica,huiyi,2,,"2024IVL夏季赛季后赛.xlsx",33
5659,2024-08-23,IVL_2024_summer_playoffs,alex,xiaox,nanako,huac,xiaod,2,,"2024IVL夏季赛季后赛.xlsx",34
5660,2024-08-23,IVL_2024_summer_playoffs,xc,huiyi,persica,huan,long,3,0,"2024IVL夏季赛季后赛.xlsx",35
5661,2024-08-23,IVL_2024_summer_playoffs,n1e,kucao,18,tx,ppxia,0,1,"2024IVL夏季赛季后赛.xlsx",36
5662,2024-08-23,IVL_2024_summer_playoffs,xawm,ak,xmiao5,ac,heart,0,1,"2024IVL夏季赛季后赛.xlsx",37
5663,2024-08-23,IVL_2024_summer_playoffs,n1e,tx,ppxia,kucao,18,2,,"2024IVL夏季赛季后赛.xlsx",38
5664,2024-08-23,IVL_2024_summer_playoffs,xawm,ak,ac,heart,xmiao5,1,1,"2024IVL夏季赛季后赛.xlsx",39
5665,2024-08-23,IVL_2024_summer_playoffs,xawm,ak,heart,xmiao5,ac,1,1,"2024IVL夏季赛季后赛.xlsx",40
5666,2024-08-23,IVL_2024_summer_playoffs,n1e,kucao,tx,18,ppxia,2,,"2024IVL夏季赛季后赛.xlsx",41
5667,2024-08-23,IVL_2024_summer_playoffs,n1e,tx,kucao,ppxia,18,1,1,"2024IVL夏季赛季后赛.xlsx",42
5668,2024-08-23,IVL_2024_summer_playoffs,xawm,heart,ac,xmiao5,ak,2,,"2024IVL夏季赛季后赛.xlsx",43
5669,2024-08-23,IVL_2024_summer_playoffs,n1e,ppxia,18,kucao,tx,3,0,"2024IVL夏季赛季后赛.xlsx",44
5670,2024-08-23,IVL_2024_summer_playoffs,xawm,ak,ac,xmiao5,heart,1,1,"2024IVL夏季赛季后赛.xlsx",45
5671,2024-08-24,IVL_2024_summer_playoffs,alex,sans,regesi,fulan,sxy,1,1,"2024IVL夏季赛季后赛.xlsx",46
5672,2024-08-24,IVL_2024_summer_playoffs,dongx,persica,long,huiyi,huan,2,,"2024IVL夏季赛季后赛.xlsx",47
5673,2024-08-24,IVL_2024_summer_playoffs,dongx,persica,long,huan,huiyi,0,1,"2024IVL夏季赛季后赛.xlsx",48
5674,2024-08-24,IVL_2024_summer_playoffs,alex,fulan,regesi,sxy,sans,2,,"2024IVL夏季赛季后赛.xlsx",49
5675,2024-08-24,IVL_2024_summer_playoffs,dongx,long,persica,huan,huiyi,3,0,"2024IVL夏季赛季后赛.xlsx",50
5676,2024-08-24,IVL_2024_summer_playoffs,alex,sans,regesi,sxy,fulan,1,1,"2024IVL夏季赛季后赛.xlsx",51
5677,2024-08-24,IVL_2024_summer_playoffs,alex,fulan,regesi,sxy,sans,2,,"2024IVL夏季赛季后赛.xlsx",52
5678,2024-08-24,IVL_2024_summer_playoffs,dongx,persica,huiyi,huan,long,2,,"2024IVL夏季赛季后赛.xlsx",53
5679,2024-08-24,IVL_2024_summer_playoffs,alex,regesi,sans,sxy,fulan,2,,"2024IVL夏季赛季后赛.xlsx",54
5680,2024-08-24,IVL_2024_summer_playoffs,dongx,long,huan,persica,huiyi,2,,"2024IVL夏季赛季后赛.xlsx",55
5681,2024-08-24,IVL_2024_summer_playoffs,n1e,huiyi,persica,huan,long,0,1,"2024IVL夏季赛季后赛.xlsx",56
5682,2024-08-24,IVL_2024_summer_playoffs,alex,xmiao5,ak,ac,heart,3,0,"2024IVL夏季赛季后赛.xlsx",57
5683,2024-08-24,IVL_2024_summer_playoffs,n1e,persica,huan,long,huiyi,0,1,"2024IVL夏季赛季后赛.xlsx",58
5684,2024-08-24,IVL_2024_summer_playoffs,alex,heart,ak,ac,xmiao5,1,1,"2024IVL夏季赛季后赛.xlsx",59
5685,2024-08-24,IVL_2024_summer_playoffs,alex,heart,xmiao5,ac,ak,3,0,"2024IVL夏季赛季后赛.xlsx",60
5686,2024-08-24,IVL_2024_summer_playoffs,n1e,huan,long,persica,huiyi,4,0,"2024IVL夏季赛季后赛.xlsx",61
5687,2024-08-24,IVL_2024_summer_playoffs,n1e,huiyi,huan,persica,long,0,1,"2024IVL夏季赛季后赛.xlsx",62
5688,2024-08-24,IVL_2024_summer_playoffs,alex,xmiao5,ac,heart,ak,1,1,"2024IVL夏季赛季后赛.xlsx",63
5689,2024-08-25,IVL_2024_summer_playoffs,xawm,ak,ac,heart,xmiao5,2,,"2024IVL夏季赛季后赛.xlsx",64
5690,2024-08-25,IVL_2024_summer_playoffs,n1e,kucao,tx,18,ppxia,2,,"2024IVL夏季赛季后赛.xlsx",65
5691,2024-08-25,IVL_2024_summer_playoffs,n1e,ppxia,tx,kucao,18,1,1,"2024IVL夏季赛季后赛.xlsx",66
5692,2024-08-25,IVL_2024_summer_playoffs,xawm,ak,xmiao5,heart,ac,3,0,"2024IVL夏季赛季后赛.xlsx",67
5693,2024-08-25,IVL_2024_summer_playoffs,xawm,ak,xmiao5,ac,heart,3,0,"2024IVL夏季赛季后赛.xlsx",68
5694,2024-08-25,IVL_2024_summer_playoffs,n1e,kucao,tx,ppxia,18,3,0,"2024IVL夏季赛季后赛.xlsx",69
5695,2024-08-25,IVL_2024_summer_playoffs,n1e,tx,ppxia,kucao,18,2,,"2024IVL夏季赛季后赛.xlsx",70
5696,2024-08-25,IVL_2024_summer_playoffs,xawm,heart,ac,ak,xmiao5,0,1,"2024IVL夏季赛季后赛.xlsx",71
5697,2024-08-25,IVL_2024_summer_playoffs,xawm,heart,ac,ak,xmiao5,2,,"2024IVL夏季赛季后赛.xlsx",72
5698,2024-08-25,IVL_2024_summer_playoffs,n1e,tx,18,kucao,ppxia,2,,"2024IVL夏季赛季后赛.xlsx",73
5699,2024-10-04,IVL_2024_fall_regular,choai,18,ppxia,kucao,tx,2,,"2024IVL秋季赛常规赛.xlsx",0
5700,2024-10-04,IVL_2024_fall_regular,xawm,jelly,487,dking,xmx,0,1,"2024IVL秋季赛常规赛.xlsx",1
5701,2024-10-04,IVL_2024_fall_regular,choai,tx,18,ppxia,kucao,2,,"2024IVL秋季赛常规赛.xlsx",2
5702,2024-10-04,IVL_2024_fall_regular,xawm,jelly,487,dking,xmx,1,1,"2024IVL秋季赛常规赛.xlsx",3
5703,2024-10-04,IVL_2024_fall_regular,xc,sans,fulan,lin,xingh,3,0,"2024IVL秋季赛常规赛.xlsx",4
5704,2024-10-04,IVL_2024_fall_regular,dongx,huac,xiaod,xiaox,nanako,2,,"2024IVL秋季赛常规赛.xlsx",5
5705,2024-10-04,IVL_2024_fall_regular,xc,sans,fulan,lin,xingh,2,,"2024IVL秋季赛常规赛.xlsx",6
5706,2024-10-04,IVL_2024_fall_regular,dongx,huac,xiaod,xiaox,nanako,0,1,"2024IVL秋季赛常规赛.xlsx",7
5707,2024-10-04,IVL_2024_fall_regular,yan,huahua,yihua,libao,zibi,3,0,"2024IVL秋季赛常规赛.xlsx",8
5708,2024-10-04,IVL_2024_fall_regular,ppei,czai,chen,nan,silverzhi,1,1,"2024IVL秋季赛常规赛.xlsx",9
5709,2024-10-04,IVL_2024_fall_regular,yan,yihua,libao,huahua,zibi,2,,"2024IVL秋季赛常规赛.xlsx",10
5710,2024-10-04,IVL_2024_fall_regular,ppei,czai,chen,silverzhi,nan,3,0,"2024IVL秋季赛常规赛.xlsx",11
5711,2024-10-04,IVL_2024_fall_regular,yan,yihua,libao,huahua,zibi,1,1,"2024IVL秋季赛常规赛.xlsx",12
5712,2024-10-04,IVL_2024_fall_regular,ppei,chen,czai,silverzhi,nan,0,1,"2024IVL秋季赛常规赛.xlsx",13
5713,2024-10-05,IVL_2024_fall_regular,d,huac,xiaod,xiaox,nanako,2,,"2024IVL秋季赛常规赛.xlsx",14
5714,2024-10-05,IVL_2024_fall_regular,xc,lion,leil,dragon,dis,2,,"2024IVL秋季赛常规赛.xlsx",15
5715,2024-10-05,IVL_2024_fall_regular,xc,lion,leil,dragon,dis,2,,"2024IVL秋季赛常规赛.xlsx",16
5716,2024-10-05,IVL_2024_fall_regular,d,huac,xiaod,xiaox,nanako,2,,"2024IVL秋季赛常规赛.xlsx",17
5717,2024-10-05,IVL_2024_fall_regular,d,huac,xiaod,xiaox,nanako,4,0,"2024IVL秋季赛常规赛.xlsx",18
5718,2024-10-05,IVL_2024_fall_regular,xc,lion,leil,dragon,dis,1,1,"2024IVL秋季赛常规赛.xlsx",19
5719,2024-10-05,IVL_2024_fall_regular,bo1,zibi,huahua,libao,yihua,2,,"2024IVL秋季赛常规赛.xlsx",20
5720,2024-10-05,IVL_2024_fall_regular,ppei,gougou,xy,xen,eleven,2,,"2024IVL秋季赛常规赛.xlsx",21
5721,2024-10-05,IVL_2024_fall_regular,bo1,zibi,huahua,libao,yihua,3,0,"2024IVL秋季赛常规赛.xlsx",22
5722,2024-10-05,IVL_2024_fall_regular,ppei,gougou,xy,xen,eleven,2,,"2024IVL秋季赛常规赛.xlsx",23
5723,2024-10-05,IVL_2024_fall_regular,ppei,gougou,xy,xen,eleven,3,0,"2024IVL秋季赛常规赛.xlsx",24
5724,2024-10-05,IVL_2024_fall_regular,bo1,zibi,huahua,libao,yihua,3,0,"2024IVL秋季赛常规赛.xlsx",25
5725,2024-10-05,IVL_2024_fall_regular,xawm,sans,fulan,lin,xingh,1,1,"2024IVL秋季赛常规赛.xlsx",26
5726,2024-10-05,IVL_2024_fall_regular,dongx,tx,18,ppxia,kucao,2,,"2024IVL秋季赛常规赛.xlsx",27
5727,2024-10-05,IVL_2024_fall_regular,dongx,tx,18,ppxia,kucao,0,1,"2024IVL秋季赛常规赛.xlsx",28
5728,2024-10-05,IVL_2024_fall_regular,xawm,sans,fulan,lin,xingh,2,,"2024IVL秋季赛常规赛.xlsx",29
5729,2024-10-05,IVL_2024_fall_regular,xawm,sans,fulan,lin,xingh,1,1,"2024IVL秋季赛常规赛.xlsx",30
5730,2024-10-05,IVL_2024_fall_regular,dongx,tx,18,ppxia,kucao,2,,"2024IVL秋季赛常规赛.xlsx",31
5731,2024-10-06,IVL_2024_fall_regular,d,jelly,487,dking,xmx,3,0,"2024IVL秋季赛常规赛.xlsx",32
5732,2024-10-06,IVL_2024_fall_regular,choai,lion,leil,dragon,dis,1,1,"2024IVL秋季赛常规赛.xlsx",33
5733,2024-10-06,IVL_2024_fall_regular,choai,lion,leil,dragon,dis,2,,"2024IVL秋季赛常规赛.xlsx",34
5734,2024-10-06,IVL_2024_fall_regular,d,jelly,487,dking,xmx,2,,"2024IVL秋季赛常规赛.xlsx",35
5735,2024-10-06,IVL_2024_fall_regular,choai,lion,leil,dragon,dis,0,1,"2024IVL秋季赛常规赛.xlsx",36
5736,2024-10-06,IVL_2024_fall_regular,d,jelly,487,dking,xmx,1,1,"2024IVL秋季赛常规赛.xlsx",37
5737,2024-10-06,IVL_2024_fall_regular,n1e,gougou,xy,xen,eleven,0,1,"2024IVL秋季赛常规赛.xlsx",38
5738,2024-10-06,IVL_2024_fall_regular,bo1,iron,ac,heart,ak,2,,"2024IVL秋季赛常规赛.xlsx",39
5739,2024-10-06,IVL_2024_fall_regular,n1e,gougou,xy,xen,eleven,3,0,"2024IVL秋季赛常规赛.xlsx",40
5740,2024-10-06,IVL_2024_fall_regular,bo1,iron,ac,heart,ak,3,0,"2024IVL秋季赛常规赛.xlsx",41
5741,2024-10-06,IVL_2024_fall_regular,n1e,gougou,xy,xen,eleven,0,1,"2024IVL秋季赛常规赛.xlsx",42
5742,2024-10-06,IVL_2024_fall_regular,bo1,iron,ac,heart,ak,2,,"2024IVL秋季赛常规赛.xlsx",43
5743,2024-10-06,IVL_2024_fall_regular,alex,silverzhi,czai,nan,chen,2,,"2024IVL秋季赛常规赛.xlsx",44
5744,2024-10-06,IVL_2024_fall_regular,yan,huan,guoker,huiyi,persica,2,,"2024IVL秋季赛常规赛.xlsx",45
5745,2024-10-06,IVL_2024_fall_regular,alex,silverzhi,czai,nan,chen,2,,"2024IVL秋季赛常规赛.xlsx",46
5746,2024-10-06,IVL_2024_fall_regular,yan,huan,guoker,huiyi,persica,2,,"2024IVL秋季赛常规赛.xlsx",47
5747,2024-10-06,IVL_2024_fall_regular,yan,huan,guoker,huiyi,persica,2,,"2024IVL秋季赛常规赛.xlsx",48
5748,2024-10-06,IVL_2024_fall_regular,alex,silverzhi,czai,nan,chen,2,,"2024IVL秋季赛常规赛.xlsx",49
5749,2024-10-06,IVL_2024_fall_regular,alex,silverzhi,czai,nan,chen,2,,"2024IVL秋季赛常规赛.xlsx",50
5750,2024-10-06,IVL_2024_fall_regular,yan,huan,guoker,huiyi,persica,1,1,"2024IVL秋季赛常规赛.xlsx",51
5751,2024-10-11,IVL_2024_fall_regular,n1e,lion,leil,dragon,dis,2,,"2024IVL秋季赛常规赛.xlsx",52
5752,2024-10-11,IVL_2024_fall_regular,d,iron,ac,heart,ak,3,0,"2024IVL秋季赛常规赛.xlsx",53
5753,2024-10-11,IVL_2024_fall_regular,n1e,lion,leil,dragon,dis,2,,"2024IVL秋季赛常规赛.xlsx",54
5754,2024-10-11,IVL_2024_fall_regular,d,iron,ac,heart,ak,3,0,"2024IVL秋季赛常规赛.xlsx",55
5755,2024-10-11,IVL_2024_fall_regular,bo1,tx,18,ppxia,kucao,3,0,"2024IVL秋季赛常规赛.xlsx",56
5756,2024-10-11,IVL_2024_fall_regular,xawm,gougou,xy,egg,xen,0,1,"2024IVL秋季赛常规赛.xlsx",57
5757,2024-10-11,IVL_2024_fall_regular,xawm,gougou,xy,xen,eleven,3,0,"2024IVL秋季赛常规赛.xlsx",58
5758,2024-10-11,IVL_2024_fall_regular,mitaka,tx,18,ppxia,kucao,4,0,"2024IVL秋季赛常规赛.xlsx",59
5759,2024-10-11,IVL_2024_fall_regular,ppei,huac,xiaod,xiaox,nanako,2,,"2024IVL秋季赛常规赛.xlsx",60
5760,2024-10-11,IVL_2024_fall_regular,xc,zibi,yangy,libao,yihua,0,1,"2024IVL秋季赛常规赛.xlsx",61
5761,2024-10-11,IVL_2024_fall_regular,xc,zibi,yangy,libao,yihua,2,,"2024IVL秋季赛常规赛.xlsx",62
5762,2024-10-11,IVL_2024_fall_regular,ppei,huac,xiaod,xiaox,nanako,2,,"2024IVL秋季赛常规赛.xlsx",63
5763,2024-10-11,IVL_2024_fall_regular,ppei,huac,xiaod,xiaox,nanako,1,1,"2024IVL秋季赛常规赛.xlsx",64
5764,2024-10-11,IVL_2024_fall_regular,xc,yangy,libao,zibi,yihua,3,0,"2024IVL秋季赛常规赛.xlsx",65
5765,2024-10-12,IVL_2024_fall_regular,dongx,silverzhi,czai,nan,chen,2,,"2024IVL秋季赛常规赛.xlsx",66
5766,2024-10-12,IVL_2024_fall_regular,yan,sans,fulan,lin,xingh,2,,"2024IVL秋季赛常规赛.xlsx",67
5767,2024-10-12,IVL_2024_fall_regular,dongx,silverzhi,czai,nan,chen,0,1,"2024IVL秋季赛常规赛.xlsx",68
5768,2024-10-12,IVL_2024_fall_regular,yan,sans,fulan,lin,xingh,3,0,"2024IVL秋季赛常规赛.xlsx",69
5769,2024-10-12,IVL_2024_fall_regular,yan,sans,fulan,lin,xingh,2,,"2024IVL秋季赛常规赛.xlsx",70
5770,2024-10-12,IVL_2024_fall_regular,dongx,silverzhi,czai,nan,chen,0,1,"2024IVL秋季赛常规赛.xlsx",71
5771,2024-10-12,IVL_2024_fall_regular,bo1,jelly,487,dking,xmx,2,,"2024IVL秋季赛常规赛.xlsx",72
5772,2024-10-12,IVL_2024_fall_regular,choai,gougou,xy,xen,eleven,0,1,"2024IVL秋季赛常规赛.xlsx",73
5773,2024-10-12,IVL_2024_fall_regular,mitaka,jelly,487,dking,xmx,2,,"2024IVL秋季赛常规赛.xlsx",74
5774,2024-10-12,IVL_2024_fall_regular,choai,gougou,xy,xen,eleven,3,0,"2024IVL秋季赛常规赛.xlsx",75
5775,2024-10-12,IVL_2024_fall_regular,choai,gougou,xy,xen,eleven,2,,"2024IVL秋季赛常规赛.xlsx",76
5776,2024-10-12,IVL_2024_fall_regular,bo1,jelly,487,dking,xmx,3,0,"2024IVL秋季赛常规赛.xlsx",77
5777,2024-10-12,IVL_2024_fall_regular,alex,iron,ac,heart,ak,1,1,"2024IVL秋季赛常规赛.xlsx",78
5778,2024-10-12,IVL_2024_fall_regular,n1e,huan,guoker,huiyi,persica,0,1,"2024IVL秋季赛常规赛.xlsx",79
5779,2024-10-12,IVL_2024_fall_regular,n1e,huan,guoker,huiyi,persica,3,0,"2024IVL秋季赛常规赛.xlsx",80
5780,2024-10-12,IVL_2024_fall_regular,alex,iron,ac,heart,ak,2,,"2024IVL秋季赛常规赛.xlsx",81
5781,2024-10-12,IVL_2024_fall_regular,alex,iron,ac,heart,ak,2,,"2024IVL秋季赛常规赛.xlsx",82
5782,2024-10-12,IVL_2024_fall_regular,n1e,huan,guoker,huiyi,persica,2,,"2024IVL秋季赛常规赛.xlsx",83
5783,2024-10-13,IVL_2024_fall_regular,choai,sans,fulan,lin,xingh,0,1,"2024IVL秋季赛常规赛.xlsx",84
5784,2024-10-13,IVL_2024_fall_regular,dongx,jelly,487,dking,xmx,0,1,"2024IVL秋季赛常规赛.xlsx",85
5785,2024-10-13,IVL_2024_fall_regular,choai,sans,fulan,lin,xingh,2,,"2024IVL秋季赛常规赛.xlsx",86
5786,2024-10-13,IVL_2024_fall_regular,dongx,jelly,487,dking,xmx,2,,"2024IVL秋季赛常规赛.xlsx",87
5787,2024-10-13,IVL_2024_fall_regular,dongx,jelly,487,dking,xmx,3,0,"2024IVL秋季赛常规赛.xlsx",88
5788,2024-10-13,IVL_2024_fall_regular,choai,sans,fulan,lin,xingh,3,0,"2024IVL秋季赛常规赛.xlsx",89
5789,2024-10-13,IVL_2024_fall_regular,dongx,jelly,487,dking,xmx,2,,"2024IVL秋季赛常规赛.xlsx",90
5790,2024-10-13,IVL_2024_fall_regular,choai,sans,fulan,lin,xingh,2,,"2024IVL秋季赛常规赛.xlsx",91
5791,2024-10-13,IVL_2024_fall_regular,alex,lion,leil,dragon,dis,2,,"2024IVL秋季赛常规赛.xlsx",92
5792,2024-10-13,IVL_2024_fall_regular,d,huan,guoker,huiyi,persica,1,1,"2024IVL秋季赛常规赛.xlsx",93
5793,2024-10-13,IVL_2024_fall_regular,alex,lion,leil,dragon,dis,3,0,"2024IVL秋季赛常规赛.xlsx",94
5794,2024-10-13,IVL_2024_fall_regular,d,huan,guoker,huiyi,persica,3,0,"2024IVL秋季赛常规赛.xlsx",95
5795,2024-10-13,IVL_2024_fall_regular,alex,lion,leil,dragon,dis,3,0,"2024IVL秋季赛常规赛.xlsx",96
5796,2024-10-13,IVL_2024_fall_regular,d,huan,guoker,huiyi,persica,3,0,"2024IVL秋季赛常规赛.xlsx",97
5797,2024-10-13,IVL_2024_fall_regular,xawm,huac,xiaod,xiaox,nanako,2,,"2024IVL秋季赛常规赛.xlsx",98
5798,2024-10-13,IVL_2024_fall_regular,xc,tx,18,ppxia,kucao,2,,"2024IVL秋季赛常规赛.xlsx",99
5799,2024-10-13,IVL_2024_fall_regular,xc,tx,18,ppxia,kucao,3,0,"2024IVL秋季赛常规赛.xlsx",100
5800,2024-10-13,IVL_2024_fall_regular,xawm,huac,xiaod,xiaox,nanako,2,,"2024IVL秋季赛常规赛.xlsx",101
5801,2024-10-13,IVL_2024_fall_regular,xc,tx,18,ppxia,kucao,0,1,"2024IVL秋季赛常规赛.xlsx",102
5802,2024-10-13,IVL_2024_fall_regular,xawm,huac,xiaod,xiaox,nanako,1,1,"2024IVL秋季赛常规赛.xlsx",103
5803,2024-10-18,IVL_2024_fall_regular,alex,huac,xiaod,xiaox,nanako,2,,"2024IVL秋季赛常规赛.xlsx",104
5804,2024-10-18,IVL_2024_fall_regular,xc,huan,guoker,huiyi,persica,1,1,"2024IVL秋季赛常规赛.xlsx",105
5805,2024-10-18,IVL_2024_fall_regular,alex,huac,xiaod,xiaox,nanako,2,,"2024IVL秋季赛常规赛.xlsx",106
5806,2024-10-18,IVL_2024_fall_regular,xc,huan,guoker,huiyi,persica,1,1,"2024IVL秋季赛常规赛.xlsx",107
5807,2024-10-18,IVL_2024_fall_regular,yan,tx,18,ppxia,kucao,2,,"2024IVL秋季赛常规赛.xlsx",108
5808,2024-10-18,IVL_2024_fall_regular,xawm,silverzhi,czai,nan,chen,0,1,"2024IVL秋季赛常规赛.xlsx",109
5809,2024-10-18,IVL_2024_fall_regular,yan,tx,18,ppxia,kucao,0,1,"2024IVL秋季赛常规赛.xlsx",110
5810,2024-10-18,IVL_2024_fall_regular,xawm,silverzhi,czai,nan,chen,3,0,"2024IVL秋季赛常规赛.xlsx",111
5811,2024-10-18,IVL_2024_fall_regular,yan,tx,18,ppxia,kucao,2,,"2024IVL秋季赛常规赛.xlsx",112
5812,2024-10-18,IVL_2024_fall_regular,xawm,silverzhi,czai,nan,chen,1,1,"2024IVL秋季赛常规赛.xlsx",113
5813,2024-10-18,IVL_2024_fall_regular,d,yangy,libao,yihua,zibi,2,,"2024IVL秋季赛常规赛.xlsx",114
5814,2024-10-18,IVL_2024_fall_regular,ppei,leil,dragon,lion,dis,0,1,"2024IVL秋季赛常规赛.xlsx",115
5815,2024-10-18,IVL_2024_fall_regular,d,yangy,libao,yihua,zibi,0,1,"2024IVL秋季赛常规赛.xlsx",116
5816,2024-10-18,IVL_2024_fall_regular,ppei,leil,dragon,lion,dis,0,1,"2024IVL秋季赛常规赛.xlsx",117
5817,2024-10-18,IVL_2024_fall_regular,ppei,leil,dragon,lion,dis,0,1,"2024IVL秋季赛常规赛.xlsx",118
5818,2024-10-18,IVL_2024_fall_regular,d,yangy,libao,yihua,zibi,3,0,"2024IVL秋季赛常规赛.xlsx",119
5819,2024-10-19,IVL_2024_fall_regular,xc,jelly,487,dking,xmx,2,,"2024IVL秋季赛常规赛.xlsx",120
5820,2024-10-19,IVL_2024_fall_regular,choai,huac,xiaod,xiaox,nanako,2,,"2024IVL秋季赛常规赛.xlsx",121
5821,2024-10-19,IVL_2024_fall_regular,xc,jelly,487,dking,xmx,1,1,"2024IVL秋季赛常规赛.xlsx",122
5822,2024-10-19,IVL_2024_fall_regular,choai,huac,xiaod,xiaox,nanako,1,1,"2024IVL秋季赛常规赛.xlsx",123
5823,2024-10-19,IVL_2024_fall_regular,xc,jelly,487,dking,xmx,2,,"2024IVL秋季赛常规赛.xlsx",124
5824,2024-10-19,IVL_2024_fall_regular,choai,huac,xiaod,xiaox,nanako,4,0,"2024IVL秋季赛常规赛.xlsx",125
5825,2024-10-19,IVL_2024_fall_regular,n1e,sans,fulan,lin,xingh,1,1,"2024IVL秋季赛常规赛.xlsx",126
5826,2024-10-19,IVL_2024_fall_regular,dongx,iron,ac,heart,ak,0,1,"2024IVL秋季赛常规赛.xlsx",127
5827,2024-10-19,IVL_2024_fall_regular,n1e,sans,fulan,lin,xingh,2,,"2024IVL秋季赛常规赛.xlsx",128
5828,2024-10-19,IVL_2024_fall_regular,dongx,iron,ac,heart,ak,0,1,"2024IVL秋季赛常规赛.xlsx",129
5829,2024-10-19,IVL_2024_fall_regular,xawm,huan,guoker,huiyi,persica,2,,"2024IVL秋季赛常规赛.xlsx",130
5830,2024-10-19,IVL_2024_fall_regular,alex,tx,18,ppxia,kucao,0,1,"2024IVL秋季赛常规赛.xlsx",131
5831,2024-10-19,IVL_2024_fall_regular,xawm,huan,guoker,huiyi,persica,1,1,"2024IVL秋季赛常规赛.xlsx",132
5832,2024-10-19,IVL_2024_fall_regular,alex,tx,18,ppxia,kucao,2,,"2024IVL秋季赛常规赛.xlsx",133
5833,2024-10-19,IVL_2024_fall_regular,xawm,huan,guoker,huiyi,persica,3,0,"2024IVL秋季赛常规赛.xlsx",134
5834,2024-10-19,IVL_2024_fall_regular,alex,tx,18,ppxia,kucao,0,1,"2024IVL秋季赛常规赛.xlsx",135
5835,2024-10-20,IVL_2024_fall_regular,dongx,yangy,zibi,libao,yihua,3,0,"2024IVL秋季赛常规赛.xlsx",136
5836,2024-10-20,IVL_2024_fall_regular,ppei,sans,fulan,lin,xingh,2,,"2024IVL秋季赛常规赛.xlsx",137
5837,2024-10-20,IVL_2024_fall_regular,ppei,sans,fulan,lin,xingh,0,1,"2024IVL秋季赛常规赛.xlsx",138
5838,2024-10-20,IVL_2024_fall_regular,dongx,yangy,zibi,libao,yihua,2,,"2024IVL秋季赛常规赛.xlsx",139
5839,2024-10-20,IVL_2024_fall_regular,bo1,silverzhi,czai,nan,musk,2,,"2024IVL秋季赛常规赛.xlsx",140
5840,2024-10-20,IVL_2024_fall_regular,yan,gougou,xy,xen,eleven,3,0,"2024IVL秋季赛常规赛.xlsx",141
5841,2024-10-20,IVL_2024_fall_regular,mitaka,silverzhi,czai,nan,musk,3,0,"2024IVL秋季赛常规赛.xlsx",142
5842,2024-10-20,IVL_2024_fall_regular,yan,gougou,xy,xen,eleven,2,,"2024IVL秋季赛常规赛.xlsx",143
5843,2024-10-20,IVL_2024_fall_regular,yan,gougou,xy,xen,eleven,2,,"2024IVL秋季赛常规赛.xlsx",144
5844,2024-10-20,IVL_2024_fall_regular,bo1,silverzhi,czai,nan,musk,2,,"2024IVL秋季赛常规赛.xlsx",145
5845,2024-10-20,IVL_2024_fall_regular,bo1,silverzhi,czai,nan,musk,3,0,"2024IVL秋季赛常规赛.xlsx",146
5846,2024-10-20,IVL_2024_fall_regular,yan,gougou,xy,xen,eleven,0,1,"2024IVL秋季赛常规赛.xlsx",147
5847,2024-10-20,IVL_2024_fall_regular,choai,iron,ac,heart,ak,0,1,"2024IVL秋季赛常规赛.xlsx",148
5848,2024-10-20,IVL_2024_fall_regular,n1e,jelly,487,dking,xmx,2,,"2024IVL秋季赛常规赛.xlsx",149
5849,2024-10-20,IVL_2024_fall_regular,choai,iron,ac,heart,ak,3,0,"2024IVL秋季赛常规赛.xlsx",150
5850,2024-10-20,IVL_2024_fall_regular,n1e,jelly,487,dking,xmx,3,0,"2024IVL秋季赛常规赛.xlsx",151
5851,2024-10-20,IVL_2024_fall_regular,choai,iron,ac,heart,ak,2,,"2024IVL秋季赛常规赛.xlsx",152
5852,2024-10-20,IVL_2024_fall_regular,n1e,jelly,487,dking,xmx,1,1,"2024IVL秋季赛常规赛.xlsx",153
5853,2024-10-25,IVL_2024_fall_regular,ppei,huan,guoker,huiyi,persica,1,1,"2024IVL秋季赛常规赛.xlsx",154
5854,2024-10-25,IVL_2024_fall_regular,alex,yangy,zibi,libao,yihua,2,,"2024IVL秋季赛常规赛.xlsx",155
5855,2024-10-25,IVL_2024_fall_regular,alex,yangy,zibi,libao,yihua,2,,"2024IVL秋季赛常规赛.xlsx",156
5856,2024-10-25,IVL_2024_fall_regular,ppei,huan,guoker,huiyi,persica,2,,"2024IVL秋季赛常规赛.xlsx",157
5857,2024-10-25,IVL_2024_fall_regular,alex,yangy,zibi,libao,yihua,2,,"2024IVL秋季赛常规赛.xlsx",158
5858,2024-10-25,IVL_2024_fall_regular,ppei,huan,guoker,huiyi,persica,1,1,"2024IVL秋季赛常规赛.xlsx",159
5859,2024-10-25,IVL_2024_fall_regular,mitaka,lion,leil,dragon,dis,2,,"2024IVL秋季赛常规赛.xlsx",160
5860,2024-10-25,IVL_2024_fall_regular,d,gougou,xy,xen,eleven,2,,"2024IVL秋季赛常规赛.xlsx",161
5861,2024-10-25,IVL_2024_fall_regular,mitaka,lion,leil,dragon,dis,2,,"2024IVL秋季赛常规赛.xlsx",162
5862,2024-10-25,IVL_2024_fall_regular,d,gougou,xy,xen,eleven,3,0,"2024IVL秋季赛常规赛.xlsx",163
5863,2024-10-25,IVL_2024_fall_regular,mitaka,lion,leil,dragon,dis,2,,"2024IVL秋季赛常规赛.xlsx",164
5864,2024-10-25,IVL_2024_fall_regular,d,gougou,xy,xen,eleven,0,1,"2024IVL秋季赛常规赛.xlsx",165
5865,2024-10-25,IVL_2024_fall_regular,n1e,tx,18,ppxia,kucao,1,1,"2024IVL秋季赛常规赛.xlsx",166
5866,2024-10-25,IVL_2024_fall_regular,xawm,iron,ac,heart,ak,2,,"2024IVL秋季赛常规赛.xlsx",167
5867,2024-10-25,IVL_2024_fall_regular,xawm,xmiao5,ac,heart,ak,2,,"2024IVL秋季赛常规赛.xlsx",168
5868,2024-10-25,IVL_2024_fall_regular,n1e,tx,18,ppxia,kucao,2,,"2024IVL秋季赛常规赛.xlsx",169
5869,2024-10-25,IVL_2024_fall_regular,n1e,tx,18,ppxia,kucao,2,,"2024IVL秋季赛常规赛.xlsx",170
5870,2024-10-25,IVL_2024_fall_regular,xawm,iron,ac,heart,ak,1,1,"2024IVL秋季赛常规赛.xlsx",171
5871,2024-10-25,IVL_2024_fall_regular,n1e,tx,18,ppxia,kucao,2,,"2024IVL秋季赛常规赛.xlsx",172
5872,2024-10-25,IVL_2024_fall_regular,xawm,iron,ac,heart,ak,2,,"2024IVL秋季赛常规赛.xlsx",173
5873,2024-10-26,IVL_2024_fall_regular,yan,jelly,487,dking,xmx,2,,"2024IVL秋季赛常规赛.xlsx",174
5874,2024-10-26,IVL_2024_fall_regular,choai,silverzhi,czai,nan,musk,1,1,"2024IVL秋季赛常规赛.xlsx",175
5875,2024-10-26,IVL_2024_fall_regular,yan,jelly,487,dking,xmx,2,,"2024IVL秋季赛常规赛.xlsx",176
5876,2024-10-26,IVL_2024_fall_regular,choai,silverzhi,czai,nan,musk,2,,"2024IVL秋季赛常规赛.xlsx",177
5877,2024-10-26,IVL_2024_fall_regular,choai,silverzhi,czai,nan,chen,2,,"2024IVL秋季赛常规赛.xlsx",178
5878,2024-10-26,IVL_2024_fall_regular,yan,jelly,487,dking,xmx,2,,"2024IVL秋季赛常规赛.xlsx",179
5879,2024-10-26,IVL_2024_fall_regular,xawm,lion,leil,dragon,dis,0,1,"2024IVL秋季赛常规赛.xlsx",180
5880,2024-10-26,IVL_2024_fall_regular,d,tx,18,ppxia,kucao,1,1,"2024IVL秋季赛常规赛.xlsx",181
5881,2024-10-26,IVL_2024_fall_regular,xawm,lion,leil,dragon,dis,0,1,"2024IVL秋季赛常规赛.xlsx",182
5882,2024-10-26,IVL_2024_fall_regular,d,tx,18,ppxia,kucao,2,,"2024IVL秋季赛常规赛.xlsx",183
5883,2024-10-26,IVL_2024_fall_regular,alex,sans,fulan,alpaca,xingh,0,1,"2024IVL秋季赛常规赛.xlsx",184
5884,2024-10-26,IVL_2024_fall_regular,dongx,huan,guoker,huiyi,persica,2,,"2024IVL秋季赛常规赛.xlsx",185
5885,2024-10-26,IVL_2024_fall_regular,dongx,huan,guoker,huiyi,persica,3,0,"2024IVL秋季赛常规赛.xlsx",186
5886,2024-10-26,IVL_2024_fall_regular,alex,sans,fulan,lin,xingh,0,1,"2024IVL秋季赛常规赛.xlsx",187
5887,2024-10-27,IVL_2024_fall_regular,mitaka,huac,xiaod,xiaox,nanako,3,0,"2024IVL秋季赛常规赛.xlsx",188
5888,2024-10-27,IVL_2024_fall_regular,xc,gougou,xy,xen,eleven,2,,"2024IVL秋季赛常规赛.xlsx",189
5889,2024-10-27,IVL_2024_fall_regular,xc,gougou,xy,xen,eleven,0,1,"2024IVL秋季赛常规赛.xlsx",190
5890,2024-10-27,IVL_2024_fall_regular,mitaka,huac,xiaod,xiaox,nanako,2,,"2024IVL秋季赛常规赛.xlsx",191
5891,2024-10-27,IVL_2024_fall_regular,yan,iron,ac,heart,ak,1,1,"2024IVL秋季赛常规赛.xlsx",192
5892,2024-10-27,IVL_2024_fall_regular,jin,silverzhi,czai,nan,chen,1,1,"2024IVL秋季赛常规赛.xlsx",193
5893,2024-10-27,IVL_2024_fall_regular,jin,silverzhi,czai,nan,chen,2,,"2024IVL秋季赛常规赛.xlsx",194
5894,2024-10-27,IVL_2024_fall_regular,yan,iron,ac,heart,ak,2,,"2024IVL秋季赛常规赛.xlsx",195
5895,2024-10-27,IVL_2024_fall_regular,yan,iron,ac,heart,ak,3,0,"2024IVL秋季赛常规赛.xlsx",196
5896,2024-10-27,IVL_2024_fall_regular,jin,silverzhi,czai,nan,chen,3,0,"2024IVL秋季赛常规赛.xlsx",197
5897,2024-10-27,IVL_2024_fall_regular,jin,silverzhi,czai,nan,chen,2,,"2024IVL秋季赛常规赛.xlsx",198
5898,2024-10-27,IVL_2024_fall_regular,yan,iron,ac,heart,ak,0,1,"2024IVL秋季赛常规赛.xlsx",199
5899,2024-10-27,IVL_2024_fall_regular,ppei,jelly,487,dking,xmx,0,1,"2024IVL秋季赛常规赛.xlsx",200
5900,2024-10-27,IVL_2024_fall_regular,choai,yangy,zibi,libao,yihua,1,1,"2024IVL秋季赛常规赛.xlsx",201
5901,2024-10-27,IVL_2024_fall_regular,choai,yangy,zibi,libao,yihua,0,1,"2024IVL秋季赛常规赛.xlsx",202
5902,2024-10-27,IVL_2024_fall_regular,ppei,jelly,487,dking,xmx,2,,"2024IVL秋季赛常规赛.xlsx",203
5903,2024-10-27,IVL_2024_fall_regular,choai,yangy,zibi,libao,yihua,2,,"2024IVL秋季赛常规赛.xlsx",204
5904,2024-10-27,IVL_2024_fall_regular,ppei,jelly,487,dking,xmx,3,0,"2024IVL秋季赛常规赛.xlsx",205
5905,2024-11-01,IVL_2024_fall_regular,alex,gougou,xy,egg,xen,1,1,"2024IVL秋季赛常规赛.xlsx",206
5906,2024-11-01,IVL_2024_fall_regular,bo1,huan,guoker,huiyi,persica,2,,"2024IVL秋季赛常规赛.xlsx",207
5907,2024-11-01,IVL_2024_fall_regular,mitaka,huan,guoker,huiyi,persica,2,,"2024IVL秋季赛常规赛.xlsx",208
5908,2024-11-01,IVL_2024_fall_regular,alex,gougou,xy,egg,xen,2,,"2024IVL秋季赛常规赛.xlsx",209
5909,2024-11-01,IVL_2024_fall_regular,mitaka,huan,guoker,huiyi,persica,2,,"2024IVL秋季赛常规赛.xlsx",210
5910,2024-11-01,IVL_2024_fall_regular,alex,gougou,xy,egg,xen,0,1,"2024IVL秋季赛常规赛.xlsx",211
5911,2024-11-01,IVL_2024_fall_regular,n1e,huac,xiaod,xiaox,nanako,2,,"2024IVL秋季赛常规赛.xlsx",212
5912,2024-11-01,IVL_2024_fall_regular,xc,xmiao5,ac,heart,ak,2,,"2024IVL秋季赛常规赛.xlsx",213
5913,2024-11-01,IVL_2024_fall_regular,xc,xmiao5,ac,heart,ak,2,,"2024IVL秋季赛常规赛.xlsx",214
5914,2024-11-01,IVL_2024_fall_regular,n1e,huac,xiaod,xiaox,nanako,3,0,"2024IVL秋季赛常规赛.xlsx",215
5915,2024-11-01,IVL_2024_fall_regular,xc,iron,ac,heart,ak,0,1,"2024IVL秋季赛常规赛.xlsx",216
5916,2024-11-01,IVL_2024_fall_regular,n1e,huac,xiaod,xiaox,nanako,0,1,"2024IVL秋季赛常规赛.xlsx",217
5917,2024-11-01,IVL_2024_fall_regular,d,sans,fulan,lin,xingh,2,,"2024IVL秋季赛常规赛.xlsx",218
5918,2024-11-01,IVL_2024_fall_regular,dongx,drop,lion,dragon,dis,1,1,"2024IVL秋季赛常规赛.xlsx",219
5919,2024-11-01,IVL_2024_fall_regular,dongx,drop,lion,dragon,xuxuzi,0,1,"2024IVL秋季赛常规赛.xlsx",220
5920,2024-11-01,IVL_2024_fall_regular,d,sans,fulan,lin,xingh,1,1,"2024IVL秋季赛常规赛.xlsx",221
5921,2024-11-02,IVL_2024_fall_regular,n1e,yangy,zibi,libao,yihua,0,1,"2024IVL秋季赛常规赛.xlsx",222
5922,2024-11-02,IVL_2024_fall_regular,ppei,xmiao5,ac,heart,ak,1,1,"2024IVL秋季赛常规赛.xlsx",223
5923,2024-11-02,IVL_2024_fall_regular,n1e,yangy,zibi,libao,yihua,2,,"2024IVL秋季赛常规赛.xlsx",224
5924,2024-11-02,IVL_2024_fall_regular,ppei,xmiao5,ac,heart,ak,2,,"2024IVL秋季赛常规赛.xlsx",225
5925,2024-11-02,IVL_2024_fall_regular,n1e,yangy,zibi,libao,yihua,2,,"2024IVL秋季赛常规赛.xlsx",226
5926,2024-11-02,IVL_2024_fall_regular,ppei,xmiao5,ac,heart,ak,3,0,"2024IVL秋季赛常规赛.xlsx",227
5927,2024-11-02,IVL_2024_fall_regular,bo1,sans,fulan,lin,xingh,2,,"2024IVL秋季赛常规赛.xlsx",228
5928,2024-11-02,IVL_2024_fall_regular,dongx,gougou,xy,egg,xen,1,1,"2024IVL秋季赛常规赛.xlsx",229
5929,2024-11-02,IVL_2024_fall_regular,mitaka,sans,fulan,lin,xingh,2,,"2024IVL秋季赛常规赛.xlsx",230
5930,2024-11-02,IVL_2024_fall_regular,dongx,gougou,xy,egg,xen,2,,"2024IVL秋季赛常规赛.xlsx",231
5931,2024-11-02,IVL_2024_fall_regular,mitaka,sans,fulan,lin,xingh,2,,"2024IVL秋季赛常规赛.xlsx",232
5932,2024-11-02,IVL_2024_fall_regular,dongx,gougou,xy,egg,xen,2,,"2024IVL秋季赛常规赛.xlsx",233
5933,2024-11-02,IVL_2024_fall_regular,xc,silverzhi,czai,nan,chen,1,1,"2024IVL秋季赛常规赛.xlsx",234
5934,2024-11-02,IVL_2024_fall_regular,yan,huac,xiaod,xiaox,nanako,0,1,"2024IVL秋季赛常规赛.xlsx",235
5935,2024-11-02,IVL_2024_fall_regular,xc,silverzhi,czai,nan,chen,0,1,"2024IVL秋季赛常规赛.xlsx",236
5936,2024-11-02,IVL_2024_fall_regular,yan,huac,xiaod,xiaox,nanako,3,0,"2024IVL秋季赛常规赛.xlsx",237
5937,2024-11-02,IVL_2024_fall_regular,yan,huac,xiaod,xiaox,nanako,3,0,"2024IVL秋季赛常规赛.xlsx",238
5938,2024-11-02,IVL_2024_fall_regular,xc,silverzhi,czai,nan,chen,2,,"2024IVL秋季赛常规赛.xlsx",239
5939,2024-11-03,IVL_2024_fall_regular,ppei,tx,18,ppxia,kucao,1,1,"2024IVL秋季赛常规赛.xlsx",240
5940,2024-11-03,IVL_2024_fall_regular,xawm,yangy,zibi,libao,yihua,1,1,"2024IVL秋季赛常规赛.xlsx",241
5941,2024-11-03,IVL_2024_fall_regular,xawm,yangy,zibi,libao,yihua,0,1,"2024IVL秋季赛常规赛.xlsx",242
5942,2024-11-03,IVL_2024_fall_regular,ppei,tx,18,ppxia,kucao,3,0,"2024IVL秋季赛常规赛.xlsx",243
5943,2024-11-03,IVL_2024_fall_regular,ppei,tx,18,ppxia,kucao,3,0,"2024IVL秋季赛常规赛.xlsx",244
5944,2024-11-03,IVL_2024_fall_regular,xawm,yangy,zibi,libao,yihua,3,0,"2024IVL秋季赛常规赛.xlsx",245
5945,2024-11-03,IVL_2024_fall_regular,yan,drop,lion,dragon,dis,1,1,"2024IVL秋季赛常规赛.xlsx",246
5946,2024-11-03,IVL_2024_fall_regular,d,silverzhi,czai,nan,chen,2,,"2024IVL秋季赛常规赛.xlsx",247
5947,2024-11-03,IVL_2024_fall_regular,yan,drop,lion,dragon,dis,3,0,"2024IVL秋季赛常规赛.xlsx",248
5948,2024-11-03,IVL_2024_fall_regular,d,silverzhi,czai,nan,chen,3,0,"2024IVL秋季赛常规赛.xlsx",249
5949,2024-11-03,IVL_2024_fall_regular,yan,drop,lion,dragon,dis,0,1,"2024IVL秋季赛常规赛.xlsx",250
5950,2024-11-03,IVL_2024_fall_regular,d,silverzhi,czai,nan,chen,2,,"2024IVL秋季赛常规赛.xlsx",251
5951,2024-11-03,IVL_2024_fall_regular,alex,jelly,487,dking,xmx,1,1,"2024IVL秋季赛常规赛.xlsx",252
5952,2024-11-03,IVL_2024_fall_regular,choai,huan,guoker,huiyi,persica,0,1,"2024IVL秋季赛常规赛.xlsx",253
5953,2024-11-03,IVL_2024_fall_regular,alex,jelly,487,dking,xmx,3,0,"2024IVL秋季赛常规赛.xlsx",254
5954,2024-11-03,IVL_2024_fall_regular,choai,huan,guoker,huiyi,persica,0,1,"2024IVL秋季赛常规赛.xlsx",255
5955,2024-11-08,IVL_2024_fall_regular,yan,jelly,487,dking,xmx,0,1,"2024IVL秋季赛常规赛.xlsx",256
5956,2024-11-08,IVL_2024_fall_regular,choai,silverzhi,czai,nan,chen,2,,"2024IVL秋季赛常规赛.xlsx",257
5957,2024-11-08,IVL_2024_fall_regular,choai,silverzhi,czai,nan,chen,1,1,"2024IVL秋季赛常规赛.xlsx",258
5958,2024-11-08,IVL_2024_fall_regular,yan,jelly,487,dking,xmx,1,1,"2024IVL秋季赛常规赛.xlsx",259
5959,2024-11-08,IVL_2024_fall_regular,yan,jelly,487,dking,xmx,2,,"2024IVL秋季赛常规赛.xlsx",260
5960,2024-11-08,IVL_2024_fall_regular,choai,silverzhi,czai,nan,chen,2,,"2024IVL秋季赛常规赛.xlsx",261
5961,2024-11-08,IVL_2024_fall_regular,d,gougou,xy,egg,xen,0,1,"2024IVL秋季赛常规赛.xlsx",262
5962,2024-11-08,IVL_2024_fall_regular,bo1,drop,lion,dragon,dis,1,1,"2024IVL秋季赛常规赛.xlsx",263
5963,2024-11-08,IVL_2024_fall_regular,d,gougou,xy,egg,xen,2,,"2024IVL秋季赛常规赛.xlsx",264
5964,2024-11-08,IVL_2024_fall_regular,mitaka,drop,lion,dragon,dis,2,,"2024IVL秋季赛常规赛.xlsx",265
5965,2024-11-08,IVL_2024_fall_regular,d,gougou,xy,egg,xen,4,0,"2024IVL秋季赛常规赛.xlsx",266
5966,2024-11-08,IVL_2024_fall_regular,mitaka,drop,lion,dragon,dis,0,1,"2024IVL秋季赛常规赛.xlsx",267
5967,2024-11-08,IVL_2024_fall_regular,ppei,huan,guoker,huiyi,persica,2,,"2024IVL秋季赛常规赛.xlsx",268
5968,2024-11-08,IVL_2024_fall_regular,alex,yangy,zibi,libao,yihua,2,,"2024IVL秋季赛常规赛.xlsx",269
5969,2024-11-08,IVL_2024_fall_regular,ppei,huan,guoker,huiyi,persica,3,0,"2024IVL秋季赛常规赛.xlsx",270
5970,2024-11-08,IVL_2024_fall_regular,alex,yangy,zibi,libao,yihua,2,,"2024IVL秋季赛常规赛.xlsx",271
5971,2024-11-08,IVL_2024_fall_regular,ppei,huan,guoker,huiyi,persica,3,0,"2024IVL秋季赛常规赛.xlsx",272
5972,2024-11-08,IVL_2024_fall_regular,alex,yangy,zibi,libao,yihua,1,1,"2024IVL秋季赛常规赛.xlsx",273
5973,2024-11-09,IVL_2024_fall_regular,xawm,drop,lion,dragon,dis,1,1,"2024IVL秋季赛常规赛.xlsx",274
5974,2024-11-09,IVL_2024_fall_regular,d,tx,18,ppxia,kucao,1,1,"2024IVL秋季赛常规赛.xlsx",275
5975,2024-11-09,IVL_2024_fall_regular,xawm,drop,lion,dragon,dis,2,,"2024IVL秋季赛常规赛.xlsx",276
5976,2024-11-09,IVL_2024_fall_regular,d,tx,18,ppxia,kucao,3,0,"2024IVL秋季赛常规赛.xlsx",277
5977,2024-11-09,IVL_2024_fall_regular,xawm,drop,lion,dragon,dis,0,1,"2024IVL秋季赛常规赛.xlsx",278
5978,2024-11-09,IVL_2024_fall_regular,d,tx,18,ppxia,kucao,2,,"2024IVL秋季赛常规赛.xlsx",279
5979,2024-11-09,IVL_2024_fall_regular,jin,silverzhi,czai,nan,chen,0,1,"2024IVL秋季赛常规赛.xlsx",280
5980,2024-11-09,IVL_2024_fall_regular,yan,xmiao5,ac,heart,ak,2,,"2024IVL秋季赛常规赛.xlsx",281
5981,2024-11-09,IVL_2024_fall_regular,yan,xmiao5,ac,heart,ak,4,0,"2024IVL秋季赛常规赛.xlsx",282
5982,2024-11-09,IVL_2024_fall_regular,jin,silverzhi,czai,nan,chen,0,1,"2024IVL秋季赛常规赛.xlsx",283
5983,2024-11-09,IVL_2024_fall_regular,choai,yangy,zibi,libao,yihua,2,,"2024IVL秋季赛常规赛.xlsx",284
5984,2024-11-09,IVL_2024_fall_regular,ppei,jelly,487,dking,xmx,1,1,"2024IVL秋季赛常规赛.xlsx",285
5985,2024-11-09,IVL_2024_fall_regular,choai,yangy,zibi,libao,yihua,0,1,"2024IVL秋季赛常规赛.xlsx",286
5986,2024-11-09,IVL_2024_fall_regular,ppei,jelly,487,dking,xmx,2,,"2024IVL秋季赛常规赛.xlsx",287
5987,2024-11-09,IVL_2024_fall_regular,ppei,jelly,487,dking,xmx,2,,"2024IVL秋季赛常规赛.xlsx",288
5988,2024-11-09,IVL_2024_fall_regular,choai,yangy,zibi,libao,yihua,0,1,"2024IVL秋季赛常规赛.xlsx",289
5989,2024-11-10,IVL_2024_fall_regular,dongx,huan,guoker,huiyi,persica,0,1,"2024IVL秋季赛常规赛.xlsx",290
5990,2024-11-10,IVL_2024_fall_regular,alex,sans,fulan,alpaca,xingh,1,1,"2024IVL秋季赛常规赛.xlsx",291
5991,2024-11-10,IVL_2024_fall_regular,alex,sans,fulan,alpaca,xingh,1,1,"2024IVL秋季赛常规赛.xlsx",292
5992,2024-11-10,IVL_2024_fall_regular,dongx,huan,guoker,huiyi,persica,3,0,"2024IVL秋季赛常规赛.xlsx",293
5993,2024-11-10,IVL_2024_fall_regular,dongx,huan,guoker,huiyi,persica,2,,"2024IVL秋季赛常规赛.xlsx",294
5994,2024-11-10,IVL_2024_fall_regular,alex,sans,fulan,alpaca,xingh,1,1,"2024IVL秋季赛常规赛.xlsx",295
5995,2024-11-10,IVL_2024_fall_regular,xc,gougou,xy,egg,xen,0,1,"2024IVL秋季赛常规赛.xlsx",296
5996,2024-11-10,IVL_2024_fall_regular,bo1,huac,xiaod,xiaox,nanako,3,0,"2024IVL秋季赛常规赛.xlsx",297
5997,2024-11-10,IVL_2024_fall_regular,xc,gougou,xy,egg,xen,2,,"2024IVL秋季赛常规赛.xlsx",298
5998,2024-11-10,IVL_2024_fall_regular,mitaka,huac,xiaod,xiaox,nanako,3,0,"2024IVL秋季赛常规赛.xlsx",299
5999,2024-11-10,IVL_2024_fall_regular,jin,tx,18,ppxia,kucao,0,1,"2024IVL秋季赛常规赛.xlsx",300
6000,2024-11-10,IVL_2024_fall_regular,xawm,xmiao5,ac,heart,ak,1,1,"2024IVL秋季赛常规赛.xlsx",301
6001,2024-11-10,IVL_2024_fall_regular,jin,tx,18,ppxia,kucao,0,1,"2024IVL秋季赛常规赛.xlsx",302
6002,2024-11-10,IVL_2024_fall_regular,xawm,xmiao5,ac,heart,ak,2,,"2024IVL秋季赛常规赛.xlsx",303
6003,2024-11-15,IVL_2024_fall_regular,ppei,xmiao5,ac,heart,ak,2,,"2024IVL秋季赛常规赛.xlsx",304
6004,2024-11-15,IVL_2024_fall_regular,n1e,yangy,libao,yihua,maom,1,1,"2024IVL秋季赛常规赛.xlsx",305
6005,2024-11-15,IVL_2024_fall_regular,n1e,yangy,libao,yihua,maom,3,0,"2024IVL秋季赛常规赛.xlsx",306
6006,2024-11-15,IVL_2024_fall_regular,ppei,xmiao5,ac,heart,ak,4,0,"2024IVL秋季赛常规赛.xlsx",307
6007,2024-11-15,IVL_2024_fall_regular,mitaka,sans,fulan,stian,xingh,3,0,"2024IVL秋季赛常规赛.xlsx",308
6008,2024-11-15,IVL_2024_fall_regular,dongx,gougou,xy,xen,eleven,2,,"2024IVL秋季赛常规赛.xlsx",309
6009,2024-11-15,IVL_2024_fall_regular,mitaka,sans,fulan,stian,xingh,3,0,"2024IVL秋季赛常规赛.xlsx",310
6010,2024-11-15,IVL_2024_fall_regular,dongx,gougou,xy,xen,eleven,0,1,"2024IVL秋季赛常规赛.xlsx",311
6011,2024-11-15,IVL_2024_fall_regular,xc,silverzhi,czai,nan,chen,3,0,"2024IVL秋季赛常规赛.xlsx",312
6012,2024-11-15,IVL_2024_fall_regular,yan,huac,xiaod,xiaox,nanako,3,0,"2024IVL秋季赛常规赛.xlsx",313
6013,2024-11-15,IVL_2024_fall_regular,yan,huac,xiaod,xiaox,nanako,2,,"2024IVL秋季赛常规赛.xlsx",314
6014,2024-11-15,IVL_2024_fall_regular,xc,silverzhi,czai,nan,chen,3,0,"2024IVL秋季赛常规赛.xlsx",315
6015,2024-11-15,IVL_2024_fall_regular,xc,silverzhi,czai,nan,chen,3,0,"2024IVL秋季赛常规赛.xlsx",316
6016,2024-11-15,IVL_2024_fall_regular,yan,huac,xiaod,xiaox,nanako,3,0,"2024IVL秋季赛常规赛.xlsx",317
6017,2024-11-16,IVL_2024_fall_regular,alex,gougou,xy,xen,eleven,2,,"2024IVL秋季赛常规赛.xlsx",318
6018,2024-11-16,IVL_2024_fall_regular,mitaka,huan,guoker,huiyi,persica,3,0,"2024IVL秋季赛常规赛.xlsx",319
6019,2024-11-16,IVL_2024_fall_regular,alex,gougou,xy,xen,eleven,3,0,"2024IVL秋季赛常规赛.xlsx",320
6020,2024-11-16,IVL_2024_fall_regular,mitaka,huan,guoker,huiyi,persica,3,0,"2024IVL秋季赛常规赛.xlsx",321
6021,2024-11-16,IVL_2024_fall_regular,bo1,huan,guoker,huiyi,persica,2,,"2024IVL秋季赛常规赛.xlsx",322
6022,2024-11-16,IVL_2024_fall_regular,alex,gougou,xy,xen,eleven,2,,"2024IVL秋季赛常规赛.xlsx",323
6023,2024-11-16,IVL_2024_fall_regular,xc,xmiao5,ac,heart,ak,3,0,"2024IVL秋季赛常规赛.xlsx",324
6024,2024-11-16,IVL_2024_fall_regular,n1e,huac,xiaod,xiaox,nanako,2,,"2024IVL秋季赛常规赛.xlsx",325
6025,2024-11-16,IVL_2024_fall_regular,n1e,huac,xiaod,xiaox,nanako,2,,"2024IVL秋季赛常规赛.xlsx",326
6026,2024-11-16,IVL_2024_fall_regular,xc,xmiao5,ac,heart,ak,2,,"2024IVL秋季赛常规赛.xlsx",327
6027,2024-11-16,IVL_2024_fall_regular,xc,xmiao5,ac,heart,ak,3,0,"2024IVL秋季赛常规赛.xlsx",328
6028,2024-11-16,IVL_2024_fall_regular,n1e,huac,xiaod,xiaox,nanako,2,,"2024IVL秋季赛常规赛.xlsx",329
6029,2024-11-16,IVL_2024_fall_regular,wu,sans,fulan,stian,xingh,3,0,"2024IVL秋季赛常规赛.xlsx",330
6030,2024-11-16,IVL_2024_fall_regular,dongx,drop,lion,dragon,dis,0,1,"2024IVL秋季赛常规赛.xlsx",331
6031,2024-11-16,IVL_2024_fall_regular,wu,sans,fulan,stian,xingh,2,,"2024IVL秋季赛常规赛.xlsx",332
6032,2024-11-16,IVL_2024_fall_regular,dongx,drop,lion,dragon,dis,0,1,"2024IVL秋季赛常规赛.xlsx",333
6033,2024-11-17,IVL_2024_fall_regular,xawm,yangy,libao,yihua,maom,0,1,"2024IVL秋季赛常规赛.xlsx",334
6034,2024-11-17,IVL_2024_fall_regular,suda,tx,18,ppxia,kucao,2,,"2024IVL秋季赛常规赛.xlsx",335
6035,2024-11-17,IVL_2024_fall_regular,suda,tx,18,ppxia,kucao,2,,"2024IVL秋季赛常规赛.xlsx",336
6036,2024-11-17,IVL_2024_fall_regular,xawm,yangy,libao,yihua,maom,2,,"2024IVL秋季赛常规赛.xlsx",337
6037,2024-11-17,IVL_2024_fall_regular,suda,tx,18,ppxia,kucao,2,,"2024IVL秋季赛常规赛.xlsx",338
6038,2024-11-17,IVL_2024_fall_regular,xawm,yangy,libao,yihua,maom,0,1,"2024IVL秋季赛常规赛.xlsx",339
6039,2024-11-17,IVL_2024_fall_regular,wu,silverzhi,czai,nan,chen,2,,"2024IVL秋季赛常规赛.xlsx",340
6040,2024-11-17,IVL_2024_fall_regular,yan,drop,lion,dragon,dis,1,1,"2024IVL秋季赛常规赛.xlsx",341
6041,2024-11-17,IVL_2024_fall_regular,yan,drop,lion,dragon,dis,3,0,"2024IVL秋季赛常规赛.xlsx",342
6042,2024-11-17,IVL_2024_fall_regular,wu,silverzhi,czai,nan,chen,3,0,"2024IVL秋季赛常规赛.xlsx",343
6043,2024-11-17,IVL_2024_fall_regular,yan,drop,lion,dragon,dis,1,1,"2024IVL秋季赛常规赛.xlsx",344
6044,2024-11-17,IVL_2024_fall_regular,wu,silverzhi,czai,nan,chen,2,,"2024IVL秋季赛常规赛.xlsx",345
6045,2024-11-17,IVL_2024_fall_regular,choai,huan,guoker,huiyi,persica,0,1,"2024IVL秋季赛常规赛.xlsx",346
6046,2024-11-17,IVL_2024_fall_regular,alex,jelly,487,dking,xmx,1,1,"2024IVL秋季赛常规赛.xlsx",347
6047,2024-11-17,IVL_2024_fall_regular,choai,huan,guoker,huiyi,persica,2,,"2024IVL秋季赛常规赛.xlsx",348
6048,2024-11-17,IVL_2024_fall_regular,alex,jelly,487,dking,xmx,2,,"2024IVL秋季赛常规赛.xlsx",349
6049,2024-11-17,IVL_2024_fall_regular,choai,huan,guoker,huiyi,persica,3,0,"2024IVL秋季赛常规赛.xlsx",350
6050,2024-11-17,IVL_2024_fall_regular,alex,jelly,487,dking,xmx,2,,"2024IVL秋季赛常规赛.xlsx",351
6051,2024-11-22,IVL_2024_fall_regular,wu,xmiao5,ac,heart,ak,2,,"2024IVL秋季赛常规赛.xlsx",352
6052,2024-11-22,IVL_2024_fall_regular,n1e,lion,leil,dragon,dis,0,1,"2024IVL秋季赛常规赛.xlsx",353
6053,2024-11-22,IVL_2024_fall_regular,wu,xmiao5,ac,heart,ak,3,0,"2024IVL秋季赛常规赛.xlsx",354
6054,2024-11-22,IVL_2024_fall_regular,n1e,lion,leil,dragon,dis,0,1,"2024IVL秋季赛常规赛.xlsx",355
6055,2024-11-22,IVL_2024_fall_regular,bo1,tx,18,violet,kucao,2,,"2024IVL秋季赛常规赛.xlsx",356
6056,2024-11-22,IVL_2024_fall_regular,xawm,gougou,xy,xen,eleven,2,,"2024IVL秋季赛常规赛.xlsx",357
6057,2024-11-22,IVL_2024_fall_regular,bo1,tx,18,violet,kucao,3,0,"2024IVL秋季赛常规赛.xlsx",358
6058,2024-11-22,IVL_2024_fall_regular,xawm,gougou,xy,xen,eleven,2,,"2024IVL秋季赛常规赛.xlsx",359
6059,2024-11-22,IVL_2024_fall_regular,xawm,gougou,xy,xen,eleven,0,1,"2024IVL秋季赛常规赛.xlsx",360
6060,2024-11-22,IVL_2024_fall_regular,bo1,tx,18,ppxia,kucao,2,,"2024IVL秋季赛常规赛.xlsx",361
6061,2024-11-22,IVL_2024_fall_regular,ppei,huac,xiaod,xiaox,nanako,2,,"2024IVL秋季赛常规赛.xlsx",362
6062,2024-11-22,IVL_2024_fall_regular,xc,yangy,libao,yihua,maom,2,,"2024IVL秋季赛常规赛.xlsx",363
6063,2024-11-22,IVL_2024_fall_regular,suda,huac,xiaod,xiaox,nanako,2,,"2024IVL秋季赛常规赛.xlsx",364
6064,2024-11-22,IVL_2024_fall_regular,xc,yangy,libao,yihua,maom,2,,"2024IVL秋季赛常规赛.xlsx",365
6065,2024-11-22,IVL_2024_fall_regular,suda,huac,xiaod,xiaox,nanako,2,,"2024IVL秋季赛常规赛.xlsx",366
6066,2024-11-22,IVL_2024_fall_regular,xc,yangy,libao,yihua,maom,2,,"2024IVL秋季赛常规赛.xlsx",367
6067,2024-11-22,IVL_2024_fall_regular,xc,yangy,libao,yihua,maom,2,,"2024IVL秋季赛常规赛.xlsx",368
6068,2024-11-22,IVL_2024_fall_regular,suda,huac,xiaod,xiaox,nanako,3,0,"2024IVL秋季赛常规赛.xlsx",369
6069,2024-11-23,IVL_2024_fall_regular,dongx,silverzhi,czai,nan,chen,1,1,"2024IVL秋季赛常规赛.xlsx",370
6070,2024-11-23,IVL_2024_fall_regular,yan,sans,fulan,stian,xingh,0,1,"2024IVL秋季赛常规赛.xlsx",371
6071,2024-11-23,IVL_2024_fall_regular,dongx,silverzhi,czai,nan,chen,3,0,"2024IVL秋季赛常规赛.xlsx",372
6072,2024-11-23,IVL_2024_fall_regular,yan,sans,fulan,stian,xingh,1,1,"2024IVL秋季赛常规赛.xlsx",373
6073,2024-11-23,IVL_2024_fall_regular,choai,gougou,xy,xen,eleven,1,1,"2024IVL秋季赛常规赛.xlsx",374
6074,2024-11-23,IVL_2024_fall_regular,bo1,jelly,487,dking,xmx,3,0,"2024IVL秋季赛常规赛.xlsx",375
6075,2024-11-23,IVL_2024_fall_regular,choai,gougou,xy,xen,eleven,2,,"2024IVL秋季赛常规赛.xlsx",376
6076,2024-11-23,IVL_2024_fall_regular,bo1,jelly,487,dking,xmx,2,,"2024IVL秋季赛常规赛.xlsx",377
6077,2024-11-23,IVL_2024_fall_regular,choai,gougou,xy,xen,eleven,3,0,"2024IVL秋季赛常规赛.xlsx",378
6078,2024-11-23,IVL_2024_fall_regular,bo1,jelly,487,dking,xmx,3,0,"2024IVL秋季赛常规赛.xlsx",379
6079,2024-11-23,IVL_2024_fall_regular,n1e,huan,guoker,huiyi,persica,2,,"2024IVL秋季赛常规赛.xlsx",380
6080,2024-11-23,IVL_2024_fall_regular,alex,xmiao5,ac,heart,ak,1,1,"2024IVL秋季赛常规赛.xlsx",381
6081,2024-11-23,IVL_2024_fall_regular,n1e,huan,guoker,huiyi,persica,3,0,"2024IVL秋季赛常规赛.xlsx",382
6082,2024-11-23,IVL_2024_fall_regular,alex,xmiao5,ac,heart,ak,3,0,"2024IVL秋季赛常规赛.xlsx",383
6083,2024-11-23,IVL_2024_fall_regular,n1e,huan,guoker,huiyi,persica,2,,"2024IVL秋季赛常规赛.xlsx",384
6084,2024-11-23,IVL_2024_fall_regular,alex,xmiao5,ac,heart,ak,3,0,"2024IVL秋季赛常规赛.xlsx",385
6085,2024-11-23,IVL_2024_fall_regular,alex,xmiao5,ac,heart,ak,3,0,"2024IVL秋季赛常规赛.xlsx",386
6086,2024-11-23,IVL_2024_fall_regular,n1e,huan,guoker,huiyi,persica,1,1,"2024IVL秋季赛常规赛.xlsx",387
6087,2024-11-24,IVL_2024_fall_regular,choai,sans,fulan,stian,xingh,1,1,"2024IVL秋季赛常规赛.xlsx",388
6088,2024-11-24,IVL_2024_fall_regular,dongx,jelly,487,dking,xmx,2,,"2024IVL秋季赛常规赛.xlsx",389
6089,2024-11-24,IVL_2024_fall_regular,choai,sans,fulan,stian,xingh,2,,"2024IVL秋季赛常规赛.xlsx",390
6090,2024-11-24,IVL_2024_fall_regular,dongx,jelly,487,dking,xmx,4,0,"2024IVL秋季赛常规赛.xlsx",391
6091,2024-11-24,IVL_2024_fall_regular,alex,lion,leil,dragon,dis,2,,"2024IVL秋季赛常规赛.xlsx",392
6092,2024-11-24,IVL_2024_fall_regular,wu,huan,guoker,huiyi,persica,3,0,"2024IVL秋季赛常规赛.xlsx",393
6093,2024-11-24,IVL_2024_fall_regular,wu,huan,guoker,huiyi,persica,2,,"2024IVL秋季赛常规赛.xlsx",394
6094,2024-11-24,IVL_2024_fall_regular,alex,drop,leil,dragon,dis,3,0,"2024IVL秋季赛常规赛.xlsx",395
6095,2024-11-24,IVL_2024_fall_regular,wu,huan,guoker,huiyi,persica,2,,"2024IVL秋季赛常规赛.xlsx",396
6096,2024-11-24,IVL_2024_fall_regular,alex,drop,leil,dragon,dis,2,,"2024IVL秋季赛常规赛.xlsx",397
6097,2024-11-24,IVL_2024_fall_regular,alex,drop,lion,leil,dragon,2,,"2024IVL秋季赛常规赛.xlsx",398
6098,2024-11-24,IVL_2024_fall_regular,wu,huan,guoker,huiyi,persica,2,,"2024IVL秋季赛常规赛.xlsx",399
6099,2024-11-24,IVL_2024_fall_regular,xawm,huac,xiaod,xiaox,nanako,2,,"2024IVL秋季赛常规赛.xlsx",400
6100,2024-11-24,IVL_2024_fall_regular,xc,tx,18,ppxia,kucao,4,0,"2024IVL秋季赛常规赛.xlsx",401
6101,2024-11-24,IVL_2024_fall_regular,xc,tx,18,ppxia,kucao,3,0,"2024IVL秋季赛常规赛.xlsx",402
6102,2024-11-24,IVL_2024_fall_regular,xawm,huac,xiaod,xiaox,nanako,3,0,"2024IVL秋季赛常规赛.xlsx",403
6103,2024-11-24,IVL_2024_fall_regular,xc,tx,18,ppxia,kucao,1,1,"2024IVL秋季赛常规赛.xlsx",404
6104,2024-11-24,IVL_2024_fall_regular,xawm,huac,xiaod,xiaox,nanako,1,1,"2024IVL秋季赛常规赛.xlsx",405
6105,2024-11-29,IVL_2024_fall_regular,ali,drop,lion,dragon,dis,2,,"2024IVL秋季赛常规赛.xlsx",406
6106,2024-11-29,IVL_2024_fall_regular,wu,huac,xiaod,nanako,hengh,0,1,"2024IVL秋季赛常规赛.xlsx",407
6107,2024-11-29,IVL_2024_fall_regular,wu,huac,xiaod,nanako,hengh,1,1,"2024IVL秋季赛常规赛.xlsx",408
6108,2024-11-29,IVL_2024_fall_regular,xc,drop,lion,dragon,dis,1,1,"2024IVL秋季赛常规赛.xlsx",409
6109,2024-11-29,IVL_2024_fall_regular,xc,drop,lion,dragon,dis,3,0,"2024IVL秋季赛常规赛.xlsx",410
6110,2024-11-29,IVL_2024_fall_regular,wu,huac,xiaod,nanako,hengh,2,,"2024IVL秋季赛常规赛.xlsx",411
6111,2024-11-29,IVL_2024_fall_regular,jin,gougou,xy,xen,eleven,0,1,"2024IVL秋季赛常规赛.xlsx",412
6112,2024-11-29,IVL_2024_fall_regular,bo1,xmiao5,ac,heart,ak,3,0,"2024IVL秋季赛常规赛.xlsx",413
6113,2024-11-29,IVL_2024_fall_regular,jin,gougou,xy,xen,eleven,2,,"2024IVL秋季赛常规赛.xlsx",414
6114,2024-11-29,IVL_2024_fall_regular,bo1,xmiao5,ac,heart,ak,3,0,"2024IVL秋季赛常规赛.xlsx",415
6115,2024-11-29,IVL_2024_fall_regular,xawm,sans,fulan,stian,xingh,2,,"2024IVL秋季赛常规赛.xlsx",416
6116,2024-11-29,IVL_2024_fall_regular,dongx,tx,18,ppxia,kucao,2,,"2024IVL秋季赛常规赛.xlsx",417
6117,2024-11-29,IVL_2024_fall_regular,xawm,sans,fulan,stian,xingh,1,1,"2024IVL秋季赛常规赛.xlsx",418
6118,2024-11-29,IVL_2024_fall_regular,dongx,tx,18,ppxia,kucao,2,,"2024IVL秋季赛常规赛.xlsx",419
6119,2024-11-29,IVL_2024_fall_regular,xawm,sans,fulan,stian,xingh,3,0,"2024IVL秋季赛常规赛.xlsx",420
6120,2024-11-29,IVL_2024_fall_regular,dongx,tx,18,ppxia,kucao,1,1,"2024IVL秋季赛常规赛.xlsx",421
6121,2024-11-30,IVL_2024_fall_regular,wu,jelly,487,dking,xmx,2,,"2024IVL秋季赛常规赛.xlsx",422
6122,2024-11-30,IVL_2024_fall_regular,choai,drop,lion,dragon,dis,0,1,"2024IVL秋季赛常规赛.xlsx",423
6123,2024-11-30,IVL_2024_fall_regular,wu,jelly,487,dking,xmx,3,0,"2024IVL秋季赛常规赛.xlsx",424
6124,2024-11-30,IVL_2024_fall_regular,choai,drop,lion,dragon,dis,1,1,"2024IVL秋季赛常规赛.xlsx",425
6125,2024-11-30,IVL_2024_fall_regular,ppei,gougou,xy,xen,eleven,2,,"2024IVL秋季赛常规赛.xlsx",426
6126,2024-11-30,IVL_2024_fall_regular,bo1,yangy,libao,yihua,maom,2,,"2024IVL秋季赛常规赛.xlsx",427
6127,2024-11-30,IVL_2024_fall_regular,ppei,gougou,xy,xen,eleven,2,,"2024IVL秋季赛常规赛.xlsx",428
6128,2024-11-30,IVL_2024_fall_regular,bo1,yangy,libao,yihua,maom,1,1,"2024IVL秋季赛常规赛.xlsx",429
6129,2024-11-30,IVL_2024_fall_regular,bo1,yangy,libao,yihua,maom,1,1,"2024IVL秋季赛常规赛.xlsx",430
6130,2024-11-30,IVL_2024_fall_regular,ppei,gougou,xy,xen,eleven,1,1,"2024IVL秋季赛常规赛.xlsx",431
6131,2024-11-30,IVL_2024_fall_regular,alex,silverzhi,czai,nan,chen,1,1,"2024IVL秋季赛常规赛.xlsx",432
6132,2024-11-30,IVL_2024_fall_regular,yan,huan,guoker,huiyi,persica,2,,"2024IVL秋季赛常规赛.xlsx",433
6133,2024-11-30,IVL_2024_fall_regular,yan,huan,guoker,huiyi,persica,2,,"2024IVL秋季赛常规赛.xlsx",434
6134,2024-11-30,IVL_2024_fall_regular,alex,silverzhi,czai,nan,chen,3,0,"2024IVL秋季赛常规赛.xlsx",435
6135,2024-11-30,IVL_2024_fall_regular,yan,huan,guoker,huiyi,persica,2,,"2024IVL秋季赛常规赛.xlsx",436
6136,2024-11-30,IVL_2024_fall_regular,alex,silverzhi,czai,nan,chen,3,0,"2024IVL秋季赛常规赛.xlsx",437
6137,2024-12-01,IVL_2024_fall_regular,choai,tx,18,ppxia,kucao,0,1,"2024IVL秋季赛常规赛.xlsx",438
6138,2024-12-01,IVL_2024_fall_regular,xawm,jelly,487,dking,xmx,2,,"2024IVL秋季赛常规赛.xlsx",439
6139,2024-12-01,IVL_2024_fall_regular,choai,tx,18,ppxia,kucao,0,1,"2024IVL秋季赛常规赛.xlsx",440
6140,2024-12-01,IVL_2024_fall_regular,xawm,jelly,487,dking,xmx,3,0,"2024IVL秋季赛常规赛.xlsx",441
6141,2024-12-01,IVL_2024_fall_regular,dongx,huac,xiaod,nanako,hengh,1,1,"2024IVL秋季赛常规赛.xlsx",442
6142,2024-12-01,IVL_2024_fall_regular,ali,sans,fulan,stian,xingh,0,1,"2024IVL秋季赛常规赛.xlsx",443
6143,2024-12-01,IVL_2024_fall_regular,dongx,huac,xiaod,nanako,hengh,2,,"2024IVL秋季赛常规赛.xlsx",444
6144,2024-12-01,IVL_2024_fall_regular,xc,sans,fulan,stian,xingh,2,,"2024IVL秋季赛常规赛.xlsx",445
6145,2024-12-01,IVL_2024_fall_regular,dongx,huac,xiaod,nanako,hengh,1,1,"2024IVL秋季赛常规赛.xlsx",446
6146,2024-12-01,IVL_2024_fall_regular,xc,sans,fulan,stian,xingh,2,,"2024IVL秋季赛常规赛.xlsx",447
6147,2024-12-01,IVL_2024_fall_regular,ppei,silverzhi,czai,nan,chen,0,1,"2024IVL秋季赛常规赛.xlsx",448
6148,2024-12-01,IVL_2024_fall_regular,yan,yangy,libao,yihua,maom,0,1,"2024IVL秋季赛常规赛.xlsx",449
6149,2024-12-01,IVL_2024_fall_regular,yan,yangy,libao,yihua,maom,0,1,"2024IVL秋季赛常规赛.xlsx",450
6150,2024-12-01,IVL_2024_fall_regular,ppei,silverzhi,czai,nan,chen,3,0,"2024IVL秋季赛常规赛.xlsx",451
6151,2024-12-01,IVL_2024_fall_regular,ppei,silverzhi,czai,nan,chen,2,,"2024IVL秋季赛常规赛.xlsx",452
6152,2024-12-01,IVL_2024_fall_regular,yan,yangy,libao,yihua,maom,2,,"2024IVL秋季赛常规赛.xlsx",453
6153,2024-12-06,IVL_2024_fall_regular,xawm,silverzhi,czai,nan,chen,0,1,"2024IVL秋季赛常规赛.xlsx",454
6154,2024-12-06,IVL_2024_fall_regular,yan,tx,18,violet,kucao,2,,"2024IVL秋季赛常规赛.xlsx",455
6155,2024-12-06,IVL_2024_fall_regular,yan,tx,18,violet,kucao,0,1,"2024IVL秋季赛常规赛.xlsx",456
6156,2024-12-06,IVL_2024_fall_regular,xawm,silverzhi,czai,nan,chen,2,,"2024IVL秋季赛常规赛.xlsx",457
6157,2024-12-06,IVL_2024_fall_regular,xawm,silverzhi,czai,nan,chen,3,0,"2024IVL秋季赛常规赛.xlsx",458
6158,2024-12-06,IVL_2024_fall_regular,yan,tx,18,violet,kucao,3,0,"2024IVL秋季赛常规赛.xlsx",459
6159,2024-12-06,IVL_2024_fall_regular,yan,tx,18,violet,kucao,3,0,"2024IVL秋季赛常规赛.xlsx",460
6160,2024-12-06,IVL_2024_fall_regular,xawm,silverzhi,czai,nan,chen,2,,"2024IVL秋季赛常规赛.xlsx",461
6161,2024-12-06,IVL_2024_fall_regular,n1e,sans,fulan,stian,xingh,2,,"2024IVL秋季赛常规赛.xlsx",462
6162,2024-12-06,IVL_2024_fall_regular,dongx,xmiao5,ac,heart,ak,2,,"2024IVL秋季赛常规赛.xlsx",463
6163,2024-12-06,IVL_2024_fall_regular,n1e,sans,lin,stian,xingh,0,1,"2024IVL秋季赛常规赛.xlsx",464
6164,2024-12-06,IVL_2024_fall_regular,dongx,xmiao5,ac,heart,ak,0,1,"2024IVL秋季赛常规赛.xlsx",465
6165,2024-12-06,IVL_2024_fall_regular,n1e,sans,fulan,stian,xingh,2,,"2024IVL秋季赛常规赛.xlsx",466
6166,2024-12-06,IVL_2024_fall_regular,dongx,xmiao5,ac,heart,ak,2,,"2024IVL秋季赛常规赛.xlsx",467
6167,2024-12-06,IVL_2024_fall_regular,dongx,xmiao5,ac,heart,ak,3,0,"2024IVL秋季赛常规赛.xlsx",468
6168,2024-12-06,IVL_2024_fall_regular,n1e,sans,fulan,stian,xingh,2,,"2024IVL秋季赛常规赛.xlsx",469
6169,2024-12-06,IVL_2024_fall_regular,ppei,drop,lion,leil,dragon,1,1,"2024IVL秋季赛常规赛.xlsx",470
6170,2024-12-06,IVL_2024_fall_regular,d,yangy,libao,yihua,maom,2,,"2024IVL秋季赛常规赛.xlsx",471
6171,2024-12-06,IVL_2024_fall_regular,ppei,drop,lion,leil,dragon,0,1,"2024IVL秋季赛常规赛.xlsx",472
6172,2024-12-06,IVL_2024_fall_regular,d,yangy,libao,yihua,maom,0,1,"2024IVL秋季赛常规赛.xlsx",473
6173,2024-12-06,IVL_2024_fall_regular,ppei,drop,lion,dragon,dis,0,1,"2024IVL秋季赛常规赛.xlsx",474
6174,2024-12-06,IVL_2024_fall_regular,wu,yangy,libao,yihua,maom,3,0,"2024IVL秋季赛常规赛.xlsx",475
6175,2024-12-07,IVL_2024_fall_regular,ali,jelly,487,dking,xmx,3,0,"2024IVL秋季赛常规赛.xlsx",476
6176,2024-12-07,IVL_2024_fall_regular,choai,huac,xiaod,nanako,kuangk,2,,"2024IVL秋季赛常规赛.xlsx",477
6177,2024-12-07,IVL_2024_fall_regular,choai,huac,xiaod,nanako,kuangk,0,1,"2024IVL秋季赛常规赛.xlsx",478
6178,2024-12-07,IVL_2024_fall_regular,xc,jelly,487,dking,xmx,2,,"2024IVL秋季赛常规赛.xlsx",479
6179,2024-12-07,IVL_2024_fall_regular,bo1,silverzhi,czai,nan,chen,2,,"2024IVL秋季赛常规赛.xlsx",480
6180,2024-12-07,IVL_2024_fall_regular,yan,gougou,xy,xen,eleven,3,0,"2024IVL秋季赛常规赛.xlsx",481
6181,2024-12-07,IVL_2024_fall_regular,yan,gougou,xy,xen,eleven,1,1,"2024IVL秋季赛常规赛.xlsx",482
6182,2024-12-07,IVL_2024_fall_regular,bo1,silverzhi,czai,nan,chen,1,1,"2024IVL秋季赛常规赛.xlsx",483
6183,2024-12-07,IVL_2024_fall_regular,yan,gougou,xy,xen,eleven,2,,"2024IVL秋季赛常规赛.xlsx",484
6184,2024-12-07,IVL_2024_fall_regular,bo1,silverzhi,czai,nan,chen,2,,"2024IVL秋季赛常规赛.xlsx",485
6185,2024-12-07,IVL_2024_fall_regular,xawm,huan,guoker,huiyi,persica,0,1,"2024IVL秋季赛常规赛.xlsx",486
6186,2024-12-07,IVL_2024_fall_regular,alex,tx,18,violet,kucao,0,1,"2024IVL秋季赛常规赛.xlsx",487
6187,2024-12-07,IVL_2024_fall_regular,alex,tx,18,violet,kucao,2,,"2024IVL秋季赛常规赛.xlsx",488
6188,2024-12-07,IVL_2024_fall_regular,xawm,huan,guoker,huiyi,persica,0,1,"2024IVL秋季赛常规赛.xlsx",489
6189,2024-12-07,IVL_2024_fall_regular,alex,tx,18,violet,kucao,2,,"2024IVL秋季赛常规赛.xlsx",490
6190,2024-12-07,IVL_2024_fall_regular,xawm,huan,guoker,huiyi,persica,0,1,"2024IVL秋季赛常规赛.xlsx",491
6191,2024-12-08,IVL_2024_fall_regular,ppei,sans,fulan,stian,xingh,0,1,"2024IVL秋季赛常规赛.xlsx",492
6192,2024-12-08,IVL_2024_fall_regular,dongx,yangy,libao,yihua,maom,0,1,"2024IVL秋季赛常规赛.xlsx",493
6193,2024-12-08,IVL_2024_fall_regular,ppei,sans,fulan,stian,xingh,3,0,"2024IVL秋季赛常规赛.xlsx",494
6194,2024-12-08,IVL_2024_fall_regular,dongx,yangy,libao,yihua,maom,3,0,"2024IVL秋季赛常规赛.xlsx",495
6195,2024-12-08,IVL_2024_fall_regular,dongx,yangy,libao,yihua,maom,2,,"2024IVL秋季赛常规赛.xlsx",496
6196,2024-12-08,IVL_2024_fall_regular,ppei,sans,fulan,stian,xingh,2,,"2024IVL秋季赛常规赛.xlsx",497
6197,2024-12-08,IVL_2024_fall_regular,ppei,sans,fulan,stian,xingh,3,0,"2024IVL秋季赛常规赛.xlsx",498
6198,2024-12-08,IVL_2024_fall_regular,dongx,yangy,libao,yihua,maom,0,1,"2024IVL秋季赛常规赛.xlsx",499
6199,2024-12-08,IVL_2024_fall_regular,xc,huan,guoker,huiyi,persica,0,1,"2024IVL秋季赛常规赛.xlsx",500
6200,2024-12-08,IVL_2024_fall_regular,alex,huac,xiaod,nanako,kuangk,1,1,"2024IVL秋季赛常规赛.xlsx",501
6201,2024-12-08,IVL_2024_fall_regular,xc,huan,guoker,huiyi,persica,2,,"2024IVL秋季赛常规赛.xlsx",502
6202,2024-12-08,IVL_2024_fall_regular,alex,huac,xiaod,nanako,kuangk,3,0,"2024IVL秋季赛常规赛.xlsx",503
6203,2024-12-08,IVL_2024_fall_regular,n1e,jelly,487,dking,xmx,0,1,"2024IVL秋季赛常规赛.xlsx",504
6204,2024-12-08,IVL_2024_fall_regular,choai,xmiao5,ac,heart,ak,2,,"2024IVL秋季赛常规赛.xlsx",505
6205,2024-12-08,IVL_2024_fall_regular,choai,xmiao5,ac,heart,ak,3,0,"2024IVL秋季赛常规赛.xlsx",506
6206,2024-12-08,IVL_2024_fall_regular,n1e,jelly,487,dking,xmx,2,,"2024IVL秋季赛常规赛.xlsx",507
6207,2024-12-29,IVL_2024_fall_playoffs,yan,stian,xingh,fulan,sans,2,,"2024IVL秋季赛季后赛.xlsx",0
6208,2024-12-29,IVL_2024_fall_playoffs,dongx,nan,czai,chen,silverzhi,2,,"2024IVL秋季赛季后赛.xlsx",1
6209,2024-12-29,IVL_2024_fall_playoffs,dongx,nan,czai,chen,silverzhi,3,0,"2024IVL秋季赛季后赛.xlsx",2
6210,2024-12-29,IVL_2024_fall_playoffs,yan,stian,fulan,xingh,sans,2,,"2024IVL秋季赛季后赛.xlsx",3
6211,2024-12-29,IVL_2024_fall_playoffs,yan,stian,sans,fulan,xingh,3,0,"2024IVL秋季赛季后赛.xlsx",4
6212,2024-12-29,IVL_2024_fall_playoffs,dongx,czai,chen,nan,silverzhi,0,1,"2024IVL秋季赛季后赛.xlsx",5
6213,2024-12-29,IVL_2024_fall_playoffs,dongx,nan,chen,czai,silverzhi,2,,"2024IVL秋季赛季后赛.xlsx",6
6214,2024-12-29,IVL_2024_fall_playoffs,yan,sans,xingh,fulan,stian,2,,"2024IVL秋季赛季后赛.xlsx",7
6215,2024-12-29,IVL_2024_fall_playoffs,yan,sans,xingh,fulan,stian,3,0,"2024IVL秋季赛季后赛.xlsx",8
6216,2024-12-29,IVL_2024_fall_playoffs,dongx,czai,chen,silverzhi,nan,3,0,"2024IVL秋季赛季后赛.xlsx",9
6217,2024-12-29,IVL_2024_fall_playoffs,xc,ak,heart,ac,xmiao5,3,0,"2024IVL秋季赛季后赛.xlsx",10
6218,2024-12-29,IVL_2024_fall_playoffs,n1e,kuangk,nanako,huac,xiaod,2,,"2024IVL秋季赛季后赛.xlsx",11
6219,2024-12-29,IVL_2024_fall_playoffs,xc,ak,ac,xmiao5,heart,2,,"2024IVL秋季赛季后赛.xlsx",12
6220,2024-12-29,IVL_2024_fall_playoffs,n1e,kuangk,huac,xiaod,nanako,2,,"2024IVL秋季赛季后赛.xlsx",13
6221,2024-12-29,IVL_2024_fall_playoffs,xc,heart,ak,ac,xmiao5,0,1,"2024IVL秋季赛季后赛.xlsx",14
6222,2024-12-29,IVL_2024_fall_playoffs,n1e,xiaod,nanako,loveleft,huac,2,,"2024IVL秋季赛季后赛.xlsx",15
6223,2024-12-29,IVL_2024_fall_playoffs,n1e,nanako,loveleft,huac,xiaod,3,0,"2024IVL秋季赛季后赛.xlsx",16
6224,2024-12-29,IVL_2024_fall_playoffs,xc,ak,heart,ac,xmiao5,2,,"2024IVL秋季赛季后赛.xlsx",17
6225,2024-12-29,IVL_2024_fall_playoffs,xc,xmiao5,ak,ac,heart,3,0,"2024IVL秋季赛季后赛.xlsx",18
6226,2024-12-29,IVL_2024_fall_playoffs,n1e,nanako,xiaod,loveleft,huac,2,,"2024IVL秋季赛季后赛.xlsx",19
6227,2024-12-29,IVL_2024_fall_playoffs,xawm,xmx,dking,487,jelly,3,0,"2024IVL秋季赛季后赛.xlsx",20
6228,2024-12-29,IVL_2024_fall_playoffs,choai,tx,kucao,18,ppxia,0,1,"2024IVL秋季赛季后赛.xlsx",21
6229,2024-12-29,IVL_2024_fall_playoffs,choai,tx,ppxia,kucao,18,2,,"2024IVL秋季赛季后赛.xlsx",22
6230,2024-12-29,IVL_2024_fall_playoffs,xawm,xmx,487,jelly,dking,3,0,"2024IVL秋季赛季后赛.xlsx",23
6231,2024-12-29,IVL_2024_fall_playoffs,xawm,xmx,487,jelly,dking,1,1,"2024IVL秋季赛季后赛.xlsx",24
6232,2024-12-29,IVL_2024_fall_playoffs,choai,tx,kucao,ppxia,18,0,1,"2024IVL秋季赛季后赛.xlsx",25
6233,2024-12-30,IVL_2024_fall_playoffs,xawm,fulan,stian,xingh,sans,0,1,"2024IVL秋季赛季后赛.xlsx",26
6234,2024-12-30,IVL_2024_fall_playoffs,dongx,kucao,ppxia,18,tx,2,,"2024IVL秋季赛季后赛.xlsx",27
6235,2024-12-30,IVL_2024_fall_playoffs,dongx,tx,ppxia,kucao,18,1,1,"2024IVL秋季赛季后赛.xlsx",28
6236,2024-12-30,IVL_2024_fall_playoffs,xawm,xingh,fulan,sans,stian,3,0,"2024IVL秋季赛季后赛.xlsx",29
6237,2024-12-30,IVL_2024_fall_playoffs,xawm,sans,stian,fulan,xingh,2,,"2024IVL秋季赛季后赛.xlsx",30
6238,2024-12-30,IVL_2024_fall_playoffs,dongx,ppxia,tx,kucao,18,0,1,"2024IVL秋季赛季后赛.xlsx",31
6239,2024-12-30,IVL_2024_fall_playoffs,xawm,stian,sans,xingh,fulan,0,1,"2024IVL秋季赛季后赛.xlsx",32
6240,2024-12-30,IVL_2024_fall_playoffs,dongx,18,tx,kucao,ppxia,3,0,"2024IVL秋季赛季后赛.xlsx",33
6241,2024-12-30,IVL_2024_fall_playoffs,xawm,stian,fulan,sans,xingh,2,,"2024IVL秋季赛季后赛.xlsx",34
6242,2024-12-30,IVL_2024_fall_playoffs,dongx,18,ppxia,tx,kucao,0,1,"2024IVL秋季赛季后赛.xlsx",35
6243,2024-12-30,IVL_2024_fall_playoffs,choai,kuangk,nanako,huac,xiaod,3,0,"2024IVL秋季赛季后赛.xlsx",36
6244,2024-12-30,IVL_2024_fall_playoffs,xc,dking,xmx,487,jelly,0,1,"2024IVL秋季赛季后赛.xlsx",37
6245,2024-12-30,IVL_2024_fall_playoffs,xc,xmx,dking,487,jelly,0,1,"2024IVL秋季赛季后赛.xlsx",38
6246,2024-12-30,IVL_2024_fall_playoffs,choai,kuangk,huac,nanako,xiaod,0,1,"2024IVL秋季赛季后赛.xlsx",39
6247,2024-12-30,IVL_2024_fall_playoffs,xc,jelly,487,dking,xmx,0,1,"2024IVL秋季赛季后赛.xlsx",40
6248,2024-12-30,IVL_2024_fall_playoffs,choai,huac,xiaod,loveleft,nanako,3,0,"2024IVL秋季赛季后赛.xlsx",41
6249,2024-12-30,IVL_2024_fall_playoffs,choai,huac,xiaod,loveleft,nanako,0,1,"2024IVL秋季赛季后赛.xlsx",42
6250,2024-12-30,IVL_2024_fall_playoffs,xc,jelly,487,dking,xmx,2,,"2024IVL秋季赛季后赛.xlsx",43
6251,2024-12-30,IVL_2024_fall_playoffs,choai,nanako,loveleft,xiaod,huac,2,,"2024IVL秋季赛季后赛.xlsx",44
6252,2024-12-31,IVL_2024_fall_playoffs,dongx,ak,heart,ac,xmiao5,3,0,"2024IVL秋季赛季后赛.xlsx",45
6253,2024-12-31,IVL_2024_fall_playoffs,n1e,xingh,stian,sans,fulan,3,0,"2024IVL秋季赛季后赛.xlsx",46
6254,2024-12-31,IVL_2024_fall_playoffs,n1e,san,xingh,fulan,stian,0,1,"2024IVL秋季赛季后赛.xlsx",47
6255,2024-12-31,IVL_2024_fall_playoffs,dongx,xmiao5,ak,heart,ac,3,0,"2024IVL秋季赛季后赛.xlsx",48
6256,2024-12-31,IVL_2024_fall_playoffs,dongx,ak,xmiao5,heart,ac,3,0,"2024IVL秋季赛季后赛.xlsx",49
6257,2024-12-31,IVL_2024_fall_playoffs,n1e,sans,stian,xingh,fulan,2,,"2024IVL秋季赛季后赛.xlsx",50
6258,2024-12-31,IVL_2024_fall_playoffs,n1e,sans,xingh,fulan,stian,1,1,"2024IVL秋季赛季后赛.xlsx",51
6259,2024-12-31,IVL_2024_fall_playoffs,dongx,heart,ac,ak,xmiao5,1,1,"2024IVL秋季赛季后赛.xlsx",52
6260,2024-12-31,IVL_2024_fall_playoffs,n1e,dking,xmx,487,jelly,2,,"2024IVL秋季赛季后赛.xlsx",53
6261,2024-12-31,IVL_2024_fall_playoffs,choai,heart,xmiao5,ac,ak,2,,"2024IVL秋季赛季后赛.xlsx",54
6262,2024-12-31,IVL_2024_fall_playoffs,choai,heart,xmiao5,ac,ak,2,,"2024IVL秋季赛季后赛.xlsx",55
6263,2024-12-31,IVL_2024_fall_playoffs,n1e,xmx,487,jelly,dking,2,,"2024IVL秋季赛季后赛.xlsx",56
6264,2024-12-31,IVL_2024_fall_playoffs,n1e,jelly,487,dking,xmx,3,0,"2024IVL秋季赛季后赛.xlsx",57
6265,2024-12-31,IVL_2024_fall_playoffs,choai,ac,xmiao5,heart,ak,1,1,"2024IVL秋季赛季后赛.xlsx",58
6266,2024-12-31,IVL_2024_fall_playoffs,choai,ac,ak,xmiao5,heart,3,0,"2024IVL秋季赛季后赛.xlsx",59
6267,2024-12-31,IVL_2024_fall_playoffs,n1e,xmx,jelly,487,dking,3,0,"2024IVL秋季赛季后赛.xlsx",60
6268,2024-12-31,IVL_2024_fall_playoffs,choai,ak,ac,heart,xmiao5,2,,"2024IVL秋季赛季后赛.xlsx",61
6269,2024-12-31,IVL_2024_fall_playoffs,n1e,xmx,jelly,487,dking,1,1,"2024IVL秋季赛季后赛.xlsx",62
6270,2024-01-01,IVL_2024_fall_playoffs,choai,kuangk,huac,xiaod,nanako,0,1,"2024IVL秋季赛季后赛.xlsx",63
6271,2024-01-01,IVL_2024_fall_playoffs,xc,dking,487,xmx,jelly,0,1,"2024IVL秋季赛季后赛.xlsx",64
6272,2024-01-01,IVL_2024_fall_playoffs,xc,xmx,jelly,dking,487,0,1,"2024IVL秋季赛季后赛.xlsx",65
6273,2024-01-01,IVL_2024_fall_playoffs,choai,loveleft,xiaod,huac,nanako,3,0,"2024IVL秋季赛季后赛.xlsx",66
6274,2024-01-01,IVL_2024_fall_playoffs,xc,jelly,xmx,487,dking,1,1,"2024IVL秋季赛季后赛.xlsx",67
6275,2024-01-01,IVL_2024_fall_playoffs,choai,loveleft,nanako,huac,xiaod,3,0,"2024IVL秋季赛季后赛.xlsx",68
6276,2024-01-01,IVL_2024_fall_playoffs,xc,xmx,dking,487,jelly,2,,"2024IVL秋季赛季后赛.xlsx",69
6277,2024-01-01,IVL_2024_fall_playoffs,choai,xiaod,huac,nanako,loveleft,0,1,"2024IVL秋季赛季后赛.xlsx",70
6278,2025-06-06,IVL_2025_summer_regular,jin,jelly,dking,xmx,487,2,,"2025IVL夏季赛常规赛.xlsx",0
6279,2025-06-06,IVL_2025_summer_regular,choai,ak,ac,iron,heart,2,,"2025IVL夏季赛常规赛.xlsx",1
6280,2025-06-06,IVL_2025_summer_regular,jin,jelly,dking,xmx,487,2,,"2025IVL夏季赛常规赛.xlsx",2
6281,2025-06-06,IVL_2025_summer_regular,choai,ak,ac,iron,heart,3,0,"2025IVL夏季赛常规赛.xlsx",3
6282,2025-06-06,IVL_2025_summer_regular,yeyv,ak,ac,iron,heart,2,,"2025IVL夏季赛常规赛.xlsx",4
6283,2025-06-06,IVL_2025_summer_regular,jin,jelly,dking,xmx,487,0,1,"2025IVL夏季赛常规赛.xlsx",5
6284,2025-06-06,IVL_2025_summer_regular,qiu,huiyi,guoker,koting,persica,3,0,"2025IVL夏季赛常规赛.xlsx",6
6285,2025-06-06,IVL_2025_summer_regular,n1e,unicorn,18,ppxia,kucao,1,1,"2025IVL夏季赛常规赛.xlsx",7
6286,2025-06-06,IVL_2025_summer_regular,n1e,unicorn,18,ppxia,kucao,1,1,"2025IVL夏季赛常规赛.xlsx",8
6287,2025-06-06,IVL_2025_summer_regular,qiu,huiyi,guoker,koting,persica,2,,"2025IVL夏季赛常规赛.xlsx",9
6288,2025-06-06,IVL_2025_summer_regular,bailu,sans,stian,yihua,long,0,1,"2025IVL夏季赛常规赛.xlsx",10
6289,2025-06-06,IVL_2025_summer_regular,dongx,xiaod,xingh,huac,nanako,2,,"2025IVL夏季赛常规赛.xlsx",11
6290,2025-06-06,IVL_2025_summer_regular,bailu,sans,stian,yihua,long,1,1,"2025IVL夏季赛常规赛.xlsx",12
6291,2025-06-06,IVL_2025_summer_regular,dongx,xiaod,xingh,huac,nanako,3,0,"2025IVL夏季赛常规赛.xlsx",13
6292,2025-06-07,IVL_2025_summer_regular,choai,huiyi,guoker,koting,persica,2,,"2025IVL夏季赛常规赛.xlsx",14
6293,2025-06-07,IVL_2025_summer_regular,n1e,jelly,dking,xmx,487,2,,"2025IVL夏季赛常规赛.xlsx",15
6294,2025-06-07,IVL_2025_summer_regular,choai,huiyi,guoker,koting,persica,2,,"2025IVL夏季赛常规赛.xlsx",16
6295,2025-06-07,IVL_2025_summer_regular,n1e,jelly,dking,xmx,487,2,,"2025IVL夏季赛常规赛.xlsx",17
6296,2025-06-07,IVL_2025_summer_regular,n1e,jelly,dking,xmx,487,2,,"2025IVL夏季赛常规赛.xlsx",18
6297,2025-06-07,IVL_2025_summer_regular,yeyv,huiyi,guoker,koting,persica,2,,"2025IVL夏季赛常规赛.xlsx",19
6298,2025-06-07,IVL_2025_summer_regular,yeyv,huiyi,guoker,koting,persica,1,1,"2025IVL夏季赛常规赛.xlsx",20
6299,2025-06-07,IVL_2025_summer_regular,n1e,jelly,dking,xmx,487,1,1,"2025IVL夏季赛常规赛.xlsx",21
6300,2025-06-07,IVL_2025_summer_regular,zz9,xingchen,leil,lion,lingyun,3,0,"2025IVL夏季赛常规赛.xlsx",22
6301,2025-06-07,IVL_2025_summer_regular,tzym,xen,eleven,xy,gougou,2,,"2025IVL夏季赛常规赛.xlsx",23
6302,2025-06-07,IVL_2025_summer_regular,tzym,xen,eleven,gougou,xy,3,0,"2025IVL夏季赛常规赛.xlsx",24
6303,2025-06-07,IVL_2025_summer_regular,zz9,xingchen,lion,leil,lingyun,0,1,"2025IVL夏季赛常规赛.xlsx",25
6304,2025-06-07,IVL_2025_summer_regular,tzym,xen,gougou,eleven,xy,2,,"2025IVL夏季赛常规赛.xlsx",26
6305,2025-06-07,IVL_2025_summer_regular,zz9,xingchen,leil,lion,lingyun,0,1,"2025IVL夏季赛常规赛.xlsx",27
6306,2025-06-07,IVL_2025_summer_regular,qiu,czai,chen,nan,silverzhi,2,,"2025IVL夏季赛常规赛.xlsx",28
6307,2025-06-07,IVL_2025_summer_regular,mhxm,unicorn,18,ppxia,kucao,1,1,"2025IVL夏季赛常规赛.xlsx",29
6308,2025-06-07,IVL_2025_summer_regular,xawm,czai,chen,nan,silverzhi,2,,"2025IVL夏季赛常规赛.xlsx",30
6309,2025-06-07,IVL_2025_summer_regular,mhxm,unicorn,18,ppxia,kucao,3,0,"2025IVL夏季赛常规赛.xlsx",31
6310,2025-06-07,IVL_2025_summer_regular,xawm,czai,chen,nan,silverzhi,0,1,"2025IVL夏季赛常规赛.xlsx",32
6311,2025-06-07,IVL_2025_summer_regular,yan,unicorn,18,ppxia,kucao,4,0,"2025IVL夏季赛常规赛.xlsx",33
6312,2025-06-08,IVL_2025_summer_regular,ppei,xiaod,xingh,huac,nanako,2,,"2025IVL夏季赛常规赛.xlsx",34
6313,2025-06-08,IVL_2025_summer_regular,bailu,maom,libao,yangy,drop,0,1,"2025IVL夏季赛常规赛.xlsx",35
6314,2025-06-08,IVL_2025_summer_regular,bailu,maom,libao,yangy,drop,0,1,"2025IVL夏季赛常规赛.xlsx",36
6315,2025-06-08,IVL_2025_summer_regular,ppei,xiaod,xingh,huac,nanako,1,1,"2025IVL夏季赛常规赛.xlsx",37
6316,2025-06-08,IVL_2025_summer_regular,dongx,xingchen,leil,lion,lingyun,0,1,"2025IVL夏季赛常规赛.xlsx",38
6317,2025-06-08,IVL_2025_summer_regular,tzym,sans,stian,yihua,long,2,,"2025IVL夏季赛常规赛.xlsx",39
6318,2025-06-08,IVL_2025_summer_regular,tzym,sans,stian,yihua,long,1,1,"2025IVL夏季赛常规赛.xlsx",40
6319,2025-06-08,IVL_2025_summer_regular,dongx,xingchen,leil,lion,lingyun,1,1,"2025IVL夏季赛常规赛.xlsx",41
6320,2025-06-08,IVL_2025_summer_regular,tzym,sans,stian,yihua,long,2,,"2025IVL夏季赛常规赛.xlsx",42
6321,2025-06-08,IVL_2025_summer_regular,dongx,xingchen,leil,lion,lingyun,1,1,"2025IVL夏季赛常规赛.xlsx",43
6322,2025-06-08,IVL_2025_summer_regular,jin,czai,chen,nan,silverzhi,0,1,"2025IVL夏季赛常规赛.xlsx",44
6323,2025-06-08,IVL_2025_summer_regular,mhxm,ak,ac,iron,heart,2,,"2025IVL夏季赛常规赛.xlsx",45
6324,2025-06-08,IVL_2025_summer_regular,mhxm,ak,ac,iron,heart,3,0,"2025IVL夏季赛常规赛.xlsx",46
6325,2025-06-08,IVL_2025_summer_regular,jin,czai,chen,nan,silverzhi,0,1,"2025IVL夏季赛常规赛.xlsx",47
6326,2025-06-13,IVL_2025_summer_regular,mhxm,xen,eleven,xy,gougou,2,,"2025IVL夏季赛常规赛.xlsx",48
6327,2025-06-13,IVL_2025_summer_regular,zz9,czai,chen,nan,silverzhi,0,1,"2025IVL夏季赛常规赛.xlsx",49
6328,2025-06-13,IVL_2025_summer_regular,yan,xen,eleven,xy,gougou,2,,"2025IVL夏季赛常规赛.xlsx",50
6329,2025-06-13,IVL_2025_summer_regular,zz9,czai,chen,nan,silverzhi,0,1,"2025IVL夏季赛常规赛.xlsx",51
6330,2025-06-13,IVL_2025_summer_regular,choai,xingchen,leil,lion,lingyun,2,,"2025IVL夏季赛常规赛.xlsx",52
6331,2025-06-13,IVL_2025_summer_regular,tzym,jelly,dking,xmx,487,2,,"2025IVL夏季赛常规赛.xlsx",53
6332,2025-06-13,IVL_2025_summer_regular,choai,xingchen,leil,lion,lingyun,3,0,"2025IVL夏季赛常规赛.xlsx",54
6333,2025-06-13,IVL_2025_summer_regular,tzym,jelly,dking,xmx,487,4,0,"2025IVL夏季赛常规赛.xlsx",55
6334,2025-06-13,IVL_2025_summer_regular,choai,xingchen,leil,lion,lingyun,2,,"2025IVL夏季赛常规赛.xlsx",56
6335,2025-06-13,IVL_2025_summer_regular,tzym,jelly,dking,xmx,487,2,,"2025IVL夏季赛常规赛.xlsx",57
6336,2025-06-13,IVL_2025_summer_regular,xawm,sans,stian,yihua,long,0,1,"2025IVL夏季赛常规赛.xlsx",58
6337,2025-06-13,IVL_2025_summer_regular,dongx,unicorn,18,ppxia,kucao,1,1,"2025IVL夏季赛常规赛.xlsx",59
6338,2025-06-13,IVL_2025_summer_regular,dongx,unicorn,18,ppxia,kucao,2,,"2025IVL夏季赛常规赛.xlsx",60
6339,2025-06-13,IVL_2025_summer_regular,xawm,sans,stian,yihua,long,3,0,"2025IVL夏季赛常规赛.xlsx",61
6340,2025-06-13,IVL_2025_summer_regular,xawm,sans,stian,yihua,long,1,1,"2025IVL夏季赛常规赛.xlsx",62
6341,2025-06-13,IVL_2025_summer_regular,dongx,unicorn,18,ppxia,kucao,3,0,"2025IVL夏季赛常规赛.xlsx",63
6342,2025-06-14,IVL_2025_summer_regular,bailu,huiyi,guoker,koting,persica,0,1,"2025IVL夏季赛常规赛.xlsx",64
6343,2025-06-14,IVL_2025_summer_regular,n1e,xiaod,xingh,huac,nanako,2,,"2025IVL夏季赛常规赛.xlsx",65
6344,2025-06-14,IVL_2025_summer_regular,n1e,xiaod,xingh,huac,nanako,3,0,"2025IVL夏季赛常规赛.xlsx",66
6345,2025-06-14,IVL_2025_summer_regular,bailu,huiyi,guoker,koting,persica,1,1,"2025IVL夏季赛常规赛.xlsx",67
6346,2025-06-14,IVL_2025_summer_regular,jin,xingchen,leil,lion,lingyun,0,1,"2025IVL夏季赛常规赛.xlsx",68
6347,2025-06-14,IVL_2025_summer_regular,tzym,ak,ac,iron,heart,0,1,"2025IVL夏季赛常规赛.xlsx",69
6348,2025-06-14,IVL_2025_summer_regular,tzym,ak,ac,iron,heart,1,1,"2025IVL夏季赛常规赛.xlsx",70
6349,2025-06-14,IVL_2025_summer_regular,jin,xingchen,leil,lion,lingyun,3,0,"2025IVL夏季赛常规赛.xlsx",71
6350,2025-06-14,IVL_2025_summer_regular,jin,xingchen,leil,lion,lingyun,2,,"2025IVL夏季赛常规赛.xlsx",72
6351,2025-06-14,IVL_2025_summer_regular,tzym,ak,ac,iron,heart,2,,"2025IVL夏季赛常规赛.xlsx",73
6352,2025-06-14,IVL_2025_summer_regular,ppei,xen,eleven,xy,gougou,0,1,"2025IVL夏季赛常规赛.xlsx",74
6353,2025-06-14,IVL_2025_summer_regular,zz9,maom,libao,yangy,drop,1,1,"2025IVL夏季赛常规赛.xlsx",75
6354,2025-06-14,IVL_2025_summer_regular,ppei,xen,eleven,xy,gougou,1,1,"2025IVL夏季赛常规赛.xlsx",76
6355,2025-06-14,IVL_2025_summer_regular,zz9,maom,libao,yangy,drop,2,,"2025IVL夏季赛常规赛.xlsx",77
6356,2025-06-15,IVL_2025_summer_regular,n1e,ak,ac,iron,heart,3,0,"2025IVL夏季赛常规赛.xlsx",78
6357,2025-06-15,IVL_2025_summer_regular,jin,huiyi,guoker,koting,persica,2,,"2025IVL夏季赛常规赛.xlsx",79
6358,2025-06-15,IVL_2025_summer_regular,n1e,ak,ac,iron,heart,2,,"2025IVL夏季赛常规赛.xlsx",80
6359,2025-06-15,IVL_2025_summer_regular,jin,huiyi,guoker,koting,persica,0,1,"2025IVL夏季赛常规赛.xlsx",81
6360,2025-06-15,IVL_2025_summer_regular,xawm,jelly,dking,xmx,487,2,,"2025IVL夏季赛常规赛.xlsx",82
6361,2025-06-15,IVL_2025_summer_regular,choai,unicorn,18,ppxia,kucao,1,1,"2025IVL夏季赛常规赛.xlsx",83
6362,2025-06-15,IVL_2025_summer_regular,choai,unicorn,18,ppxia,kucao,2,,"2025IVL夏季赛常规赛.xlsx",84
6363,2025-06-15,IVL_2025_summer_regular,xawm,jelly,dking,xmx,487,2,,"2025IVL夏季赛常规赛.xlsx",85
6364,2025-06-15,IVL_2025_summer_regular,yeyv,unicorn,18,ppxia,kucao,2,,"2025IVL夏季赛常规赛.xlsx",86
6365,2025-06-15,IVL_2025_summer_regular,xawm,jelly,dking,xmx,487,3,0,"2025IVL夏季赛常规赛.xlsx",87
6366,2025-06-15,IVL_2025_summer_regular,mhxm,maom,libao,yangy,drop,2,,"2025IVL夏季赛常规赛.xlsx",88
6367,2025-06-15,IVL_2025_summer_regular,ppei,czai,chen,nan,silverzhi,2,,"2025IVL夏季赛常规赛.xlsx",89
6368,2025-06-15,IVL_2025_summer_regular,yan,maom,libao,yangy,drop,3,0,"2025IVL夏季赛常规赛.xlsx",90
6369,2025-06-15,IVL_2025_summer_regular,ppei,czai,chen,nan,silverzhi,1,1,"2025IVL夏季赛常规赛.xlsx",91
6370,2025-06-15,IVL_2025_summer_regular,mhxm,maom,libao,yangy,drop,0,1,"2025IVL夏季赛常规赛.xlsx",92
6371,2025-06-15,IVL_2025_summer_regular,suda,czai,chen,nan,silverzhi,2,,"2025IVL夏季赛常规赛.xlsx",93
6372,2025-06-20,IVL_2025_summer_regular,xawm,maom,libao,yangy,drop,2,,"2025IVL夏季赛常规赛.xlsx",94
6373,2025-06-20,IVL_2025_summer_regular,ppei,unicorn,18,ppxia,kucao,1,1,"2025IVL夏季赛常规赛.xlsx",95
6374,2025-06-20,IVL_2025_summer_regular,xawm,maom,libao,yangy,drop,1,1,"2025IVL夏季赛常规赛.xlsx",96
6375,2025-06-20,IVL_2025_summer_regular,ppei,unicorn,18,ppxia,kucao,2,,"2025IVL夏季赛常规赛.xlsx",97
6376,2025-06-20,IVL_2025_summer_regular,suda,unicorn,18,ppxia,kucao,2,,"2025IVL夏季赛常规赛.xlsx",98
6377,2025-06-20,IVL_2025_summer_regular,xawm,maom,libao,kesy,drop,3,0,"2025IVL夏季赛常规赛.xlsx",99
6378,2025-06-20,IVL_2025_summer_regular,dongx,czai,chen,nan,silverzhi,0,1,"2025IVL夏季赛常规赛.xlsx",100
6379,2025-06-20,IVL_2025_summer_regular,mhxm,sans,stian,yihua,long,1,1,"2025IVL夏季赛常规赛.xlsx",101
6380,2025-06-20,IVL_2025_summer_regular,mhxm,sans,stian,yihua,long,2,,"2025IVL夏季赛常规赛.xlsx",102
6381,2025-06-20,IVL_2025_summer_regular,dongx,czai,chen,nan,silverzhi,1,1,"2025IVL夏季赛常规赛.xlsx",103
6382,2025-06-20,IVL_2025_summer_regular,bailu,jelly,dking,xmx,487,0,1,"2025IVL夏季赛常规赛.xlsx",104
6383,2025-06-20,IVL_2025_summer_regular,choai,xiaod,xingh,huac,nanako,0,1,"2025IVL夏季赛常规赛.xlsx",105
6384,2025-06-20,IVL_2025_summer_regular,choai,xiaod,xingh,huac,nanako,2,,"2025IVL夏季赛常规赛.xlsx",106
6385,2025-06-20,IVL_2025_summer_regular,bailu,jelly,dking,xmx,487,1,1,"2025IVL夏季赛常规赛.xlsx",107
6386,2025-06-20,IVL_2025_summer_regular,choai,xiaod,xingh,huac,nanako,1,1,"2025IVL夏季赛常规赛.xlsx",108
6387,2025-06-20,IVL_2025_summer_regular,bailu,jelly,dking,xmx,487,3,0,"2025IVL夏季赛常规赛.xlsx",109
6388,2025-06-21,IVL_2025_summer_regular,xawm,ak,ac,iron,heart,2,,"2025IVL夏季赛常规赛.xlsx",110
6389,2025-06-21,IVL_2025_summer_regular,jin,unicorn,18,ppxia,kucao,1,1,"2025IVL夏季赛常规赛.xlsx",111
6390,2025-06-21,IVL_2025_summer_regular,xawm,ak,ac,iron,heart,3,0,"2025IVL夏季赛常规赛.xlsx",112
6391,2025-06-21,IVL_2025_summer_regular,jin,unicorn,18,ppxia,kucao,0,1,"2025IVL夏季赛常规赛.xlsx",113
6392,2025-06-21,IVL_2025_summer_regular,n1e,xen,eleven,xy,gougou,0,1,"2025IVL夏季赛常规赛.xlsx",114
6393,2025-06-21,IVL_2025_summer_regular,zz9,huiyi,guoker,koting,persica,1,1,"2025IVL夏季赛常规赛.xlsx",115
6394,2025-06-21,IVL_2025_summer_regular,n1e,ss,eleven,xy,gougou,0,1,"2025IVL夏季赛常规赛.xlsx",116
6395,2025-06-21,IVL_2025_summer_regular,zz9,huiyi,guoker,koting,persica,1,1,"2025IVL夏季赛常规赛.xlsx",117
6396,2025-06-21,IVL_2025_summer_regular,ppei,jelly,dking,xmx,487,0,1,"2025IVL夏季赛常规赛.xlsx",118
6397,2025-06-21,IVL_2025_summer_regular,choai,maom,libao,yangy,drop,2,,"2025IVL夏季赛常规赛.xlsx",119
6398,2025-06-21,IVL_2025_summer_regular,choai,maom,libao,yangy,drop,1,1,"2025IVL夏季赛常规赛.xlsx",120
6399,2025-06-21,IVL_2025_summer_regular,ppei,jelly,dking,xmx,487,2,,"2025IVL夏季赛常规赛.xlsx",121
6400,2025-06-21,IVL_2025_summer_regular,suda,jelly,dking,xmx,487,2,,"2025IVL夏季赛常规赛.xlsx",122
6401,2025-06-21,IVL_2025_summer_regular,yeyv,maom,kesy,yangy,drop,3,0,"2025IVL夏季赛常规赛.xlsx",123
6402,2025-06-22,IVL_2025_summer_regular,dongx,huiyi,guoker,koting,persica,2,,"2025IVL夏季赛常规赛.xlsx",124
6403,2025-06-22,IVL_2025_summer_regular,n1e,sans,stian,yihua,long,0,1,"2025IVL夏季赛常规赛.xlsx",125
6404,2025-06-22,IVL_2025_summer_regular,n1e,sans,stian,yihua,long,1,1,"2025IVL夏季赛常规赛.xlsx",126
6405,2025-06-22,IVL_2025_summer_regular,dongx,huiyi,guoker,koting,persica,2,,"2025IVL夏季赛常规赛.xlsx",127
6406,2025-06-22,IVL_2025_summer_regular,tzym,xiaod,xingh,huac,nanako,4,0,"2025IVL夏季赛常规赛.xlsx",128
6407,2025-06-22,IVL_2025_summer_regular,bailu,xingchen,leil,lion,lingyun,2,,"2025IVL夏季赛常规赛.xlsx",129
6408,2025-06-22,IVL_2025_summer_regular,tzym,xiaod,xingh,huac,nanako,2,,"2025IVL夏季赛常规赛.xlsx",130
6409,2025-06-22,IVL_2025_summer_regular,bailu,xingchen,leil,lion,lingyun,3,0,"2025IVL夏季赛常规赛.xlsx",131
6410,2025-06-22,IVL_2025_summer_regular,tzym,xiaod,xingh,huac,nanako,4,0,"2025IVL夏季赛常规赛.xlsx",132
6411,2025-06-22,IVL_2025_summer_regular,xc,xingchen,leil,lion,lingyun,3,0,"2025IVL夏季赛常规赛.xlsx",133
6412,2025-06-22,IVL_2025_summer_regular,jin,ss,eleven,xy,gougou,0,1,"2025IVL夏季赛常规赛.xlsx",134
6413,2025-06-22,IVL_2025_summer_regular,zz9,ak,ac,iron,heart,4,0,"2025IVL夏季赛常规赛.xlsx",135
6414,2025-06-22,IVL_2025_summer_regular,zz9,ak,ac,iron,heart,3,0,"2025IVL夏季赛常规赛.xlsx",136
6415,2025-06-22,IVL_2025_summer_regular,jin,xen,eleven,xy,gougou,2,,"2025IVL夏季赛常规赛.xlsx",137
6416,2025-06-27,IVL_2025_summer_regular,tzym,czai,chen,nan,silverzhi,3,0,"2025IVL夏季赛常规赛.xlsx",138
6417,2025-06-27,IVL_2025_summer_regular,mhxm,xingchen,leil,lion,lingyun,3,0,"2025IVL夏季赛常规赛.xlsx",139
6418,2025-06-27,IVL_2025_summer_regular,mhxm,xingchen,leil,lion,lingyun,0,1,"2025IVL夏季赛常规赛.xlsx",140
6419,2025-06-27,IVL_2025_summer_regular,tzym,czai,chen,nan,silverzhi,3,0,"2025IVL夏季赛常规赛.xlsx",141
6420,2025-06-27,IVL_2025_summer_regular,yan,xingchen,leil,lion,lingyun,1,1,"2025IVL夏季赛常规赛.xlsx",142
6421,2025-06-27,IVL_2025_summer_regular,tzym,czai,chen,nan,silverzhi,3,0,"2025IVL夏季赛常规赛.xlsx",143
6422,2025-06-27,IVL_2025_summer_regular,ppei,sans,stian,yihua,long,2,,"2025IVL夏季赛常规赛.xlsx",144
6423,2025-06-27,IVL_2025_summer_regular,dongx,maom,libao,yangy,drop,0,1,"2025IVL夏季赛常规赛.xlsx",145
6424,2025-06-27,IVL_2025_summer_regular,dongx,maom,libao,kesy,drop,0,1,"2025IVL夏季赛常规赛.xlsx",146
6425,2025-06-27,IVL_2025_summer_regular,ppei,sans,stian,yihua,long,1,1,"2025IVL夏季赛常规赛.xlsx",147
6426,2025-06-27,IVL_2025_summer_regular,zz9,jelly,dking,xmx,487,1,1,"2025IVL夏季赛常规赛.xlsx",148
6427,2025-06-27,IVL_2025_summer_regular,choai,xen,eleven,xy,ss,2,,"2025IVL夏季赛常规赛.xlsx",149
6428,2025-06-27,IVL_2025_summer_regular,choai,xen,eleven,xy,ss,1,1,"2025IVL夏季赛常规赛.xlsx",150
6429,2025-06-27,IVL_2025_summer_regular,zz9,jelly,dking,xmx,487,2,,"2025IVL夏季赛常规赛.xlsx",151
6430,2025-06-27,IVL_2025_summer_regular,choai,xen,eleven,xy,ss,3,0,"2025IVL夏季赛常规赛.xlsx",152
6431,2025-06-27,IVL_2025_summer_regular,zz9,jelly,dking,xmx,487,3,0,"2025IVL夏季赛常规赛.xlsx",153
6432,2025-06-27,IVL_2025_summer_regular,choai,xen,eleven,xy,ss,2,,"2025IVL夏季赛常规赛.xlsx",154
6433,2025-06-27,IVL_2025_summer_regular,zz9,jelly,dking,xmx,487,2,,"2025IVL夏季赛常规赛.xlsx",155
6434,2025-06-28,IVL_2025_summer_regular,bailu,ak,ac,iron,heart,0,1,"2025IVL夏季赛常规赛.xlsx",156
6435,2025-06-28,IVL_2025_summer_regular,jin,xiaod,xingh,huac,nanako,0,1,"2025IVL夏季赛常规赛.xlsx",157
6436,2025-06-28,IVL_2025_summer_regular,bailu,ak,ac,iron,heart,2,,"2025IVL夏季赛常规赛.xlsx",158
6437,2025-06-28,IVL_2025_summer_regular,jin,xiaod,xingh,huac,nanako,0,1,"2025IVL夏季赛常规赛.xlsx",159
6438,2025-06-28,IVL_2025_summer_regular,xc,ak,ac,iron,heart,3,0,"2025IVL夏季赛常规赛.xlsx",160
6439,2025-06-28,IVL_2025_summer_regular,jin,xiaod,xingh,huac,nanako,0,1,"2025IVL夏季赛常规赛.xlsx",161
6440,2025-06-28,IVL_2025_summer_regular,mhxm,jelly,dking,xmx,487,2,,"2025IVL夏季赛常规赛.xlsx",162
6441,2025-06-28,IVL_2025_summer_regular,choai,czai,chen,nan,silverzhi,0,1,"2025IVL夏季赛常规赛.xlsx",163
6442,2025-06-28,IVL_2025_summer_regular,choai,czai,chen,nan,silverzhi,2,,"2025IVL夏季赛常规赛.xlsx",164
6443,2025-06-28,IVL_2025_summer_regular,mhxm,jelly,dking,xmx,487,2,,"2025IVL夏季赛常规赛.xlsx",165
6444,2025-06-28,IVL_2025_summer_regular,yan,jelly,dking,xmx,487,3,0,"2025IVL夏季赛常规赛.xlsx",166
6445,2025-06-28,IVL_2025_summer_regular,choai,czai,chen,nan,silverzhi,0,1,"2025IVL夏季赛常规赛.xlsx",167
6446,2025-06-28,IVL_2025_summer_regular,n1e,kesy,libao,yangy,drop,2,,"2025IVL夏季赛常规赛.xlsx",168
6447,2025-06-28,IVL_2025_summer_regular,ppei,huiyi,guoker,koting,persica,0,1,"2025IVL夏季赛常规赛.xlsx",169
6448,2025-06-28,IVL_2025_summer_regular,n1e,kesy,libao,yangy,drop,2,,"2025IVL夏季赛常规赛.xlsx",170
6449,2025-06-28,IVL_2025_summer_regular,ppei,huiyi,guoker,koting,persica,3,0,"2025IVL夏季赛常规赛.xlsx",171
6450,2025-06-28,IVL_2025_summer_regular,n1e,kesy,libao,yangy,drop,2,,"2025IVL夏季赛常规赛.xlsx",172
6451,2025-06-28,IVL_2025_summer_regular,suda,huiyi,guoker,koting,persica,1,1,"2025IVL夏季赛常规赛.xlsx",173
6452,2025-06-29,IVL_2025_summer_regular,xawm,xingchen,leil,lion,lingyun,0,1,"2025IVL夏季赛常规赛.xlsx",174
6453,2025-06-29,IVL_2025_summer_regular,tzym,unicorn,18,ppxia,kucao,1,1,"2025IVL夏季赛常规赛.xlsx",175
6454,2025-06-29,IVL_2025_summer_regular,tzym,unicorn,18,ppxia,kucao,2,,"2025IVL夏季赛常规赛.xlsx",176
6455,2025-06-29,IVL_2025_summer_regular,xawm,xingchen,leil,lion,lingyun,0,1,"2025IVL夏季赛常规赛.xlsx",177
6456,2025-06-29,IVL_2025_summer_regular,zz9,xiaod,xingh,huac,nanako,1,1,"2025IVL夏季赛常规赛.xlsx",178
6457,2025-06-29,IVL_2025_summer_regular,bailu,xen,eleven,xy,ss,0,1,"2025IVL夏季赛常规赛.xlsx",179
6458,2025-06-29,IVL_2025_summer_regular,xc,xen,eleven,xy,gougou,3,0,"2025IVL夏季赛常规赛.xlsx",180
6459,2025-06-29,IVL_2025_summer_regular,zz9,xiaod,xingh,huac,nanako,2,,"2025IVL夏季赛常规赛.xlsx",181
6460,2025-06-29,IVL_2025_summer_regular,bailu,xen,eleven,xy,gougou,2,,"2025IVL夏季赛常规赛.xlsx",182
6461,2025-06-29,IVL_2025_summer_regular,bo1,xiaod,xingh,huac,nanako,3,0,"2025IVL夏季赛常规赛.xlsx",183
6462,2025-06-29,IVL_2025_summer_regular,dongx,ak,ac,iron,heart,2,,"2025IVL夏季赛常规赛.xlsx",184
6463,2025-06-29,IVL_2025_summer_regular,jin,sans,stian,yihua,long,2,,"2025IVL夏季赛常规赛.xlsx",185
6464,2025-06-29,IVL_2025_summer_regular,jin,sans,stian,yihua,long,0,1,"2025IVL夏季赛常规赛.xlsx",186
6465,2025-06-29,IVL_2025_summer_regular,dongx,ak,ac,iron,heart,4,0,"2025IVL夏季赛常规赛.xlsx",187
6466,2025-06-29,IVL_2025_summer_regular,jin,sans,lin,yihua,long,1,1,"2025IVL夏季赛常规赛.xlsx",188
6467,2025-06-29,IVL_2025_summer_regular,dongx,ak,ac,iron,heart,2,,"2025IVL夏季赛常规赛.xlsx",189
6468,2025-07-04,IVL_2025_summer_regular,ppei,xingchen,leil,lion,dragon,1,1,"2025IVL夏季赛常规赛.xlsx",190
6469,2025-07-04,IVL_2025_summer_regular,tzym,maom,libao,yangy,drop,2,,"2025IVL夏季赛常规赛.xlsx",191
6470,2025-07-04,IVL_2025_summer_regular,ppei,xingchen,leil,lion,dragon,2,,"2025IVL夏季赛常规赛.xlsx",192
6471,2025-07-04,IVL_2025_summer_regular,tzym,maom,libao,yangy,drop,2,,"2025IVL夏季赛常规赛.xlsx",193
6472,2025-07-04,IVL_2025_summer_regular,tzym,maom,libao,kesy,drop,1,1,"2025IVL夏季赛常规赛.xlsx",194
6473,2025-07-04,IVL_2025_summer_regular,suda,xingchen,leil,lion,dragon,3,0,"2025IVL夏季赛常规赛.xlsx",195
6474,2025-07-04,IVL_2025_summer_regular,zz9,unicorn,18,ppxia,kucao,2,,"2025IVL夏季赛常规赛.xlsx",196
6475,2025-07-04,IVL_2025_summer_regular,xawm,xen,eleven,xy,gougou,1,1,"2025IVL夏季赛常规赛.xlsx",197
6476,2025-07-04,IVL_2025_summer_regular,xawm,xen,eleven,xy,gougou,2,,"2025IVL夏季赛常规赛.xlsx",198
6477,2025-07-04,IVL_2025_summer_regular,zz9,unicorn,18,ppxia,kucao,3,0,"2025IVL夏季赛常规赛.xlsx",199
6478,2025-07-04,IVL_2025_summer_regular,yan,huiyi,guoker,koting,persica,1,1,"2025IVL夏季赛常规赛.xlsx",200
6479,2025-07-04,IVL_2025_summer_regular,n1e,czai,chen,nan,silverzhi,2,,"2025IVL夏季赛常规赛.xlsx",201
6480,2025-07-04,IVL_2025_summer_regular,n1e,czai,chen,nan,silverzhi,3,0,"2025IVL夏季赛常规赛.xlsx",202
6481,2025-07-04,IVL_2025_summer_regular,mhxm,huiyi,guoker,koting,persica,3,0,"2025IVL夏季赛常规赛.xlsx",203
6482,2025-07-04,IVL_2025_summer_regular,yan,huiyi,guoker,koting,persica,3,0,"2025IVL夏季赛常规赛.xlsx",204
6483,2025-07-04,IVL_2025_summer_regular,n1e,czai,chen,nan,silverzhi,0,1,"2025IVL夏季赛常规赛.xlsx",205
6484,2025-07-05,IVL_2025_summer_regular,bailu,unicorn,18,ppxia,kucao,1,1,"2025IVL夏季赛常规赛.xlsx",206
6485,2025-07-05,IVL_2025_summer_regular,xawm,xiaod,xingh,huac,nanako,0,1,"2025IVL夏季赛常规赛.xlsx",207
6486,2025-07-05,IVL_2025_summer_regular,xawm,xiaod,xingh,huac,nanako,2,,"2025IVL夏季赛常规赛.xlsx",208
6487,2025-07-05,IVL_2025_summer_regular,bailu,unicorn,18,ppxia,kucao,1,1,"2025IVL夏季赛常规赛.xlsx",209
6488,2025-07-05,IVL_2025_summer_regular,bailu,unicorn,18,ppxia,kucao,3,0,"2025IVL夏季赛常规赛.xlsx",210
6489,2025-07-05,IVL_2025_summer_regular,xawm,xiaod,xingh,huac,nanako,2,,"2025IVL夏季赛常规赛.xlsx",211
6490,2025-07-05,IVL_2025_summer_regular,zz9,sans,stian,yihua,long,1,1,"2025IVL夏季赛常规赛.xlsx",212
6491,2025-07-05,IVL_2025_summer_regular,dongx,xen,eleven,xy,gougou,3,0,"2025IVL夏季赛常规赛.xlsx",213
6492,2025-07-05,IVL_2025_summer_regular,zz9,sans,stian,yihua,long,2,,"2025IVL夏季赛常规赛.xlsx",214
6493,2025-07-05,IVL_2025_summer_regular,dongx,xen,eleven,xy,gougou,2,,"2025IVL夏季赛常规赛.xlsx",215
6494,2025-07-05,IVL_2025_summer_regular,zz9,sans,stian,yihua,long,3,0,"2025IVL夏季赛常规赛.xlsx",216
6495,2025-07-05,IVL_2025_summer_regular,dongx,xen,eleven,xy,gougou,1,1,"2025IVL夏季赛常规赛.xlsx",217
6496,2025-07-05,IVL_2025_summer_regular,dongx,xen,eleven,xy,gougou,2,,"2025IVL夏季赛常规赛.xlsx",218
6497,2025-07-05,IVL_2025_summer_regular,zz9,sans,stian,yihua,long,2,,"2025IVL夏季赛常规赛.xlsx",219
6498,2025-07-05,IVL_2025_summer_regular,tzym,huiyi,guoker,koting,persica,0,1,"2025IVL夏季赛常规赛.xlsx",220
6499,2025-07-05,IVL_2025_summer_regular,n1e,xingchen,leil,lion,dragon,1,1,"2025IVL夏季赛常规赛.xlsx",221
6500,2025-07-05,IVL_2025_summer_regular,n1e,xingchen,leil,lion,dragon,0,1,"2025IVL夏季赛常规赛.xlsx",222
6501,2025-07-05,IVL_2025_summer_regular,tzym,huiyi,guoker,koting,persica,1,1,"2025IVL夏季赛常规赛.xlsx",223
6502,2025-07-05,IVL_2025_summer_regular,tzym,huiyi,guoker,koting,persica,2,,"2025IVL夏季赛常规赛.xlsx",224
6503,2025-07-05,IVL_2025_summer_regular,n1e,xingchen,leil,lingyun,dragon,0,1,"2025IVL夏季赛常规赛.xlsx",225
6504,2025-07-06,IVL_2025_summer_regular,choai,sans,stian,yihua,long,1,1,"2025IVL夏季赛常规赛.xlsx",226
6505,2025-07-06,IVL_2025_summer_regular,dongx,jelly,dking,xmx,487,0,1,"2025IVL夏季赛常规赛.xlsx",227
6506,2025-07-06,IVL_2025_summer_regular,dongx,jelly,dking,xmx,487,2,,"2025IVL夏季赛常规赛.xlsx",228
6507,2025-07-06,IVL_2025_summer_regular,choai,sans,stian,yihua,long,1,1,"2025IVL夏季赛常规赛.xlsx",229
6508,2025-07-06,IVL_2025_summer_regular,yeyv,sans,stian,yihua,long,2,,"2025IVL夏季赛常规赛.xlsx",230
6509,2025-07-06,IVL_2025_summer_regular,dongx,jelly,dking,xmx,487,2,,"2025IVL夏季赛常规赛.xlsx",231
6510,2025-07-06,IVL_2025_summer_regular,ppei,ak,ac,iron,heart,2,,"2025IVL夏季赛常规赛.xlsx",232
6511,2025-07-06,IVL_2025_summer_regular,jin,maom,libao,yangy,drop,0,1,"2025IVL夏季赛常规赛.xlsx",233
6512,2025-07-06,IVL_2025_summer_regular,ppei,ak,ac,iron,heart,2,,"2025IVL夏季赛常规赛.xlsx",234
6513,2025-07-06,IVL_2025_summer_regular,jin,maom,libao,yangy,drop,0,1,"2025IVL夏季赛常规赛.xlsx",235
6514,2025-07-06,IVL_2025_summer_regular,yan,xiaod,xingh,huac,nanako,3,0,"2025IVL夏季赛常规赛.xlsx",236
6515,2025-07-06,IVL_2025_summer_regular,bailu,czai,chen,nan,silverzhi,0,1,"2025IVL夏季赛常规赛.xlsx",237
6516,2025-07-06,IVL_2025_summer_regular,yan,xiaod,xingh,huac,nanako,3,0,"2025IVL夏季赛常规赛.xlsx",238
6517,2025-07-06,IVL_2025_summer_regular,bailu,czai,chen,nan,silverzhi,2,,"2025IVL夏季赛常规赛.xlsx",239
6518,2025-07-11,IVL_2025_summer_regular,mhxm,xingchen,leil,lion,dragon,1,1,"2025IVL夏季赛常规赛.xlsx",240
6519,2025-07-11,IVL_2025_summer_regular,tzym,czai,chen,nan,silverzhi,2,,"2025IVL夏季赛常规赛.xlsx",241
6520,2025-07-11,IVL_2025_summer_regular,mhxm,xingchen,leil,lion,dragon,3,0,"2025IVL夏季赛常规赛.xlsx",242
6521,2025-07-11,IVL_2025_summer_regular,tzym,czai,chen,nan,silverzhi,3,0,"2025IVL夏季赛常规赛.xlsx",243
6522,2025-07-11,IVL_2025_summer_regular,tzym,czai,chen,nan,silverzhi,2,,"2025IVL夏季赛常规赛.xlsx",244
6523,2025-07-11,IVL_2025_summer_regular,mhxm,xingchen,leil,lion,dragon,2,,"2025IVL夏季赛常规赛.xlsx",245
6524,2025-07-11,IVL_2025_summer_regular,ppei,sans,stian,yihua,long,0,1,"2025IVL夏季赛常规赛.xlsx",246
6525,2025-07-11,IVL_2025_summer_regular,dongx,maom,libao,yangy,drop,2,,"2025IVL夏季赛常规赛.xlsx",247
6526,2025-07-11,IVL_2025_summer_regular,ppei,sans,stian,yihua,long,2,,"2025IVL夏季赛常规赛.xlsx",248
6527,2025-07-11,IVL_2025_summer_regular,dongx,maom,libao,yangy,drop,2,,"2025IVL夏季赛常规赛.xlsx",249
6528,2025-07-11,IVL_2025_summer_regular,suda,sans,stian,yihua,long,2,,"2025IVL夏季赛常规赛.xlsx",250
6529,2025-07-11,IVL_2025_summer_regular,dongx,kesy,libao,yangy,drop,1,1,"2025IVL夏季赛常规赛.xlsx",251
6530,2025-07-11,IVL_2025_summer_regular,jin,xiaod,xingh,huac,nanako,1,1,"2025IVL夏季赛常规赛.xlsx",252
6531,2025-07-11,IVL_2025_summer_regular,bailu,ak,ac,iron,heart,1,1,"2025IVL夏季赛常规赛.xlsx",253
6532,2025-07-11,IVL_2025_summer_regular,bailu,ak,ac,iron,heart,1,1,"2025IVL夏季赛常规赛.xlsx",254
6533,2025-07-11,IVL_2025_summer_regular,jin,xiaod,xingh,huac,nanako,0,1,"2025IVL夏季赛常规赛.xlsx",255
6534,2025-07-11,IVL_2025_summer_regular,jin,xiaod,xingh,huac,nanako,3,0,"2025IVL夏季赛常规赛.xlsx",256
6535,2025-07-11,IVL_2025_summer_regular,bailu,ak,ac,iron,heart,3,0,"2025IVL夏季赛常规赛.xlsx",257
6536,2025-07-12,IVL_2025_summer_regular,choai,czai,chen,nan,silverzhi,1,1,"2025IVL夏季赛常规赛.xlsx",258
6537,2025-07-12,IVL_2025_summer_regular,mhxm,jelly,dking,xmx,487,3,0,"2025IVL夏季赛常规赛.xlsx",259
6538,2025-07-12,IVL_2025_summer_regular,mhxm,jelly,dking,xmx,487,2,,"2025IVL夏季赛常规赛.xlsx",260
6539,2025-07-12,IVL_2025_summer_regular,choai,czai,chen,nan,silverzhi,2,,"2025IVL夏季赛常规赛.xlsx",261
6540,2025-07-12,IVL_2025_summer_regular,yeyv,czai,chen,nan,silverzhi,3,0,"2025IVL夏季赛常规赛.xlsx",262
6541,2025-07-12,IVL_2025_summer_regular,mhxm,jelly,dking,xmx,487,2,,"2025IVL夏季赛常规赛.xlsx",263
6542,2025-07-12,IVL_2025_summer_regular,zz9,xiaod,xingh,huac,nanako,0,1,"2025IVL夏季赛常规赛.xlsx",264
6543,2025-07-12,IVL_2025_summer_regular,bailu,xen,eleven,xy,gougou,2,,"2025IVL夏季赛常规赛.xlsx",265
6544,2025-07-12,IVL_2025_summer_regular,bailu,xen,eleven,xy,gougou,3,0,"2025IVL夏季赛常规赛.xlsx",266
6545,2025-07-12,IVL_2025_summer_regular,zz9,xiaod,xingh,huac,nanako,4,0,"2025IVL夏季赛常规赛.xlsx",267
6546,2025-07-12,IVL_2025_summer_regular,xc,xen,eleven,xy,gougou,4,0,"2025IVL夏季赛常规赛.xlsx",268
6547,2025-07-12,IVL_2025_summer_regular,zz9,xiaod,xingh,huac,nanako,1,1,"2025IVL夏季赛常规赛.xlsx",269
6548,2025-07-12,IVL_2025_summer_regular,dongx,ak,ac,iron,heart,1,1,"2025IVL夏季赛常规赛.xlsx",270
6549,2025-07-12,IVL_2025_summer_regular,jin,sans,stian,yihua,long,0,1,"2025IVL夏季赛常规赛.xlsx",271
6550,2025-07-12,IVL_2025_summer_regular,jin,sans,stian,yihua,long,2,,"2025IVL夏季赛常规赛.xlsx",272
6551,2025-07-12,IVL_2025_summer_regular,dongx,ak,ac,iron,heart,2,,"2025IVL夏季赛常规赛.xlsx",273
6552,2025-07-12,IVL_2025_summer_regular,dongx,ak,ac,iron,heart,3,0,"2025IVL夏季赛常规赛.xlsx",274
6553,2025-07-12,IVL_2025_summer_regular,jin,sans,stian,yihua,long,1,1,"2025IVL夏季赛常规赛.xlsx",275
6554,2025-07-13,IVL_2025_summer_regular,ppei,huiyi,guoker,koting,persica,2,,"2025IVL夏季赛常规赛.xlsx",276
6555,2025-07-13,IVL_2025_summer_regular,n1e,maom,libao,yangy,drop,1,1,"2025IVL夏季赛常规赛.xlsx",277
6556,2025-07-13,IVL_2025_summer_regular,n1e,maom,libao,yangy,drop,2,,"2025IVL夏季赛常规赛.xlsx",278
6557,2025-07-13,IVL_2025_summer_regular,ppei,huiyi,guoker,koting,persica,2,,"2025IVL夏季赛常规赛.xlsx",279
6558,2025-07-13,IVL_2025_summer_regular,suda,huiyi,guoker,koting,persica,2,,"2025IVL夏季赛常规赛.xlsx",280
6559,2025-07-13,IVL_2025_summer_regular,n1e,kesy,libao,yangy,drop,0,1,"2025IVL夏季赛常规赛.xlsx",281
6560,2025-07-13,IVL_2025_summer_regular,choai,xen,eleven,xy,gougou,2,,"2025IVL夏季赛常规赛.xlsx",282
6561,2025-07-13,IVL_2025_summer_regular,zz9,jelly,dking,xmx,487,0,1,"2025IVL夏季赛常规赛.xlsx",283
6562,2025-07-13,IVL_2025_summer_regular,choai,xen,eleven,xy,gougou,0,1,"2025IVL夏季赛常规赛.xlsx",284
6563,2025-07-13,IVL_2025_summer_regular,zz9,jelly,dking,xmx,487,2,,"2025IVL夏季赛常规赛.xlsx",285
6564,2025-07-13,IVL_2025_summer_regular,yeyv,xen,eleven,xy,gougou,2,,"2025IVL夏季赛常规赛.xlsx",286
6565,2025-07-13,IVL_2025_summer_regular,zz9,jelly,dking,xmx,487,4,0,"2025IVL夏季赛常规赛.xlsx",287
6566,2025-07-13,IVL_2025_summer_regular,tzym,unicorn,18,ppxia,kucao,3,0,"2025IVL夏季赛常规赛.xlsx",288
6567,2025-07-13,IVL_2025_summer_regular,qiu,xingchen,leil,lion,dragon,2,,"2025IVL夏季赛常规赛.xlsx",289
6568,2025-07-13,IVL_2025_summer_regular,xawm,xingchen,leil,lion,dragon,3,0,"2025IVL夏季赛常规赛.xlsx",290
6569,2025-07-13,IVL_2025_summer_regular,tzym,unicorn,18,ppxia,kucao,2,,"2025IVL夏季赛常规赛.xlsx",291
6570,2025-07-13,IVL_2025_summer_regular,xawm,xingchen,leil,lion,dragon,1,1,"2025IVL夏季赛常规赛.xlsx",292
6571,2025-07-13,IVL_2025_summer_regular,tzym,unicorn,18,ppxia,kucao,2,,"2025IVL夏季赛常规赛.xlsx",293
6572,2025-07-18,IVL_2025_summer_regular,zz9,sans,lin,yihua,long,2,,"2025IVL夏季赛常规赛.xlsx",294
6573,2025-07-18,IVL_2025_summer_regular,dongx,xen,eleven,xy,gougou,3,0,"2025IVL夏季赛常规赛.xlsx",295
6574,2025-07-18,IVL_2025_summer_regular,dongx,xen,eleven,xy,gougou,0,1,"2025IVL夏季赛常规赛.xlsx",296
6575,2025-07-18,IVL_2025_summer_regular,zz9,sans,lin,yihua,long,0,1,"2025IVL夏季赛常规赛.xlsx",297
6576,2025-07-18,IVL_2025_summer_regular,zz9,sans,lin,yihua,long,3,0,"2025IVL夏季赛常规赛.xlsx",298
6577,2025-07-18,IVL_2025_summer_regular,dongx,xen,eleven,xy,gougou,0,1,"2025IVL夏季赛常规赛.xlsx",299
6578,2025-07-18,IVL_2025_summer_regular,n1e,dragon,leil,lion,lancelot,1,1,"2025IVL夏季赛常规赛.xlsx",300
6579,2025-07-18,IVL_2025_summer_regular,tzym,huiyi,guoker,koting,persica,3,0,"2025IVL夏季赛常规赛.xlsx",301
6580,2025-07-18,IVL_2025_summer_regular,n1e,dragon,leil,lion,lancelot,1,1,"2025IVL夏季赛常规赛.xlsx",302
6581,2025-07-18,IVL_2025_summer_regular,tzym,huiyi,guoker,koting,persica,1,1,"2025IVL夏季赛常规赛.xlsx",303
6582,2025-07-18,IVL_2025_summer_regular,n1e,dragon,leil,lion,lancelot,0,1,"2025IVL夏季赛常规赛.xlsx",304
6583,2025-07-18,IVL_2025_summer_regular,tzym,huiyi,guoker,koting,persica,1,1,"2025IVL夏季赛常规赛.xlsx",305
6584,2025-07-18,IVL_2025_summer_regular,xawm,xiaod,xingh,huac,nanako,2,,"2025IVL夏季赛常规赛.xlsx",306
6585,2025-07-18,IVL_2025_summer_regular,bailu,unicorn,18,ppxia,kucao,1,1,"2025IVL夏季赛常规赛.xlsx",307
6586,2025-07-18,IVL_2025_summer_regular,xawm,xiaod,xingh,huac,nanako,0,1,"2025IVL夏季赛常规赛.xlsx",308
6587,2025-07-18,IVL_2025_summer_regular,bailu,unicorn,18,ppxia,kucao,2,,"2025IVL夏季赛常规赛.xlsx",309
6588,2025-07-18,IVL_2025_summer_regular,xc,unicorn,18,ppxia,kucao,1,1,"2025IVL夏季赛常规赛.xlsx",310
6589,2025-07-18,IVL_2025_summer_regular,xawm,xiaod,xingh,huac,nanako,2,,"2025IVL夏季赛常规赛.xlsx",311
6590,2025-07-19,IVL_2025_summer_regular,tzym,maom,libao,yangy,drop,0,1,"2025IVL夏季赛常规赛.xlsx",312
6591,2025-07-19,IVL_2025_summer_regular,ppei,xingchen,lancelot,lion,dragon,1,1,"2025IVL夏季赛常规赛.xlsx",313
6592,2025-07-19,IVL_2025_summer_regular,tzym,maom,libao,yangy,drop,3,0,"2025IVL夏季赛常规赛.xlsx",314
6593,2025-07-19,IVL_2025_summer_regular,ppei,xingchen,leil,lion,lancelot,0,1,"2025IVL夏季赛常规赛.xlsx",315
6594,2025-07-19,IVL_2025_summer_regular,suda,xingchen,leil,lion,lancelot,2,,"2025IVL夏季赛常规赛.xlsx",316
6595,2025-07-19,IVL_2025_summer_regular,tzym,kesy,libao,yangy,drop,2,,"2025IVL夏季赛常规赛.xlsx",317
6596,2025-07-19,IVL_2025_summer_regular,xawm,xen,eleven,xy,gougou,3,0,"2025IVL夏季赛常规赛.xlsx",318
6597,2025-07-19,IVL_2025_summer_regular,9u,unicorn,18,ppxia,kucao,2,,"2025IVL夏季赛常规赛.xlsx",319
6598,2025-07-19,IVL_2025_summer_regular,zz9,unicorn,18,ppxia,kucao,3,0,"2025IVL夏季赛常规赛.xlsx",320
6599,2025-07-19,IVL_2025_summer_regular,xawm,xen,eleven,xy,gougou,1,1,"2025IVL夏季赛常规赛.xlsx",321
6600,2025-07-19,IVL_2025_summer_regular,xawm,xen,eleven,xy,ss,2,,"2025IVL夏季赛常规赛.xlsx",322
6601,2025-07-19,IVL_2025_summer_regular,zz9,unicorn,18,ppxia,kucao,0,1,"2025IVL夏季赛常规赛.xlsx",323
6602,2025-07-19,IVL_2025_summer_regular,n1e,czai,chen,nan,silverzhi,2,,"2025IVL夏季赛常规赛.xlsx",324
6603,2025-07-19,IVL_2025_summer_regular,mhxm,huiyi,guoker,koting,persica,2,,"2025IVL夏季赛常规赛.xlsx",325
6604,2025-07-19,IVL_2025_summer_regular,mhxm,huiyi,guoker,koting,persica,2,,"2025IVL夏季赛常规赛.xlsx",326
6605,2025-07-19,IVL_2025_summer_regular,n1e,czai,chen,nan,silverzhi,2,,"2025IVL夏季赛常规赛.xlsx",327
6606,2025-07-19,IVL_2025_summer_regular,n1e,czai,chen,nan,silverzhi,2,,"2025IVL夏季赛常规赛.xlsx",328
6607,2025-07-19,IVL_2025_summer_regular,mhxm,huiyi,guoker,koting,persica,0,1,"2025IVL夏季赛常规赛.xlsx",329
6608,2025-07-20,IVL_2025_summer_regular,dongx,jelly,dking,xmx,487,2,,"2025IVL夏季赛常规赛.xlsx",330
6609,2025-07-20,IVL_2025_summer_regular,choai,sans,lin,yihua,long,0,1,"2025IVL夏季赛常规赛.xlsx",331
6610,2025-07-20,IVL_2025_summer_regular,dongx,jelly,dking,xmx,487,0,1,"2025IVL夏季赛常规赛.xlsx",332
6611,2025-07-20,IVL_2025_summer_regular,choai,sans,lin,yihua,long,0,1,"2025IVL夏季赛常规赛.xlsx",333
6612,2025-07-20,IVL_2025_summer_regular,dongx,jelly,dking,xmx,487,2,,"2025IVL夏季赛常规赛.xlsx",334
6613,2025-07-20,IVL_2025_summer_regular,choai,sans,lin,yihua,long,2,,"2025IVL夏季赛常规赛.xlsx",335
6614,2025-07-20,IVL_2025_summer_regular,mhxm,xiaod,xingh,huac,nanako,1,1,"2025IVL夏季赛常规赛.xlsx",336
6615,2025-07-20,IVL_2025_summer_regular,bailu,czai,chen,nan,silverzhi,2,,"2025IVL夏季赛常规赛.xlsx",337
6616,2025-07-20,IVL_2025_summer_regular,bailu,czai,chen,nan,silverzhi,2,,"2025IVL夏季赛常规赛.xlsx",338
6617,2025-07-20,IVL_2025_summer_regular,mhxm,xiaod,xingh,huac,nanako,0,1,"2025IVL夏季赛常规赛.xlsx",339
6618,2025-07-20,IVL_2025_summer_regular,jin,kesy,libao,yangy,drop,3,0,"2025IVL夏季赛常规赛.xlsx",340
6619,2025-07-20,IVL_2025_summer_regular,suda,ak,ac,iron,heart,2,,"2025IVL夏季赛常规赛.xlsx",341
6620,2025-07-20,IVL_2025_summer_regular,jin,maom,libao,yangy,drop,1,1,"2025IVL夏季赛常规赛.xlsx",342
6621,2025-07-20,IVL_2025_summer_regular,ppei,ak,ac,iron,heart,1,1,"2025IVL夏季赛常规赛.xlsx",343
6622,2025-07-20,IVL_2025_summer_regular,ppei,ak,ac,iron,heart,2,,"2025IVL夏季赛常规赛.xlsx",344
6623,2025-07-20,IVL_2025_summer_regular,jin,maom,libao,yangy,drop,0,1,"2025IVL夏季赛常规赛.xlsx",345
6624,2025-07-25,IVL_2025_summer_regular,zz9,czai,chen,nan,silverzhi,2,,"2025IVL夏季赛常规赛.xlsx",346
6625,2025-07-25,IVL_2025_summer_regular,mhxm,xen,eleven,xy,gougou,2,,"2025IVL夏季赛常规赛.xlsx",347
6626,2025-07-25,IVL_2025_summer_regular,mhxm,xen,eleven,xy,gougou,0,1,"2025IVL夏季赛常规赛.xlsx",348
6627,2025-07-25,IVL_2025_summer_regular,zz9,czai,chen,nan,silverzhi,2,,"2025IVL夏季赛常规赛.xlsx",349
6628,2025-07-25,IVL_2025_summer_regular,zz9,czai,chen,nan,silverzhi,2,,"2025IVL夏季赛常规赛.xlsx",350
6629,2025-07-25,IVL_2025_summer_regular,mhxm,xen,eleven,xy,gougou,2,,"2025IVL夏季赛常规赛.xlsx",351
6630,2025-07-25,IVL_2025_summer_regular,choai,xingchen,leil,lion,lancelot,3,0,"2025IVL夏季赛常规赛.xlsx",352
6631,2025-07-25,IVL_2025_summer_regular,tzym,jelly,dking,xmx,487,4,0,"2025IVL夏季赛常规赛.xlsx",353
6632,2025-07-25,IVL_2025_summer_regular,tzym,jelly,dking,xmx,487,2,,"2025IVL夏季赛常规赛.xlsx",354
6633,2025-07-25,IVL_2025_summer_regular,choai,xingchen,leil,lion,lancelot,2,,"2025IVL夏季赛常规赛.xlsx",355
6634,2025-07-25,IVL_2025_summer_regular,choai,xingchen,leil,lion,lancelot,0,1,"2025IVL夏季赛常规赛.xlsx",356
6635,2025-07-25,IVL_2025_summer_regular,tzym,jelly,dking,xmx,487,3,0,"2025IVL夏季赛常规赛.xlsx",357
6636,2025-07-25,IVL_2025_summer_regular,dongx,unicorn,18,ppxia,kucao,1,1,"2025IVL夏季赛常规赛.xlsx",358
6637,2025-07-25,IVL_2025_summer_regular,xawm,sans,lin,yihua,long,2,,"2025IVL夏季赛常规赛.xlsx",359
6638,2025-07-25,IVL_2025_summer_regular,xawm,sans,lin,yihua,long,2,,"2025IVL夏季赛常规赛.xlsx",360
6639,2025-07-25,IVL_2025_summer_regular,dongx,unicorn,18,ppxia,kucao,0,1,"2025IVL夏季赛常规赛.xlsx",361
6640,2025-07-26,IVL_2025_summer_regular,n1e,xiaod,xingh,huac,nanako,2,,"2025IVL夏季赛常规赛.xlsx",362
6641,2025-07-26,IVL_2025_summer_regular,bailu,huiyi,guoker,koting,persica,1,1,"2025IVL夏季赛常规赛.xlsx",363
6642,2025-07-26,IVL_2025_summer_regular,n1e,xiaod,xingh,huac,nanako,3,0,"2025IVL夏季赛常规赛.xlsx",364
6643,2025-07-26,IVL_2025_summer_regular,bailu,huiyi,guoker,koting,persica,0,1,"2025IVL夏季赛常规赛.xlsx",365
6644,2025-07-26,IVL_2025_summer_regular,tzym,ak,ac,iron,heart,2,,"2025IVL夏季赛常规赛.xlsx",366
6645,2025-07-26,IVL_2025_summer_regular,jin,xingchen,leil,lion,lancelot,0,1,"2025IVL夏季赛常规赛.xlsx",367
6646,2025-07-26,IVL_2025_summer_regular,tzym,ak,ac,xmiao5,heart,2,,"2025IVL夏季赛常规赛.xlsx",368
6647,2025-07-26,IVL_2025_summer_regular,jin,xingchen,leil,lion,lancelot,2,,"2025IVL夏季赛常规赛.xlsx",369
6648,2025-07-26,IVL_2025_summer_regular,jin,xingchen,leil,lion,lancelot,2,,"2025IVL夏季赛常规赛.xlsx",370
6649,2025-07-26,IVL_2025_summer_regular,tzym,ak,ac,iron,heart,2,,"2025IVL夏季赛常规赛.xlsx",371
6650,2025-07-26,IVL_2025_summer_regular,9u,maom,libao,yangy,drop,4,0,"2025IVL夏季赛常规赛.xlsx",372
6651,2025-07-26,IVL_2025_summer_regular,ppei,xen,eleven,xy,gougou,1,1,"2025IVL夏季赛常规赛.xlsx",373
6652,2025-07-26,IVL_2025_summer_regular,ppei,xen,eleven,xy,gougou,3,0,"2025IVL夏季赛常规赛.xlsx",374
6653,2025-07-26,IVL_2025_summer_regular,zz9,maom,libao,yangy,drop,1,1,"2025IVL夏季赛常规赛.xlsx",375
6654,2025-07-26,IVL_2025_summer_regular,suda,xen,eleven,xy,ss,2,,"2025IVL夏季赛常规赛.xlsx",376
6655,2025-07-26,IVL_2025_summer_regular,zz9,kesy,libao,yangy,drop,3,0,"2025IVL夏季赛常规赛.xlsx",377
6656,2025-07-27,IVL_2025_summer_regular,n1e,ak,ac,iron,heart,1,1,"2025IVL夏季赛常规赛.xlsx",378
6657,2025-07-27,IVL_2025_summer_regular,jin,huiyi,guoker,koting,persica,0,1,"2025IVL夏季赛常规赛.xlsx",379
6658,2025-07-27,IVL_2025_summer_regular,n1e,ak,ac,xmiao5,heart,2,,"2025IVL夏季赛常规赛.xlsx",380
6659,2025-07-27,IVL_2025_summer_regular,jin,huiyi,guoker,koting,persica,2,,"2025IVL夏季赛常规赛.xlsx",381
6660,2025-07-27,IVL_2025_summer_regular,n1e,ak,ac,xmiao5,heart,0,1,"2025IVL夏季赛常规赛.xlsx",382
6661,2025-07-27,IVL_2025_summer_regular,jin,huiyi,guoker,koting,persica,2,,"2025IVL夏季赛常规赛.xlsx",383
6662,2025-07-27,IVL_2025_summer_regular,ppei,czai,chen,nan,silverzhi,2,,"2025IVL夏季赛常规赛.xlsx",384
6663,2025-07-27,IVL_2025_summer_regular,mhxm,maom,libao,yangy,drop,0,1,"2025IVL夏季赛常规赛.xlsx",385
6664,2025-07-27,IVL_2025_summer_regular,mhxm,maom,libao,yangy,drop,2,,"2025IVL夏季赛常规赛.xlsx",386
6665,2025-07-27,IVL_2025_summer_regular,ppei,czai,chen,nan,silverzhi,1,1,"2025IVL夏季赛常规赛.xlsx",387
6666,2025-07-27,IVL_2025_summer_regular,suda,czai,chen,nan,silverzhi,3,0,"2025IVL夏季赛常规赛.xlsx",388
6667,2025-07-27,IVL_2025_summer_regular,mhxm,kesy,libao,yangy,drop,3,0,"2025IVL夏季赛常规赛.xlsx",389
6668,2025-07-27,IVL_2025_summer_regular,choai,unicorn,18,ppxia,kucao,2,,"2025IVL夏季赛常规赛.xlsx",390
6669,2025-07-27,IVL_2025_summer_regular,xawm,jelly,dking,xmx,487,2,,"2025IVL夏季赛常规赛.xlsx",391
6670,2025-07-27,IVL_2025_summer_regular,xawm,jelly,dking,xmx,487,2,,"2025IVL夏季赛常规赛.xlsx",392
6671,2025-07-27,IVL_2025_summer_regular,choai,unicorn,18,ppxia,kucao,2,,"2025IVL夏季赛常规赛.xlsx",393
6672,2025-07-27,IVL_2025_summer_regular,yeyv,unicorn,18,ppxia,kucao,2,,"2025IVL夏季赛常规赛.xlsx",394
6673,2025-07-27,IVL_2025_summer_regular,xawm,jelly,dking,xmx,487,4,0,"2025IVL夏季赛常规赛.xlsx",395
6674,2025-08-01,IVL_2025_summer_regular,tzym,xen,eleven,xy,gougou,2,,"2025IVL夏季赛常规赛.xlsx",396
6675,2025-08-01,IVL_2025_summer_regular,zz9,xingchen,leil,lion,lancelot,0,1,"2025IVL夏季赛常规赛.xlsx",397
6676,2025-08-01,IVL_2025_summer_regular,zz9,xingchen,leil,lion,lancelot,2,,"2025IVL夏季赛常规赛.xlsx",398
6677,2025-08-01,IVL_2025_summer_regular,tzym,xen,eleven,xy,gougou,3,0,"2025IVL夏季赛常规赛.xlsx",399
6678,2025-08-01,IVL_2025_summer_regular,qiu,czai,chen,nan,silverzhi,0,1,"2025IVL夏季赛常规赛.xlsx",400
6679,2025-08-01,IVL_2025_summer_regular,mhxm,unicorn,18,ppxia,kucao,1,1,"2025IVL夏季赛常规赛.xlsx",401
6680,2025-08-01,IVL_2025_summer_regular,xawm,czai,chen,nan,silverzhi,3,0,"2025IVL夏季赛常规赛.xlsx",402
6681,2025-08-01,IVL_2025_summer_regular,mhxm,unicorn,18,ppxia,kucao,3,0,"2025IVL夏季赛常规赛.xlsx",403
6682,2025-08-01,IVL_2025_summer_regular,mhxm,unicorn,18,ppxia,kucao,2,,"2025IVL夏季赛常规赛.xlsx",404
6683,2025-08-01,IVL_2025_summer_regular,xawm,czai,chen,nan,silverzhi,3,0,"2025IVL夏季赛常规赛.xlsx",405
6684,2025-08-01,IVL_2025_summer_regular,n1e,jelly,dking,xmx,487,0,1,"2025IVL夏季赛常规赛.xlsx",406
6685,2025-08-01,IVL_2025_summer_regular,choai,huiyi,guoker,koting,persica,1,1,"2025IVL夏季赛常规赛.xlsx",407
6686,2025-08-01,IVL_2025_summer_regular,n1e,jelly,dking,xmx,487,3,0,"2025IVL夏季赛常规赛.xlsx",408
6687,2025-08-01,IVL_2025_summer_regular,choai,huiyi,guoker,koting,persica,3,0,"2025IVL夏季赛常规赛.xlsx",409
6688,2025-08-01,IVL_2025_summer_regular,yeyv,huiyi,guoker,koting,persica,2,,"2025IVL夏季赛常规赛.xlsx",410
6689,2025-08-01,IVL_2025_summer_regular,n1e,jelly,dking,xmx,487,3,0,"2025IVL夏季赛常规赛.xlsx",411
6690,2025-08-02,IVL_2025_summer_regular,mhxm,ak,ac,iron,heart,1,1,"2025IVL夏季赛常规赛.xlsx",412
6691,2025-08-02,IVL_2025_summer_regular,jin,czai,chen,nan,silverzhi,0,1,"2025IVL夏季赛常规赛.xlsx",413
6692,2025-08-02,IVL_2025_summer_regular,mhxm,ak,ac,xmiao5,heart,1,1,"2025IVL夏季赛常规赛.xlsx",414
6693,2025-08-02,IVL_2025_summer_regular,jin,czai,chen,nan,silverzhi,3,0,"2025IVL夏季赛常规赛.xlsx",415
6694,2025-08-02,IVL_2025_summer_regular,mhxm,ak,ac,iron,heart,1,1,"2025IVL夏季赛常规赛.xlsx",416
6695,2025-08-02,IVL_2025_summer_regular,jin,czai,chen,nan,silverzhi,0,1,"2025IVL夏季赛常规赛.xlsx",417
6696,2025-08-02,IVL_2025_summer_regular,tzym,sans,lin,yihua,long,2,,"2025IVL夏季赛常规赛.xlsx",418
6697,2025-08-02,IVL_2025_summer_regular,dongx,xingchen,leil,lion,lancelot,2,,"2025IVL夏季赛常规赛.xlsx",419
6698,2025-08-02,IVL_2025_summer_regular,dongx,xingchen,leil,lion,lancelot,3,0,"2025IVL夏季赛常规赛.xlsx",420
6699,2025-08-02,IVL_2025_summer_regular,tzym,sans,lin,yihua,long,0,1,"2025IVL夏季赛常规赛.xlsx",421
6700,2025-08-02,IVL_2025_summer_regular,tzym,sans,lin,yihua,long,0,1,"2025IVL夏季赛常规赛.xlsx",422
6701,2025-08-02,IVL_2025_summer_regular,dongx,xingchen,leil,lion,lancelot,1,1,"2025IVL夏季赛常规赛.xlsx",423
6702,2025-08-02,IVL_2025_summer_regular,bailu,maom,libao,yangy,drop,0,1,"2025IVL夏季赛常规赛.xlsx",424
6703,2025-08-02,IVL_2025_summer_regular,ppei,xiaod,xingh,huac,nanako,0,1,"2025IVL夏季赛常规赛.xlsx",425
6704,2025-08-02,IVL_2025_summer_regular,ppei,xiaod,xingh,huac,nanako,0,1,"2025IVL夏季赛常规赛.xlsx",426
6705,2025-08-02,IVL_2025_summer_regular,bailu,maom,libao,yangy,drop,1,1,"2025IVL夏季赛常规赛.xlsx",427
6706,2025-08-02,IVL_2025_summer_regular,xc,kesy,libao,yangy,drop,1,1,"2025IVL夏季赛常规赛.xlsx",428
6707,2025-08-02,IVL_2025_summer_regular,suda,xiaod,xingh,huac,nanako,3,0,"2025IVL夏季赛常规赛.xlsx",429
6708,2025-08-03,IVL_2025_summer_regular,choai,ak,ac,iron,heart,2,,"2025IVL夏季赛常规赛.xlsx",430
6709,2025-08-03,IVL_2025_summer_regular,jin,jelly,dking,xmx,487,3,0,"2025IVL夏季赛常规赛.xlsx",431
6710,2025-08-03,IVL_2025_summer_regular,choai,ak,ac,xmiao5,heart,1,1,"2025IVL夏季赛常规赛.xlsx",432
6711,2025-08-03,IVL_2025_summer_regular,jin,jelly,dking,xmx,487,2,,"2025IVL夏季赛常规赛.xlsx",433
6712,2025-08-03,IVL_2025_summer_regular,n1e,unicorn,18,ppxia,kucao,0,1,"2025IVL夏季赛常规赛.xlsx",434
6713,2025-08-03,IVL_2025_summer_regular,qiu,huiyi,guoker,koting,persica,2,,"2025IVL夏季赛常规赛.xlsx",435
6714,2025-08-03,IVL_2025_summer_regular,xawm,huiyi,guoker,koting,persica,2,,"2025IVL夏季赛常规赛.xlsx",436
6715,2025-08-03,IVL_2025_summer_regular,n1e,unicorn,18,ppxia,kucao,2,,"2025IVL夏季赛常规赛.xlsx",437
6716,2025-08-03,IVL_2025_summer_regular,n1e,unicorn,18,ppxia,kucao,2,,"2025IVL夏季赛常规赛.xlsx",438
6717,2025-08-03,IVL_2025_summer_regular,xawm,huiyi,guoker,koting,persica,0,1,"2025IVL夏季赛常规赛.xlsx",439
6718,2025-08-03,IVL_2025_summer_regular,n1e,unicorn,18,ppxia,kucao,1,1,"2025IVL夏季赛常规赛.xlsx",440
6719,2025-08-03,IVL_2025_summer_regular,xawm,huiyi,guoker,koting,persica,2,,"2025IVL夏季赛常规赛.xlsx",441
6720,2025-08-03,IVL_2025_summer_regular,bailu,sans,lin,yihua,long,2,,"2025IVL夏季赛常规赛.xlsx",442
6721,2025-08-03,IVL_2025_summer_regular,dongx,xiaod,xingh,huac,nanako,2,,"2025IVL夏季赛常规赛.xlsx",443
6722,2025-08-03,IVL_2025_summer_regular,dongx,xiaod,xingh,huac,nanako,2,,"2025IVL夏季赛常规赛.xlsx",444
6723,2025-08-03,IVL_2025_summer_regular,bailu,sans,lin,yihua,long,1,1,"2025IVL夏季赛常规赛.xlsx",445
6724,2025-08-03,IVL_2025_summer_regular,xc,sans,lin,yihua,long,3,0,"2025IVL夏季赛常规赛.xlsx",446
6725,2025-08-03,IVL_2025_summer_regular,dongx,xiaod,xingh,huac,nanako,1,1,"2025IVL夏季赛常规赛.xlsx",447
6726,2025-08-07,IVL_2025_summer_regular,bailu,jelly,dking,xmx,487,2,,"2025IVL夏季赛常规赛.xlsx",448
6727,2025-08-07,IVL_2025_summer_regular,choai,xiaod,xingh,huac,nanako,1,1,"2025IVL夏季赛常规赛.xlsx",449
6728,2025-08-07,IVL_2025_summer_regular,bailu,jelly,dking,xmx,487,3,0,"2025IVL夏季赛常规赛.xlsx",450
6729,2025-08-07,IVL_2025_summer_regular,choai,xiaod,xingh,huac,nanako,3,0,"2025IVL夏季赛常规赛.xlsx",451
6730,2025-08-07,IVL_2025_summer_regular,choai,xiaod,xingh,huac,nanako,3,0,"2025IVL夏季赛常规赛.xlsx",452
6731,2025-08-07,IVL_2025_summer_regular,xc,jelly,dking,xmx,487,4,0,"2025IVL夏季赛常规赛.xlsx",453
6732,2025-08-07,IVL_2025_summer_regular,zz9,huiyi,guoker,koting,persica,2,,"2025IVL夏季赛常规赛.xlsx",454
6733,2025-08-07,IVL_2025_summer_regular,n1e,xen,eleven,xy,gougou,2,,"2025IVL夏季赛常规赛.xlsx",455
6734,2025-08-07,IVL_2025_summer_regular,n1e,xen,eleven,xy,gougou,0,1,"2025IVL夏季赛常规赛.xlsx",456
6735,2025-08-07,IVL_2025_summer_regular,zz9,huiyi,guoker,koting,persica,2,,"2025IVL夏季赛常规赛.xlsx",457
6736,2025-08-07,IVL_2025_summer_regular,n1e,xen,eleven,xy,ss,0,1,"2025IVL夏季赛常规赛.xlsx",458
6737,2025-08-07,IVL_2025_summer_regular,zz9,huiyi,guoker,koting,persica,4,0,"2025IVL夏季赛常规赛.xlsx",459
6738,2025-08-07,IVL_2025_summer_regular,yan,sans,lin,yihua,long,2,,"2025IVL夏季赛常规赛.xlsx",460
6739,2025-08-07,IVL_2025_summer_regular,dongx,czai,chen,nan,silverzhi,1,1,"2025IVL夏季赛常规赛.xlsx",461
6740,2025-08-07,IVL_2025_summer_regular,mhxm,sans,lin,yihua,long,2,,"2025IVL夏季赛常规赛.xlsx",462
6741,2025-08-07,IVL_2025_summer_regular,dongx,czai,chen,nan,silverzhi,2,,"2025IVL夏季赛常规赛.xlsx",463
6742,2025-08-07,IVL_2025_summer_regular,dongx,czai,chen,nan,silverzhi,2,,"2025IVL夏季赛常规赛.xlsx",464
6743,2025-08-07,IVL_2025_summer_regular,mhxm,sans,lin,yihua,long,2,,"2025IVL夏季赛常规赛.xlsx",465
6744,2025-08-07,IVL_2025_summer_regular,dongx,czai,chen,nan,silverzhi,2,,"2025IVL夏季赛常规赛.xlsx",466
6745,2025-08-07,IVL_2025_summer_regular,mhxm,sans,lin,yihua,long,3,0,"2025IVL夏季赛常规赛.xlsx",467
6746,2025-08-08,IVL_2025_summer_regular,qiu,ak,ac,iron,heart,2,,"2025IVL夏季赛常规赛.xlsx",468
6747,2025-08-08,IVL_2025_summer_regular,jin,unicorn,18,ppxia,kucao,0,1,"2025IVL夏季赛常规赛.xlsx",469
6748,2025-08-08,IVL_2025_summer_regular,jin,unicorn,18,ppxia,kucao,3,0,"2025IVL夏季赛常规赛.xlsx",470
6749,2025-08-08,IVL_2025_summer_regular,xawm,ak,ac,xmiao5,heart,3,0,"2025IVL夏季赛常规赛.xlsx",471
6750,2025-08-08,IVL_2025_summer_regular,xawm,ak,ac,iron,heart,2,,"2025IVL夏季赛常规赛.xlsx",472
6751,2025-08-08,IVL_2025_summer_regular,jin,unicorn,18,ppxia,kucao,2,,"2025IVL夏季赛常规赛.xlsx",473
6752,2025-08-08,IVL_2025_summer_regular,tzym,xiaod,xingh,huac,nanako,2,,"2025IVL夏季赛常规赛.xlsx",474
6753,2025-08-08,IVL_2025_summer_regular,bailu,dragon,leil,lion,lancelot,2,,"2025IVL夏季赛常规赛.xlsx",475
6754,2025-08-08,IVL_2025_summer_regular,tzym,xiaod,xingh,huac,nanako,2,,"2025IVL夏季赛常规赛.xlsx",476
6755,2025-08-08,IVL_2025_summer_regular,bailu,xingchen,leil,lion,lancelot,3,0,"2025IVL夏季赛常规赛.xlsx",477
6756,2025-08-08,IVL_2025_summer_regular,tzym,xiaod,xingh,huac,nanako,3,0,"2025IVL夏季赛常规赛.xlsx",478
6757,2025-08-08,IVL_2025_summer_regular,bailu,xingchen,leil,lion,lancelot,1,1,"2025IVL夏季赛常规赛.xlsx",479
6758,2025-08-08,IVL_2025_summer_regular,choai,maom,libao,yangy,drop,3,0,"2025IVL夏季赛常规赛.xlsx",480
6759,2025-08-08,IVL_2025_summer_regular,ppei,jelly,dking,xmx,487,3,0,"2025IVL夏季赛常规赛.xlsx",481
6760,2025-08-08,IVL_2025_summer_regular,choai,maom,libao,yangy,drop,0,1,"2025IVL夏季赛常规赛.xlsx",482
6761,2025-08-08,IVL_2025_summer_regular,ppei,jelly,dking,xmx,487,1,1,"2025IVL夏季赛常规赛.xlsx",483
6762,2025-08-08,IVL_2025_summer_regular,choai,maom,libao,yangy,drop,1,1,"2025IVL夏季赛常规赛.xlsx",484
6763,2025-08-08,IVL_2025_summer_regular,suda,jelly,dking,xmx,487,2,,"2025IVL夏季赛常规赛.xlsx",485
6764,2025-08-09,IVL_2025_summer_regular,n1e,sans,lin,yihua,long,2,,"2025IVL夏季赛常规赛.xlsx",486
6765,2025-08-09,IVL_2025_summer_regular,dongx,huiyi,guoker,koting,persica,2,,"2025IVL夏季赛常规赛.xlsx",487
6766,2025-08-09,IVL_2025_summer_regular,n1e,sans,lin,yihua,long,0,1,"2025IVL夏季赛常规赛.xlsx",488
6767,2025-08-09,IVL_2025_summer_regular,dongx,huiyi,guoker,koting,persica,3,0,"2025IVL夏季赛常规赛.xlsx",489
6768,2025-08-09,IVL_2025_summer_regular,n1e,sans,lin,yihua,long,1,1,"2025IVL夏季赛常规赛.xlsx",490
6769,2025-08-09,IVL_2025_summer_regular,dongx,huiyi,guoker,koting,persica,0,1,"2025IVL夏季赛常规赛.xlsx",491
6770,2025-08-09,IVL_2025_summer_regular,ppei,unicorn,18,ppxia,kucao,2,,"2025IVL夏季赛常规赛.xlsx",492
6771,2025-08-09,IVL_2025_summer_regular,qiu,maom,libao,yangy,drop,2,,"2025IVL夏季赛常规赛.xlsx",493
6772,2025-08-09,IVL_2025_summer_regular,xawm,maom,libao,yangy,drop,2,,"2025IVL夏季赛常规赛.xlsx",494
6773,2025-08-09,IVL_2025_summer_regular,ppei,unicorn,18,ppxia,kucao,1,1,"2025IVL夏季赛常规赛.xlsx",495
6774,2025-08-09,IVL_2025_summer_regular,ppei,unicorn,18,ppxia,kucao,2,,"2025IVL夏季赛常规赛.xlsx",496
6775,2025-08-09,IVL_2025_summer_regular,xawm,maom,libao,yangy,drop,3,0,"2025IVL夏季赛常规赛.xlsx",497
6776,2025-08-09,IVL_2025_summer_regular,9u,ak,ac,iron,heart,0,1,"2025IVL夏季赛常规赛.xlsx",498
6777,2025-08-09,IVL_2025_summer_regular,mlx,xen,eleven,xy,gougou,3,0,"2025IVL夏季赛常规赛.xlsx",499
6778,2025-08-09,IVL_2025_summer_regular,mlx,xen,eleven,xy,gougou,2,,"2025IVL夏季赛常规赛.xlsx",500
6779,2025-08-09,IVL_2025_summer_regular,9u,ak,ac,iron,heart,0,1,"2025IVL夏季赛常规赛.xlsx",501
6780,2025-08-10,IVL_2025_summer_playoffs,ppei,silverzhi,czai,nan,chen,2,,"2025IVL夏季赛季后赛.xlsx",0
6781,2025-08-10,IVL_2025_summer_playoffs,mhxm,maom,yangy,drop,libao,1,1,"2025IVL夏季赛季后赛.xlsx",1
6782,2025-08-10,IVL_2025_summer_playoffs,ppei,silverzhi,czai,nan,chen,2,,"2025IVL夏季赛季后赛.xlsx",2
6783,2025-08-10,IVL_2025_summer_playoffs,mhxm,maom,yangy,drop,libao,2,,"2025IVL夏季赛季后赛.xlsx",3
6784,2025-08-10,IVL_2025_summer_playoffs,suda,silverzhi,czai,nan,chen,1,1,"2025IVL夏季赛季后赛.xlsx",4
6785,2025-08-10,IVL_2025_summer_playoffs,mhxm,maom,yangy,drop,libao,3,0,"2025IVL夏季赛季后赛.xlsx",5
6786,2025-08-10,IVL_2025_summer_playoffs,suda,silverzhi,czai,nan,chen,2,,"2025IVL夏季赛季后赛.xlsx",6
6787,2025-08-10,IVL_2025_summer_playoffs,mhxm,maom,yangy,drop,libao,3,0,"2025IVL夏季赛季后赛.xlsx",7
6788,2025-08-10,IVL_2025_summer_playoffs,yan,maom,yangy,drop,libao,2,,"2025IVL夏季赛季后赛.xlsx",8
6789,2025-08-10,IVL_2025_summer_playoffs,ppei,silverzhi,czai,nan,chen,0,1,"2025IVL夏季赛季后赛.xlsx",9
6790,2025-08-10,IVL_2025_summer_playoffs,qiu,sans,long,lin,yihua,2,,"2025IVL夏季赛季后赛.xlsx",10
6791,2025-08-10,IVL_2025_summer_playoffs,dongx,kucao,18,ppxia,unicorn,2,,"2025IVL夏季赛季后赛.xlsx",11
6792,2025-08-10,IVL_2025_summer_playoffs,xawm,sans,long,lin,yihua,0,1,"2025IVL夏季赛季后赛.xlsx",12
6793,2025-08-10,IVL_2025_summer_playoffs,dongx,kucao,18,ppxia,unicorn,2,,"2025IVL夏季赛季后赛.xlsx",13
6794,2025-08-10,IVL_2025_summer_playoffs,xawm,sans,long,lin,yihua,1,1,"2025IVL夏季赛季后赛.xlsx",14
6795,2025-08-10,IVL_2025_summer_playoffs,dongx,kucao,18,ppxia,unicorn,1,1,"2025IVL夏季赛季后赛.xlsx",15
6796,2025-08-10,IVL_2025_summer_playoffs,dongx,kucao,18,ppxia,unicorn,3,0,"2025IVL夏季赛季后赛.xlsx",16
6797,2025-08-10,IVL_2025_summer_playoffs,xawm,sans,long,lin,yihua,2,,"2025IVL夏季赛季后赛.xlsx",17
6798,2025-08-21,IVL_2025_summer_playoffs,qiu,maom,yangy,drop,libao,2,,"2025IVL夏季赛季后赛.xlsx",18
6799,2025-08-21,IVL_2025_summer_playoffs,ppei,kucao,18,ppxia,unicorn,1,1,"2025IVL夏季赛季后赛.xlsx",19
6800,2025-08-21,IVL_2025_summer_playoffs,ppei,kucao,18,ppxia,unicorn,2,,"2025IVL夏季赛季后赛.xlsx",20
6801,2025-08-21,IVL_2025_summer_playoffs,xawm,maom,yangy,drop,libao,1,1,"2025IVL夏季赛季后赛.xlsx",21
6802,2025-08-21,IVL_2025_summer_playoffs,xawm,maom,yangy,drop,libao,1,1,"2025IVL夏季赛季后赛.xlsx",22
6803,2025-08-21,IVL_2025_summer_playoffs,suda,kucao,18,ppxia,unicorn,2,,"2025IVL夏季赛季后赛.xlsx",23
6804,2025-08-21,IVL_2025_summer_playoffs,suda,kucao,18,ppxia,unicorn,2,,"2025IVL夏季赛季后赛.xlsx",24
6805,2025-08-21,IVL_2025_summer_playoffs,xawm,maom,yangy,drop,libao,3,0,"2025IVL夏季赛季后赛.xlsx",25
6806,2025-08-21,IVL_2025_summer_playoffs,xawm,maom,yangy,drop,libao,0,1,"2025IVL夏季赛季后赛.xlsx",26
6807,2025-08-21,IVL_2025_summer_playoffs,suda,kucao,18,ppxia,unicorn,1,1,"2025IVL夏季赛季后赛.xlsx",27
6808,2025-08-21,IVL_2025_summer_playoffs,bailu,iron,ak,ac,heart,2,,"2025IVL夏季赛季后赛.xlsx",28
6809,2025-08-21,IVL_2025_summer_playoffs,jin,xiaod,huac,nanako,xingh,0,1,"2025IVL夏季赛季后赛.xlsx",29
6810,2025-08-21,IVL_2025_summer_playoffs,bailu,iron,ak,ac,heart,0,1,"2025IVL夏季赛季后赛.xlsx",30
6811,2025-08-21,IVL_2025_summer_playoffs,jin,xiaod,huac,nanako,xingh,1,1,"2025IVL夏季赛季后赛.xlsx",31
6812,2025-08-21,IVL_2025_summer_playoffs,jin,xiaod,huac,nanako,xingh,0,1,"2025IVL夏季赛季后赛.xlsx",32
6813,2025-08-21,IVL_2025_summer_playoffs,bailu,iron,ak,ac,heart,0,1,"2025IVL夏季赛季后赛.xlsx",33
6814,2025-08-21,IVL_2025_summer_playoffs,bailu,iron,ak,ac,heart,0,1,"2025IVL夏季赛季后赛.xlsx",34
6815,2025-08-21,IVL_2025_summer_playoffs,jin,xiaod,huac,nanako,xingh,2,,"2025IVL夏季赛季后赛.xlsx",35
6816,2025-08-21,IVL_2025_summer_playoffs,jin,xiaod,huac,nanako,xingh,2,,"2025IVL夏季赛季后赛.xlsx",36
6817,2025-08-21,IVL_2025_summer_playoffs,bailu,iron,ak,ac,heart,3,0,"2025IVL夏季赛季后赛.xlsx",37
6818,2025-08-21,IVL_2025_summer_playoffs,n1e,dking,jelly,487,xmx,0,1,"2025IVL夏季赛季后赛.xlsx",38
6819,2025-08-21,IVL_2025_summer_playoffs,choai,persica,guoker,koting,huiyi,0,1,"2025IVL夏季赛季后赛.xlsx",39
6820,2025-08-21,IVL_2025_summer_playoffs,choai,persica,guoker,koting,huiyi,1,1,"2025IVL夏季赛季后赛.xlsx",40
6821,2025-08-21,IVL_2025_summer_playoffs,n1e,dking,jelly,487,xmx,2,,"2025IVL夏季赛季后赛.xlsx",41
6822,2025-08-21,IVL_2025_summer_playoffs,n1e,dking,jelly,487,xmx,1,1,"2025IVL夏季赛季后赛.xlsx",42
6823,2025-08-21,IVL_2025_summer_playoffs,yeyv,persica,guoker,koting,huiyi,2,,"2025IVL夏季赛季后赛.xlsx",43
6824,2025-08-21,IVL_2025_summer_playoffs,yeyv,persica,guoker,koting,huiyi,2,,"2025IVL夏季赛季后赛.xlsx",44
6825,2025-08-21,IVL_2025_summer_playoffs,n1e,dking,jelly,487,xmx,0,1,"2025IVL夏季赛季后赛.xlsx",45
6826,2025-08-21,IVL_2025_summer_playoffs,n1e,dking,jelly,487,xmx,2,,"2025IVL夏季赛季后赛.xlsx",46
6827,2025-08-21,IVL_2025_summer_playoffs,choai,persica,guoker,koting,huiyi,2,,"2025IVL夏季赛季后赛.xlsx",47
6828,2025-08-22,IVL_2025_summer_playoffs,choai,kucao,18,ppxia,unicorn,0,1,"2025IVL夏季赛季后赛.xlsx",48
6829,2025-08-22,IVL_2025_summer_playoffs,qiu,dking,jelly,487,xmx,1,1,"2025IVL夏季赛季后赛.xlsx",49
6830,2025-08-22,IVL_2025_summer_playoffs,choai,kucao,18,ppxia,unicorn,0,1,"2025IVL夏季赛季后赛.xlsx",50
6831,2025-08-22,IVL_2025_summer_playoffs,xawm,dking,jelly,487,xmx,2,,"2025IVL夏季赛季后赛.xlsx",51
6832,2025-08-22,IVL_2025_summer_playoffs,xawm,dking,jelly,487,xmx,1,1,"2025IVL夏季赛季后赛.xlsx",52
6833,2025-08-22,IVL_2025_summer_playoffs,choai,kucao,18,ppxia,unicorn,3,0,"2025IVL夏季赛季后赛.xlsx",53
6834,2025-08-22,IVL_2025_summer_playoffs,yeyv,kucao,18,ppxia,unicorn,2,,"2025IVL夏季赛季后赛.xlsx",54
6835,2025-08-22,IVL_2025_summer_playoffs,xawm,dking,jelly,487,xmx,2,,"2025IVL夏季赛季后赛.xlsx",55
6836,2025-08-22,IVL_2025_summer_playoffs,xawm,dking,jelly,487,xmx,2,,"2025IVL夏季赛季后赛.xlsx",56
6837,2025-08-22,IVL_2025_summer_playoffs,yeyv,kucao,18,ppxia,unicorn,0,1,"2025IVL夏季赛季后赛.xlsx",57
6838,2025-08-22,IVL_2025_summer_playoffs,n1e,xiaod,huac,nanako,xingh,1,1,"2025IVL夏季赛季后赛.xlsx",58
6839,2025-08-22,IVL_2025_summer_playoffs,bailu,persica,guoker,koting,huiyi,1,1,"2025IVL夏季赛季后赛.xlsx",59
6840,2025-08-22,IVL_2025_summer_playoffs,n1e,xiaod,huac,nanako,xingh,2,,"2025IVL夏季赛季后赛.xlsx",60
6841,2025-08-22,IVL_2025_summer_playoffs,bailu,persica,guoker,koting,huiyi,3,0,"2025IVL夏季赛季后赛.xlsx",61
6842,2025-08-22,IVL_2025_summer_playoffs,n1e,xiaod,huac,nanako,xingh,1,1,"2025IVL夏季赛季后赛.xlsx",62
6843,2025-08-22,IVL_2025_summer_playoffs,bailu,persica,guoker,koting,huiyi,2,,"2025IVL夏季赛季后赛.xlsx",63
6844,2025-08-22,IVL_2025_summer_playoffs,bailu,persica,guoker,koting,huiyi,1,1,"2025IVL夏季赛季后赛.xlsx",64
6845,2025-08-22,IVL_2025_summer_playoffs,n1e,xiaod,huac,nanako,xingh,0,1,"2025IVL夏季赛季后赛.xlsx",65
6846,2025-08-23,IVL_2025_summer_playoffs,choai,iron,ak,ac,heart,0,1,"2025IVL夏季赛季后赛.xlsx",66
6847,2025-08-23,IVL_2025_summer_playoffs,jin,dking,jelly,487,xmx,3,0,"2025IVL夏季赛季后赛.xlsx",67
6848,2025-08-23,IVL_2025_summer_playoffs,jin,dking,jelly,487,xmx,0,1,"2025IVL夏季赛季后赛.xlsx",68
6849,2025-08-23,IVL_2025_summer_playoffs,choai,iron,ak,ac,heart,3,0,"2025IVL夏季赛季后赛.xlsx",69
6850,2025-08-23,IVL_2025_summer_playoffs,choai,iron,ak,ac,heart,1,1,"2025IVL夏季赛季后赛.xlsx",70
6851,2025-08-23,IVL_2025_summer_playoffs,jin,dking,jelly,487,xmx,2,,"2025IVL夏季赛季后赛.xlsx",71
6852,2025-08-23,IVL_2025_summer_playoffs,jin,dking,jelly,487,xmx,0,1,"2025IVL夏季赛季后赛.xlsx",72
6853,2025-08-23,IVL_2025_summer_playoffs,choai,iron,ak,ac,heart,2,,"2025IVL夏季赛季后赛.xlsx",73
6854,2025-08-23,IVL_2025_summer_playoffs,yeyv,iron,ak,ac,heart,1,1,"2025IVL夏季赛季后赛.xlsx",74
6855,2025-08-23,IVL_2025_summer_playoffs,jin,dking,jelly,487,xmx,2,,"2025IVL夏季赛季后赛.xlsx",75
6856,2025-08-23,IVL_2025_summer_playoffs,bailu,dking,jelly,487,xmx,1,1,"2025IVL夏季赛季后赛.xlsx",76
6857,2025-08-23,IVL_2025_summer_playoffs,choai,xiaod,huac,nanako,xingh,2,,"2025IVL夏季赛季后赛.xlsx",77
6858,2025-08-23,IVL_2025_summer_playoffs,choai,xiaod,huac,nanako,xingh,1,1,"2025IVL夏季赛季后赛.xlsx",78
6859,2025-08-23,IVL_2025_summer_playoffs,bailu,dking,jelly,487,xmx,2,,"2025IVL夏季赛季后赛.xlsx",79
6860,2025-08-23,IVL_2025_summer_playoffs,bailu,dking,jelly,487,xmx,2,,"2025IVL夏季赛季后赛.xlsx",80
6861,2025-08-23,IVL_2025_summer_playoffs,choai,xiaod,huac,nanako,xingh,2,,"2025IVL夏季赛季后赛.xlsx",81
6862,2025-08-23,IVL_2025_summer_playoffs,choai,xiaod,huac,nanako,xingh,1,1,"2025IVL夏季赛季后赛.xlsx",82
6863,2025-08-23,IVL_2025_summer_playoffs,bailu,dking,jelly,487,xmx,3,0,"2025IVL夏季赛季后赛.xlsx",83
6864,2025-08-23,IVL_2025_summer_playoffs,bailu,dking,jelly,487,xmx,2,,"2025IVL夏季赛季后赛.xlsx",84
6865,2025-08-23,IVL_2025_summer_playoffs,choai,xiaod,huac,nanako,xingh,2,,"2025IVL夏季赛季后赛.xlsx",85
6866,2025-08-24,IVL_2025_summer_playoffs,choai,persica,guoker,koting,huiyi,1,1,"2025IVL夏季赛季后赛.xlsx",86
6867,2025-08-24,IVL_2025_summer_playoffs,n1e,dking,jelly,487,xmx,2,,"2025IVL夏季赛季后赛.xlsx",87
6868,2025-08-24,IVL_2025_summer_playoffs,n1e,dking,jelly,487,xmx,1,1,"2025IVL夏季赛季后赛.xlsx",88
6869,2025-08-24,IVL_2025_summer_playoffs,choai,persica,guoker,koting,huiyi,2,,"2025IVL夏季赛季后赛.xlsx",89
6870,2025-08-24,IVL_2025_summer_playoffs,choai,persica,guoker,koting,huiyi,2,,"2025IVL夏季赛季后赛.xlsx",90
6871,2025-08-24,IVL_2025_summer_playoffs,n1e,dking,jelly,487,xmx,2,,"2025IVL夏季赛季后赛.xlsx",91
6872,2025-08-24,IVL_2025_summer_playoffs,n1e,dking,jelly,487,xmx,3,0,"2025IVL夏季赛季后赛.xlsx",92
6873,2025-08-24,IVL_2025_summer_playoffs,choai,persica,guoker,koting,huiyi,3,0,"2025IVL夏季赛季后赛.xlsx",93
6874,2025-08-24,IVL_2025_summer_playoffs,n1e,dking,jelly,487,xmx,3,0,"2025IVL夏季赛季后赛.xlsx",94
6875,2025-08-24,IVL_2025_summer_playoffs,choai,persica,guoker,koting,huiyi,0,1,"2025IVL夏季赛季后赛.xlsx",95
6876,2025-10-02,IVL_2025_fall_regular,n1e,tian,jelly,487,xmx,3,0,"2025IVL秋季赛常规赛.xlsx",0
6877,2025-10-02,IVL_2025_fall_regular,choai,huiyi,persica,guoker,koting,3,0,"2025IVL秋季赛常规赛.xlsx",1
6878,2025-10-02,IVL_2025_fall_regular,choai,huiyi,persica,koting,guoker,1,1,"2025IVL秋季赛常规赛.xlsx",2
6879,2025-10-02,IVL_2025_fall_regular,n1e,jelly,xmx,tian,487,2,,"2025IVL秋季赛常规赛.xlsx",3
6880,2025-10-02,IVL_2025_fall_regular,n1e,jelly,xmx,tian,487,2,,"2025IVL秋季赛常规赛.xlsx",4
6881,2025-10-02,IVL_2025_fall_regular,yeyv,huiyi,guoker,persica,koting,2,,"2025IVL秋季赛常规赛.xlsx",5
6882,2025-10-02,IVL_2025_fall_regular,bailu,ppz,18,kucao,ppxia,3,0,"2025IVL秋季赛常规赛.xlsx",6
6883,2025-10-02,IVL_2025_fall_regular,qiu,xiaox,huac,nanako,xiaod,2,,"2025IVL秋季赛常规赛.xlsx",7
6884,2025-10-02,IVL_2025_fall_regular,xawm,xiaox,huac,nanako,xiaod,2,,"2025IVL秋季赛常规赛.xlsx",8
6885,2025-10-02,IVL_2025_fall_regular,bailu,ppz,18,kucao,ppxia,0,1,"2025IVL秋季赛常规赛.xlsx",9
6886,2025-10-02,IVL_2025_fall_regular,xawm,xiaox,huac,nanako,xiaod,2,,"2025IVL秋季赛常规赛.xlsx",10
6887,2025-10-02,IVL_2025_fall_regular,bailu,ppz,18,kucao,ppxia,1,1,"2025IVL秋季赛常规赛.xlsx",11
6888,2025-10-02,IVL_2025_fall_regular,dongx,ac,heart,red,ak,2,,"2025IVL秋季赛常规赛.xlsx",12
6889,2025-10-02,IVL_2025_fall_regular,jin,stian,yuan,lin,yihua,0,1,"2025IVL秋季赛常规赛.xlsx",13
6890,2025-10-02,IVL_2025_fall_regular,dongx,ac,heart,red,ak,2,,"2025IVL秋季赛常规赛.xlsx",14
6891,2025-10-02,IVL_2025_fall_regular,jin,stian,yuan,lin,yihua,2,,"2025IVL秋季赛常规赛.xlsx",15
6892,2025-10-02,IVL_2025_fall_regular,dongx,ac,heart,red,ak,2,,"2025IVL秋季赛常规赛.xlsx",16
6893,2025-10-02,IVL_2025_fall_regular,jin,stian,yuan,lin,yihua,1,1,"2025IVL秋季赛常规赛.xlsx",17
6894,2025-10-03,IVL_2025_fall_regular,mhxm,drop,maom,libao,tao,0,1,"2025IVL秋季赛常规赛.xlsx",18
6895,2025-10-03,IVL_2025_fall_regular,ppei,czai,chen,nan,silverzhi,2,,"2025IVL秋季赛常规赛.xlsx",19
6896,2025-10-03,IVL_2025_fall_regular,mhxm,maom,drop,libao,tao,0,1,"2025IVL秋季赛常规赛.xlsx",20
6897,2025-10-03,IVL_2025_fall_regular,ppei,czai,nan,chen,silverzhi,0,1,"2025IVL秋季赛常规赛.xlsx",21
6898,2025-10-03,IVL_2025_fall_regular,suda,czai,nan,chen,silverzhi,2,,"2025IVL秋季赛常规赛.xlsx",22
6899,2025-10-03,IVL_2025_fall_regular,mhxm,libao,maom,tao,drop,3,0,"2025IVL秋季赛常规赛.xlsx",23
6900,2025-10-03,IVL_2025_fall_regular,tzym,eleven,gougou,xy,xmiao5,2,,"2025IVL秋季赛常规赛.xlsx",24
6901,2025-10-03,IVL_2025_fall_regular,zz9,lancelot,leil,lion,unicorn,0,1,"2025IVL秋季赛常规赛.xlsx",25
6902,2025-10-03,IVL_2025_fall_regular,tzym,eleven,gougou,xy,xmiao5,3,0,"2025IVL秋季赛常规赛.xlsx",26
6903,2025-10-03,IVL_2025_fall_regular,zz9,lancelot,leil,lion,unicorn,0,1,"2025IVL秋季赛常规赛.xlsx",27
6904,2025-10-03,IVL_2025_fall_regular,choai,xiaox,huac,nanako,xiaod,2,,"2025IVL秋季赛常规赛.xlsx",28
6905,2025-10-03,IVL_2025_fall_regular,bailu,tian,jelly,487,xmx,0,1,"2025IVL秋季赛常规赛.xlsx",29
6906,2025-10-03,IVL_2025_fall_regular,yeyv,xiaox,huac,nanako,xiaod,3,0,"2025IVL秋季赛常规赛.xlsx",30
6907,2025-10-03,IVL_2025_fall_regular,bailu,tian,jelly,487,xmx,2,,"2025IVL秋季赛常规赛.xlsx",31
6908,2025-10-04,IVL_2025_fall_regular,dongx,czai,chen,nan,silverzhi,2,,"2025IVL秋季赛常规赛.xlsx",32
6909,2025-10-04,IVL_2025_fall_regular,mhxm,stian,yuan,lin,yihua,0,1,"2025IVL秋季赛常规赛.xlsx",33
6910,2025-10-04,IVL_2025_fall_regular,mhxm,stian,yuan,lin,yihua,1,1,"2025IVL秋季赛常规赛.xlsx",34
6911,2025-10-04,IVL_2025_fall_regular,dongx,czai,chen,nan,silverzhi,1,1,"2025IVL秋季赛常规赛.xlsx",35
6912,2025-10-04,IVL_2025_fall_regular,dongx,czai,chen,nan,silverzhi,1,1,"2025IVL秋季赛常规赛.xlsx",36
6913,2025-10-04,IVL_2025_fall_regular,yan,stian,yuan,lin,yihua,0,1,"2025IVL秋季赛常规赛.xlsx",37
6914,2025-10-04,IVL_2025_fall_regular,xawm,koting,guoker,huiyi,persica,2,,"2025IVL秋季赛常规赛.xlsx",38
6915,2025-10-04,IVL_2025_fall_regular,n1e,ppz,18,kucao,ppxia,1,1,"2025IVL秋季赛常规赛.xlsx",39
6916,2025-10-04,IVL_2025_fall_regular,n1e,ppz,18,kucao,ppxia,2,,"2025IVL秋季赛常规赛.xlsx",40
6917,2025-10-04,IVL_2025_fall_regular,qiu,koting,guoker,huiyi,persica,3,0,"2025IVL秋季赛常规赛.xlsx",41
6918,2025-10-04,IVL_2025_fall_regular,zz9,drop,maom,libao,lconfid,3,0,"2025IVL秋季赛常规赛.xlsx",42
6919,2025-10-04,IVL_2025_fall_regular,ppei,eleven,gougou,xy,xmiao5,2,,"2025IVL秋季赛常规赛.xlsx",43
6920,2025-10-04,IVL_2025_fall_regular,ppei,eleven,gougou,xy,xmiao5,3,0,"2025IVL秋季赛常规赛.xlsx",44
6921,2025-10-04,IVL_2025_fall_regular,zz9,drop,maom,libao,lconfid,3,0,"2025IVL秋季赛常规赛.xlsx",45
6922,2025-10-04,IVL_2025_fall_regular,suda,eleven,gougou,xy,xmiao5,2,,"2025IVL秋季赛常规赛.xlsx",46
6923,2025-10-04,IVL_2025_fall_regular,zz9,drop,maom,libao,lconfid,3,0,"2025IVL秋季赛常规赛.xlsx",47
6924,2025-10-05,IVL_2025_fall_regular,jin,lancelot,leil,lion,unicorn,0,1,"2025IVL秋季赛常规赛.xlsx",48
6925,2025-10-05,IVL_2025_fall_regular,tzym,ac,heart,red,ak,1,1,"2025IVL秋季赛常规赛.xlsx",49
6926,2025-10-05,IVL_2025_fall_regular,jin,lancelot,leil,lion,unicorn,1,1,"2025IVL秋季赛常规赛.xlsx",50
6927,2025-10-05,IVL_2025_fall_regular,tzym,ac,heart,red,ak,2,,"2025IVL秋季赛常规赛.xlsx",51
6928,2025-10-05,IVL_2025_fall_regular,xawm,tian,jelly,487,xmx,2,,"2025IVL秋季赛常规赛.xlsx",52
6929,2025-10-05,IVL_2025_fall_regular,choai,ppz,18,kucao,ppxia,2,,"2025IVL秋季赛常规赛.xlsx",53
6930,2025-10-05,IVL_2025_fall_regular,choai,ppz,18,kucao,ppxia,3,0,"2025IVL秋季赛常规赛.xlsx",54
6931,2025-10-05,IVL_2025_fall_regular,xawm,tian,jelly,487,xmx,2,,"2025IVL秋季赛常规赛.xlsx",55
6932,2025-10-05,IVL_2025_fall_regular,xawm,tian,jelly,487,xmx,2,,"2025IVL秋季赛常规赛.xlsx",56
6933,2025-10-05,IVL_2025_fall_regular,choai,ppz,18,kucao,ppxia,2,,"2025IVL秋季赛常规赛.xlsx",57
6934,2025-10-05,IVL_2025_fall_regular,suda,koting,guoker,huiyi,persica,1,1,"2025IVL秋季赛常规赛.xlsx",58
6935,2025-10-05,IVL_2025_fall_regular,n1e,drop,maom,libao,lconfid,0,1,"2025IVL秋季赛常规赛.xlsx",59
6936,2025-10-05,IVL_2025_fall_regular,n1e,drop,maom,libao,lconfid,1,1,"2025IVL秋季赛常规赛.xlsx",60
6937,2025-10-05,IVL_2025_fall_regular,ppei,koting,guoker,huiyi,persica,2,,"2025IVL秋季赛常规赛.xlsx",61
6938,2025-10-06,IVL_2025_fall_regular,bailu,czai,chen,nan,silverzhi,0,1,"2025IVL秋季赛常规赛.xlsx",62
6939,2025-10-06,IVL_2025_fall_regular,mhxm,xiaox,huac,nanako,xiaod,3,0,"2025IVL秋季赛常规赛.xlsx",63
6940,2025-10-06,IVL_2025_fall_regular,bailu,czai,chen,nan,silverzhi,2,,"2025IVL秋季赛常规赛.xlsx",64
6941,2025-10-06,IVL_2025_fall_regular,mhxm,xiaox,huac,nanako,xiaod,0,1,"2025IVL秋季赛常规赛.xlsx",65
6942,2025-10-06,IVL_2025_fall_regular,yan,xiaox,huac,nanako,xiaod,3,0,"2025IVL秋季赛常规赛.xlsx",66
6943,2025-10-06,IVL_2025_fall_regular,bailu,czai,chen,nan,silverzhi,0,1,"2025IVL秋季赛常规赛.xlsx",67
6944,2025-10-06,IVL_2025_fall_regular,zz9,ac,heart,red,ak,1,1,"2025IVL秋季赛常规赛.xlsx",68
6945,2025-10-06,IVL_2025_fall_regular,jin,eleven,gougou,xy,xmiao5,2,,"2025IVL秋季赛常规赛.xlsx",69
6946,2025-10-06,IVL_2025_fall_regular,jin,eleven,gougou,xy,xmiao5,0,1,"2025IVL秋季赛常规赛.xlsx",70
6947,2025-10-06,IVL_2025_fall_regular,zz9,ac,heart,red,ak,3,0,"2025IVL秋季赛常规赛.xlsx",71
6948,2025-10-06,IVL_2025_fall_regular,jin,eleven,gougou,xy,xmiao5,2,,"2025IVL秋季赛常规赛.xlsx",72
6949,2025-10-06,IVL_2025_fall_regular,zz9,ac,heart,red,ak,3,0,"2025IVL秋季赛常规赛.xlsx",73
6950,2025-10-06,IVL_2025_fall_regular,dongx,lancelot,leil,lion,unicorn,2,,"2025IVL秋季赛常规赛.xlsx",74
6951,2025-10-06,IVL_2025_fall_regular,ali,stian,yuan,lin,yihua,3,0,"2025IVL秋季赛常规赛.xlsx",75
6952,2025-10-06,IVL_2025_fall_regular,dongx,lancelot,leil,lion,unicorn,2,,"2025IVL秋季赛常规赛.xlsx",76
6953,2025-10-06,IVL_2025_fall_regular,ali,stian,yuan,lin,yihua,3,0,"2025IVL秋季赛常规赛.xlsx",77
6954,2025-10-10,IVL_2025_fall_regular,bailu,ac,heart,red,ak,2,,"2025IVL秋季赛常规赛.xlsx",78
6955,2025-10-10,IVL_2025_fall_regular,jin,xiaox,huac,nanako,xiaod,1,1,"2025IVL秋季赛常规赛.xlsx",79
6956,2025-10-10,IVL_2025_fall_regular,bailu,ac,heart,red,ak,2,,"2025IVL秋季赛常规赛.xlsx",80
6957,2025-10-10,IVL_2025_fall_regular,jin,xiaox,huac,nanako,xiaod,3,0,"2025IVL秋季赛常规赛.xlsx",81
6958,2025-10-10,IVL_2025_fall_regular,bailu,ac,heart,red,ak,3,0,"2025IVL秋季赛常规赛.xlsx",82
6959,2025-10-10,IVL_2025_fall_regular,jin,xiaox,huac,nanako,xiaod,3,0,"2025IVL秋季赛常规赛.xlsx",83
6960,2025-10-10,IVL_2025_fall_regular,jin,xiaox,huac,nanako,xiaod,2,,"2025IVL秋季赛常规赛.xlsx",84
6961,2025-10-10,IVL_2025_fall_regular,bailu,ac,heart,red,ak,2,,"2025IVL秋季赛常规赛.xlsx",85
6962,2025-10-10,IVL_2025_fall_regular,dongx,koting,guoker,huiyi,persica,1,1,"2025IVL秋季赛常规赛.xlsx",86
6963,2025-10-10,IVL_2025_fall_regular,n1e,stian,yuan,lin,yihua,2,,"2025IVL秋季赛常规赛.xlsx",87
6964,2025-10-10,IVL_2025_fall_regular,n1e,stian,yuan,lin,yihua,1,1,"2025IVL秋季赛常规赛.xlsx",88
6965,2025-10-10,IVL_2025_fall_regular,dongx,koting,guoker,huiyi,persica,3,0,"2025IVL秋季赛常规赛.xlsx",89
6966,2025-10-10,IVL_2025_fall_regular,dongx,koting,guoker,huiyi,persica,2,,"2025IVL秋季赛常规赛.xlsx",90
6967,2025-10-10,IVL_2025_fall_regular,n1e,stian,yuan,lin,yihua,3,0,"2025IVL秋季赛常规赛.xlsx",91
6968,2025-10-10,IVL_2025_fall_regular,mhxm,tian,jelly,487,xmx,0,1,"2025IVL秋季赛常规赛.xlsx",92
6969,2025-10-10,IVL_2025_fall_regular,choai,czai,chen,nan,silverzhi,0,1,"2025IVL秋季赛常规赛.xlsx",93
6970,2025-10-10,IVL_2025_fall_regular,yeyv,czai,chen,nan,silverzhi,2,,"2025IVL秋季赛常规赛.xlsx",94
6971,2025-10-10,IVL_2025_fall_regular,mhxm,tian,jelly,487,xmx,3,0,"2025IVL秋季赛常规赛.xlsx",95
6972,2025-10-10,IVL_2025_fall_regular,choai,czai,chen,nan,silverzhi,2,,"2025IVL秋季赛常规赛.xlsx",96
6973,2025-10-10,IVL_2025_fall_regular,yan,tian,jelly,487,xmx,4,0,"2025IVL秋季赛常规赛.xlsx",97
6974,2025-10-11,IVL_2025_fall_regular,xawm,eleven,gougou,xy,xmiao5,2,,"2025IVL秋季赛常规赛.xlsx",98
6975,2025-10-11,IVL_2025_fall_regular,zz9,ppz,18,kucao,ppxia,2,,"2025IVL秋季赛常规赛.xlsx",99
6976,2025-10-11,IVL_2025_fall_regular,qiu,eleven,gougou,xy,xmiao5,1,1,"2025IVL秋季赛常规赛.xlsx",100
6977,2025-10-11,IVL_2025_fall_regular,zz9,ppz,18,kucao,ppxia,1,1,"2025IVL秋季赛常规赛.xlsx",101
6978,2025-10-11,IVL_2025_fall_regular,xawm,eleven,gougou,xy,xmiao5,0,1,"2025IVL秋季赛常规赛.xlsx",102
6979,2025-10-11,IVL_2025_fall_regular,zz9,ppz,18,kucao,ppxia,3,0,"2025IVL秋季赛常规赛.xlsx",103
6980,2025-10-11,IVL_2025_fall_regular,dongx,xiaox,huac,nanako,xiaod,3,0,"2025IVL秋季赛常规赛.xlsx",104
6981,2025-10-11,IVL_2025_fall_regular,bailu,stian,yuan,lin,yihua,0,1,"2025IVL秋季赛常规赛.xlsx",105
6982,2025-10-11,IVL_2025_fall_regular,bailu,stian,yuan,lin,yihua,0,1,"2025IVL秋季赛常规赛.xlsx",106
6983,2025-10-11,IVL_2025_fall_regular,dongx,xiaox,huac,nanako,xiaod,3,0,"2025IVL秋季赛常规赛.xlsx",107
6984,2025-10-11,IVL_2025_fall_regular,ppei,tian,jelly,487,xmx,2,,"2025IVL秋季赛常规赛.xlsx",108
6985,2025-10-11,IVL_2025_fall_regular,choai,drop,maom,libao,wei,0,1,"2025IVL秋季赛常规赛.xlsx",109
6986,2025-10-11,IVL_2025_fall_regular,yeyv,drop,maom,libao,wei,2,,"2025IVL秋季赛常规赛.xlsx",110
6987,2025-10-11,IVL_2025_fall_regular,ppei,tian,jelly,487,xmx,2,,"2025IVL秋季赛常规赛.xlsx",111
6988,2025-10-11,IVL_2025_fall_regular,choai,drop,maom,libao,wei,0,1,"2025IVL秋季赛常规赛.xlsx",112
6989,2025-10-11,IVL_2025_fall_regular,suda,tian,jelly,487,xmx,1,1,"2025IVL秋季赛常规赛.xlsx",113
6990,2025-10-12,IVL_2025_fall_regular,n1e,eleven,gougou,xy,xmiao5,1,1,"2025IVL秋季赛常规赛.xlsx",114
6991,2025-10-12,IVL_2025_fall_regular,zz9,koting,guoker,huiyi,persica,2,,"2025IVL秋季赛常规赛.xlsx",115
6992,2025-10-12,IVL_2025_fall_regular,zz9,koting,guoker,huiyi,persica,3,0,"2025IVL秋季赛常规赛.xlsx",116
6993,2025-10-12,IVL_2025_fall_regular,n1e,eleven,gougou,xy,xmiao5,2,,"2025IVL秋季赛常规赛.xlsx",117
6994,2025-10-12,IVL_2025_fall_regular,ppei,lancelot,leil,lion,unicorn,1,1,"2025IVL秋季赛常规赛.xlsx",118
6995,2025-10-12,IVL_2025_fall_regular,ali,drop,maom,libao,wei,1,1,"2025IVL秋季赛常规赛.xlsx",119
6996,2025-10-12,IVL_2025_fall_regular,ali,drop,maom,libao,wei,2,,"2025IVL秋季赛常规赛.xlsx",120
6997,2025-10-12,IVL_2025_fall_regular,ppei,lancelot,leil,lion,unicorn,3,0,"2025IVL秋季赛常规赛.xlsx",121
6998,2025-10-12,IVL_2025_fall_regular,suda,lancelot,leil,lion,unicorn,4,0,"2025IVL秋季赛常规赛.xlsx",122
6999,2025-10-12,IVL_2025_fall_regular,ali,drop,maom,libao,wei,0,1,"2025IVL秋季赛常规赛.xlsx",123
7000,2025-10-12,IVL_2025_fall_regular,xawm,ac,heart,red,ak,2,,"2025IVL秋季赛常规赛.xlsx",124
7001,2025-10-12,IVL_2025_fall_regular,jin,ppz,18,kucao,ppxia,0,1,"2025IVL秋季赛常规赛.xlsx",125
7002,2025-10-12,IVL_2025_fall_regular,jin,ppz,18,kucao,ppxia,1,1,"2025IVL秋季赛常规赛.xlsx",126
7003,2025-10-12,IVL_2025_fall_regular,qiu,ac,heart,red,ak,2,,"2025IVL秋季赛常规赛.xlsx",127
7004,2025-10-17,IVL_2025_fall_regular,ali,czai,chen,nan,silverzhi,2,,"2025IVL秋季赛常规赛.xlsx",128
7005,2025-10-17,IVL_2025_fall_regular,mhxm,lancelot,leil,lion,unicorn,2,,"2025IVL秋季赛常规赛.xlsx",129
7006,2025-10-17,IVL_2025_fall_regular,ali,czai,chen,nan,silverzhi,2,,"2025IVL秋季赛常规赛.xlsx",130
7007,2025-10-17,IVL_2025_fall_regular,mhxm,lancelot,leil,lion,unicorn,0,1,"2025IVL秋季赛常规赛.xlsx",131
7008,2025-10-17,IVL_2025_fall_regular,ali,czai,chen,nan,silverzhi,3,0,"2025IVL秋季赛常规赛.xlsx",132
7009,2025-10-17,IVL_2025_fall_regular,yan,lancelot,leil,lion,unicorn,0,1,"2025IVL秋季赛常规赛.xlsx",133
7010,2025-10-17,IVL_2025_fall_regular,dongx,tian,jelly,487,xmx,0,1,"2025IVL秋季赛常规赛.xlsx",134
7011,2025-10-17,IVL_2025_fall_regular,choai,stian,yuan,lin,yihua,1,1,"2025IVL秋季赛常规赛.xlsx",135
7012,2025-10-17,IVL_2025_fall_regular,yeyv,stian,yuan,lin,yihua,2,,"2025IVL秋季赛常规赛.xlsx",136
7013,2025-10-17,IVL_2025_fall_regular,dongx,tian,jelly,487,xmx,2,,"2025IVL秋季赛常规赛.xlsx",137
7014,2025-10-17,IVL_2025_fall_regular,yeyv,stian,yuan,lin,yihua,1,1,"2025IVL秋季赛常规赛.xlsx",138
7015,2025-10-17,IVL_2025_fall_regular,dongx,tian,jelly,487,xmx,4,0,"2025IVL秋季赛常规赛.xlsx",139
7016,2025-10-17,IVL_2025_fall_regular,zz9,xiaox,huac,nanako,xiaod,1,1,"2025IVL秋季赛常规赛.xlsx",140
7017,2025-10-17,IVL_2025_fall_regular,bailu,eleven,gougou,xy,xmiao5,1,1,"2025IVL秋季赛常规赛.xlsx",141
7018,2025-10-17,IVL_2025_fall_regular,zz9,xiaox,huac,nanako,xiaod,2,,"2025IVL秋季赛常规赛.xlsx",142
7019,2025-10-17,IVL_2025_fall_regular,bailu,eleven,gougou,xy,xmiao5,2,,"2025IVL秋季赛常规赛.xlsx",143
7020,2025-10-17,IVL_2025_fall_regular,bailu,eleven,gougou,xy,xmiao5,1,1,"2025IVL秋季赛常规赛.xlsx",144
7021,2025-10-17,IVL_2025_fall_regular,zz9,xiaox,huac,nanako,xiaod,2,,"2025IVL秋季赛常规赛.xlsx",145
7022,2025-10-18,IVL_2025_fall_regular,ppei,ppz,18,kucao,ppxia,1,1,"2025IVL秋季赛常规赛.xlsx",146
7023,2025-10-18,IVL_2025_fall_regular,qiu,drop,maom,libao,lconfid,2,,"2025IVL秋季赛常规赛.xlsx",147
7024,2025-10-18,IVL_2025_fall_regular,xawm,drop,maom,libao,lconfid,2,,"2025IVL秋季赛常规赛.xlsx",148
7025,2025-10-18,IVL_2025_fall_regular,ppei,ppz,18,kucao,ppxia,2,,"2025IVL秋季赛常规赛.xlsx",149
7026,2025-10-18,IVL_2025_fall_regular,xawm,drop,maom,libao,lconfid,2,,"2025IVL秋季赛常规赛.xlsx",150
7027,2025-10-18,IVL_2025_fall_regular,suda,ppz,18,kucao,ppxia,0,1,"2025IVL秋季赛常规赛.xlsx",151
7028,2025-10-18,IVL_2025_fall_regular,jin,czai,chen,nan,silverzhi,2,,"2025IVL秋季赛常规赛.xlsx",152
7029,2025-10-18,IVL_2025_fall_regular,mhxm,ac,heart,red,ak,1,1,"2025IVL秋季赛常规赛.xlsx",153
7030,2025-10-18,IVL_2025_fall_regular,jin,czai,chen,nan,silverzhi,1,1,"2025IVL秋季赛常规赛.xlsx",154
7031,2025-10-18,IVL_2025_fall_regular,mhxm,ac,heart,red,ak,2,,"2025IVL秋季赛常规赛.xlsx",155
7032,2025-10-18,IVL_2025_fall_regular,mhxm,ac,heart,red,ak,3,0,"2025IVL秋季赛常规赛.xlsx",156
7033,2025-10-18,IVL_2025_fall_regular,jin,czai,chen,nan,silverzhi,1,1,"2025IVL秋季赛常规赛.xlsx",157
7034,2025-10-18,IVL_2025_fall_regular,n1e,lancelot,leil,lion,unicorn,2,,"2025IVL秋季赛常规赛.xlsx",158
7035,2025-10-18,IVL_2025_fall_regular,tzym,koting,guoker,huiyi,persica,3,0,"2025IVL秋季赛常规赛.xlsx",159
7036,2025-10-18,IVL_2025_fall_regular,tzym,koting,guoker,huiyi,persica,2,,"2025IVL秋季赛常规赛.xlsx",160
7037,2025-10-18,IVL_2025_fall_regular,n1e,lancelot,leil,lion,unicorn,0,1,"2025IVL秋季赛常规赛.xlsx",161
7038,2025-10-19,IVL_2025_fall_regular,jin,tian,jelly,487,xmx,0,1,"2025IVL秋季赛常规赛.xlsx",162
7039,2025-10-19,IVL_2025_fall_regular,choai,ac,heart,red,ak,2,,"2025IVL秋季赛常规赛.xlsx",163
7040,2025-10-19,IVL_2025_fall_regular,yeyv,ac,heart,red,ak,1,1,"2025IVL秋季赛常规赛.xlsx",164
7041,2025-10-19,IVL_2025_fall_regular,jin,tian,jelly,487,xmx,0,1,"2025IVL秋季赛常规赛.xlsx",165
7042,2025-10-19,IVL_2025_fall_regular,n1e,xiaox,huac,nanako,xiaod,3,0,"2025IVL秋季赛常规赛.xlsx",166
7043,2025-10-19,IVL_2025_fall_regular,bailu,koting,guoker,huiyi,persica,2,,"2025IVL秋季赛常规赛.xlsx",167
7044,2025-10-19,IVL_2025_fall_regular,bailu,koting,guoker,huiyi,persica,0,1,"2025IVL秋季赛常规赛.xlsx",168
7045,2025-10-19,IVL_2025_fall_regular,n1e,xiaox,huac,nanako,xiaod,2,,"2025IVL秋季赛常规赛.xlsx",169
7046,2025-10-19,IVL_2025_fall_regular,qiu,lancelot,leil,lion,unicorn,1,1,"2025IVL秋季赛常规赛.xlsx",170
7047,2025-10-19,IVL_2025_fall_regular,ali,ppz,18,kucao,ppxia,3,0,"2025IVL秋季赛常规赛.xlsx",171
7048,2025-10-19,IVL_2025_fall_regular,xawm,lancelot,leil,lion,unicorn,1,1,"2025IVL秋季赛常规赛.xlsx",172
7049,2025-10-19,IVL_2025_fall_regular,tzym,ppz,18,kucao,ppxia,4,0,"2025IVL秋季赛常规赛.xlsx",173
7050,2025-10-24,IVL_2025_fall_regular,zz9,czai,chen,nan,silverzhi,2,,"2025IVL秋季赛常规赛.xlsx",174
7051,2025-10-24,IVL_2025_fall_regular,mhxm,eleven,gougou,xy,xmiao5,1,1,"2025IVL秋季赛常规赛.xlsx",175
7052,2025-10-24,IVL_2025_fall_regular,zz9,czai,chen,nan,silverzhi,1,1,"2025IVL秋季赛常规赛.xlsx",176
7053,2025-10-24,IVL_2025_fall_regular,mhxm,eleven,gougou,xy,xmiao5,3,0,"2025IVL秋季赛常规赛.xlsx",177
7054,2025-10-24,IVL_2025_fall_regular,mhxm,eleven,gougou,xy,xmiao5,0,1,"2025IVL秋季赛常规赛.xlsx",178
7055,2025-10-24,IVL_2025_fall_regular,zz9,czai,chen,nan,silverzhi,1,1,"2025IVL秋季赛常规赛.xlsx",179
7056,2025-10-24,IVL_2025_fall_regular,dongx,drop,maom,libao,lconfid,2,,"2025IVL秋季赛常规赛.xlsx",180
7057,2025-10-24,IVL_2025_fall_regular,ppei,stian,yuan,lin,yihua,2,,"2025IVL秋季赛常规赛.xlsx",181
7058,2025-10-24,IVL_2025_fall_regular,dongx,drop,maom,libao,lconfid,3,0,"2025IVL秋季赛常规赛.xlsx",182
7059,2025-10-24,IVL_2025_fall_regular,ppei,stian,yuan,lin,yihua,0,1,"2025IVL秋季赛常规赛.xlsx",183
7060,2025-10-24,IVL_2025_fall_regular,dongx,drop,maom,libao,lconfid,2,,"2025IVL秋季赛常规赛.xlsx",184
7061,2025-10-24,IVL_2025_fall_regular,suda,stian,yuan,lin,yihua,2,,"2025IVL秋季赛常规赛.xlsx",185
7062,2025-10-24,IVL_2025_fall_regular,jin,koting,guoker,huiyi,persica,1,1,"2025IVL秋季赛常规赛.xlsx",186
7063,2025-10-24,IVL_2025_fall_regular,n1e,ac,heart,red,ak,2,,"2025IVL秋季赛常规赛.xlsx",187
7064,2025-10-24,IVL_2025_fall_regular,n1e,ac,heart,red,ak,2,,"2025IVL秋季赛常规赛.xlsx",188
7065,2025-10-24,IVL_2025_fall_regular,jin,koting,guoker,huiyi,persica,0,1,"2025IVL秋季赛常规赛.xlsx",189
7066,2025-10-25,IVL_2025_fall_regular,littlie,tian,jelly,487,xmx,2,,"2025IVL秋季赛常规赛.xlsx",190
7067,2025-10-25,IVL_2025_fall_regular,choai,lancelot,leil,lion,unicorn,2,,"2025IVL秋季赛常规赛.xlsx",191
7068,2025-10-25,IVL_2025_fall_regular,choai,lancelot,leil,lion,unicorn,3,0,"2025IVL秋季赛常规赛.xlsx",192
7069,2025-10-25,IVL_2025_fall_regular,tzym,tian,jelly,487,xmx,3,0,"2025IVL秋季赛常规赛.xlsx",193
7070,2025-10-25,IVL_2025_fall_regular,tzym,tian,jelly,487,xmx,2,,"2025IVL秋季赛常规赛.xlsx",194
7071,2025-10-25,IVL_2025_fall_regular,choai,lancelot,leil,lion,unicorn,2,,"2025IVL秋季赛常规赛.xlsx",195
7072,2025-10-25,IVL_2025_fall_regular,tzym,tian,jelly,487,xmx,2,,"2025IVL秋季赛常规赛.xlsx",196
7073,2025-10-25,IVL_2025_fall_regular,choai,lancelot,leil,lion,unicorn,0,1,"2025IVL秋季赛常规赛.xlsx",197
7074,2025-10-25,IVL_2025_fall_regular,bailu,drop,maom,libao,lconfid,1,1,"2025IVL秋季赛常规赛.xlsx",198
7075,2025-10-25,IVL_2025_fall_regular,ppei,xiaox,huac,nanako,xiaod,0,1,"2025IVL秋季赛常规赛.xlsx",199
7076,2025-10-25,IVL_2025_fall_regular,bailu,drop,maom,libao,lconfid,2,,"2025IVL秋季赛常规赛.xlsx",200
7077,2025-10-25,IVL_2025_fall_regular,ppei,xiaox,huac,nanako,xiaod,1,1,"2025IVL秋季赛常规赛.xlsx",201
7078,2025-10-25,IVL_2025_fall_regular,mhxm,ppz,18,kucao,ppxia,3,0,"2025IVL秋季赛常规赛.xlsx",202
7079,2025-10-25,IVL_2025_fall_regular,qiu,czai,chen,nan,silverzhi,2,,"2025IVL秋季赛常规赛.xlsx",203
7080,2025-10-25,IVL_2025_fall_regular,xawm,czai,chen,nan,silverzhi,2,,"2025IVL秋季赛常规赛.xlsx",204
7081,2025-10-25,IVL_2025_fall_regular,mhxm,ppz,18,kucao,ppxia,0,1,"2025IVL秋季赛常规赛.xlsx",205
7082,2025-10-25,IVL_2025_fall_regular,xawm,czai,chen,nan,silverzhi,2,,"2025IVL秋季赛常规赛.xlsx",206
7083,2025-10-25,IVL_2025_fall_regular,yan,ppz,18,kucao,ppxia,3,0,"2025IVL秋季赛常规赛.xlsx",207
7084,2025-10-26,IVL_2025_fall_regular,dongx,eleven,gougou,xy,xmiao5,2,,"2025IVL秋季赛常规赛.xlsx",208
7085,2025-10-26,IVL_2025_fall_regular,zz9,stian,yuan,lin,yihua,1,1,"2025IVL秋季赛常规赛.xlsx",209
7086,2025-10-26,IVL_2025_fall_regular,dongx,eleven,gougou,xy,xmiao5,2,,"2025IVL秋季赛常规赛.xlsx",210
7087,2025-10-26,IVL_2025_fall_regular,zz9,stian,yuan,lin,yihua,0,1,"2025IVL秋季赛常规赛.xlsx",211
7088,2025-10-26,IVL_2025_fall_regular,n1e,czai,chen,nan,silverzhi,0,1,"2025IVL秋季赛常规赛.xlsx",212
7089,2025-10-26,IVL_2025_fall_regular,mhxm,koting,guoker,huiyi,persica,2,,"2025IVL秋季赛常规赛.xlsx",213
7090,2025-10-26,IVL_2025_fall_regular,n1e,czai,chen,nan,silverzhi,2,,"2025IVL秋季赛常规赛.xlsx",214
7091,2025-10-26,IVL_2025_fall_regular,mhxm,koting,guoker,huiyi,persica,1,1,"2025IVL秋季赛常规赛.xlsx",215
7092,2025-10-26,IVL_2025_fall_regular,n1e,czai,chen,nan,silverzhi,0,1,"2025IVL秋季赛常规赛.xlsx",216
7093,2025-10-26,IVL_2025_fall_regular,mhxm,koting,guoker,huiyi,persica,2,,"2025IVL秋季赛常规赛.xlsx",217
7094,2025-10-26,IVL_2025_fall_regular,littlie,xiaox,huac,nanako,xiaod,2,,"2025IVL秋季赛常规赛.xlsx",218
7095,2025-10-26,IVL_2025_fall_regular,bailu,lancelot,leil,lion,unicorn,1,1,"2025IVL秋季赛常规赛.xlsx",219
7096,2025-10-26,IVL_2025_fall_regular,ali,xiaox,huac,nanako,xiaod,2,,"2025IVL秋季赛常规赛.xlsx",220
7097,2025-10-26,IVL_2025_fall_regular,bailu,lancelot,leil,lion,unicorn,1,1,"2025IVL秋季赛常规赛.xlsx",221
7098,2025-10-31,IVL_2025_fall_regular,zz9,tian,jelly,487,xmx,3,0,"2025IVL秋季赛常规赛.xlsx",222
7099,2025-10-31,IVL_2025_fall_regular,choai,eleven,gougou,xy,xmiao5,2,,"2025IVL秋季赛常规赛.xlsx",223
7100,2025-10-31,IVL_2025_fall_regular,yeyv,eleven,gougou,xy,xmiao5,3,0,"2025IVL秋季赛常规赛.xlsx",224
7101,2025-10-31,IVL_2025_fall_regular,zz9,tian,jelly,487,xmx,0,1,"2025IVL秋季赛常规赛.xlsx",225
7102,2025-10-31,IVL_2025_fall_regular,choai,eleven,gougou,xy,xmiao5,1,1,"2025IVL秋季赛常规赛.xlsx",226
7103,2025-10-31,IVL_2025_fall_regular,zz9,tian,jelly,487,xmx,2,,"2025IVL秋季赛常规赛.xlsx",227
7104,2025-10-31,IVL_2025_fall_regular,ppei,ac,heart,red,ak,0,1,"2025IVL秋季赛常规赛.xlsx",228
7105,2025-10-31,IVL_2025_fall_regular,jin,drop,maom,libao,lconfid,1,1,"2025IVL秋季赛常规赛.xlsx",229
7106,2025-10-31,IVL_2025_fall_regular,jin,drop,maom,libao,lconfid,0,1,"2025IVL秋季赛常规赛.xlsx",230
7107,2025-10-31,IVL_2025_fall_regular,ppei,ac,heart,red,ak,1,1,"2025IVL秋季赛常规赛.xlsx",231
7108,2025-10-31,IVL_2025_fall_regular,jin,drop,maom,libao,lconfid,0,1,"2025IVL秋季赛常规赛.xlsx",232
7109,2025-10-31,IVL_2025_fall_regular,suda,ac,heart,red,ak,2,,"2025IVL秋季赛常规赛.xlsx",233
7110,2025-10-31,IVL_2025_fall_regular,dongx,ppz,18,kucao,ppxia,1,1,"2025IVL秋季赛常规赛.xlsx",234
7111,2025-10-31,IVL_2025_fall_regular,qiu,stian,long,lin,yihua,2,,"2025IVL秋季赛常规赛.xlsx",235
7112,2025-10-31,IVL_2025_fall_regular,xawm,stian,long,lin,yihua,2,,"2025IVL秋季赛常规赛.xlsx",236
7113,2025-10-31,IVL_2025_fall_regular,dongx,ppz,18,kucao,ppxia,2,,"2025IVL秋季赛常规赛.xlsx",237
7114,2025-10-31,IVL_2025_fall_regular,dongx,ppz,18,kucao,ppxia,2,,"2025IVL秋季赛常规赛.xlsx",238
7115,2025-10-31,IVL_2025_fall_regular,xawm,stian,long,lin,yihua,0,1,"2025IVL秋季赛常规赛.xlsx",239
7116,2025-11-01,IVL_2025_fall_regular,n1e,czai,chen,nan,silverzhi,0,1,"2025IVL秋季赛常规赛.xlsx",240
7117,2025-11-01,IVL_2025_fall_regular,mhxm,koting,guoker,huiyi,persica,0,1,"2025IVL秋季赛常规赛.xlsx",241
7118,2025-11-01,IVL_2025_fall_regular,n1e,czai,chen,nan,silverzhi,0,1,"2025IVL秋季赛常规赛.xlsx",242
7119,2025-11-01,IVL_2025_fall_regular,mhxm,koting,guoker,huiyi,persica,0,1,"2025IVL秋季赛常规赛.xlsx",243
7120,2025-11-01,IVL_2025_fall_regular,n1e,czai,chen,nan,silverzhi,3,0,"2025IVL秋季赛常规赛.xlsx",244
7121,2025-11-01,IVL_2025_fall_regular,mhxm,koting,guoker,huiyi,persica,3,0,"2025IVL秋季赛常规赛.xlsx",245
7122,2025-11-01,IVL_2025_fall_regular,yan,koting,guoker,huiyi,persica,3,0,"2025IVL秋季赛常规赛.xlsx",246
7123,2025-11-01,IVL_2025_fall_regular,n1e,czai,chen,nan,silverzhi,0,1,"2025IVL秋季赛常规赛.xlsx",247
7124,2025-11-01,IVL_2025_fall_regular,qiu,lancelot,leil,lion,unicorn,2,,"2025IVL秋季赛常规赛.xlsx",248
7125,2025-11-01,IVL_2025_fall_regular,littlie,ppz,18,kucao,ppxia,1,1,"2025IVL秋季赛常规赛.xlsx",249
7126,2025-11-01,IVL_2025_fall_regular,ali,ppz,18,kucao,ppxia,4,0,"2025IVL秋季赛常规赛.xlsx",250
7127,2025-11-01,IVL_2025_fall_regular,xawm,lancelot,leil,lion,unicorn,2,,"2025IVL秋季赛常规赛.xlsx",251
7128,2025-11-01,IVL_2025_fall_regular,ali,ppz,18,kucao,ppxia,2,,"2025IVL秋季赛常规赛.xlsx",252
7129,2025-11-01,IVL_2025_fall_regular,xawm,lancelot,leil,lion,unicorn,2,,"2025IVL秋季赛常规赛.xlsx",253
7130,2025-11-01,IVL_2025_fall_regular,dongx,drop,maom,libao,lconfid,1,1,"2025IVL秋季赛常规赛.xlsx",254
7131,2025-11-01,IVL_2025_fall_regular,ppei,stian,long,lin,yihua,0,1,"2025IVL秋季赛常规赛.xlsx",255
7132,2025-11-01,IVL_2025_fall_regular,dongx,drop,maom,libao,lconfid,2,,"2025IVL秋季赛常规赛.xlsx",256
7133,2025-11-01,IVL_2025_fall_regular,ppei,stian,long,lin,yihua,3,0,"2025IVL秋季赛常规赛.xlsx",257
7134,2025-11-01,IVL_2025_fall_regular,dongx,drop,maom,libao,lconfid,1,1,"2025IVL秋季赛常规赛.xlsx",258
7135,2025-11-01,IVL_2025_fall_regular,suda,stian,long,lin,yihua,1,1,"2025IVL秋季赛常规赛.xlsx",259
7136,2025-11-02,IVL_2025_fall_regular,jin,xiaox,huac,nanako,xiaod,2,,"2025IVL秋季赛常规赛.xlsx",260
7137,2025-11-02,IVL_2025_fall_regular,bailu,ac,heart,red,ak,0,1,"2025IVL秋季赛常规赛.xlsx",261
7138,2025-11-02,IVL_2025_fall_regular,jin,xiaox,huac,nanako,xiaod,2,,"2025IVL秋季赛常规赛.xlsx",262
7139,2025-11-02,IVL_2025_fall_regular,bailu,ac,heart,red,ak,1,1,"2025IVL秋季赛常规赛.xlsx",263
7140,2025-11-02,IVL_2025_fall_regular,choai,czai,chen,nan,silverzhi,0,1,"2025IVL秋季赛常规赛.xlsx",264
7141,2025-11-02,IVL_2025_fall_regular,yan,tian,jelly,487,xmx,2,,"2025IVL秋季赛常规赛.xlsx",265
7142,2025-11-02,IVL_2025_fall_regular,yeyv,czai,chen,nan,silverzhi,3,0,"2025IVL秋季赛常规赛.xlsx",266
7143,2025-11-02,IVL_2025_fall_regular,yan,tian,jelly,487,xmx,3,0,"2025IVL秋季赛常规赛.xlsx",267
7144,2025-11-02,IVL_2025_fall_regular,choai,czai,chen,nan,silverzhi,2,,"2025IVL秋季赛常规赛.xlsx",268
7145,2025-11-02,IVL_2025_fall_regular,yan,tian,jelly,487,xmx,2,,"2025IVL秋季赛常规赛.xlsx",269
7146,2025-11-02,IVL_2025_fall_regular,zz9,drop,maom,libao,lconfid,3,0,"2025IVL秋季赛常规赛.xlsx",270
7147,2025-11-02,IVL_2025_fall_regular,ppei,eleven,gougou,xy,xmiao5,2,,"2025IVL秋季赛常规赛.xlsx",271
7148,2025-11-02,IVL_2025_fall_regular,ppei,eleven,gougou,xy,xmiao5,1,1,"2025IVL秋季赛常规赛.xlsx",272
7149,2025-11-02,IVL_2025_fall_regular,zz9,drop,maom,libao,lconfid,2,,"2025IVL秋季赛常规赛.xlsx",273
7150,2025-11-07,IVL_2025_fall_regular,mhxm,drop,maom,libao,lconfid,3,0,"2025IVL秋季赛常规赛.xlsx",274
7151,2025-11-07,IVL_2025_fall_regular,ppei,czai,chen,nan,silverzhi,2,,"2025IVL秋季赛常规赛.xlsx",275
7152,2025-11-07,IVL_2025_fall_regular,ppei,czai,chen,nan,silverzhi,2,,"2025IVL秋季赛常规赛.xlsx",276
7153,2025-11-07,IVL_2025_fall_regular,mhxm,drop,maom,libao,lconfid,2,,"2025IVL秋季赛常规赛.xlsx",277
7154,2025-11-07,IVL_2025_fall_regular,suda,czai,chen,nan,silverzhi,3,0,"2025IVL秋季赛常规赛.xlsx",278
7155,2025-11-07,IVL_2025_fall_regular,mhxm,drop,maom,libao,lconfid,3,0,"2025IVL秋季赛常规赛.xlsx",279
7156,2025-11-07,IVL_2025_fall_regular,dongx,lancelot,leil,lion,unicorn,1,1,"2025IVL秋季赛常规赛.xlsx",280
7157,2025-11-07,IVL_2025_fall_regular,ali,stian,long,lin,yihua,2,,"2025IVL秋季赛常规赛.xlsx",281
7158,2025-11-07,IVL_2025_fall_regular,ali,stian,long,lin,yihua,3,0,"2025IVL秋季赛常规赛.xlsx",282
7159,2025-11-07,IVL_2025_fall_regular,dongx,lancelot,leil,lion,unicorn,1,1,"2025IVL秋季赛常规赛.xlsx",283
7160,2025-11-07,IVL_2025_fall_regular,n1e,ppz,18,kucao,ppxia,1,1,"2025IVL秋季赛常规赛.xlsx",284
7161,2025-11-07,IVL_2025_fall_regular,xawm,koting,guoker,huiyi,persica,2,,"2025IVL秋季赛常规赛.xlsx",285
7162,2025-11-07,IVL_2025_fall_regular,xawm,koting,guoker,huiyi,persica,2,,"2025IVL秋季赛常规赛.xlsx",286
7163,2025-11-07,IVL_2025_fall_regular,n1e,ppz,18,kucao,ppxia,0,1,"2025IVL秋季赛常规赛.xlsx",287
7164,2025-11-08,IVL_2025_fall_regular,bailu,eleven,gougou,xy,xmiao5,2,,"2025IVL秋季赛常规赛.xlsx",288
7165,2025-11-08,IVL_2025_fall_regular,zz9,xiaox,huac,nanako,xiaod,1,1,"2025IVL秋季赛常规赛.xlsx",289
7166,2025-11-08,IVL_2025_fall_regular,zz9,xiaox,huac,nanako,xiaod,2,,"2025IVL秋季赛常规赛.xlsx",290
7167,2025-11-08,IVL_2025_fall_regular,bailu,eleven,gougou,xy,xmiao5,2,,"2025IVL秋季赛常规赛.xlsx",291
7168,2025-11-08,IVL_2025_fall_regular,bailu,eleven,gougou,xy,xmiao5,1,1,"2025IVL秋季赛常规赛.xlsx",292
7169,2025-11-08,IVL_2025_fall_regular,9u,xiaox,huac,nanako,xiaod,3,0,"2025IVL秋季赛常规赛.xlsx",293
7170,2025-11-08,IVL_2025_fall_regular,choai,koting,guoker,huiyi,persica,0,1,"2025IVL秋季赛常规赛.xlsx",294
7171,2025-11-08,IVL_2025_fall_regular,n1e,tian,jelly,487,xmx,2,,"2025IVL秋季赛常规赛.xlsx",295
7172,2025-11-08,IVL_2025_fall_regular,n1e,tian,jelly,487,xmx,2,,"2025IVL秋季赛常规赛.xlsx",296
7173,2025-11-08,IVL_2025_fall_regular,yeyv,koting,guoker,huiyi,persica,3,0,"2025IVL秋季赛常规赛.xlsx",297
7174,2025-11-08,IVL_2025_fall_regular,choai,koting,guoker,huiyi,persica,2,,"2025IVL秋季赛常规赛.xlsx",298
7175,2025-11-08,IVL_2025_fall_regular,n1e,tian,jelly,487,xmx,3,0,"2025IVL秋季赛常规赛.xlsx",299
7176,2025-11-08,IVL_2025_fall_regular,xawm,stian,long,lin,yihua,2,,"2025IVL秋季赛常规赛.xlsx",300
7177,2025-11-08,IVL_2025_fall_regular,dongx,ppz,18,kucao,ppxia,2,,"2025IVL秋季赛常规赛.xlsx",301
7178,2025-11-08,IVL_2025_fall_regular,dongx,ppz,18,kucao,ppxia,2,,"2025IVL秋季赛常规赛.xlsx",302
7179,2025-11-08,IVL_2025_fall_regular,xawm,stian,long,lin,yihua,0,1,"2025IVL秋季赛常规赛.xlsx",303
7180,2025-11-08,IVL_2025_fall_regular,xawm,stian,long,lin,yihua,2,,"2025IVL秋季赛常规赛.xlsx",304
7181,2025-11-08,IVL_2025_fall_regular,dongx,ppz,18,kucao,ppxia,2,,"2025IVL秋季赛常规赛.xlsx",305
7182,2025-11-09,IVL_2025_fall_regular,n1e,drop,maom,libao,lconfid,1,1,"2025IVL秋季赛常规赛.xlsx",306
7183,2025-11-09,IVL_2025_fall_regular,ppei,koting,guoker,huiyi,persica,2,,"2025IVL秋季赛常规赛.xlsx",307
7184,2025-11-09,IVL_2025_fall_regular,ppei,koting,guoker,huiyi,persica,2,,"2025IVL秋季赛常规赛.xlsx",308
7185,2025-11-09,IVL_2025_fall_regular,n1e,drop,maom,libao,lconfid,3,0,"2025IVL秋季赛常规赛.xlsx",309
7186,2025-11-09,IVL_2025_fall_regular,n1e,drop,maom,libao,lconfid,1,1,"2025IVL秋季赛常规赛.xlsx",310
7187,2025-11-09,IVL_2025_fall_regular,suda,koting,guoker,huiyi,persica,2,,"2025IVL秋季赛常规赛.xlsx",311
7188,2025-11-09,IVL_2025_fall_regular,mhxm,ac,heart,red,ak,2,,"2025IVL秋季赛常规赛.xlsx",312
7189,2025-11-09,IVL_2025_fall_regular,jin,czai,chen,nan,silverzhi,2,,"2025IVL秋季赛常规赛.xlsx",313
7190,2025-11-09,IVL_2025_fall_regular,mhxm,ac,heart,red,ak,1,1,"2025IVL秋季赛常规赛.xlsx",314
7191,2025-11-09,IVL_2025_fall_regular,jin,czai,chen,nan,silverzhi,1,1,"2025IVL秋季赛常规赛.xlsx",315
7192,2025-11-09,IVL_2025_fall_regular,jin,czai,chen,nan,silverzhi,0,1,"2025IVL秋季赛常规赛.xlsx",316
7193,2025-11-09,IVL_2025_fall_regular,mhxm,ac,heart,red,ak,1,1,"2025IVL秋季赛常规赛.xlsx",317
7194,2025-11-09,IVL_2025_fall_regular,ali,eleven,gougou,xy,xmiao5,2,,"2025IVL秋季赛常规赛.xlsx",318
7195,2025-11-09,IVL_2025_fall_regular,zz9,lancelot,leil,lion,unicorn,2,,"2025IVL秋季赛常规赛.xlsx",319
7196,2025-11-09,IVL_2025_fall_regular,ali,eleven,gougou,xy,xmiao5,3,0,"2025IVL秋季赛常规赛.xlsx",320
7197,2025-11-09,IVL_2025_fall_regular,zz9,lancelot,leil,lion,unicorn,2,,"2025IVL秋季赛常规赛.xlsx",321
7198,2025-11-09,IVL_2025_fall_regular,zz9,lancelot,leil,lion,unicorn,2,,"2025IVL秋季赛常规赛.xlsx",322
7199,2025-11-09,IVL_2025_fall_regular,ali,eleven,gougou,xy,xmiao5,2,,"2025IVL秋季赛常规赛.xlsx",323
7200,2025-11-14,IVL_2025_fall_regular,xawm,drop,maom,libao,lconfid,2,,"2025IVL秋季赛常规赛.xlsx",324
7201,2025-11-14,IVL_2025_fall_regular,ppei,ppz,18,kucao,bye,2,,"2025IVL秋季赛常规赛.xlsx",325
7202,2025-11-14,IVL_2025_fall_regular,qiu,drop,maom,libao,lconfid,2,,"2025IVL秋季赛常规赛.xlsx",326
7203,2025-11-14,IVL_2025_fall_regular,ppei,ppz,18,kucao,ppxia,3,0,"2025IVL秋季赛常规赛.xlsx",327
7204,2025-11-14,IVL_2025_fall_regular,xawm,drop,maom,libao,lconfid,0,1,"2025IVL秋季赛常规赛.xlsx",328
7205,2025-11-14,IVL_2025_fall_regular,suda,ppz,18,kucao,ppxia,2,,"2025IVL秋季赛常规赛.xlsx",329
7206,2025-11-14,IVL_2025_fall_regular,dongx,ac,heart,red,ak,3,0,"2025IVL秋季赛常规赛.xlsx",330
7207,2025-11-14,IVL_2025_fall_regular,jin,stian,long,lin,yihua,0,1,"2025IVL秋季赛常规赛.xlsx",331
7208,2025-11-14,IVL_2025_fall_regular,dongx,ac,heart,jiying,ak,0,1,"2025IVL秋季赛常规赛.xlsx",332
7209,2025-11-14,IVL_2025_fall_regular,jin,stian,long,lin,yihua,3,0,"2025IVL秋季赛常规赛.xlsx",333
7210,2025-11-14,IVL_2025_fall_regular,jin,stian,long,lin,yihua,0,1,"2025IVL秋季赛常规赛.xlsx",334
7211,2025-11-14,IVL_2025_fall_regular,dongx,ac,heart,red,ak,2,,"2025IVL秋季赛常规赛.xlsx",335
7212,2025-11-14,IVL_2025_fall_regular,ssa,lancelot,leil,lion,unicorn,2,,"2025IVL秋季赛常规赛.xlsx",336
7213,2025-11-14,IVL_2025_fall_regular,tzym,czai,chen,nan,silverzhi,2,,"2025IVL秋季赛常规赛.xlsx",337
7214,2025-11-14,IVL_2025_fall_regular,tzym,czai,chen,nan,silverzhi,2,,"2025IVL秋季赛常规赛.xlsx",338
7215,2025-11-14,IVL_2025_fall_regular,ssa,lancelot,leil,lion,unicorn,1,1,"2025IVL秋季赛常规赛.xlsx",339
7216,2025-11-14,IVL_2025_fall_regular,mhxm,lancelot,leil,lion,unicorn,1,1,"2025IVL秋季赛常规赛.xlsx",340
7217,2025-11-14,IVL_2025_fall_regular,tzym,czai,chen,nan,silverzhi,2,,"2025IVL秋季赛常规赛.xlsx",341
7218,2025-11-15,IVL_2025_fall_regular,xawm,ac,heart,red,ak,3,0,"2025IVL秋季赛常规赛.xlsx",342
7219,2025-11-15,IVL_2025_fall_regular,jin,ppz,18,kucao,bye,0,1,"2025IVL秋季赛常规赛.xlsx",343
7220,2025-11-15,IVL_2025_fall_regular,qiu,ac,heart,jiying,ak,2,,"2025IVL秋季赛常规赛.xlsx",344
7221,2025-11-15,IVL_2025_fall_regular,jin,ppz,18,kucao,ppxia,1,1,"2025IVL秋季赛常规赛.xlsx",345
7222,2025-11-15,IVL_2025_fall_regular,n1e,xiaox,huac,nanako,xiaod,0,1,"2025IVL秋季赛常规赛.xlsx",346
7223,2025-11-15,IVL_2025_fall_regular,bailu,koting,guoker,huiyi,persica,1,1,"2025IVL秋季赛常规赛.xlsx",347
7224,2025-11-15,IVL_2025_fall_regular,n1e,xiaox,huac,nanako,xiaod,2,,"2025IVL秋季赛常规赛.xlsx",348
7225,2025-11-15,IVL_2025_fall_regular,bailu,koting,guoker,huiyi,persica,0,1,"2025IVL秋季赛常规赛.xlsx",349
7226,2025-11-15,IVL_2025_fall_regular,n1e,xiaox,huac,nanako,xiaod,3,0,"2025IVL秋季赛常规赛.xlsx",350
7227,2025-11-15,IVL_2025_fall_regular,bailu,koting,guoker,huiyi,persica,2,,"2025IVL秋季赛常规赛.xlsx",351
7228,2025-11-15,IVL_2025_fall_regular,choai,eleven,gougou,xy,xmiao5,0,1,"2025IVL秋季赛常规赛.xlsx",352
7229,2025-11-15,IVL_2025_fall_regular,zz9,tian,jelly,487,xmx,2,,"2025IVL秋季赛常规赛.xlsx",353
7230,2025-11-15,IVL_2025_fall_regular,yeyv,eleven,gougou,xy,xmiao5,2,,"2025IVL秋季赛常规赛.xlsx",354
7231,2025-11-15,IVL_2025_fall_regular,zz9,tian,jelly,487,xmx,2,,"2025IVL秋季赛常规赛.xlsx",355
7232,2025-11-15,IVL_2025_fall_regular,choai,eleven,gougou,xy,xmiao5,3,0,"2025IVL秋季赛常规赛.xlsx",356
7233,2025-11-15,IVL_2025_fall_regular,zz9,tian,jelly,487,xmx,2,,"2025IVL秋季赛常规赛.xlsx",357
7234,2025-11-16,IVL_2025_fall_regular,tzym,koting,guoker,huiyi,persica,2,,"2025IVL秋季赛常规赛.xlsx",358
7235,2025-11-16,IVL_2025_fall_regular,n1e,lancelot,leil,lion,unicorn,0,1,"2025IVL秋季赛常规赛.xlsx",359
7236,2025-11-16,IVL_2025_fall_regular,n1e,lancelot,leil,lion,unicorn,1,1,"2025IVL秋季赛常规赛.xlsx",360
7237,2025-11-16,IVL_2025_fall_regular,tzym,koting,guoker,huiyi,persica,2,,"2025IVL秋季赛常规赛.xlsx",361
7238,2025-11-16,IVL_2025_fall_regular,choai,ppz,18,kucao,bye,2,,"2025IVL秋季赛常规赛.xlsx",362
7239,2025-11-16,IVL_2025_fall_regular,xawm,tian,jelly,487,xmx,0,1,"2025IVL秋季赛常规赛.xlsx",363
7240,2025-11-16,IVL_2025_fall_regular,qiu,tian,jelly,487,xmx,3,0,"2025IVL秋季赛常规赛.xlsx",364
7241,2025-11-16,IVL_2025_fall_regular,yeyv,ppz,18,kucao,ppxia,3,0,"2025IVL秋季赛常规赛.xlsx",365
7242,2025-11-16,IVL_2025_fall_regular,choai,ppz,18,kucao,ppxia,2,,"2025IVL秋季赛常规赛.xlsx",366
7243,2025-11-16,IVL_2025_fall_regular,xawm,tian,jelly,487,xmx,2,,"2025IVL秋季赛常规赛.xlsx",367
7244,2025-11-16,IVL_2025_fall_regular,ppei,xiaox,huac,nanako,xiaod,2,,"2025IVL秋季赛常规赛.xlsx",368
7245,2025-11-16,IVL_2025_fall_regular,bailu,drop,maom,libao,lconfid,0,1,"2025IVL秋季赛常规赛.xlsx",369
7246,2025-11-16,IVL_2025_fall_regular,ppei,xiaox,huac,nanako,xiaod,2,,"2025IVL秋季赛常规赛.xlsx",370
7247,2025-11-16,IVL_2025_fall_regular,bailu,drop,maom,libao,lconfid,0,1,"2025IVL秋季赛常规赛.xlsx",371
7248,2025-11-21,IVL_2025_fall_regular,littlie,ac,heart,red,ak,0,1,"2025IVL秋季赛常规赛.xlsx",372
7249,2025-11-21,IVL_2025_fall_regular,jin,future,leil,lion,unicorn,0,1,"2025IVL秋季赛常规赛.xlsx",373
7250,2025-11-21,IVL_2025_fall_regular,tzym,ac,heart,jiying,ak,2,,"2025IVL秋季赛常规赛.xlsx",374
7251,2025-11-21,IVL_2025_fall_regular,jin,lancelot,leil,future,unicorn,0,1,"2025IVL秋季赛常规赛.xlsx",375
7252,2025-11-21,IVL_2025_fall_regular,tzym,ac,heart,red,ak,3,0,"2025IVL秋季赛常规赛.xlsx",376
7253,2025-11-21,IVL_2025_fall_regular,jin,lancelot,leil,future,unicorn,2,,"2025IVL秋季赛常规赛.xlsx",377
7254,2025-11-21,IVL_2025_fall_regular,mhxm,eleven,gougou,xy,xmiao5,1,1,"2025IVL秋季赛常规赛.xlsx",378
7255,2025-11-21,IVL_2025_fall_regular,zz9,czai,chen,nan,silverzhi,2,,"2025IVL秋季赛常规赛.xlsx",379
7256,2025-11-21,IVL_2025_fall_regular,ssa,eleven,gougou,xy,xmiao5,2,,"2025IVL秋季赛常规赛.xlsx",380
7257,2025-11-21,IVL_2025_fall_regular,zz9,czai,chen,nan,silverzhi,3,0,"2025IVL秋季赛常规赛.xlsx",381
7258,2025-11-21,IVL_2025_fall_regular,choai,xiaox,huac,nanako,xiaod,2,,"2025IVL秋季赛常规赛.xlsx",382
7259,2025-11-21,IVL_2025_fall_regular,bailu,tian,jelly,487,xmx,2,,"2025IVL秋季赛常规赛.xlsx",383
7260,2025-11-21,IVL_2025_fall_regular,choai,xiaox,huac,nanako,xiaod,1,1,"2025IVL秋季赛常规赛.xlsx",384
7261,2025-11-21,IVL_2025_fall_regular,bailu,tian,jelly,487,xmx,3,0,"2025IVL秋季赛常规赛.xlsx",385
7262,2025-11-21,IVL_2025_fall_regular,choai,xiaox,huac,nanako,xiaod,2,,"2025IVL秋季赛常规赛.xlsx",386
7263,2025-11-21,IVL_2025_fall_regular,bailu,tian,jelly,487,xmx,3,0,"2025IVL秋季赛常规赛.xlsx",387
7264,2025-11-22,IVL_2025_fall_regular,zz9,koting,guoker,huiyi,persica,0,1,"2025IVL秋季赛常规赛.xlsx",388
7265,2025-11-22,IVL_2025_fall_regular,n1e,eleven,gougou,xy,xmiao5,3,0,"2025IVL秋季赛常规赛.xlsx",389
7266,2025-11-22,IVL_2025_fall_regular,n1e,eleven,gougou,xy,xmiao5,1,1,"2025IVL秋季赛常规赛.xlsx",390
7267,2025-11-22,IVL_2025_fall_regular,zz9,koting,guoker,huiyi,persica,2,,"2025IVL秋季赛常规赛.xlsx",391
7268,2025-11-22,IVL_2025_fall_regular,zz9,koting,guoker,huiyi,persica,2,,"2025IVL秋季赛常规赛.xlsx",392
7269,2025-11-22,IVL_2025_fall_regular,n1e,eleven,gougou,xy,xmiao5,1,1,"2025IVL秋季赛常规赛.xlsx",393
7270,2025-11-22,IVL_2025_fall_regular,littlie,drop,maom,libao,lconfid,1,1,"2025IVL秋季赛常规赛.xlsx",394
7271,2025-11-22,IVL_2025_fall_regular,ppei,lancelot,leil,future,unicorn,0,1,"2025IVL秋季赛常规赛.xlsx",395
7272,2025-11-22,IVL_2025_fall_regular,suda,lancelot,leil,future,unicorn,2,,"2025IVL秋季赛常规赛.xlsx",396
7273,2025-11-22,IVL_2025_fall_regular,tzym,drop,maom,libao,lconfid,2,,"2025IVL秋季赛常规赛.xlsx",397
7274,2025-11-22,IVL_2025_fall_regular,tzym,drop,maom,libao,lconfid,2,,"2025IVL秋季赛常规赛.xlsx",398
7275,2025-11-22,IVL_2025_fall_regular,ppei,lancelot,leil,future,unicorn,1,1,"2025IVL秋季赛常规赛.xlsx",399
7276,2025-11-22,IVL_2025_fall_regular,choai,stian,long,lin,yihua,1,1,"2025IVL秋季赛常规赛.xlsx",400
7277,2025-11-22,IVL_2025_fall_regular,dongx,tian,jelly,487,xmx,2,,"2025IVL秋季赛常规赛.xlsx",401
7278,2025-11-22,IVL_2025_fall_regular,dongx,tian,jelly,487,xmx,2,,"2025IVL秋季赛常规赛.xlsx",402
7279,2025-11-22,IVL_2025_fall_regular,choai,stian,long,lin,yihua,2,,"2025IVL秋季赛常规赛.xlsx",403
7280,2025-11-22,IVL_2025_fall_regular,choai,stian,long,lin,yihua,0,1,"2025IVL秋季赛常规赛.xlsx",404
7281,2025-11-22,IVL_2025_fall_regular,dongx,tian,jelly,487,xmx,2,,"2025IVL秋季赛常规赛.xlsx",405
7282,2025-11-23,IVL_2025_fall_regular,ppei,ac,heart,red,ak,1,1,"2025IVL秋季赛常规赛.xlsx",406
7283,2025-11-23,IVL_2025_fall_regular,jin,drop,maom,libao,lconfid,0,1,"2025IVL秋季赛常规赛.xlsx",407
7284,2025-11-23,IVL_2025_fall_regular,suda,ac,heart,red,ak,3,0,"2025IVL秋季赛常规赛.xlsx",408
7285,2025-11-23,IVL_2025_fall_regular,jin,drop,maom,libao,lconfid,1,1,"2025IVL秋季赛常规赛.xlsx",409
7286,2025-11-23,IVL_2025_fall_regular,xawm,xiaox,huac,nanako,xiaod,1,1,"2025IVL秋季赛常规赛.xlsx",410
7287,2025-11-23,IVL_2025_fall_regular,bailu,ppz,18,kucao,bye,2,,"2025IVL秋季赛常规赛.xlsx",411
7288,2025-11-23,IVL_2025_fall_regular,xawm,xiaox,huac,nanako,xiaod,2,,"2025IVL秋季赛常规赛.xlsx",412
7289,2025-11-23,IVL_2025_fall_regular,bailu,ppz,18,kucao,bye,2,,"2025IVL秋季赛常规赛.xlsx",413
7290,2025-11-23,IVL_2025_fall_regular,xawm,xiaox,huac,nanako,xiaod,3,0,"2025IVL秋季赛常规赛.xlsx",414
7291,2025-11-23,IVL_2025_fall_regular,bailu,ppz,18,kucao,ppxia,0,1,"2025IVL秋季赛常规赛.xlsx",415
7292,2025-11-23,IVL_2025_fall_regular,ssa,stian,yuan,long,yihua,0,1,"2025IVL秋季赛常规赛.xlsx",416
7293,2025-11-23,IVL_2025_fall_regular,dongx,czai,chen,nan,silverzhi,3,0,"2025IVL秋季赛常规赛.xlsx",417
7294,2025-11-23,IVL_2025_fall_regular,dongx,czai,chen,nan,silverzhi,2,,"2025IVL秋季赛常规赛.xlsx",418
7295,2025-11-23,IVL_2025_fall_regular,ssa,stian,yuan,long,yihua,2,,"2025IVL秋季赛常规赛.xlsx",419
7296,2025-11-23,IVL_2025_fall_regular,yan,stian,yuan,long,yihua,3,0,"2025IVL秋季赛常规赛.xlsx",420
7297,2025-11-23,IVL_2025_fall_regular,dongx,czai,chen,nan,silverzhi,3,0,"2025IVL秋季赛常规赛.xlsx",421
7298,2025-11-27,IVL_2025_fall_regular,choai,lancelot,leil,lion,unicorn,1,1,"2025IVL秋季赛常规赛.xlsx",422
7299,2025-11-27,IVL_2025_fall_regular,littlie,tian,jelly,487,xmx,2,,"2025IVL秋季赛常规赛.xlsx",423
7300,2025-11-27,IVL_2025_fall_regular,littlie,tian,jelly,487,xmx,3,0,"2025IVL秋季赛常规赛.xlsx",424
7301,2025-11-27,IVL_2025_fall_regular,choai,lancelot,leil,lion,unicorn,2,,"2025IVL秋季赛常规赛.xlsx",425
7302,2025-11-27,IVL_2025_fall_regular,dongx,xiaox,huac,nanako,xiaod,1,1,"2025IVL秋季赛常规赛.xlsx",426
7303,2025-11-27,IVL_2025_fall_regular,bailu,stian,yuan,long,yihua,0,1,"2025IVL秋季赛常规赛.xlsx",427
7304,2025-11-27,IVL_2025_fall_regular,dongx,xiaox,huac,nanako,xiaod,1,1,"2025IVL秋季赛常规赛.xlsx",428
7305,2025-11-27,IVL_2025_fall_regular,bailu,stian,yuan,long,yihua,0,1,"2025IVL秋季赛常规赛.xlsx",429
7306,2025-11-27,IVL_2025_fall_regular,zz9,ppz,18,kucao,bye,2,,"2025IVL秋季赛常规赛.xlsx",430
7307,2025-11-27,IVL_2025_fall_regular,xawm,frost,gougou,xy,xmiao5,0,1,"2025IVL秋季赛常规赛.xlsx",431
7308,2025-11-27,IVL_2025_fall_regular,xawm,frost,gougou,xy,xmiao5,0,1,"2025IVL秋季赛常规赛.xlsx",432
7309,2025-11-27,IVL_2025_fall_regular,zz9,ppz,18,kucao,ppxia,1,1,"2025IVL秋季赛常规赛.xlsx",433
7310,2025-11-28,IVL_2025_fall_regular,n1e,stian,yuan,long,yihua,3,0,"2025IVL秋季赛常规赛.xlsx",434
7311,2025-11-28,IVL_2025_fall_regular,dongx,koting,guoker,huiyi,persica,3,0,"2025IVL秋季赛常规赛.xlsx",435
7312,2025-11-28,IVL_2025_fall_regular,dongx,koting,guoker,huiyi,persica,0,1,"2025IVL秋季赛常规赛.xlsx",436
7313,2025-11-28,IVL_2025_fall_regular,n1e,stian,yuan,lin,yihua,0,1,"2025IVL秋季赛常规赛.xlsx",437
7314,2025-11-28,IVL_2025_fall_regular,n1e,stian,yuan,lin,yihua,0,1,"2025IVL秋季赛常规赛.xlsx",438
7315,2025-11-28,IVL_2025_fall_regular,dongx,koting,guoker,huiyi,persica,0,1,"2025IVL秋季赛常规赛.xlsx",439
7316,2025-11-28,IVL_2025_fall_regular,choai,ac,heart,red,ak,0,1,"2025IVL秋季赛常规赛.xlsx",440
7317,2025-11-28,IVL_2025_fall_regular,jin,tian,jelly,487,xmx,3,0,"2025IVL秋季赛常规赛.xlsx",441
7318,2025-11-28,IVL_2025_fall_regular,jin,tian,jelly,487,xmx,2,,"2025IVL秋季赛常规赛.xlsx",442
7319,2025-11-28,IVL_2025_fall_regular,choai,ac,heart,jiying,ak,0,1,"2025IVL秋季赛常规赛.xlsx",443
7320,2025-11-28,IVL_2025_fall_regular,bailu,lancelot,leil,lion,unicorn,2,,"2025IVL秋季赛常规赛.xlsx",444
7321,2025-11-28,IVL_2025_fall_regular,littlie,xiaox,huac,nanako,xiaod,0,1,"2025IVL秋季赛常规赛.xlsx",445
7322,2025-11-28,IVL_2025_fall_regular,ali,xiaox,huac,nanako,xiaod,1,1,"2025IVL秋季赛常规赛.xlsx",446
7323,2025-11-28,IVL_2025_fall_regular,bailu,lancelot,leil,lion,unicorn,2,,"2025IVL秋季赛常规赛.xlsx",447
7324,2025-11-29,IVL_2025_fall_regular,xawm,czai,chen,nan,silverzhi,2,,"2025IVL秋季赛常规赛.xlsx",448
7325,2025-11-29,IVL_2025_fall_regular,mhxm,ppz,18,kucao,bye,2,,"2025IVL秋季赛常规赛.xlsx",449
7326,2025-11-29,IVL_2025_fall_regular,xawm,czai,chen,nan,silverzhi,3,0,"2025IVL秋季赛常规赛.xlsx",450
7327,2025-11-29,IVL_2025_fall_regular,mhxm,ppz,18,kucao,bye,0,1,"2025IVL秋季赛常规赛.xlsx",451
7328,2025-11-29,IVL_2025_fall_regular,xawm,czai,chen,nan,silverzhi,3,0,"2025IVL秋季赛常规赛.xlsx",452
7329,2025-11-29,IVL_2025_fall_regular,ssa,ppz,18,kucao,ppxia,2,,"2025IVL秋季赛常规赛.xlsx",453
7330,2025-11-29,IVL_2025_fall_regular,jin,eleven,gougou,xy,xmiao5,1,1,"2025IVL秋季赛常规赛.xlsx",454
7331,2025-11-29,IVL_2025_fall_regular,zz9,ac,heart,red,ak,2,,"2025IVL秋季赛常规赛.xlsx",455
7332,2025-11-29,IVL_2025_fall_regular,zz9,ac,heart,red,ak,0,1,"2025IVL秋季赛常规赛.xlsx",456
7333,2025-11-29,IVL_2025_fall_regular,jin,eleven,xen,xy,xmiao5,2,,"2025IVL秋季赛常规赛.xlsx",457
7334,2025-11-29,IVL_2025_fall_regular,jin,eleven,xen,xy,xmiao5,2,,"2025IVL秋季赛常规赛.xlsx",458
7335,2025-11-29,IVL_2025_fall_regular,zz9,ac,heart,red,ak,4,0,"2025IVL秋季赛常规赛.xlsx",459
7336,2025-11-29,IVL_2025_fall_regular,choai,drop,maom,libao,lconfid,3,0,"2025IVL秋季赛常规赛.xlsx",460
7337,2025-11-29,IVL_2025_fall_regular,ppei,tian,jelly,487,xmx,2,,"2025IVL秋季赛常规赛.xlsx",461
7338,2025-11-29,IVL_2025_fall_regular,ppei,tian,jelly,487,xmx,2,,"2025IVL秋季赛常规赛.xlsx",462
7339,2025-11-29,IVL_2025_fall_regular,choai,drop,maom,libao,lconfid,0,1,"2025IVL秋季赛常规赛.xlsx",463
7340,2025-11-29,IVL_2025_fall_regular,suda,tian,jelly,487,xmx,0,1,"2025IVL秋季赛常规赛.xlsx",464
7341,2025-11-29,IVL_2025_fall_regular,choai,drop,maom,libao,lconfid,2,,"2025IVL秋季赛常规赛.xlsx",465
7342,2025-11-30,IVL_2025_fall_regular,mhxm,xiaox,huac,nanako,xiaod,2,,"2025IVL秋季赛常规赛.xlsx",466
7343,2025-11-30,IVL_2025_fall_regular,bailu,czai,chen,nan,silverzhi,1,1,"2025IVL秋季赛常规赛.xlsx",467
7344,2025-11-30,IVL_2025_fall_regular,ssa,xiaox,huac,nanako,xiaod,3,0,"2025IVL秋季赛常规赛.xlsx",468
7345,2025-11-30,IVL_2025_fall_regular,bailu,czai,chen,nan,silverzhi,2,,"2025IVL秋季赛常规赛.xlsx",469
7346,2025-11-30,IVL_2025_fall_regular,dongx,eleven,gougou,xy,xmiao5,1,1,"2025IVL秋季赛常规赛.xlsx",470
7347,2025-11-30,IVL_2025_fall_regular,zz9,stian,yuan,long,yihua,1,1,"2025IVL秋季赛常规赛.xlsx",471
7348,2025-11-30,IVL_2025_fall_regular,dongx,eleven,gougou,xy,xmiao5,2,,"2025IVL秋季赛常规赛.xlsx",472
7349,2025-11-30,IVL_2025_fall_regular,zz9,stian,yuan,long,yihua,3,0,"2025IVL秋季赛常规赛.xlsx",473
7350,2025-11-30,IVL_2025_fall_regular,dongx,eleven,xen,xy,xmiao5,3,0,"2025IVL秋季赛常规赛.xlsx",474
7351,2025-11-30,IVL_2025_fall_regular,zz9,stian,yuan,long,yihua,2,,"2025IVL秋季赛常规赛.xlsx",475
7352,2025-11-30,IVL_2025_fall_regular,zz9,stian,yuan,long,yihua,4,0,"2025IVL秋季赛常规赛.xlsx",476
7353,2025-11-30,IVL_2025_fall_regular,dongx,eleven,xen,xy,xmiao5,2,,"2025IVL秋季赛常规赛.xlsx",477
7354,2025-11-30,IVL_2025_fall_regular,n1e,ac,heart,red,ak,1,1,"2025IVL秋季赛常规赛.xlsx",478
7355,2025-11-30,IVL_2025_fall_regular,jin,koting,guoker,huiyi,persica,2,,"2025IVL秋季赛常规赛.xlsx",479
7356,2025-11-30,IVL_2025_fall_regular,jin,koting,guoker,huiyi,persica,2,,"2025IVL秋季赛常规赛.xlsx",480
7357,2025-11-30,IVL_2025_fall_regular,n1e,ac,heart,red,ak,2,,"2025IVL秋季赛常规赛.xlsx",481
7358,2025-11-30,IVL_2025_fall_regular,jin,koting,guoker,huiyi,persica,2,,"2025IVL秋季赛常规赛.xlsx",482
7359,2025-11-30,IVL_2025_fall_regular,n1e,ac,heart,red,ak,3,0,"2025IVL秋季赛常规赛.xlsx",483
7360,2025-11-30,IVL_2025_fall_regular,jin,koting,guoker,huiyi,persica,2,,"2025IVL秋季赛常规赛.xlsx",484
7361,2025-11-30,IVL_2025_fall_regular,n1e,ac,heart,red,ak,2,,"2025IVL秋季赛常规赛.xlsx",485
7362,2025-12-11,IVL_2025_fall_playoffs,xawm,drop,maom,libao,lconfid,2,,"2025IVL秋季赛季后赛.xlsx",0
7363,2025-12-11,IVL_2025_fall_playoffs,ppei,ppz,18,kucao,bye,2,,"2025IVL秋季赛季后赛.xlsx",1
7364,2025-12-11,IVL_2025_fall_playoffs,ppei,bye,18,kucao,ppxia,2,,"2025IVL秋季赛季后赛.xlsx",2
7365,2025-12-11,IVL_2025_fall_playoffs,xawm,drop,maom,libao,lconfid,2,,"2025IVL秋季赛季后赛.xlsx",3
7366,2025-12-11,IVL_2025_fall_playoffs,xawm,drop,maom,libao,lconfid,1,1,"2025IVL秋季赛季后赛.xlsx",4
7367,2025-12-11,IVL_2025_fall_playoffs,suda,ppz,18,kucao,ppxia,2,,"2025IVL秋季赛季后赛.xlsx",5
7368,2025-12-11,IVL_2025_fall_playoffs,xawm,drop,maom,libao,lconfid,3,0,"2025IVL秋季赛季后赛.xlsx",6
7369,2025-12-11,IVL_2025_fall_playoffs,suda,ppz,18,kucao,ppxia,3,0,"2025IVL秋季赛季后赛.xlsx",7
7370,2025-12-11,IVL_2025_fall_playoffs,ppei,ppz,18,kucao,ppxia,1,1,"2025IVL秋季赛季后赛.xlsx",8
7371,2025-12-11,IVL_2025_fall_playoffs,xawm,drop,maom,libao,lconfid,2,,"2025IVL秋季赛季后赛.xlsx",9
7372,2025-12-11,IVL_2025_fall_playoffs,ppei,ppz,18,kucao,ppxia,2,,"2025IVL秋季赛季后赛.xlsx",10
7373,2025-12-11,IVL_2025_fall_playoffs,xawm,drop,maom,libao,lconfid,2,,"2025IVL秋季赛季后赛.xlsx",11
7374,2025-12-11,IVL_2025_fall_playoffs,dongx,czai,chen,nan,silverzhi,2,,"2025IVL秋季赛季后赛.xlsx",12
7375,2025-12-11,IVL_2025_fall_playoffs,mhxm,stian,yuan,long,yihua,0,1,"2025IVL秋季赛季后赛.xlsx",13
7376,2025-12-11,IVL_2025_fall_playoffs,ssa,stian,yuan,long,yihua,1,1,"2025IVL秋季赛季后赛.xlsx",14
7377,2025-12-11,IVL_2025_fall_playoffs,dongx,czai,chen,nan,silverzhi,0,1,"2025IVL秋季赛季后赛.xlsx",15
7378,2025-12-11,IVL_2025_fall_playoffs,dongx,czai,chen,nan,silverzhi,0,1,"2025IVL秋季赛季后赛.xlsx",16
7379,2025-12-11,IVL_2025_fall_playoffs,ssa,stian,yuan,long,yihua,2,,"2025IVL秋季赛季后赛.xlsx",17
7380,2025-12-11,IVL_2025_fall_playoffs,dongx,czai,chen,nan,silverzhi,3,0,"2025IVL秋季赛季后赛.xlsx",18
7381,2025-12-11,IVL_2025_fall_playoffs,mhxm,stian,yuan,long,yihua,2,,"2025IVL秋季赛季后赛.xlsx",19
7382,2025-12-11,IVL_2025_fall_playoffs,dongx,czai,chen,nan,silverzhi,1,1,"2025IVL秋季赛季后赛.xlsx",20
7383,2025-12-11,IVL_2025_fall_playoffs,mhxm,stian,yuan,long,yihua,2,,"2025IVL秋季赛季后赛.xlsx",21
7384,2025-12-12,IVL_2025_fall_playoffs,dongx,ppz,18,kucao,bye,1,1,"2025IVL秋季赛季后赛.xlsx",24
7385,2025-12-12,IVL_2025_fall_playoffs,xawm,stian,yuan,long,yihua,2,,"2025IVL秋季赛季后赛.xlsx",25
7386,2025-12-12,IVL_2025_fall_playoffs,xawm,stian,yuan,long,yihua,1,1,"2025IVL秋季赛季后赛.xlsx",26
7387,2025-12-12,IVL_2025_fall_playoffs,dongx,bye,18,kucao,ppxia,2,,"2025IVL秋季赛季后赛.xlsx",27
7388,2025-12-12,IVL_2025_fall_playoffs,dongx,ppz,18,kucao,ppxia,1,1,"2025IVL秋季赛季后赛.xlsx",28
7389,2025-12-12,IVL_2025_fall_playoffs,xawm,stian,yuan,long,yihua,2,,"2025IVL秋季赛季后赛.xlsx",29
7390,2025-12-12,IVL_2025_fall_playoffs,xawm,stian,yuan,long,yihua,2,,"2025IVL秋季赛季后赛.xlsx",30
7391,2025-12-12,IVL_2025_fall_playoffs,dongx,ppz,18,kucao,ppxia,2,,"2025IVL秋季赛季后赛.xlsx",31
7392,2025-12-12,IVL_2025_fall_playoffs,dongx,ppz,18,kucao,ppxia,1,1,"2025IVL秋季赛季后赛.xlsx",32
7393,2025-12-12,IVL_2025_fall_playoffs,xawm,stian,yuan,long,yihua,1,1,"2025IVL秋季赛季后赛.xlsx",33
7394,2025-12-31,IVL_2025_fall_playoffs,dongx,drop,maom,libao,lconfid,2,,"2025IVL秋季赛季后赛.xlsx",36
7395,2025-12-31,IVL_2025_fall_playoffs,ppei,stian,yuan,lin,yihua,1,1,"2025IVL秋季赛季后赛.xlsx",37
7396,2025-12-31,IVL_2025_fall_playoffs,dongx,drop,maom,libao,lconfid,2,,"2025IVL秋季赛季后赛.xlsx",38
7397,2025-12-31,IVL_2025_fall_playoffs,ppei,stian,yuan,lin,yihua,2,,"2025IVL秋季赛季后赛.xlsx",39
7398,2025-12-31,IVL_2025_fall_playoffs,dongx,drop,maom,libao,lconfid,2,,"2025IVL秋季赛季后赛.xlsx",40
7399,2025-12-31,IVL_2025_fall_playoffs,suda,stian,yuan,long,yihua,1,1,"2025IVL秋季赛季后赛.xlsx",41
7400,2025-12-31,IVL_2025_fall_playoffs,dongx,drop,maom,libao,lconfid,0,1,"2025IVL秋季赛季后赛.xlsx",42
7401,2025-12-31,IVL_2025_fall_playoffs,suda,stian,yuan,long,yihua,3,0,"2025IVL秋季赛季后赛.xlsx",43
7402,2025-12-31,IVL_2025_fall_playoffs,dongx,drop,maom,libao,lconfid,3,0,"2025IVL秋季赛季后赛.xlsx",44
7403,2025-12-31,IVL_2025_fall_playoffs,ppei,stian,yuan,long,yihua,2,,"2025IVL秋季赛季后赛.xlsx",45
7404,2025-12-31,IVL_2025_fall_playoffs,n1e,ac,heart,red,ak,2,,"2025IVL秋季赛季后赛.xlsx",46
7405,2025-12-31,IVL_2025_fall_playoffs,jin,koting,guoker,huiyi,persica,1,1,"2025IVL秋季赛季后赛.xlsx",47
7406,2025-12-31,IVL_2025_fall_playoffs,n1e,ac,heart,red,ak,2,,"2025IVL秋季赛季后赛.xlsx",48
7407,2025-12-31,IVL_2025_fall_playoffs,jin,koting,guoker,huiyi,persica,1,1,"2025IVL秋季赛季后赛.xlsx",49
7408,2025-12-31,IVL_2025_fall_playoffs,n1e,ac,heart,red,ak,3,0,"2025IVL秋季赛季后赛.xlsx",50
7409,2025-12-31,IVL_2025_fall_playoffs,jin,koting,guoker,huiyi,persica,2,,"2025IVL秋季赛季后赛.xlsx",51
7410,2025-12-31,IVL_2025_fall_playoffs,choai,xiaox,huac,nanako,xiaod,0,1,"2025IVL秋季赛季后赛.xlsx",52
7411,2025-12-31,IVL_2025_fall_playoffs,bailu,tian,jelly,weather,xmx,2,,"2025IVL秋季赛季后赛.xlsx",53
7412,2025-12-31,IVL_2025_fall_playoffs,bailu,tian,jelly,weather,xmx,0,1,"2025IVL秋季赛季后赛.xlsx",54
7413,2025-12-31,IVL_2025_fall_playoffs,choai,xiaox,huac,nanako,xiaod,3,0,"2025IVL秋季赛季后赛.xlsx",55
7414,2025-12-31,IVL_2025_fall_playoffs,choai,xiaox,huac,nanako,xiaod,2,,"2025IVL秋季赛季后赛.xlsx",56
7415,2025-12-31,IVL_2025_fall_playoffs,bailu,tian,jelly,weather,xmx,2,,"2025IVL秋季赛季后赛.xlsx",57
7416,2025-12-31,IVL_2025_fall_playoffs,bailu,tian,jelly,weather,xmx,3,0,"2025IVL秋季赛季后赛.xlsx",58
7417,2025-12-31,IVL_2025_fall_playoffs,choai,xiaox,huac,nanako,xiaod,3,0,"2025IVL秋季赛季后赛.xlsx",59
7418,2025-12-31,IVL_2025_fall_playoffs,bailu,tian,jelly,weather,xmx,2,,"2025IVL秋季赛季后赛.xlsx",60
7419,2025-12-31,IVL_2025_fall_playoffs,choai,xiaox,huac,nanako,xiaod,3,0,"2025IVL秋季赛季后赛.xlsx",61
7420,2025-01-01,IVL_2025_fall_playoffs,ppei,koting,guoker,huiyi,persica,0,1,"2025IVL秋季赛季后赛.xlsx",62
7421,2025-01-01,IVL_2025_fall_playoffs,n1e,drop,maom,libao,lconfid,1,1,"2025IVL秋季赛季后赛.xlsx",63
7422,2025-01-01,IVL_2025_fall_playoffs,ppei,koting,guoker,huiyi,persica,0,1,"2025IVL秋季赛季后赛.xlsx",64
7423,2025-01-01,IVL_2025_fall_playoffs,n1e,drop,maom,libao,lconfid,0,1,"2025IVL秋季赛季后赛.xlsx",65
7424,2025-01-01,IVL_2025_fall_playoffs,suda,koting,guoker,huiyi,persica,0,1,"2025IVL秋季赛季后赛.xlsx",66
7425,2025-01-01,IVL_2025_fall_playoffs,n1e,drop,maom,libao,lconfid,0,1,"2025IVL秋季赛季后赛.xlsx",67
7426,2025-01-01,IVL_2025_fall_playoffs,suda,koting,guoker,huiyi,persica,0,1,"2025IVL秋季赛季后赛.xlsx",68
7427,2025-01-01,IVL_2025_fall_playoffs,n1e,drop,maom,libao,lconfid,0,1,"2025IVL秋季赛季后赛.xlsx",69
7428,2025-01-01,IVL_2025_fall_playoffs,n1e,drop,maom,libao,lconfid,0,1,"2025IVL秋季赛季后赛.xlsx",70
7429,2025-01-01,IVL_2025_fall_playoffs,ppei,koting,guoker,huiyi,persica,0,1,"2025IVL秋季赛季后赛.xlsx",71
7430,2025-01-01,IVL_2025_fall_playoffs,bailu,ac,heart,red,ak,1,1,"2025IVL秋季赛季后赛.xlsx",72
7431,2025-01-01,IVL_2025_fall_playoffs,jin,xiaox,huac,nanako,xiaod,2,,"2025IVL秋季赛季后赛.xlsx",73
7432,2025-01-01,IVL_2025_fall_playoffs,bailu,ac,heart,red,ak,3,0,"2025IVL秋季赛季后赛.xlsx",74
7433,2025-01-01,IVL_2025_fall_playoffs,jin,xiaox,huac,nanako,xiaod,0,1,"2025IVL秋季赛季后赛.xlsx",75
7434,2025-01-01,IVL_2025_fall_playoffs,bailu,ac,heart,red,ak,0,1,"2025IVL秋季赛季后赛.xlsx",76
7435,2025-01-01,IVL_2025_fall_playoffs,jin,xiaox,huac,nanako,xiaod,3,0,"2025IVL秋季赛季后赛.xlsx",77
7436,2025-01-01,IVL_2025_fall_playoffs,bailu,ac,heart,red,ak,0,1,"2025IVL秋季赛季后赛.xlsx",78
7437,2025-01-01,IVL_2025_fall_playoffs,jin,xiaox,huac,nanako,xiaod,0,1,"2025IVL秋季赛季后赛.xlsx",79
7438,2025-01-01,IVL_2025_fall_playoffs,jin,xiaox,huac,nanako,xiaod,2,,"2025IVL秋季赛季后赛.xlsx",80
7439,2025-01-01,IVL_2025_fall_playoffs,bailu,ac,heart,red,ak,1,1,"2025IVL秋季赛季后赛.xlsx",81
7440,2025-01-02,IVL_2025_fall_playoffs,ppei,tian,jelly,weather,xmx,2,,"2025IVL秋季赛季后赛.xlsx",82
7441,2025-01-02,IVL_2025_fall_playoffs,choai,drop,maom,libao,lconfid,2,,"2025IVL秋季赛季后赛.xlsx",83
7442,2025-01-02,IVL_2025_fall_playoffs,choai,drop,maom,libao,lconfid,2,,"2025IVL秋季赛季后赛.xlsx",84
7443,2025-01-02,IVL_2025_fall_playoffs,ppei,tian,jelly,weather,xmx,0,1,"2025IVL秋季赛季后赛.xlsx",85
7444,2025-01-02,IVL_2025_fall_playoffs,choai,drop,maom,libao,lconfid,1,1,"2025IVL秋季赛季后赛.xlsx",86
7445,2025-01-02,IVL_2025_fall_playoffs,suda,tian,jelly,weather,xmx,3,0,"2025IVL秋季赛季后赛.xlsx",87
7446,2025-01-02,IVL_2025_fall_playoffs,choai,drop,maom,libao,lconfid,2,,"2025IVL秋季赛季后赛.xlsx",88
7447,2025-01-02,IVL_2025_fall_playoffs,suda,tian,jelly,weather,xmx,3,0,"2025IVL秋季赛季后赛.xlsx",89
7448,2025-01-02,IVL_2025_fall_playoffs,choai,drop,maom,libao,lconfid,2,,"2025IVL秋季赛季后赛.xlsx",90
7449,2025-01-02,IVL_2025_fall_playoffs,ppei,tian,jelly,weather,xmx,2,,"2025IVL秋季赛季后赛.xlsx",91
7450,2025-01-02,IVL_2025_fall_playoffs,choai,ac,heart,red,ak,1,1,"2025IVL秋季赛季后赛.xlsx",92
7451,2025-01-02,IVL_2025_fall_playoffs,jin,tian,jelly,weather,xmx,1,1,"2025IVL秋季赛季后赛.xlsx",93
7452,2025-01-02,IVL_2025_fall_playoffs,choai,ac,heart,red,ak,2,,"2025IVL秋季赛季后赛.xlsx",94
7453,2025-01-02,IVL_2025_fall_playoffs,jin,tian,jelly,weather,xmx,2,,"2025IVL秋季赛季后赛.xlsx",95
7454,2025-01-02,IVL_2025_fall_playoffs,choai,ac,heart,red,ak,1,1,"2025IVL秋季赛季后赛.xlsx",96
7455,2025-01-02,IVL_2025_fall_playoffs,jin,tian,jelly,weather,xmx,0,1,"2025IVL秋季赛季后赛.xlsx",97
7456,2025-01-02,IVL_2025_fall_playoffs,jin,tian,jelly,weather,xmx,2,,"2025IVL秋季赛季后赛.xlsx",98
7457,2025-01-02,IVL_2025_fall_playoffs,choai,ac,heart,red,ak,2,,"2025IVL秋季赛季后赛.xlsx",99
7458,2025-01-02,IVL_2025_fall_playoffs,choai,ac,heart,red,ak,2,,"2025IVL秋季赛季后赛.xlsx",100
7459,2025-01-02,IVL_2025_fall_playoffs,jin,tian,jelly,weather,xmx,0,1,"2025IVL秋季赛季后赛.xlsx",101
7460,2025-01-03,IVL_2025_fall_playoffs,jin,xiaox,huac,nanako,xiaod,2,,"2025IVL秋季赛季后赛.xlsx",102
7461,2025-01-03,IVL_2025_fall_playoffs,bailu,ac,heart,red,ak,1,1,"2025IVL秋季赛季后赛.xlsx",103
7462,2025-01-03,IVL_2025_fall_playoffs,jin,xiaox,huac,nanako,xiaod,2,,"2025IVL秋季赛季后赛.xlsx",104
7463,2025-01-03,IVL_2025_fall_playoffs,bailu,ac,heart,red,ak,2,,"2025IVL秋季赛季后赛.xlsx",105
7464,2025-01-03,IVL_2025_fall_playoffs,jin,xiaox,huac,nanako,xiaod,2,,"2025IVL秋季赛季后赛.xlsx",106
7465,2025-01-03,IVL_2025_fall_playoffs,bailu,ac,heart,red,ak,0,1,"2025IVL秋季赛季后赛.xlsx",107
7466,2025-01-03,IVL_2025_fall_playoffs,bailu,ac,heart,red,ak,3,0,"2025IVL秋季赛季后赛.xlsx",108
7467,2025-01-03,IVL_2025_fall_playoffs,jin,xiaox,huac,nanako,xiaod,2,,"2025IVL秋季赛季后赛.xlsx",109
7468,2025-01-03,IVL_2025_fall_playoffs,jin,xiaox,huac,nanako,xiaod,0,1,"2025IVL秋季赛季后赛.xlsx",110
7469,2025-01-03,IVL_2025_fall_playoffs,bailu,ac,heart,red,ak,0,1,"2025IVL秋季赛季后赛.xlsx",111
7470,2024-05-31,IJL_2024_summer_regular,burio,raolie,monop,soba,city,2,,"2024IJL夏季赛常规赛.xlsx",0
7471,2024-05-31,IJL_2024_summer_regular,peter,soar,takoyaki,gnk,mone,0,1,"2024IJL夏季赛常规赛.xlsx",1
7472,2024-05-31,IJL_2024_summer_regular,aka,gnk,takoyaki,mone,soar,0,1,"2024IJL夏季赛常规赛.xlsx",2
7473,2024-05-31,IJL_2024_summer_regular,miraik,city,raolie,soba,monop,2,,"2024IJL夏季赛常规赛.xlsx",3
7474,2024-05-31,IJL_2024_summer_regular,chikin,aez,nameko,tawash,kaeru,0,1,"2024IJL夏季赛常规赛.xlsx",4
7475,2024-05-31,IJL_2024_summer_regular,irohasu,appai,nerisu,felix,dacho,0,1,"2024IJL夏季赛常规赛.xlsx",5
7476,2024-05-31,IJL_2024_summer_regular,yukakina,felix,nerisu,dacho,appai,3,0,"2024IJL夏季赛常规赛.xlsx",6
7477,2024-05-31,IJL_2024_summer_regular,chikin,tawash,nameko,aez,kaeru,0,1,"2024IJL夏季赛常规赛.xlsx",7
7478,2024-05-31,IJL_2024_summer_regular,yukakina,felix,appai,nerisu,dacho,2,,"2024IJL夏季赛常规赛.xlsx",8
7479,2024-05-31,IJL_2024_summer_regular,chikin,aez,kaeru,tawash,nameko,2,,"2024IJL夏季赛常规赛.xlsx",9
7480,2024-05-31,IJL_2024_summer_regular,burio,nyan,tuna,takakou,atto,3,0,"2024IJL夏季赛常规赛.xlsx",10
7481,2024-05-31,IJL_2024_summer_regular,kakaka,takoyaki,gnk,soar,mone,2,,"2024IJL夏季赛常规赛.xlsx",11
7482,2024-05-31,IJL_2024_summer_regular,miraik,takakou,atto,nyan,tuna,2,,"2024IJL夏季赛常规赛.xlsx",12
7483,2024-05-31,IJL_2024_summer_regular,kakaka,soar,mone,takoyaki,gnk,1,1,"2024IJL夏季赛常规赛.xlsx",13
7484,2024-06-01,IJL_2024_summer_regular,peter,hametu,dolisu,shinami,kznk,0,1,"2024IJL夏季赛常规赛.xlsx",14
7485,2024-06-01,IJL_2024_summer_regular,alf,raolie,soba,monop,city,3,0,"2024IJL夏季赛常规赛.xlsx",15
7486,2024-06-01,IJL_2024_summer_regular,peter,hametu,kznk,dolisu,shinami,0,1,"2024IJL夏季赛常规赛.xlsx",16
7487,2024-06-01,IJL_2024_summer_regular,alf,soba,monop,raolie,city,1,1,"2024IJL夏季赛常规赛.xlsx",17
7488,2024-06-01,IJL_2024_summer_regular,kakaka,nameko,kaeru,aez,tawash,2,,"2024IJL夏季赛常规赛.xlsx",18
7489,2024-06-01,IJL_2024_summer_regular,irohasu,atto,tuna,nyan,takakou,3,0,"2024IJL夏季赛常规赛.xlsx",19
7490,2024-06-01,IJL_2024_summer_regular,irohasu,nyan,tuna,takakou,atto,3,0,"2024IJL夏季赛常规赛.xlsx",20
7491,2024-06-01,IJL_2024_summer_regular,kakaka,nameko,kaeru,tawash,aez,2,,"2024IJL夏季赛常规赛.xlsx",21
7492,2024-06-01,IJL_2024_summer_regular,hasha,appai,felix,nerisu,dacho,1,1,"2024IJL夏季赛常规赛.xlsx",22
7493,2024-06-01,IJL_2024_summer_regular,chikin,maeken,sasori,emmko,yougg,0,1,"2024IJL夏季赛常规赛.xlsx",23
7494,2024-06-01,IJL_2024_summer_regular,chikin,yougg,emmko,maeken,sasori,0,1,"2024IJL夏季赛常规赛.xlsx",24
7495,2024-06-01,IJL_2024_summer_regular,hasha,appai,felix,nerisu,dacho,0,1,"2024IJL夏季赛常规赛.xlsx",25
7496,2024-06-01,IJL_2024_summer_regular,hasha,dacho,appai,nerisu,felix,3,0,"2024IJL夏季赛常规赛.xlsx",26
7497,2024-06-01,IJL_2024_summer_regular,chikin,emmko,maeken,yougg,sasori,2,,"2024IJL夏季赛常规赛.xlsx",27
7498,2024-06-02,IJL_2024_summer_regular,alf,tawash,kaeru,aez,nameko,2,,"2024IJL夏季赛常规赛.xlsx",28
7499,2024-06-02,IJL_2024_summer_regular,irohasu,kznk,dolisu,hametu,shinami,1,1,"2024IJL夏季赛常规赛.xlsx",29
7500,2024-06-02,IJL_2024_summer_regular,irohasu,kznk,hametu,shinami,dolisu,3,0,"2024IJL夏季赛常规赛.xlsx",30
7501,2024-06-02,IJL_2024_summer_regular,alf,tawash,nameko,kaeru,aez,0,1,"2024IJL夏季赛常规赛.xlsx",31
7502,2024-06-02,IJL_2024_summer_regular,alf,aez,kaeru,nameko,tawash,0,1,"2024IJL夏季赛常规赛.xlsx",32
7503,2024-06-02,IJL_2024_summer_regular,irohasu,kznk,shinami,hametu,dolisu,2,,"2024IJL夏季赛常规赛.xlsx",33
7504,2024-06-02,IJL_2024_summer_regular,kakaka,felix,appai,nerisu,dacho,3,0,"2024IJL夏季赛常规赛.xlsx",34
7505,2024-06-02,IJL_2024_summer_regular,chikin,takakou,atto,tuna,nyan,3,0,"2024IJL夏季赛常规赛.xlsx",35
7506,2024-06-02,IJL_2024_summer_regular,kakaka,felix,nerisu,appai,dacho,2,,"2024IJL夏季赛常规赛.xlsx",36
7507,2024-06-02,IJL_2024_summer_regular,chikin,nyan,atto,takakou,tuna,3,0,"2024IJL夏季赛常规赛.xlsx",37
7508,2024-06-02,IJL_2024_summer_regular,chikin,nyan,takakou,tuna,atto,1,1,"2024IJL夏季赛常规赛.xlsx",38
7509,2024-06-02,IJL_2024_summer_regular,kakaka,appai,felix,dacho,nerisu,0,1,"2024IJL夏季赛常规赛.xlsx",39
7510,2024-06-02,IJL_2024_summer_regular,peter,emmko,maeken,sasori,yougg,0,1,"2024IJL夏季赛常规赛.xlsx",40
7511,2024-06-02,IJL_2024_summer_regular,hasha,soba,monop,city,raolie,0,1,"2024IJL夏季赛常规赛.xlsx",41
7512,2024-06-02,IJL_2024_summer_regular,hasha,soba,monop,city,raolie,2,,"2024IJL夏季赛常规赛.xlsx",42
7513,2024-06-02,IJL_2024_summer_regular,aka,yougg,emmko,maeken,sasori,0,1,"2024IJL夏季赛常规赛.xlsx",43
7514,2024-06-02,IJL_2024_summer_regular,hasha,city,raolie,soba,monop,2,,"2024IJL夏季赛常规赛.xlsx",44
7515,2024-06-02,IJL_2024_summer_regular,aka,maeken,sasori,yougg,emmko,3,0,"2024IJL夏季赛常规赛.xlsx",45
7516,2024-06-07,IJL_2024_summer_regular,alf,appai,nerisu,dacho,felix,0,1,"2024IJL夏季赛常规赛.xlsx",46
7517,2024-06-07,IJL_2024_summer_regular,chikin,kznk,dolisu,shinami,hametu,2,,"2024IJL夏季赛常规赛.xlsx",47
7518,2024-06-07,IJL_2024_summer_regular,chikin,hametu,kznk,shinami,dolisu,0,1,"2024IJL夏季赛常规赛.xlsx",48
7519,2024-06-07,IJL_2024_summer_regular,alf,appai,felix,dacho,nerisu,0,1,"2024IJL夏季赛常规赛.xlsx",49
7520,2024-06-07,IJL_2024_summer_regular,alf,nerisu,appai,felix,dacho,1,1,"2024IJL夏季赛常规赛.xlsx",50
7521,2024-06-07,IJL_2024_summer_regular,chikin,kznk,dolisu,shinami,hametu,3,0,"2024IJL夏季赛常规赛.xlsx",51
7522,2024-06-07,IJL_2024_summer_regular,burio,scorpion,kaeru,nameko,aez,1,1,"2024IJL夏季赛常规赛.xlsx",52
7523,2024-06-07,IJL_2024_summer_regular,irohasu,gnk,mone,soar,kat,1,1,"2024IJL夏季赛常规赛.xlsx",53
7524,2024-06-07,IJL_2024_summer_regular,yukakina,gnk,mone,kat,soar,2,,"2024IJL夏季赛常规赛.xlsx",54
7525,2024-06-07,IJL_2024_summer_regular,miraik,kaeru,nameko,aez,scorpion,0,1,"2024IJL夏季赛常规赛.xlsx",55
7526,2024-06-07,IJL_2024_summer_regular,yukakina,gnk,soar,kat,mone,0,1,"2024IJL夏季赛常规赛.xlsx",56
7527,2024-06-07,IJL_2024_summer_regular,miraik,kaeru,nameko,aez,scorpion,2,,"2024IJL夏季赛常规赛.xlsx",57
7528,2024-06-07,IJL_2024_summer_regular,yukakina,soar,gnk,kat,mone,3,0,"2024IJL夏季赛常规赛.xlsx",58
7529,2024-06-07,IJL_2024_summer_regular,miraik,kaeru,aez,scorpion,nameko,2,,"2024IJL夏季赛常规赛.xlsx",59
7530,2024-06-07,IJL_2024_summer_regular,kakaka,soba,raolie,city,monop,1,1,"2024IJL夏季赛常规赛.xlsx",60
7531,2024-06-07,IJL_2024_summer_regular,peter,takakou,tuna,nyan,atto,1,1,"2024IJL夏季赛常规赛.xlsx",61
7532,2024-06-07,IJL_2024_summer_regular,kakaka,monop,raolie,city,soba,2,,"2024IJL夏季赛常规赛.xlsx",62
7533,2024-06-07,IJL_2024_summer_regular,aka,takakou,tuna,nyan,atto,2,,"2024IJL夏季赛常规赛.xlsx",63
7534,2024-06-07,IJL_2024_summer_regular,aka,nyan,atto,takakou,tuna,0,1,"2024IJL夏季赛常规赛.xlsx",64
7535,2024-06-07,IJL_2024_summer_regular,kakaka,soba,raolie,monop,city,3,0,"2024IJL夏季赛常规赛.xlsx",65
7536,2024-06-08,IJL_2024_summer_regular,alf,yougg,sasori,maeken,emmko,2,,"2024IJL夏季赛常规赛.xlsx",66
7537,2024-06-08,IJL_2024_summer_regular,hasha,hametu,dolisu,shinami,kznk,1,1,"2024IJL夏季赛常规赛.xlsx",67
7538,2024-06-08,IJL_2024_summer_regular,hasha,shinami,dolisu,hametu,kznk,0,1,"2024IJL夏季赛常规赛.xlsx",68
7539,2024-06-08,IJL_2024_summer_regular,alf,maeken,emmko,yougg,sasori,1,1,"2024IJL夏季赛常规赛.xlsx",69
7540,2024-06-08,IJL_2024_summer_regular,chikin,soba,monop,city,raolie,1,1,"2024IJL夏季赛常规赛.xlsx",70
7541,2024-06-08,IJL_2024_summer_regular,peter,felix,nerisu,dacho,appai,0,1,"2024IJL夏季赛常规赛.xlsx",71
7542,2024-06-08,IJL_2024_summer_regular,chikin,monop,raolie,city,soba,0,1,"2024IJL夏季赛常规赛.xlsx",72
7543,2024-06-08,IJL_2024_summer_regular,peter,appai,felix,dacho,nerisu,2,,"2024IJL夏季赛常规赛.xlsx",73
7544,2024-06-08,IJL_2024_summer_regular,yami,city,monop,soba,raolie,2,,"2024IJL夏季赛常规赛.xlsx",74
7545,2024-06-08,IJL_2024_summer_regular,aka,dacho,appai,nerisu,felix,2,,"2024IJL夏季赛常规赛.xlsx",75
7546,2024-06-08,IJL_2024_summer_regular,hasha,soar,mone,kat,gnk,1,1,"2024IJL夏季赛常规赛.xlsx",76
7547,2024-06-08,IJL_2024_summer_regular,burio,sasori,yougg,maeken,emmko,3,0,"2024IJL夏季赛常规赛.xlsx",77
7548,2024-06-08,IJL_2024_summer_regular,hasha,soar,takoyaki,gnk,mone,0,1,"2024IJL夏季赛常规赛.xlsx",78
7549,2024-06-08,IJL_2024_summer_regular,miraik,maeken,yougg,emmko,sasori,1,1,"2024IJL夏季赛常规赛.xlsx",79
7550,2024-06-09,IJL_2024_summer_regular,peter,aez,nameko,scorpion,kaeru,0,1,"2024IJL夏季赛常规赛.xlsx",80
7551,2024-06-09,IJL_2024_summer_regular,irohasu,raolie,monop,city,soba,3,0,"2024IJL夏季赛常规赛.xlsx",81
7552,2024-06-09,IJL_2024_summer_regular,yukakina,city,monop,soba,raolie,3,0,"2024IJL夏季赛常规赛.xlsx",82
7553,2024-06-09,IJL_2024_summer_regular,aka,kaeru,aez,nameko,scorpion,1,1,"2024IJL夏季赛常规赛.xlsx",83
7554,2024-06-09,IJL_2024_summer_regular,hasha,atto,tuna,takakou,nyan,0,1,"2024IJL夏季赛常规赛.xlsx",84
7555,2024-06-09,IJL_2024_summer_regular,kakaka,sasori,yougg,maeken,emmko,1,1,"2024IJL夏季赛常规赛.xlsx",85
7556,2024-06-09,IJL_2024_summer_regular,hasha,atto,tuna,takakou,nyan,2,,"2024IJL夏季赛常规赛.xlsx",86
7557,2024-06-09,IJL_2024_summer_regular,kakaka,emmko,maeken,sasori,yougg,3,0,"2024IJL夏季赛常规赛.xlsx",87
7558,2024-06-09,IJL_2024_summer_regular,burio,dolisu,kznk,shinami,hametu,3,0,"2024IJL夏季赛常规赛.xlsx",88
7559,2024-06-09,IJL_2024_summer_regular,alf,gnk,soar,mone,takoyaki,2,,"2024IJL夏季赛常规赛.xlsx",89
7560,2024-06-09,IJL_2024_summer_regular,alf,mone,gnk,takoyaki,soar,1,1,"2024IJL夏季赛常规赛.xlsx",90
7561,2024-06-09,IJL_2024_summer_regular,miraik,dolisu,hametu,kznk,shinami,3,0,"2024IJL夏季赛常规赛.xlsx",91
7562,2024-06-15,IJL_2024_summer_regular,hasha,kaeru,nameko,aez,tawash,0,1,"2024IJL夏季赛常规赛.xlsx",92
7563,2024-06-15,IJL_2024_summer_regular,irohasu,yougg,emmko,maeken,sasori,1,1,"2024IJL夏季赛常规赛.xlsx",93
7564,2024-06-15,IJL_2024_summer_regular,hasha,nameko,kaeru,aez,tawash,2,,"2024IJL夏季赛常规赛.xlsx",94
7565,2024-06-15,IJL_2024_summer_regular,irohasu,sasori,emmko,yougg,maeken,3,0,"2024IJL夏季赛常规赛.xlsx",95
7566,2024-06-15,IJL_2024_summer_regular,kakaka,hametu,dolisu,shinami,kznk,4,0,"2024IJL夏季赛常规赛.xlsx",96
7567,2024-06-15,IJL_2024_summer_regular,alf,tuna,nyan,takakou,atto,0,1,"2024IJL夏季赛常规赛.xlsx",97
7568,2024-06-15,IJL_2024_summer_regular,alf,nyan,tuna,atto,takakou,2,,"2024IJL夏季赛常规赛.xlsx",98
7569,2024-06-15,IJL_2024_summer_regular,kakaka,dolisu,hametu,shinami,kznk,0,1,"2024IJL夏季赛常规赛.xlsx",99
7570,2024-06-15,IJL_2024_summer_regular,kakaka,shinami,hametu,dolisu,kznk,1,1,"2024IJL夏季赛常规赛.xlsx",100
7571,2024-06-15,IJL_2024_summer_regular,alf,takakou,tuna,nyan,atto,2,,"2024IJL夏季赛常规赛.xlsx",101
7572,2024-06-15,IJL_2024_summer_regular,chikin,gnk,soar,takoyaki,mone,0,1,"2024IJL夏季赛常规赛.xlsx",102
7573,2024-06-15,IJL_2024_summer_regular,burio,felix,appai,nerisu,dacho,0,1,"2024IJL夏季赛常规赛.xlsx",103
7574,2024-06-15,IJL_2024_summer_regular,chikin,soar,mone,takoyaki,gnk,3,0,"2024IJL夏季赛常规赛.xlsx",104
7575,2024-06-15,IJL_2024_summer_regular,miraik,felix,appai,nerisu,dacho,3,0,"2024IJL夏季赛常规赛.xlsx",105
7576,2024-06-15,IJL_2024_summer_regular,yami,gnk,mone,takoyaki,soar,3,0,"2024IJL夏季赛常规赛.xlsx",106
7577,2024-06-15,IJL_2024_summer_regular,miraik,appai,nerisu,felix,dacho,3,0,"2024IJL夏季赛常规赛.xlsx",107
7578,2024-06-15,IJL_2024_summer_regular,yami,soar,gnk,takoyaki,mone,2,,"2024IJL夏季赛常规赛.xlsx",108
7579,2024-06-15,IJL_2024_summer_regular,miraik,nerisu,appai,dacho,felix,3,0,"2024IJL夏季赛常规赛.xlsx",109
7580,2024-06-16,IJL_2024_summer_regular,alf,nameko,aez,tawash,kaeru,2,,"2024IJL夏季赛常规赛.xlsx",110
7581,2024-06-16,IJL_2024_summer_regular,irohasu,dolisu,hametu,shinami,kznk,1,1,"2024IJL夏季赛常规赛.xlsx",111
7582,2024-06-16,IJL_2024_summer_regular,irohasu,dolisu,hametu,shinami,kznk,2,,"2024IJL夏季赛常规赛.xlsx",112
7583,2024-06-16,IJL_2024_summer_regular,alf,tawash,nameko,kaeru,aez,2,,"2024IJL夏季赛常规赛.xlsx",113
7584,2024-06-16,IJL_2024_summer_regular,alf,nameko,tawash,aez,kaeru,0,1,"2024IJL夏季赛常规赛.xlsx",114
7585,2024-06-16,IJL_2024_summer_regular,yukakina,kznk,shinami,hametu,dolisu,3,0,"2024IJL夏季赛常规赛.xlsx",115
7586,2024-06-16,IJL_2024_summer_regular,chikin,sasori,emmko,maeken,yougg,0,1,"2024IJL夏季赛常规赛.xlsx",116
7587,2024-06-16,IJL_2024_summer_regular,hasha,nerisu,felix,appai,dacho,0,1,"2024IJL夏季赛常规赛.xlsx",117
7588,2024-06-16,IJL_2024_summer_regular,hasha,appai,felix,nerisu,dacho,2,,"2024IJL夏季赛常规赛.xlsx",118
7589,2024-06-16,IJL_2024_summer_regular,chikin,maeken,emmko,yougg,sasori,1,1,"2024IJL夏季赛常规赛.xlsx",119
7590,2024-06-16,IJL_2024_summer_regular,yami,yougg,sasori,maeken,emmko,2,,"2024IJL夏季赛常规赛.xlsx",120
7591,2024-06-16,IJL_2024_summer_regular,hasha,nerisu,dacho,appai,felix,2,,"2024IJL夏季赛常规赛.xlsx",121
7592,2024-06-16,IJL_2024_summer_regular,kakaka,soar,gnk,mone,takoyaki,2,,"2024IJL夏季赛常规赛.xlsx",122
7593,2024-06-16,IJL_2024_summer_regular,burio,nyan,tuna,atto,takakou,2,,"2024IJL夏季赛常规赛.xlsx",123
7594,2024-06-16,IJL_2024_summer_regular,miraik,tuna,nyan,takakou,atto,2,,"2024IJL夏季赛常规赛.xlsx",124
7595,2024-06-16,IJL_2024_summer_regular,kakaka,mone,gnk,takoyaki,soar,2,,"2024IJL夏季赛常规赛.xlsx",125
7596,2024-06-16,IJL_2024_summer_regular,kakaka,mone,soar,takoyaki,gnk,3,0,"2024IJL夏季赛常规赛.xlsx",126
7597,2024-06-16,IJL_2024_summer_regular,miraik,atto,tuna,takakou,nyan,0,1,"2024IJL夏季赛常规赛.xlsx",127
7598,2024-06-22,IJL_2024_summer_regular,kakaka,monop,soba,city,raolie,3,0,"2024IJL夏季赛常规赛.xlsx",128
7599,2024-06-22,IJL_2024_summer_regular,peter,tuna,atto,takakou,nyan,0,1,"2024IJL夏季赛常规赛.xlsx",129
7600,2024-06-22,IJL_2024_summer_regular,kakaka,soba,monop,city,raolie,2,,"2024IJL夏季赛常规赛.xlsx",130
7601,2024-06-22,IJL_2024_summer_regular,aka,tuna,nyan,takakou,atto,0,1,"2024IJL夏季赛常规赛.xlsx",131
7602,2024-06-22,IJL_2024_summer_regular,chikin,tawash,kaeru,aez,nameko,0,1,"2024IJL夏季赛常规赛.xlsx",132
7603,2024-06-22,IJL_2024_summer_regular,irohasu,felix,appai,nerisu,dacho,3,0,"2024IJL夏季赛常规赛.xlsx",133
7604,2024-06-22,IJL_2024_summer_regular,chikin,nameko,kaeru,aez,tawash,3,0,"2024IJL夏季赛常规赛.xlsx",134
7605,2024-06-22,IJL_2024_summer_regular,yukakina,felix,nerisu,appai,dacho,2,,"2024IJL夏季赛常规赛.xlsx",135
7606,2024-06-22,IJL_2024_summer_regular,yukakina,felix,appai,dacho,nerisu,2,,"2024IJL夏季赛常规赛.xlsx",136
7607,2024-06-22,IJL_2024_summer_regular,chikin,nameko,aez,tawash,kaeru,2,,"2024IJL夏季赛常规赛.xlsx",137
7608,2024-06-22,IJL_2024_summer_regular,alf,soar,gnk,mone,takoyaki,0,1,"2024IJL夏季赛常规赛.xlsx",138
7609,2024-06-22,IJL_2024_summer_regular,burio,hametu,dolisu,kznk,shinami,1,1,"2024IJL夏季赛常规赛.xlsx",139
7610,2024-06-22,IJL_2024_summer_regular,alf,soar,mone,takoyaki,gnk,2,,"2024IJL夏季赛常规赛.xlsx",140
7611,2024-06-22,IJL_2024_summer_regular,miraik,shinami,kznk,hametu,dolisu,2,,"2024IJL夏季赛常规赛.xlsx",141
7612,2024-06-22,IJL_2024_summer_regular,alf,gnk,takoyaki,soar,mone,0,1,"2024IJL夏季赛常规赛.xlsx",142
7613,2024-06-22,IJL_2024_summer_regular,miraik,kznk,shinami,hametu,dolisu,3,0,"2024IJL夏季赛常规赛.xlsx",143
7614,2024-06-23,IJL_2024_summer_regular,chikin,takakou,tuna,atto,nyan,0,1,"2024IJL夏季赛常规赛.xlsx",144
7615,2024-06-23,IJL_2024_summer_regular,kakaka,felix,nerisu,appai,dacho,0,1,"2024IJL夏季赛常规赛.xlsx",145
7616,2024-06-23,IJL_2024_summer_regular,chikin,takakou,atto,nyan,tuna,2,,"2024IJL夏季赛常规赛.xlsx",146
7617,2024-06-23,IJL_2024_summer_regular,kakaka,felix,appai,dacho,nerisu,2,,"2024IJL夏季赛常规赛.xlsx",147
7618,2024-06-23,IJL_2024_summer_regular,yami,tuna,nyan,takakou,atto,1,1,"2024IJL夏季赛常规赛.xlsx",148
7619,2024-06-23,IJL_2024_summer_regular,kakaka,appai,felix,dacho,nerisu,3,0,"2024IJL夏季赛常规赛.xlsx",149
7620,2024-06-23,IJL_2024_summer_regular,irohasu,emmko,sasori,maeken,yougg,3,0,"2024IJL夏季赛常规赛.xlsx",150
7621,2024-06-23,IJL_2024_summer_regular,hasha,nameko,aez,kaeru,tawash,3,0,"2024IJL夏季赛常规赛.xlsx",151
7622,2024-06-23,IJL_2024_summer_regular,hasha,nameko,kaeru,aez,tawash,2,,"2024IJL夏季赛常规赛.xlsx",152
7623,2024-06-23,IJL_2024_summer_regular,yukakina,yougg,emmko,maeken,sasori,3,0,"2024IJL夏季赛常规赛.xlsx",153
7624,2024-06-23,IJL_2024_summer_regular,yukakina,maeken,sasori,emmko,yougg,2,,"2024IJL夏季赛常规赛.xlsx",154
7625,2024-06-23,IJL_2024_summer_regular,hasha,aez,nameko,kaeru,tawash,3,0,"2024IJL夏季赛常规赛.xlsx",155
7626,2024-06-23,IJL_2024_summer_regular,hasha,nameko,kaeru,aez,tawash,2,,"2024IJL夏季赛常规赛.xlsx",156
7627,2024-06-23,IJL_2024_summer_regular,yukakina,yougg,emmko,maeken,sasori,0,1,"2024IJL夏季赛常规赛.xlsx",157
7628,2024-06-23,IJL_2024_summer_regular,kakaka,kznk,dolisu,shinami,hametu,1,1,"2024IJL夏季赛常规赛.xlsx",158
7629,2024-06-23,IJL_2024_summer_regular,alf,takakou,tuna,atto,nyan,2,,"2024IJL夏季赛常规赛.xlsx",159
7630,2024-06-23,IJL_2024_summer_regular,kakaka,shinami,hametu,dolisu,kznk,2,,"2024IJL夏季赛常规赛.xlsx",160
7631,2024-06-23,IJL_2024_summer_regular,alf,nyan,atto,takakou,tuna,0,1,"2024IJL夏季赛常规赛.xlsx",161
7632,2024-06-23,IJL_2024_summer_regular,kakaka,shinami,kznk,hametu,dolisu,3,0,"2024IJL夏季赛常规赛.xlsx",162
7633,2024-06-23,IJL_2024_summer_regular,alf,takakou,atto,nyan,tuna,3,0,"2024IJL夏季赛常规赛.xlsx",163
7634,2024-06-29,IJL_2024_summer_regular,burio,tawash,nameko,kaeru,aez,0,1,"2024IJL夏季赛常规赛.xlsx",164
7635,2024-06-29,IJL_2024_summer_regular,irohasu,gnk,mone,soar,kat,2,,"2024IJL夏季赛常规赛.xlsx",165
7636,2024-06-29,IJL_2024_summer_regular,yukakina,soar,gnk,mone,kat,2,,"2024IJL夏季赛常规赛.xlsx",166
7637,2024-06-29,IJL_2024_summer_regular,miraik,nameko,aez,kaeru,tawash,0,1,"2024IJL夏季赛常规赛.xlsx",167
7638,2024-06-29,IJL_2024_summer_regular,hasha,soba,raolie,city,monop,2,,"2024IJL夏季赛常规赛.xlsx",168
7639,2024-06-29,IJL_2024_summer_regular,peter,yougg,emmko,sasori,maeken,0,1,"2024IJL夏季赛常规赛.xlsx",169
7640,2024-06-29,IJL_2024_summer_regular,hasha,monop,soba,raolie,city,1,1,"2024IJL夏季赛常规赛.xlsx",170
7641,2024-06-29,IJL_2024_summer_regular,aka,yougg,sasori,maeken,emmko,1,1,"2024IJL夏季赛常规赛.xlsx",171
7642,2024-06-29,IJL_2024_summer_regular,aka,emmko,maeken,sasori,yougg,0,1,"2024IJL夏季赛常规赛.xlsx",172
7643,2024-06-29,IJL_2024_summer_regular,hasha,city,raolie,monop,soba,2,,"2024IJL夏季赛常规赛.xlsx",173
7644,2024-06-29,IJL_2024_summer_regular,irohasu,takakou,tuna,atto,nyan,2,,"2024IJL夏季赛常规赛.xlsx",174
7645,2024-06-29,IJL_2024_summer_regular,ryz,kaeru,nameko,tawash,aez,3,0,"2024IJL夏季赛常规赛.xlsx",175
7646,2024-06-29,IJL_2024_summer_regular,yukakina,nyan,tuna,atto,takakou,2,,"2024IJL夏季赛常规赛.xlsx",176
7647,2024-06-29,IJL_2024_summer_regular,kakaka,nameko,tawash,aez,kaeru,3,0,"2024IJL夏季赛常规赛.xlsx",177
7648,2024-06-30,IJL_2024_summer_regular,burio,soba,raolie,monop,city,2,,"2024IJL夏季赛常规赛.xlsx",178
7649,2024-06-30,IJL_2024_summer_regular,peter,soar,mone,takoyaki,gnk,0,1,"2024IJL夏季赛常规赛.xlsx",179
7650,2024-06-30,IJL_2024_summer_regular,miraik,soba,monop,raolie,city,0,1,"2024IJL夏季赛常规赛.xlsx",180
7651,2024-06-30,IJL_2024_summer_regular,aka,soar,gnk,mone,takoyaki,0,1,"2024IJL夏季赛常规赛.xlsx",181
7652,2024-06-30,IJL_2024_summer_regular,miraik,monop,raolie,city,soba,4,0,"2024IJL夏季赛常规赛.xlsx",182
7653,2024-06-30,IJL_2024_summer_regular,aka,gnk,takoyaki,soar,mone,2,,"2024IJL夏季赛常规赛.xlsx",183
7654,2024-06-30,IJL_2024_summer_regular,hasha,nyan,tuna,takakou,atto,0,1,"2024IJL夏季赛常规赛.xlsx",184
7655,2024-06-30,IJL_2024_summer_regular,ryz,emmko,sasori,maeken,yougg,0,1,"2024IJL夏季赛常规赛.xlsx",185
7656,2024-06-30,IJL_2024_summer_regular,hasha,tuna,nyan,takakou,atto,2,,"2024IJL夏季赛常规赛.xlsx",186
7657,2024-06-30,IJL_2024_summer_regular,kakaka,sasori,emmko,maeken,yougg,1,1,"2024IJL夏季赛常规赛.xlsx",187
7658,2024-06-30,IJL_2024_summer_regular,hasha,takakou,tuna,nyan,atto,2,,"2024IJL夏季赛常规赛.xlsx",188
7659,2024-06-30,IJL_2024_summer_regular,kakaka,yougg,emmko,sasori,maeken,3,0,"2024IJL夏季赛常规赛.xlsx",189
7660,2024-06-30,IJL_2024_summer_regular,hasha,nyan,atto,tuna,takakou,3,0,"2024IJL夏季赛常规赛.xlsx",190
7661,2024-06-30,IJL_2024_summer_regular,kakaka,sasori,maeken,yougg,emmko,3,0,"2024IJL夏季赛常规赛.xlsx",191
7662,2024-06-30,IJL_2024_summer_regular,irohasu,monop,city,raolie,soba,3,0,"2024IJL夏季赛常规赛.xlsx",192
7663,2024-06-30,IJL_2024_summer_regular,peter,nameko,tawash,aez,kaeru,0,1,"2024IJL夏季赛常规赛.xlsx",193
7664,2024-06-30,IJL_2024_summer_regular,yukakina,monop,raolie,soba,city,2,,"2024IJL夏季赛常规赛.xlsx",194
7665,2024-06-30,IJL_2024_summer_regular,aka,kaeru,tawash,nameko,aez,3,0,"2024IJL夏季赛常规赛.xlsx",195
7666,2024-06-30,IJL_2024_summer_regular,yukakina,raolie,soba,city,monop,1,1,"2024IJL夏季赛常规赛.xlsx",196
7667,2024-06-30,IJL_2024_summer_regular,aka,nameko,aez,tawash,kaeru,3,0,"2024IJL夏季赛常规赛.xlsx",197
7668,2024-07-06,IJL_2024_summer_regular,peter,nerisu,felix,appai,dacho,0,1,"2024IJL夏季赛常规赛.xlsx",198
7669,2024-07-06,IJL_2024_summer_regular,chikin,soba,raolie,city,monop,1,1,"2024IJL夏季赛常规赛.xlsx",199
7670,2024-07-06,IJL_2024_summer_regular,chikin,monop,soba,raolie,city,1,1,"2024IJL夏季赛常规赛.xlsx",200
7671,2024-07-06,IJL_2024_summer_regular,aka,appai,felix,dacho,nerisu,2,,"2024IJL夏季赛常规赛.xlsx",201
7672,2024-07-06,IJL_2024_summer_regular,aka,appai,nerisu,dacho,felix,2,,"2024IJL夏季赛常规赛.xlsx",202
7673,2024-07-06,IJL_2024_summer_regular,chikin,soba,monop,city,raolie,2,,"2024IJL夏季赛常规赛.xlsx",203
7674,2024-07-06,IJL_2024_summer_regular,hasha,shinami,hametu,kznk,dolisu,4,0,"2024IJL夏季赛常规赛.xlsx",204
7675,2024-07-06,IJL_2024_summer_regular,alf,yougg,emmko,maeken,sasori,0,1,"2024IJL夏季赛常规赛.xlsx",205
7676,2024-07-06,IJL_2024_summer_regular,hasha,shinami,hametu,kznk,dolisu,2,,"2024IJL夏季赛常规赛.xlsx",206
7677,2024-07-06,IJL_2024_summer_regular,alf,sasori,yougg,maeken,emmko,0,1,"2024IJL夏季赛常规赛.xlsx",207
7678,2024-07-06,IJL_2024_summer_regular,burio,nerisu,dacho,felix,appai,0,1,"2024IJL夏季赛常规赛.xlsx",208
7679,2024-07-06,IJL_2024_summer_regular,chikin,soar,gnk,mone,takoyaki,4,0,"2024IJL夏季赛常规赛.xlsx",209
7680,2024-07-06,IJL_2024_summer_regular,chikin,soar,mone,gnk,takoyaki,3,0,"2024IJL夏季赛常规赛.xlsx",210
7681,2024-07-06,IJL_2024_summer_regular,miraik,nerisu,appai,felix,dacho,0,1,"2024IJL夏季赛常规赛.xlsx",211
7682,2024-07-07,IJL_2024_summer_regular,alf,monop,soba,city,raolie,1,1,"2024IJL夏季赛常规赛.xlsx",212
7683,2024-07-07,IJL_2024_summer_regular,peter,hametu,dolisu,shinami,kznk,3,0,"2024IJL夏季赛常规赛.xlsx",213
7684,2024-07-07,IJL_2024_summer_regular,aka,shinami,hametu,kznk,dolisu,1,1,"2024IJL夏季赛常规赛.xlsx",214
7685,2024-07-07,IJL_2024_summer_regular,alf,raolie,soba,monop,city,2,,"2024IJL夏季赛常规赛.xlsx",215
7686,2024-07-07,IJL_2024_summer_regular,alf,soba,monop,city,raolie,3,0,"2024IJL夏季赛常规赛.xlsx",216
7687,2024-07-07,IJL_2024_summer_regular,aka,shinami,kznk,hametu,dolisu,3,0,"2024IJL夏季赛常规赛.xlsx",217
7688,2024-07-07,IJL_2024_summer_regular,hasha,soar,gnk,takoyaki,mone,4,0,"2024IJL夏季赛常规赛.xlsx",218
7689,2024-07-07,IJL_2024_summer_regular,burio,emmko,maeken,yougg,sasori,0,1,"2024IJL夏季赛常规赛.xlsx",219
7690,2024-07-07,IJL_2024_summer_regular,miraik,emmko,yougg,sasori,maeken,2,,"2024IJL夏季赛常规赛.xlsx",220
7691,2024-07-07,IJL_2024_summer_regular,hasha,gnk,mone,takoyaki,soar,0,1,"2024IJL夏季赛常规赛.xlsx",221
7692,2024-07-07,IJL_2024_summer_regular,hasha,gnk,mone,takoyaki,soar,2,,"2024IJL夏季赛常规赛.xlsx",222
7693,2024-07-07,IJL_2024_summer_regular,miraik,sasori,yougg,maeken,emmko,3,0,"2024IJL夏季赛常规赛.xlsx",223
7694,2024-07-07,IJL_2024_summer_regular,chikin,shinami,kznk,dolisu,hametu,2,,"2024IJL夏季赛常规赛.xlsx",224
7695,2024-07-07,IJL_2024_summer_regular,alf,nerisu,appai,felix,dacho,1,1,"2024IJL夏季赛常规赛.xlsx",225
7696,2024-07-07,IJL_2024_summer_regular,chikin,dolisu,shinami,kznk,hametu,2,,"2024IJL夏季赛常规赛.xlsx",226
7697,2024-07-07,IJL_2024_summer_regular,alf,appai,felix,nerisu,dacho,2,,"2024IJL夏季赛常规赛.xlsx",227
7698,2024-07-07,IJL_2024_summer_regular,yami,hametu,dolisu,kznk,shinami,3,0,"2024IJL夏季赛常规赛.xlsx",228
7699,2024-07-07,IJL_2024_summer_regular,alf,nerisu,appai,dacho,felix,0,1,"2024IJL夏季赛常规赛.xlsx",229
7700,2024-12-20,IJL_2024_fall_playoffs,brontal,nerisu,appai,dacho,felix,0,1,"2024IJL秋季赛季后赛.xlsx",0
7701,2024-12-20,IJL_2024_fall_playoffs,chikin,batoru,nameko,aez,kaeru,0,1,"2024IJL秋季赛季后赛.xlsx",1
7702,2024-12-20,IJL_2024_fall_playoffs,brontal,felix,appai,dacho,nerisu,2,,"2024IJL秋季赛季后赛.xlsx",2
7703,2024-12-20,IJL_2024_fall_playoffs,chikin,nameko,aez,batoru,kaeru,3,0,"2024IJL秋季赛季后赛.xlsx",3
7704,2024-12-20,IJL_2024_fall_playoffs,yukakina,felix,nerisu,dacho,appai,0,1,"2024IJL秋季赛季后赛.xlsx",4
7705,2024-12-20,IJL_2024_fall_playoffs,yami,nameko,batoru,kaeru,aez,1,1,"2024IJL秋季赛季后赛.xlsx",5
7706,2024-12-20,IJL_2024_fall_playoffs,yami,aez,nameko,kaeru,batoru,1,1,"2024IJL秋季赛季后赛.xlsx",6
7707,2024-12-20,IJL_2024_fall_playoffs,yukakina,nerisu,appai,dacho,felix,2,,"2024IJL秋季赛季后赛.xlsx",7
7708,2024-12-20,IJL_2024_fall_playoffs,yami,aez,nameko,batoru,kaeru,3,0,"2024IJL秋季赛季后赛.xlsx",8
7709,2024-12-20,IJL_2024_fall_playoffs,yukakina,nerisu,dacho,appai,felix,2,,"2024IJL秋季赛季后赛.xlsx",9
7710,2024-12-20,IJL_2024_fall_playoffs,hasha,takakou,nyan,atto,tuna,3,0,"2024IJL秋季赛季后赛.xlsx",10
7711,2024-12-20,IJL_2024_fall_playoffs,kakaka,yougg,emmko,maeken,sasori,3,0,"2024IJL秋季赛季后赛.xlsx",11
7712,2024-12-20,IJL_2024_fall_playoffs,ryz,maeken,sasori,emmko,yougg,2,,"2024IJL秋季赛季后赛.xlsx",12
7713,2024-12-20,IJL_2024_fall_playoffs,hasha,atto,tuna,nyan,takakou,3,0,"2024IJL秋季赛季后赛.xlsx",13
7714,2024-12-20,IJL_2024_fall_playoffs,hasha,takakou,tuna,nyan,atto,1,1,"2024IJL秋季赛季后赛.xlsx",14
7715,2024-12-20,IJL_2024_fall_playoffs,kakaka,yougg,sasori,emmko,maeken,2,,"2024IJL秋季赛季后赛.xlsx",15
7716,2024-12-20,IJL_2024_fall_playoffs,kakaka,emmko,sasori,maeken,yougg,1,1,"2024IJL秋季赛季后赛.xlsx",16
7717,2024-12-20,IJL_2024_fall_playoffs,hasha,takakou,nyan,atto,tuna,2,,"2024IJL秋季赛季后赛.xlsx",17
7718,2024-12-20,IJL_2024_fall_playoffs,hasha,takakou,nyan,atto,tuna,0,1,"2024IJL秋季赛季后赛.xlsx",18
7719,2024-12-20,IJL_2024_fall_playoffs,kakaka,emmko,maeken,sasori,yougg,2,,"2024IJL秋季赛季后赛.xlsx",19
7720,2024-12-21,IJL_2024_fall_playoffs,ryz,felix,nerisu,dacho,appai,1,1,"2024IJL秋季赛季后赛.xlsx",20
7721,2024-12-21,IJL_2024_fall_playoffs,chikin,atto,takakou,tuna,nyan,0,1,"2024IJL秋季赛季后赛.xlsx",21
7722,2024-12-21,IJL_2024_fall_playoffs,chikin,takakou,nyan,tuna,atto,2,,"2024IJL秋季赛季后赛.xlsx",22
7723,2024-12-21,IJL_2024_fall_playoffs,ryz,appai,dacho,felix,nerisu,0,1,"2024IJL秋季赛季后赛.xlsx",23
7724,2024-12-21,IJL_2024_fall_playoffs,kakaka,nerisu,appai,felix,dacho,2,,"2024IJL秋季赛季后赛.xlsx",24
7725,2024-12-21,IJL_2024_fall_playoffs,yami,takakou,atto,nyan,tuna,2,,"2024IJL秋季赛季后赛.xlsx",25
7726,2024-12-21,IJL_2024_fall_playoffs,kakaka,felix,appai,nerisu,dacho,0,1,"2024IJL秋季赛季后赛.xlsx",26
7727,2024-12-21,IJL_2024_fall_playoffs,yami,tuna,takakou,nyan,atto,0,1,"2024IJL秋季赛季后赛.xlsx",27
7728,2024-12-21,IJL_2024_fall_playoffs,kakaka,nerisu,dacho,felix,appai,0,1,"2024IJL秋季赛季后赛.xlsx",28
7729,2024-12-21,IJL_2024_fall_playoffs,brontal,sasori,yougg,emmko,maeken,0,1,"2024IJL秋季赛季后赛.xlsx",29
7730,2024-12-21,IJL_2024_fall_playoffs,hasha,aez,batoru,nameko,kaeru,2,,"2024IJL秋季赛季后赛.xlsx",30
7731,2024-12-21,IJL_2024_fall_playoffs,hasha,aez,nameko,batoru,kaeru,0,1,"2024IJL秋季赛季后赛.xlsx",31
7732,2024-12-21,IJL_2024_fall_playoffs,brontal,maeken,sasori,yougg,emmko,2,,"2024IJL秋季赛季后赛.xlsx",32
7733,2024-12-21,IJL_2024_fall_playoffs,yukakina,yougg,emmko,sasori,maeken,0,1,"2024IJL秋季赛季后赛.xlsx",33
7734,2024-12-21,IJL_2024_fall_playoffs,hasha,batoru,aez,nameko,kaeru,2,,"2024IJL秋季赛季后赛.xlsx",34
7735,2024-12-21,IJL_2024_fall_playoffs,hasha,aez,batoru,nameko,kaeru,1,1,"2024IJL秋季赛季后赛.xlsx",35
7736,2024-12-21,IJL_2024_fall_playoffs,yukakina,maeken,emmko,yougg,sasori,2,,"2024IJL秋季赛季后赛.xlsx",36
7737,2024-12-21,IJL_2024_fall_playoffs,yukakina,sasori,yougg,maeken,emmko,2,,"2024IJL秋季赛季后赛.xlsx",37
7738,2024-12-21,IJL_2024_fall_playoffs,hasha,aez,kaeru,batoru,nameko,3,0,"2024IJL秋季赛季后赛.xlsx",38
7739,2024-12-22,IJL_2024_fall_playoffs,ryz,sasori,yougg,maeken,emmko,2,,"2024IJL秋季赛季后赛.xlsx",39
7740,2024-12-22,IJL_2024_fall_playoffs,hasha,takakou,tuna,nyan,atto,0,1,"2024IJL秋季赛季后赛.xlsx",40
7741,2024-12-22,IJL_2024_fall_playoffs,hasha,takakou,tuna,nyan,atto,3,0,"2024IJL秋季赛季后赛.xlsx",41
7742,2024-12-22,IJL_2024_fall_playoffs,ryz,yougg,sasori,maeken,emmko,2,,"2024IJL秋季赛季后赛.xlsx",42
7743,2024-12-22,IJL_2024_fall_playoffs,kakaka,emmko,sasori,yougg,maeken,2,,"2024IJL秋季赛季后赛.xlsx",43
7744,2024-12-22,IJL_2024_fall_playoffs,hasha,tuna,atto,takakou,nyan,3,0,"2024IJL秋季赛季后赛.xlsx",44
7745,2024-12-22,IJL_2024_fall_playoffs,hasha,takakou,nyan,atto,tuna,2,,"2024IJL秋季赛季后赛.xlsx",45
7746,2024-12-22,IJL_2024_fall_playoffs,kakaka,yougg,sasori,maeken,emmko,1,1,"2024IJL秋季赛季后赛.xlsx",46
7747,2024-12-22,IJL_2024_fall_playoffs,brontal,takakou,tuna,nyan,atto,2,,"2024IJL秋季赛季后赛.xlsx",47
7748,2024-12-22,IJL_2024_fall_playoffs,ryz,nameko,batoru,aez,kaeru,2,,"2024IJL秋季赛季后赛.xlsx",48
7749,2024-12-22,IJL_2024_fall_playoffs,ryz,nameko,aez,batoru,kaeru,0,1,"2024IJL秋季赛季后赛.xlsx",49
7750,2024-12-22,IJL_2024_fall_playoffs,brontal,takakou,nyan,atto,tuna,3,0,"2024IJL秋季赛季后赛.xlsx",50
7751,2024-12-22,IJL_2024_fall_playoffs,yukakina,nyan,atto,tuna,takakou,3,0,"2024IJL秋季赛季后赛.xlsx",51
7752,2024-12-22,IJL_2024_fall_playoffs,kakaka,kaeru,nameko,batoru,aez,2,,"2024IJL秋季赛季后赛.xlsx",52
7753,2024-12-22,IJL_2024_fall_playoffs,kakaka,nameko,aez,batoru,kaeru,3,0,"2024IJL秋季赛季后赛.xlsx",53
7754,2024-12-22,IJL_2024_fall_playoffs,yukakina,takakou,atto,tuna,nyan,2,,"2024IJL秋季赛季后赛.xlsx",54
7755,2024-12-22,IJL_2024_fall_playoffs,kakaka,nameko,kaeru,aez,batoru,3,0,"2024IJL秋季赛季后赛.xlsx",55
7756,2024-12-22,IJL_2024_fall_playoffs,yukakina,takakou,atto,nyan,tuna,3,0,"2024IJL秋季赛季后赛.xlsx",56
7757,2025-05-31,IJL_2025_summer_regular,peter,atto,nyan,tuna,monop,3,0,"2025IJL夏季赛常规赛.xlsx",0
7758,2025-05-31,IJL_2025_summer_regular,kakiri,shinami,dolisu,hametu,kznk,2,,"2025IJL夏季赛常规赛.xlsx",1
7759,2025-05-31,IJL_2025_summer_regular,peter,atto,nyan,tuna,monop,3,0,"2025IJL夏季赛常规赛.xlsx",2
7760,2025-05-31,IJL_2025_summer_regular,kakiri,shinami,dolisu,hametu,kznk,0,1,"2025IJL夏季赛常规赛.xlsx",3
7761,2025-05-31,IJL_2025_summer_regular,chikin,gnk,mone,soar,tarako,3,0,"2025IJL夏季赛常规赛.xlsx",4
7762,2025-05-31,IJL_2025_summer_regular,burio,felix,appai,nerisu,takoyaki,0,1,"2025IJL夏季赛常规赛.xlsx",5
7763,2025-05-31,IJL_2025_summer_regular,chikin,gnk,mone,soar,tarako,1,1,"2025IJL夏季赛常规赛.xlsx",6
7764,2025-05-31,IJL_2025_summer_regular,yuuri,felix,appai,nerisu,takoyaki,2,,"2025IJL夏季赛常规赛.xlsx",7
7765,2025-05-31,IJL_2025_summer_regular,yuuri,felix,appai,nerisu,takoyaki,3,0,"2025IJL夏季赛常规赛.xlsx",8
7766,2025-05-31,IJL_2025_summer_regular,yami,gnk,mone,soar,tarako,3,0,"2025IJL夏季赛常规赛.xlsx",9
7767,2025-05-31,IJL_2025_summer_regular,hasha,soba,unpyi,city,raolie,2,,"2025IJL夏季赛常规赛.xlsx",10
7768,2025-05-31,IJL_2025_summer_regular,aka,sasori,avagg,520,kat,0,1,"2025IJL夏季赛常规赛.xlsx",11
7769,2025-05-31,IJL_2025_summer_regular,hasha,soba,unpyi,city,raolie,2,,"2025IJL夏季赛常规赛.xlsx",12
7770,2025-05-31,IJL_2025_summer_regular,aka,sasori,avagg,520,kat,0,1,"2025IJL夏季赛常规赛.xlsx",13
7771,2025-05-31,IJL_2025_summer_regular,irohasu,aez,emmko,batoru,nameko,2,,"2025IJL夏季赛常规赛.xlsx",14
7772,2025-05-31,IJL_2025_summer_regular,brontal,zizi,emu,myme,nach,3,0,"2025IJL夏季赛常规赛.xlsx",15
7773,2025-05-31,IJL_2025_summer_regular,brontal,zizi,emu,myme,nach,2,,"2025IJL夏季赛常规赛.xlsx",16
7774,2025-05-31,IJL_2025_summer_regular,kotami,aez,emmko,batoru,nameko,3,0,"2025IJL夏季赛常规赛.xlsx",17
7775,2025-05-31,IJL_2025_summer_regular,yukakina,zizi,emu,myme,nach,2,,"2025IJL夏季赛常规赛.xlsx",18
7776,2025-05-31,IJL_2025_summer_regular,m1take,aez,emmko,batoru,nameko,2,,"2025IJL夏季赛常规赛.xlsx",19
7777,2025-05-31,IJL_2025_summer_regular,m1take,aez,emmko,batoru,nameko,3,0,"2025IJL夏季赛常规赛.xlsx",20
7778,2025-05-31,IJL_2025_summer_regular,yukakina,zizi,emu,myme,nach,3,0,"2025IJL夏季赛常规赛.xlsx",21
7779,2025-06-01,IJL_2025_summer_regular,chikin,sasori,avagg,520,kat,0,1,"2025IJL夏季赛常规赛.xlsx",22
7780,2025-06-01,IJL_2025_summer_regular,hasha,felix,appai,nerisu,takoyaki,2,,"2025IJL夏季赛常规赛.xlsx",23
7781,2025-06-01,IJL_2025_summer_regular,hasha,felix,appai,nerisu,takoyaki,2,,"2025IJL夏季赛常规赛.xlsx",24
7782,2025-06-01,IJL_2025_summer_regular,chikin,sasori,avagg,520,kat,2,,"2025IJL夏季赛常规赛.xlsx",25
7783,2025-06-01,IJL_2025_summer_regular,hasha,felix,appai,nerisu,takoyaki,3,0,"2025IJL夏季赛常规赛.xlsx",26
7784,2025-06-01,IJL_2025_summer_regular,yami,sasori,avagg,520,kat,3,0,"2025IJL夏季赛常规赛.xlsx",27
7785,2025-06-01,IJL_2025_summer_regular,kakiri,gnk,mone,soar,tarako,1,1,"2025IJL夏季赛常规赛.xlsx",28
7786,2025-06-01,IJL_2025_summer_regular,burio,atto,nyan,tuna,monop,2,,"2025IJL夏季赛常规赛.xlsx",29
7787,2025-06-01,IJL_2025_summer_regular,yuuri,atto,nyan,tuna,monop,3,0,"2025IJL夏季赛常规赛.xlsx",30
7788,2025-06-01,IJL_2025_summer_regular,kakiri,gnk,mone,soar,tarako,0,1,"2025IJL夏季赛常规赛.xlsx",31
7789,2025-06-01,IJL_2025_summer_regular,aka,zizi,emu,myme,nach,0,1,"2025IJL夏季赛常规赛.xlsx",32
7790,2025-06-01,IJL_2025_summer_regular,irohasu,soba,unpyi,city,raolie,2,,"2025IJL夏季赛常规赛.xlsx",33
7791,2025-06-01,IJL_2025_summer_regular,kotami,soba,unpyi,city,raolie,2,,"2025IJL夏季赛常规赛.xlsx",34
7792,2025-06-01,IJL_2025_summer_regular,aka,zizi,emu,myme,nach,0,1,"2025IJL夏季赛常规赛.xlsx",35
7793,2025-06-01,IJL_2025_summer_regular,brontal,shinami,dolisu,hametu,kznk,0,1,"2025IJL夏季赛常规赛.xlsx",36
7794,2025-06-01,IJL_2025_summer_regular,peter,aez,emmko,batoru,nameko,0,1,"2025IJL夏季赛常规赛.xlsx",37
7795,2025-06-01,IJL_2025_summer_regular,peter,aez,emmko,batoru,nameko,3,0,"2025IJL夏季赛常规赛.xlsx",38
7796,2025-06-01,IJL_2025_summer_regular,brontal,shinami,dolisu,hametu,kznk,3,0,"2025IJL夏季赛常规赛.xlsx",39
7797,2025-06-01,IJL_2025_summer_regular,yukakina,shinami,dolisu,hametu,kznk,2,,"2025IJL夏季赛常规赛.xlsx",40
7798,2025-06-01,IJL_2025_summer_regular,mkmldy,aez,emmko,batoru,nameko,2,,"2025IJL夏季赛常规赛.xlsx",41
7799,2025-06-01,IJL_2025_summer_regular,yukakina,shinami,dolisu,hametu,kznk,3,0,"2025IJL夏季赛常规赛.xlsx",42
7800,2025-06-01,IJL_2025_summer_regular,mkmldy,aez,emmko,batoru,nameko,3,0,"2025IJL夏季赛常规赛.xlsx",43
7801,2025-06-07,IJL_2025_summer_regular,brontal,gnk,mone,soar,tarako,2,,"2025IJL夏季赛常规赛.xlsx",44
7802,2025-06-07,IJL_2025_summer_regular,burio,aez,emmko,batoru,nameko,2,,"2025IJL夏季赛常规赛.xlsx",45
7803,2025-06-07,IJL_2025_summer_regular,brontal,gnk,mone,soar,tarako,2,,"2025IJL夏季赛常规赛.xlsx",46
7804,2025-06-07,IJL_2025_summer_regular,yuuri,aez,emmko,batoru,nameko,2,,"2025IJL夏季赛常规赛.xlsx",47
7805,2025-06-07,IJL_2025_summer_regular,yuuri,aez,emmko,batoru,nameko,3,0,"2025IJL夏季赛常规赛.xlsx",48
7806,2025-06-07,IJL_2025_summer_regular,yukakina,gnk,mone,soar,tarako,3,0,"2025IJL夏季赛常规赛.xlsx",49
7807,2025-06-07,IJL_2025_summer_regular,yuuri,aez,emmko,batoru,nameko,4,0,"2025IJL夏季赛常规赛.xlsx",50
7808,2025-06-07,IJL_2025_summer_regular,yukakina,gnk,mone,soar,tarako,4,0,"2025IJL夏季赛常规赛.xlsx",51
7809,2025-06-07,IJL_2025_summer_regular,hasha,atto,nyan,tuna,monop,3,0,"2025IJL夏季赛常规赛.xlsx",52
7810,2025-06-07,IJL_2025_summer_regular,kakiri,sasori,avagg,520,kat,0,1,"2025IJL夏季赛常规赛.xlsx",53
7811,2025-06-07,IJL_2025_summer_regular,kakiri,sasori,avagg,520,kat,0,1,"2025IJL夏季赛常规赛.xlsx",54
7812,2025-06-07,IJL_2025_summer_regular,hasha,atto,nyan,tuna,monop,2,,"2025IJL夏季赛常规赛.xlsx",55
7813,2025-06-07,IJL_2025_summer_regular,aka,shinami,dolisu,hametu,kznk,0,1,"2025IJL夏季赛常规赛.xlsx",56
7814,2025-06-07,IJL_2025_summer_regular,peter,soba,unpyi,city,raolie,1,1,"2025IJL夏季赛常规赛.xlsx",57
7815,2025-06-07,IJL_2025_summer_regular,peter,soba,unpyi,city,raolie,3,0,"2025IJL夏季赛常规赛.xlsx",58
7816,2025-06-07,IJL_2025_summer_regular,aka,shinami,dolisu,hametu,kznk,3,0,"2025IJL夏季赛常规赛.xlsx",59
7817,2025-06-07,IJL_2025_summer_regular,mkmldy,soba,unpyi,city,raolie,2,,"2025IJL夏季赛常规赛.xlsx",60
7818,2025-06-07,IJL_2025_summer_regular,alf,shinami,dolisu,hametu,kznk,3,0,"2025IJL夏季赛常规赛.xlsx",61
7819,2025-06-07,IJL_2025_summer_regular,chikin,zizi,emu,myme,nach,2,,"2025IJL夏季赛常规赛.xlsx",62
7820,2025-06-07,IJL_2025_summer_regular,irohasu,felix,appai,nerisu,takoyaki,1,1,"2025IJL夏季赛常规赛.xlsx",63
7821,2025-06-07,IJL_2025_summer_regular,chikin,zizi,emu,myme,nach,2,,"2025IJL夏季赛常规赛.xlsx",64
7822,2025-06-07,IJL_2025_summer_regular,kotami,felix,appai,nerisu,takoyaki,2,,"2025IJL夏季赛常规赛.xlsx",65
7823,2025-06-07,IJL_2025_summer_regular,yami,zizi,emu,myme,nach,0,1,"2025IJL夏季赛常规赛.xlsx",66
7824,2025-06-07,IJL_2025_summer_regular,m1take,felix,appai,nerisu,takoyaki,2,,"2025IJL夏季赛常规赛.xlsx",67
7825,2025-06-08,IJL_2025_summer_regular,brontal,sasori,avagg,520,kat,2,,"2025IJL夏季赛常规赛.xlsx",68
7826,2025-06-08,IJL_2025_summer_regular,hasha,aez,emmko,batoru,nameko,3,0,"2025IJL夏季赛常规赛.xlsx",69
7827,2025-06-08,IJL_2025_summer_regular,hasha,aez,emmko,batoru,nameko,2,,"2025IJL夏季赛常规赛.xlsx",70
7828,2025-06-08,IJL_2025_summer_regular,brontal,sasori,avagg,520,kat,2,,"2025IJL夏季赛常规赛.xlsx",71
7829,2025-06-08,IJL_2025_summer_regular,yukakina,sasori,avagg,520,kat,1,1,"2025IJL夏季赛常规赛.xlsx",72
7830,2025-06-08,IJL_2025_summer_regular,hasha,aez,emmko,batoru,nameko,2,,"2025IJL夏季赛常规赛.xlsx",73
7831,2025-06-08,IJL_2025_summer_regular,kakiri,zizi,emu,myme,nach,2,,"2025IJL夏季赛常规赛.xlsx",74
7832,2025-06-08,IJL_2025_summer_regular,irohasu,atto,nyan,tuna,monop,3,0,"2025IJL夏季赛常规赛.xlsx",75
7833,2025-06-08,IJL_2025_summer_regular,kotami,atto,nyan,tuna,monop,2,,"2025IJL夏季赛常规赛.xlsx",76
7834,2025-06-08,IJL_2025_summer_regular,kakiri,zizi,emu,myme,nach,0,1,"2025IJL夏季赛常规赛.xlsx",77
7835,2025-06-08,IJL_2025_summer_regular,chikin,shinami,dolisu,hametu,kznk,1,1,"2025IJL夏季赛常规赛.xlsx",78
7836,2025-06-08,IJL_2025_summer_regular,peter,felix,appai,nerisu,takoyaki,2,,"2025IJL夏季赛常规赛.xlsx",79
7837,2025-06-08,IJL_2025_summer_regular,peter,felix,appai,nerisu,takoyaki,2,,"2025IJL夏季赛常规赛.xlsx",80
7838,2025-06-08,IJL_2025_summer_regular,chikin,shinami,dolisu,hametu,kznk,2,,"2025IJL夏季赛常规赛.xlsx",81
7839,2025-06-08,IJL_2025_summer_regular,yami,shinami,dolisu,hametu,kznk,3,0,"2025IJL夏季赛常规赛.xlsx",82
7840,2025-06-08,IJL_2025_summer_regular,mkmldy,felix,appai,nerisu,takoyaki,1,1,"2025IJL夏季赛常规赛.xlsx",83
7841,2025-06-08,IJL_2025_summer_regular,aka,gnk,mone,soar,tarako,1,1,"2025IJL夏季赛常规赛.xlsx",84
7842,2025-06-08,IJL_2025_summer_regular,burio,soba,unpyi,city,raolie,2,,"2025IJL夏季赛常规赛.xlsx",85
7843,2025-06-08,IJL_2025_summer_regular,yuuri,soba,unpyi,city,raolie,3,0,"2025IJL夏季赛常规赛.xlsx",86
7844,2025-06-08,IJL_2025_summer_regular,aka,gnk,mone,soar,tarako,2,,"2025IJL夏季赛常规赛.xlsx",87
7845,2025-06-14,IJL_2025_summer_regular,brontal,soba,unpyi,city,raolie,3,0,"2025IJL夏季赛常规赛.xlsx",88
7846,2025-06-14,IJL_2025_summer_regular,aka,aez,emmko,batoru,nameko,2,,"2025IJL夏季赛常规赛.xlsx",89
7847,2025-06-14,IJL_2025_summer_regular,aka,aez,emmko,batoru,nameko,0,1,"2025IJL夏季赛常规赛.xlsx",90
7848,2025-06-14,IJL_2025_summer_regular,brontal,soba,unpyi,city,raolie,2,,"2025IJL夏季赛常规赛.xlsx",91
7849,2025-06-14,IJL_2025_summer_regular,burio,shinami,dolisu,hametu,kznk,3,0,"2025IJL夏季赛常规赛.xlsx",92
7850,2025-06-14,IJL_2025_summer_regular,peter,gnk,mone,soar,tarako,2,,"2025IJL夏季赛常规赛.xlsx",93
7851,2025-06-14,IJL_2025_summer_regular,peter,gnk,mone,soar,tarako,1,1,"2025IJL夏季赛常规赛.xlsx",94
7852,2025-06-14,IJL_2025_summer_regular,yuuri,shinami,dolisu,hametu,kznk,2,,"2025IJL夏季赛常规赛.xlsx",95
7853,2025-06-14,IJL_2025_summer_regular,hasha,zizi,emu,myme,nach,0,1,"2025IJL夏季赛常规赛.xlsx",96
7854,2025-06-14,IJL_2025_summer_regular,irohasu,sasori,avagg,maeken,kat,1,1,"2025IJL夏季赛常规赛.xlsx",97
7855,2025-06-14,IJL_2025_summer_regular,hasha,zizi,emu,myme,nach,2,,"2025IJL夏季赛常规赛.xlsx",98
7856,2025-06-14,IJL_2025_summer_regular,irohasu,sasori,avagg,maeken,kat,2,,"2025IJL夏季赛常规赛.xlsx",99
7857,2025-06-14,IJL_2025_summer_regular,m1take,sasori,avagg,maeken,kat,2,,"2025IJL夏季赛常规赛.xlsx",100
7858,2025-06-14,IJL_2025_summer_regular,pipicha,zizi,emu,myme,nach,2,,"2025IJL夏季赛常规赛.xlsx",101
7859,2025-06-14,IJL_2025_summer_regular,chikin,atto,nyan,tuna,monop,2,,"2025IJL夏季赛常规赛.xlsx",102
7860,2025-06-14,IJL_2025_summer_regular,kakiri,felix,appai,nerisu,takoyaki,0,1,"2025IJL夏季赛常规赛.xlsx",103
7861,2025-06-14,IJL_2025_summer_regular,kakiri,felix,appai,nerisu,takoyaki,0,1,"2025IJL夏季赛常规赛.xlsx",104
7862,2025-06-14,IJL_2025_summer_regular,chikin,atto,nyan,tuna,monop,2,,"2025IJL夏季赛常规赛.xlsx",105
7863,2025-06-15,IJL_2025_summer_regular,hasha,shinami,dolisu,hametu,kznk,0,1,"2025IJL夏季赛常规赛.xlsx",106
7864,2025-06-15,IJL_2025_summer_regular,peter,sasori,avagg,520,kat,0,1,"2025IJL夏季赛常规赛.xlsx",107
7865,2025-06-15,IJL_2025_summer_regular,peter,sasori,avagg,520,kat,0,1,"2025IJL夏季赛常规赛.xlsx",108
7866,2025-06-15,IJL_2025_summer_regular,hasha,shinami,dolisu,hametu,kznk,0,1,"2025IJL夏季赛常规赛.xlsx",109
7867,2025-06-15,IJL_2025_summer_regular,pipicha,shinami,dolisu,hametu,kznk,0,1,"2025IJL夏季赛常规赛.xlsx",110
7868,2025-06-15,IJL_2025_summer_regular,mkmldy,sasori,avagg,520,kat,0,1,"2025IJL夏季赛常规赛.xlsx",111
7869,2025-06-15,IJL_2025_summer_regular,chikin,aez,emmko,batoru,nameko,3,0,"2025IJL夏季赛常规赛.xlsx",112
7870,2025-06-15,IJL_2025_summer_regular,brontal,felix,appai,nerisu,takoyaki,0,1,"2025IJL夏季赛常规赛.xlsx",113
7871,2025-06-15,IJL_2025_summer_regular,chikin,aez,emmko,batoru,nameko,1,1,"2025IJL夏季赛常规赛.xlsx",114
7872,2025-06-15,IJL_2025_summer_regular,brontal,felix,appai,nerisu,takoyaki,2,,"2025IJL夏季赛常规赛.xlsx",115
7873,2025-06-15,IJL_2025_summer_regular,yukakina,felix,appai,nerisu,takoyaki,0,1,"2025IJL夏季赛常规赛.xlsx",116
7874,2025-06-15,IJL_2025_summer_regular,yami,aez,emmko,batoru,nameko,2,,"2025IJL夏季赛常规赛.xlsx",117
7875,2025-06-15,IJL_2025_summer_regular,aka,atto,nyan,tuna,monop,0,1,"2025IJL夏季赛常规赛.xlsx",118
7876,2025-06-15,IJL_2025_summer_regular,kakiri,soba,unpyi,city,raolie,0,1,"2025IJL夏季赛常规赛.xlsx",119
7877,2025-06-15,IJL_2025_summer_regular,kakiri,soba,unpyi,city,raolie,0,1,"2025IJL夏季赛常规赛.xlsx",120
7878,2025-06-15,IJL_2025_summer_regular,aka,atto,nyan,tuna,monop,0,1,"2025IJL夏季赛常规赛.xlsx",121
7879,2025-06-15,IJL_2025_summer_regular,alf,atto,nyan,tuna,monop,0,1,"2025IJL夏季赛常规赛.xlsx",122
7880,2025-06-15,IJL_2025_summer_regular,kakaka,soba,unpyi,city,raolie,0,1,"2025IJL夏季赛常规赛.xlsx",123
7881,2025-06-15,IJL_2025_summer_regular,burio,zizi,emu,myme,nach,2,,"2025IJL夏季赛常规赛.xlsx",124
7882,2025-06-15,IJL_2025_summer_regular,irohasu,gnk,mone,soar,tarako,2,,"2025IJL夏季赛常规赛.xlsx",125
7883,2025-06-15,IJL_2025_summer_regular,kotami,gnk,mone,soar,tarako,3,0,"2025IJL夏季赛常规赛.xlsx",126
7884,2025-06-15,IJL_2025_summer_regular,yuuri,zizi,emu,myme,nach,2,,"2025IJL夏季赛常规赛.xlsx",127
7885,2025-06-15,IJL_2025_summer_regular,yuuri,zizi,emu,myme,nach,3,0,"2025IJL夏季赛常规赛.xlsx",128
7886,2025-06-15,IJL_2025_summer_regular,m1take,gnk,mone,soar,tarako,2,,"2025IJL夏季赛常规赛.xlsx",129
7887,2025-06-15,IJL_2025_summer_regular,yuuri,zizi,emu,myme,nach,1,1,"2025IJL夏季赛常规赛.xlsx",130
7888,2025-06-15,IJL_2025_summer_regular,m1take,gnk,mone,soar,tarako,3,0,"2025IJL夏季赛常规赛.xlsx",131
7889,2025-06-21,IJL_2025_summer_regular,aka,felix,appai,nerisu,takoyaki,2,,"2025IJL夏季赛常规赛.xlsx",132
7890,2025-06-21,IJL_2025_summer_regular,chikin,soba,unpyi,city,raolie,1,1,"2025IJL夏季赛常规赛.xlsx",133
7891,2025-06-21,IJL_2025_summer_regular,chikin,soba,unpyi,city,raolie,2,,"2025IJL夏季赛常规赛.xlsx",134
7892,2025-06-21,IJL_2025_summer_regular,aka,felix,appai,nerisu,takoyaki,0,1,"2025IJL夏季赛常规赛.xlsx",135
7893,2025-06-21,IJL_2025_summer_regular,alf,felix,appai,nerisu,takoyaki,2,,"2025IJL夏季赛常规赛.xlsx",136
7894,2025-06-21,IJL_2025_summer_regular,yami,soba,unpyi,city,raolie,2,,"2025IJL夏季赛常规赛.xlsx",137
7895,2025-06-21,IJL_2025_summer_regular,hasha,gnk,mone,soar,tarako,1,1,"2025IJL夏季赛常规赛.xlsx",138
7896,2025-06-21,IJL_2025_summer_regular,burio,sasori,avagg,maeken,kat,2,,"2025IJL夏季赛常规赛.xlsx",139
7897,2025-06-21,IJL_2025_summer_regular,yuuri,sasori,avagg,maeken,kat,3,0,"2025IJL夏季赛常规赛.xlsx",140
7898,2025-06-21,IJL_2025_summer_regular,hasha,gnk,mone,soar,tarako,2,,"2025IJL夏季赛常规赛.xlsx",141
7899,2025-06-21,IJL_2025_summer_regular,peter,zizi,emu,myme,nach,0,1,"2025IJL夏季赛常规赛.xlsx",142
7900,2025-06-21,IJL_2025_summer_regular,irohasu,shinami,dolisu,hametu,kznk,0,1,"2025IJL夏季赛常规赛.xlsx",143
7901,2025-06-21,IJL_2025_summer_regular,kotami,shinami,dolisu,hametu,kznk,4,0,"2025IJL夏季赛常规赛.xlsx",144
7902,2025-06-21,IJL_2025_summer_regular,peter,zizi,emu,myme,nach,2,,"2025IJL夏季赛常规赛.xlsx",145
7903,2025-06-21,IJL_2025_summer_regular,mkmldy,zizi,emu,myme,nach,2,,"2025IJL夏季赛常规赛.xlsx",146
7904,2025-06-21,IJL_2025_summer_regular,m1take,shinami,dolisu,hametu,kznk,0,1,"2025IJL夏季赛常规赛.xlsx",147
7905,2025-06-21,IJL_2025_summer_regular,kakiri,aez,emmko,batoru,nameko,1,1,"2025IJL夏季赛常规赛.xlsx",148
7906,2025-06-21,IJL_2025_summer_regular,brontal,atto,nyan,tuna,monop,2,,"2025IJL夏季赛常规赛.xlsx",149
7907,2025-06-21,IJL_2025_summer_regular,kakiri,aez,emmko,batoru,nameko,1,1,"2025IJL夏季赛常规赛.xlsx",150
7908,2025-06-21,IJL_2025_summer_regular,brontal,atto,nyan,tuna,monop,3,0,"2025IJL夏季赛常规赛.xlsx",151
7909,2025-06-22,IJL_2025_summer_regular,irohasu,shinami,dolisu,hametu,kznk,1,1,"2025IJL夏季赛常规赛.xlsx",152
7910,2025-06-22,IJL_2025_summer_regular,peter,zizi,emu,myme,nach,2,,"2025IJL夏季赛常规赛.xlsx",153
7911,2025-06-22,IJL_2025_summer_regular,peter,zizi,emu,myme,nach,0,1,"2025IJL夏季赛常规赛.xlsx",154
7912,2025-06-22,IJL_2025_summer_regular,kotami,shinami,dolisu,hametu,kznk,3,0,"2025IJL夏季赛常规赛.xlsx",155
7913,2025-06-22,IJL_2025_summer_regular,mkmldy,zizi,emu,myme,nach,3,0,"2025IJL夏季赛常规赛.xlsx",156
7914,2025-06-22,IJL_2025_summer_regular,m1take,shinami,dolisu,hametu,kznk,3,0,"2025IJL夏季赛常规赛.xlsx",157
7915,2025-06-22,IJL_2025_summer_regular,brontal,atto,nyan,tuna,monop,2,,"2025IJL夏季赛常规赛.xlsx",158
7916,2025-06-22,IJL_2025_summer_regular,kakiri,aez,emmko,batoru,nameko,1,1,"2025IJL夏季赛常规赛.xlsx",159
7917,2025-06-22,IJL_2025_summer_regular,kakiri,aez,emmko,batoru,nameko,1,1,"2025IJL夏季赛常规赛.xlsx",160
7918,2025-06-22,IJL_2025_summer_regular,brontal,atto,nyan,tuna,monop,3,0,"2025IJL夏季赛常规赛.xlsx",161
7919,2025-06-22,IJL_2025_summer_regular,chikin,soba,unpyi,city,raolie,3,0,"2025IJL夏季赛常规赛.xlsx",162
7920,2025-06-22,IJL_2025_summer_regular,aka,felix,appai,nerisu,takoyaki,2,,"2025IJL夏季赛常规赛.xlsx",163
7921,2025-06-22,IJL_2025_summer_regular,aka,felix,appai,nerisu,takoyaki,0,1,"2025IJL夏季赛常规赛.xlsx",164
7922,2025-06-22,IJL_2025_summer_regular,chikin,soba,unpyi,city,raolie,0,1,"2025IJL夏季赛常规赛.xlsx",165
7923,2025-06-22,IJL_2025_summer_regular,yami,soba,unpyi,city,raolie,3,0,"2025IJL夏季赛常规赛.xlsx",166
7924,2025-06-22,IJL_2025_summer_regular,alf,felix,appai,nerisu,takoyaki,0,1,"2025IJL夏季赛常规赛.xlsx",167
7925,2025-06-22,IJL_2025_summer_regular,burio,sasori,avagg,maeken,kat,0,1,"2025IJL夏季赛常规赛.xlsx",168
7926,2025-06-22,IJL_2025_summer_regular,hasha,gnk,mone,soar,tarako,3,0,"2025IJL夏季赛常规赛.xlsx",169
7927,2025-06-22,IJL_2025_summer_regular,hasha,gnk,mone,soar,tarako,3,0,"2025IJL夏季赛常规赛.xlsx",170
7928,2025-06-22,IJL_2025_summer_regular,yuuri,sasori,avagg,maeken,kat,0,1,"2025IJL夏季赛常规赛.xlsx",171
7929,2025-06-28,IJL_2025_summer_regular,irohasu,atto,nyan,tuna,monop,0,1,"2025IJL夏季赛常规赛.xlsx",172
7930,2025-06-28,IJL_2025_summer_regular,kakiri,zizi,emu,myme,nach,0,1,"2025IJL夏季赛常规赛.xlsx",173
7931,2025-06-28,IJL_2025_summer_regular,kakiri,zizi,emu,myme,nach,0,1,"2025IJL夏季赛常规赛.xlsx",174
7932,2025-06-28,IJL_2025_summer_regular,irohasu,atto,nyan,tuna,monop,3,0,"2025IJL夏季赛常规赛.xlsx",175
7933,2025-06-28,IJL_2025_summer_regular,m1take,atto,nyan,tuna,monop,2,,"2025IJL夏季赛常规赛.xlsx",176
7934,2025-06-28,IJL_2025_summer_regular,kakaka,zizi,emu,myme,nach,2,,"2025IJL夏季赛常规赛.xlsx",177
7935,2025-06-28,IJL_2025_summer_regular,hasha,aez,emmko,batoru,nameko,1,1,"2025IJL夏季赛常规赛.xlsx",178
7936,2025-06-28,IJL_2025_summer_regular,brontal,sasori,avagg,maeken,kat,0,1,"2025IJL夏季赛常规赛.xlsx",179
7937,2025-06-28,IJL_2025_summer_regular,yukakina,sasori,avagg,maeken,kat,2,,"2025IJL夏季赛常规赛.xlsx",180
7938,2025-06-28,IJL_2025_summer_regular,hasha,aez,emmko,batoru,nameko,0,1,"2025IJL夏季赛常规赛.xlsx",181
7939,2025-06-28,IJL_2025_summer_regular,pipicha,aez,emmko,batoru,nameko,3,0,"2025IJL夏季赛常规赛.xlsx",182
7940,2025-06-28,IJL_2025_summer_regular,yukakina,sasori,avagg,maeken,kat,2,,"2025IJL夏季赛常规赛.xlsx",183
7941,2025-06-28,IJL_2025_summer_regular,burio,soba,unpyi,city,raolie,2,,"2025IJL夏季赛常规赛.xlsx",184
7942,2025-06-28,IJL_2025_summer_regular,aka,gnk,mone,soar,tarako,2,,"2025IJL夏季赛常规赛.xlsx",185
7943,2025-06-28,IJL_2025_summer_regular,aka,gnk,mone,soar,tarako,1,1,"2025IJL夏季赛常规赛.xlsx",186
7944,2025-06-28,IJL_2025_summer_regular,yuuri,soba,unpyi,city,raolie,3,0,"2025IJL夏季赛常规赛.xlsx",187
7945,2025-06-28,IJL_2025_summer_regular,alf,gnk,mone,soar,tarako,2,,"2025IJL夏季赛常规赛.xlsx",188
7946,2025-06-28,IJL_2025_summer_regular,yuuri,soba,unpyi,city,raolie,2,,"2025IJL夏季赛常规赛.xlsx",189
7947,2025-06-28,IJL_2025_summer_regular,peter,felix,appai,nerisu,takoyaki,0,1,"2025IJL夏季赛常规赛.xlsx",190
7948,2025-06-28,IJL_2025_summer_regular,chikin,shinami,dolisu,hametu,kznk,0,1,"2025IJL夏季赛常规赛.xlsx",191
7949,2025-06-28,IJL_2025_summer_regular,chikin,shinami,dolisu,hametu,kznk,3,0,"2025IJL夏季赛常规赛.xlsx",192
7950,2025-06-28,IJL_2025_summer_regular,peter,felix,appai,nerisu,takoyaki,0,1,"2025IJL夏季赛常规赛.xlsx",193
7951,2025-06-28,IJL_2025_summer_regular,yami,shinami,dolisu,hametu,kznk,2,,"2025IJL夏季赛常规赛.xlsx",194
7952,2025-06-28,IJL_2025_summer_regular,mkmldy,felix,appai,nerisu,takoyaki,3,0,"2025IJL夏季赛常规赛.xlsx",195
7953,2025-06-29,IJL_2025_summer_regular,irohasu,soba,unpyi,city,raolie,2,,"2025IJL夏季赛常规赛.xlsx",196
7954,2025-06-29,IJL_2025_summer_regular,aka,zizi,emu,myme,nach,2,,"2025IJL夏季赛常规赛.xlsx",197
7955,2025-06-29,IJL_2025_summer_regular,aka,zizi,emu,myme,nach,2,,"2025IJL夏季赛常规赛.xlsx",198
7956,2025-06-29,IJL_2025_summer_regular,irohasu,soba,unpyi,city,raolie,2,,"2025IJL夏季赛常规赛.xlsx",199
7957,2025-06-29,IJL_2025_summer_regular,alf,zizi,emu,myme,nach,0,1,"2025IJL夏季赛常规赛.xlsx",200
7958,2025-06-29,IJL_2025_summer_regular,m1take,soba,unpyi,city,raolie,2,,"2025IJL夏季赛常规赛.xlsx",201
7959,2025-06-29,IJL_2025_summer_regular,hasha,felix,appai,nerisu,takoyaki,1,1,"2025IJL夏季赛常规赛.xlsx",202
7960,2025-06-29,IJL_2025_summer_regular,chikin,sasori,avagg,maeken,kat,0,1,"2025IJL夏季赛常规赛.xlsx",203
7961,2025-06-29,IJL_2025_summer_regular,chikin,sasori,avagg,maeken,kat,0,1,"2025IJL夏季赛常规赛.xlsx",204
7962,2025-06-29,IJL_2025_summer_regular,hasha,felix,appai,nerisu,takoyaki,3,0,"2025IJL夏季赛常规赛.xlsx",205
7963,2025-06-29,IJL_2025_summer_regular,peter,aez,emmko,batoru,nameko,2,,"2025IJL夏季赛常规赛.xlsx",206
7964,2025-06-29,IJL_2025_summer_regular,brontal,shinami,dolisu,hametu,kznk,2,,"2025IJL夏季赛常规赛.xlsx",207
7965,2025-06-29,IJL_2025_summer_regular,yukakina,shinami,dolisu,hametu,kznk,1,1,"2025IJL夏季赛常规赛.xlsx",208
7966,2025-06-29,IJL_2025_summer_regular,peter,aez,emmko,batoru,nameko,1,1,"2025IJL夏季赛常规赛.xlsx",209
7967,2025-06-29,IJL_2025_summer_regular,yukakina,shinami,dolisu,hametu,kznk,2,,"2025IJL夏季赛常规赛.xlsx",210
7968,2025-06-29,IJL_2025_summer_regular,mkmldy,aez,emmko,batoru,nameko,2,,"2025IJL夏季赛常规赛.xlsx",211
7969,2025-06-29,IJL_2025_summer_regular,mkmldy,aez,emmko,batoru,nameko,3,0,"2025IJL夏季赛常规赛.xlsx",212
7970,2025-06-29,IJL_2025_summer_regular,yukakina,shinami,dolisu,hametu,kznk,1,1,"2025IJL夏季赛常规赛.xlsx",213
7971,2025-06-29,IJL_2025_summer_regular,burio,atto,nyan,tuna,monop,1,1,"2025IJL夏季赛常规赛.xlsx",214
7972,2025-06-29,IJL_2025_summer_regular,kakiri,gnk,mone,soar,tarako,1,1,"2025IJL夏季赛常规赛.xlsx",215
7973,2025-06-29,IJL_2025_summer_regular,kakiri,gnk,mone,soar,tarako,1,1,"2025IJL夏季赛常规赛.xlsx",216
7974,2025-06-29,IJL_2025_summer_regular,burio,atto,nyan,tuna,monop,0,1,"2025IJL夏季赛常规赛.xlsx",217
7975,2025-06-29,IJL_2025_summer_regular,yuuri,atto,nyan,tuna,monop,3,0,"2025IJL夏季赛常规赛.xlsx",218
7976,2025-06-29,IJL_2025_summer_regular,kakaka,gnk,mone,soar,tarako,1,1,"2025IJL夏季赛常规赛.xlsx",219
7977,2025-07-05,IJL_2025_summer_regular,brontal,gnk,mone,soar,tarako,1,1,"2025IJL夏季赛常规赛.xlsx",220
7978,2025-07-05,IJL_2025_summer_regular,burio,aez,emmko,batoru,nameko,0,1,"2025IJL夏季赛常规赛.xlsx",221
7979,2025-07-05,IJL_2025_summer_regular,burio,aez,emmko,batoru,nameko,2,,"2025IJL夏季赛常规赛.xlsx",222
7980,2025-07-05,IJL_2025_summer_regular,yukakina,gnk,mone,soar,tarako,1,1,"2025IJL夏季赛常规赛.xlsx",223
7981,2025-07-05,IJL_2025_summer_regular,yuuri,aez,emmko,batoru,nameko,3,0,"2025IJL夏季赛常规赛.xlsx",224
7982,2025-07-05,IJL_2025_summer_regular,yukakina,gnk,mone,soar,tarako,1,1,"2025IJL夏季赛常规赛.xlsx",225
7983,2025-07-05,IJL_2025_summer_regular,irohasu,felix,appai,nerisu,takoyaki,2,,"2025IJL夏季赛常规赛.xlsx",226
7984,2025-07-05,IJL_2025_summer_regular,chikin,zizi,emu,myme,nach,2,,"2025IJL夏季赛常规赛.xlsx",227
7985,2025-07-05,IJL_2025_summer_regular,irohasu,felix,appai,nerisu,takoyaki,2,,"2025IJL夏季赛常规赛.xlsx",228
7986,2025-07-05,IJL_2025_summer_regular,chikin,zizi,emu,myme,nach,0,1,"2025IJL夏季赛常规赛.xlsx",229
7987,2025-07-05,IJL_2025_summer_regular,yami,zizi,emu,myme,nach,1,1,"2025IJL夏季赛常规赛.xlsx",230
7988,2025-07-05,IJL_2025_summer_regular,m1take,felix,appai,nerisu,takoyaki,4,0,"2025IJL夏季赛常规赛.xlsx",231
7989,2025-07-05,IJL_2025_summer_regular,kakiri,sasori,avagg,maeken,kat,2,,"2025IJL夏季赛常规赛.xlsx",232
7990,2025-07-05,IJL_2025_summer_regular,hasha,atto,nyan,tuna,monop,2,,"2025IJL夏季赛常规赛.xlsx",233
7991,2025-07-05,IJL_2025_summer_regular,hasha,atto,nyan,tuna,monop,2,,"2025IJL夏季赛常规赛.xlsx",234
7992,2025-07-05,IJL_2025_summer_regular,kakiri,sasori,avagg,maeken,kat,2,,"2025IJL夏季赛常规赛.xlsx",235
7993,2025-07-05,IJL_2025_summer_regular,kakaka,sasori,avagg,maeken,kat,2,,"2025IJL夏季赛常规赛.xlsx",236
7994,2025-07-05,IJL_2025_summer_regular,kakaka,atto,nyan,tuna,monop,1,1,"2025IJL夏季赛常规赛.xlsx",237
7995,2025-07-05,IJL_2025_summer_regular,pipicha,atto,nyan,tuna,monop,3,0,"2025IJL夏季赛常规赛.xlsx",238
7996,2025-07-05,IJL_2025_summer_regular,kakaka,sasori,avagg,maeken,kat,1,1,"2025IJL夏季赛常规赛.xlsx",239
7997,2025-07-05,IJL_2025_summer_regular,aka,shinami,dolisu,hametu,kznk,2,,"2025IJL夏季赛常规赛.xlsx",240
7998,2025-07-05,IJL_2025_summer_regular,peter,soba,unpyi,city,raolie,1,1,"2025IJL夏季赛常规赛.xlsx",241
7999,2025-07-05,IJL_2025_summer_regular,peter,soba,unpyi,city,raolie,2,,"2025IJL夏季赛常规赛.xlsx",242
8000,2025-07-05,IJL_2025_summer_regular,aka,shinami,dolisu,hametu,kznk,2,,"2025IJL夏季赛常规赛.xlsx",243
8001,2025-07-05,IJL_2025_summer_regular,alf,shinami,dolisu,hametu,kznk,2,,"2025IJL夏季赛常规赛.xlsx",244
8002,2025-07-05,IJL_2025_summer_regular,mkmldy,soba,unpyi,city,raolie,1,1,"2025IJL夏季赛常规赛.xlsx",245
8003,2025-07-06,IJL_2025_summer_regular,burio,felix,appai,nerisu,takoyaki,2,,"2025IJL夏季赛常规赛.xlsx",246
8004,2025-07-06,IJL_2025_summer_regular,chikin,gnk,mone,soar,tarako,2,,"2025IJL夏季赛常规赛.xlsx",247
8005,2025-07-06,IJL_2025_summer_regular,chikin,gnk,mone,soar,tarako,3,0,"2025IJL夏季赛常规赛.xlsx",248
8006,2025-07-06,IJL_2025_summer_regular,burio,felix,appai,nerisu,takoyaki,2,,"2025IJL夏季赛常规赛.xlsx",249
8007,2025-07-06,IJL_2025_summer_regular,yami,gnk,mone,soar,tarako,2,,"2025IJL夏季赛常规赛.xlsx",250
8008,2025-07-06,IJL_2025_summer_regular,yuuri,felix,appai,nerisu,takoyaki,0,1,"2025IJL夏季赛常规赛.xlsx",251
8009,2025-07-06,IJL_2025_summer_regular,brontal,zizi,emu,myme,nach,2,,"2025IJL夏季赛常规赛.xlsx",252
8010,2025-07-06,IJL_2025_summer_regular,irohasu,aez,emmko,batoru,nameko,2,,"2025IJL夏季赛常规赛.xlsx",253
8011,2025-07-06,IJL_2025_summer_regular,yukakina,zizi,emu,myme,nach,1,1,"2025IJL夏季赛常规赛.xlsx",254
8012,2025-07-06,IJL_2025_summer_regular,irohasu,aez,emmko,batoru,nameko,3,0,"2025IJL夏季赛常规赛.xlsx",255
8013,2025-07-06,IJL_2025_summer_regular,m1take,aez,emmko,batoru,nameko,3,0,"2025IJL夏季赛常规赛.xlsx",256
8014,2025-07-06,IJL_2025_summer_regular,yukakina,zizi,emu,myme,nach,0,1,"2025IJL夏季赛常规赛.xlsx",257
8015,2025-07-06,IJL_2025_summer_regular,kakiri,shinami,dolisu,hametu,kznk,1,1,"2025IJL夏季赛常规赛.xlsx",258
8016,2025-07-06,IJL_2025_summer_regular,peter,atto,nyan,tuna,monop,2,,"2025IJL夏季赛常规赛.xlsx",259
8017,2025-07-06,IJL_2025_summer_regular,peter,atto,nyan,tuna,monop,2,,"2025IJL夏季赛常规赛.xlsx",260
8018,2025-07-06,IJL_2025_summer_regular,kakiri,shinami,dolisu,hametu,kznk,2,,"2025IJL夏季赛常规赛.xlsx",261
8019,2025-07-06,IJL_2025_summer_regular,kakaka,shinami,dolisu,hametu,kznk,1,1,"2025IJL夏季赛常规赛.xlsx",262
8020,2025-07-06,IJL_2025_summer_regular,mkmldy,atto,nyan,tuna,monop,2,,"2025IJL夏季赛常规赛.xlsx",263
8021,2025-07-06,IJL_2025_summer_regular,aka,sasori,avagg,maeken,kat,0,1,"2025IJL夏季赛常规赛.xlsx",264
8022,2025-07-06,IJL_2025_summer_regular,hasha,soba,unpyi,city,raolie,1,1,"2025IJL夏季赛常规赛.xlsx",265
8023,2025-07-06,IJL_2025_summer_regular,hasha,soba,unpyi,city,raolie,0,1,"2025IJL夏季赛常规赛.xlsx",266
8024,2025-07-06,IJL_2025_summer_regular,aka,sasori,avagg,maeken,kat,0,1,"2025IJL夏季赛常规赛.xlsx",267
8025,2025-07-06,IJL_2025_summer_regular,alf,sasori,avagg,maeken,kat,0,1,"2025IJL夏季赛常规赛.xlsx",268
8026,2025-07-06,IJL_2025_summer_regular,pipicha,soba,unpyi,city,raolie,3,0,"2025IJL夏季赛常规赛.xlsx",269
8027,2025-07-12,IJL_2025_summer_regular,kakiri,felix,appai,nerisu,takoyaki,0,1,"2025IJL夏季赛常规赛.xlsx",270
8028,2025-07-12,IJL_2025_summer_regular,chikin,atto,nyan,tuna,monop,2,,"2025IJL夏季赛常规赛.xlsx",271
8029,2025-07-12,IJL_2025_summer_regular,chikin,atto,nyan,tuna,monop,2,,"2025IJL夏季赛常规赛.xlsx",272
8030,2025-07-12,IJL_2025_summer_regular,kakiri,felix,appai,nerisu,takoyaki,3,0,"2025IJL夏季赛常规赛.xlsx",273
8031,2025-07-12,IJL_2025_summer_regular,kakaka,felix,appai,nerisu,takoyaki,2,,"2025IJL夏季赛常规赛.xlsx",274
8032,2025-07-12,IJL_2025_summer_regular,yami,atto,nyan,tuna,monop,2,,"2025IJL夏季赛常规赛.xlsx",275
8033,2025-07-12,IJL_2025_summer_regular,aka,aez,emmko,batoru,brontal,0,1,"2025IJL夏季赛常规赛.xlsx",276
8034,2025-07-12,IJL_2025_summer_regular,yukakina,soba,unpyi,city,raolie,2,,"2025IJL夏季赛常规赛.xlsx",277
8035,2025-07-12,IJL_2025_summer_regular,yukakina,soba,unpyi,city,raolie,3,0,"2025IJL夏季赛常规赛.xlsx",278
8036,2025-07-12,IJL_2025_summer_regular,aka,aez,emmko,batoru,brontal,0,1,"2025IJL夏季赛常规赛.xlsx",279
8037,2025-07-12,IJL_2025_summer_regular,peter,gnk,mone,soar,tarako,1,1,"2025IJL夏季赛常规赛.xlsx",280
8038,2025-07-12,IJL_2025_summer_regular,burio,shinami,dolisu,hametu,kznk,3,0,"2025IJL夏季赛常规赛.xlsx",281
8039,2025-07-12,IJL_2025_summer_regular,peter,gnk,mone,soar,tarako,4,0,"2025IJL夏季赛常规赛.xlsx",282
8040,2025-07-12,IJL_2025_summer_regular,burio,shinami,dolisu,hametu,kznk,0,1,"2025IJL夏季赛常规赛.xlsx",283
8041,2025-07-12,IJL_2025_summer_regular,mkmldy,gnk,mone,soar,tarako,2,,"2025IJL夏季赛常规赛.xlsx",284
8042,2025-07-12,IJL_2025_summer_regular,yuuri,shinami,dolisu,hametu,kznk,4,0,"2025IJL夏季赛常规赛.xlsx",285
8043,2025-07-12,IJL_2025_summer_regular,hasha,zizi,emu,myme,nach,2,,"2025IJL夏季赛常规赛.xlsx",286
8044,2025-07-12,IJL_2025_summer_regular,irohasu,sasori,avagg,maeken,kat,2,,"2025IJL夏季赛常规赛.xlsx",287
8045,2025-07-12,IJL_2025_summer_regular,kotami,sasori,avagg,maeken,kat,3,0,"2025IJL夏季赛常规赛.xlsx",288
8046,2025-07-12,IJL_2025_summer_regular,hasha,zizi,emu,myme,nach,2,,"2025IJL夏季赛常规赛.xlsx",289
8047,2025-07-12,IJL_2025_summer_regular,pipicha,zizi,emu,myme,nach,3,0,"2025IJL夏季赛常规赛.xlsx",290
8048,2025-07-12,IJL_2025_summer_regular,m1take,sasori,avagg,maeken,kat,3,0,"2025IJL夏季赛常规赛.xlsx",291
8049,2025-07-13,IJL_2025_summer_regular,yukakina,felix,appai,nerisu,takoyaki,3,0,"2025IJL夏季赛常规赛.xlsx",292
8050,2025-07-13,IJL_2025_summer_regular,chikin,aez,emmko,batoru,brontal,1,1,"2025IJL夏季赛常规赛.xlsx",293
8051,2025-07-13,IJL_2025_summer_regular,yukakina,felix,appai,nerisu,takoyaki,2,,"2025IJL夏季赛常规赛.xlsx",294
8052,2025-07-13,IJL_2025_summer_regular,chikin,aez,emmko,batoru,brontal,1,1,"2025IJL夏季赛常规赛.xlsx",295
8053,2025-07-13,IJL_2025_summer_regular,peter,sasori,avagg,maeken,kat,1,1,"2025IJL夏季赛常规赛.xlsx",296
8054,2025-07-13,IJL_2025_summer_regular,hasha,shinami,dolisu,hametu,kznk,2,,"2025IJL夏季赛常规赛.xlsx",297
8055,2025-07-13,IJL_2025_summer_regular,hasha,shinami,dolisu,hametu,kznk,4,0,"2025IJL夏季赛常规赛.xlsx",298
8056,2025-07-13,IJL_2025_summer_regular,peter,sasori,avagg,maeken,kat,4,0,"2025IJL夏季赛常规赛.xlsx",299
8057,2025-07-13,IJL_2025_summer_regular,mkmldy,sasori,avagg,maeken,kat,2,,"2025IJL夏季赛常规赛.xlsx",300
8058,2025-07-13,IJL_2025_summer_regular,pipicha,shinami,dolisu,hametu,kznk,2,,"2025IJL夏季赛常规赛.xlsx",301
8059,2025-07-13,IJL_2025_summer_regular,burio,zizi,emu,myme,nach,0,1,"2025IJL夏季赛常规赛.xlsx",302
8060,2025-07-13,IJL_2025_summer_regular,irohasu,gnk,mone,soar,tarako,2,,"2025IJL夏季赛常规赛.xlsx",303
8061,2025-07-13,IJL_2025_summer_regular,kotami,gnk,mone,soar,tarako,1,1,"2025IJL夏季赛常规赛.xlsx",304
8062,2025-07-13,IJL_2025_summer_regular,burio,zizi,emu,myme,nach,2,,"2025IJL夏季赛常规赛.xlsx",305
8063,2025-07-13,IJL_2025_summer_regular,m1take,gnk,mone,soar,tarako,3,0,"2025IJL夏季赛常规赛.xlsx",306
8064,2025-07-13,IJL_2025_summer_regular,yuuri,zizi,emu,myme,nach,2,,"2025IJL夏季赛常规赛.xlsx",307
8065,2025-07-13,IJL_2025_summer_regular,kakiri,soba,unpyi,city,raolie,2,,"2025IJL夏季赛常规赛.xlsx",308
8066,2025-07-13,IJL_2025_summer_regular,aka,atto,nyan,tuna,monop,3,0,"2025IJL夏季赛常规赛.xlsx",309
8067,2025-07-13,IJL_2025_summer_regular,aka,atto,nyan,tuna,monop,3,0,"2025IJL夏季赛常规赛.xlsx",310
8068,2025-07-13,IJL_2025_summer_regular,kakiri,soba,unpyi,city,raolie,1,1,"2025IJL夏季赛常规赛.xlsx",311
8069,2025-07-25,IJL_2025_summer_playoffs,burio,felix,appai,nerisu,takoyaki,1,1,"2025IJL夏季赛季后赛.xlsx",0
8070,2025-07-25,IJL_2025_summer_playoffs,chikin,gnk,mone,soar,tarako,2,,"2025IJL夏季赛季后赛.xlsx",1
8071,2025-07-25,IJL_2025_summer_playoffs,chikin,gnk,mone,soar,tarako,4,0,"2025IJL夏季赛季后赛.xlsx",2
8072,2025-07-25,IJL_2025_summer_playoffs,burio,felix,appai,nerisu,takoyaki,3,0,"2025IJL夏季赛季后赛.xlsx",3
8073,2025-07-25,IJL_2025_summer_playoffs,yami,gnk,mone,soar,tarako,2,,"2025IJL夏季赛季后赛.xlsx",4
8074,2025-07-25,IJL_2025_summer_playoffs,yuuri,felix,appai,nerisu,takoyaki,2,,"2025IJL夏季赛季后赛.xlsx",5
8075,2025-07-25,IJL_2025_summer_playoffs,yuuri,felix,appai,nerisu,takoyaki,3,0,"2025IJL夏季赛季后赛.xlsx",6
8076,2025-07-25,IJL_2025_summer_playoffs,yami,gnk,mone,soar,tarako,2,,"2025IJL夏季赛季后赛.xlsx",7
8077,2025-07-25,IJL_2025_summer_playoffs,yami,gnk,mone,soar,tarako,2,,"2025IJL夏季赛季后赛.xlsx",8
8078,2025-07-25,IJL_2025_summer_playoffs,yuuri,felix,appai,nerisu,takoyaki,1,1,"2025IJL夏季赛季后赛.xlsx",9
8079,2025-07-25,IJL_2025_summer_playoffs,kakiri,aez,emmko,batoru,nameko,1,1,"2025IJL夏季赛季后赛.xlsx",10
8080,2025-07-25,IJL_2025_summer_playoffs,brontal,atto,nyan,tuna,monop,1,1,"2025IJL夏季赛季后赛.xlsx",11
8081,2025-07-25,IJL_2025_summer_playoffs,kakiri,aez,emmko,batoru,nameko,1,1,"2025IJL夏季赛季后赛.xlsx",12
8082,2025-07-25,IJL_2025_summer_playoffs,brontal,atto,nyan,tuna,monop,2,,"2025IJL夏季赛季后赛.xlsx",13
8083,2025-07-25,IJL_2025_summer_playoffs,yukakina,atto,nyan,tuna,monop,2,,"2025IJL夏季赛季后赛.xlsx",14
8084,2025-07-25,IJL_2025_summer_playoffs,kakiri,aez,emmko,batoru,nameko,2,,"2025IJL夏季赛季后赛.xlsx",15
8085,2025-07-25,IJL_2025_summer_playoffs,kakaka,aez,emmko,batoru,nameko,0,1,"2025IJL夏季赛季后赛.xlsx",16
8086,2025-07-25,IJL_2025_summer_playoffs,yukakina,atto,nyan,tuna,monop,3,0,"2025IJL夏季赛季后赛.xlsx",17
8087,2025-07-25,IJL_2025_summer_playoffs,peter,soba,unpyi,city,raolie,0,1,"2025IJL夏季赛季后赛.xlsx",18
8088,2025-07-25,IJL_2025_summer_playoffs,aka,shinami,dolisu,hametu,kznk,0,1,"2025IJL夏季赛季后赛.xlsx",19
8089,2025-07-25,IJL_2025_summer_playoffs,aka,shinami,dolisu,hametu,kznk,2,,"2025IJL夏季赛季后赛.xlsx",20
8090,2025-07-25,IJL_2025_summer_playoffs,peter,soba,unpyi,city,raolie,2,,"2025IJL夏季赛季后赛.xlsx",21
8091,2025-07-25,IJL_2025_summer_playoffs,alf,shinami,dolisu,hametu,kznk,0,1,"2025IJL夏季赛季后赛.xlsx",22
8092,2025-07-25,IJL_2025_summer_playoffs,mkmldy,soba,unpyi,city,raolie,0,1,"2025IJL夏季赛季后赛.xlsx",23
8093,2025-07-25,IJL_2025_summer_playoffs,aka,shinami,dolisu,hametu,kznk,3,0,"2025IJL夏季赛季后赛.xlsx",24
8094,2025-07-25,IJL_2025_summer_playoffs,mkmldy,soba,unpyi,city,raolie,2,,"2025IJL夏季赛季后赛.xlsx",25
8095,2025-07-25,IJL_2025_summer_playoffs,mkmldy,soba,unpyi,city,raolie,2,,"2025IJL夏季赛季后赛.xlsx",26
8096,2025-07-25,IJL_2025_summer_playoffs,aka,shinami,dolisu,hametu,kznk,2,,"2025IJL夏季赛季后赛.xlsx",27
8097,2025-07-25,IJL_2025_summer_playoffs,mkmldy,soba,unpyi,city,raolie,0,1,"2025IJL夏季赛季后赛.xlsx",28
8098,2025-07-25,IJL_2025_summer_playoffs,aka,shinami,dolisu,hametu,kznk,2,,"2025IJL夏季赛季后赛.xlsx",29
8099,2025-07-26,IJL_2025_summer_playoffs,burio,aez,emmko,batoru,nameko,2,,"2025IJL夏季赛季后赛.xlsx",30
8100,2025-07-26,IJL_2025_summer_playoffs,brontal,gnk,mone,soar,tarako,2,,"2025IJL夏季赛季后赛.xlsx",31
8101,2025-07-26,IJL_2025_summer_playoffs,brontal,gnk,mone,soar,tarako,3,0,"2025IJL夏季赛季后赛.xlsx",32
8102,2025-07-26,IJL_2025_summer_playoffs,burio,aez,emmko,batoru,nameko,2,,"2025IJL夏季赛季后赛.xlsx",33
8103,2025-07-26,IJL_2025_summer_playoffs,yukakina,gnk,mone,soar,tarako,0,1,"2025IJL夏季赛季后赛.xlsx",34
8104,2025-07-26,IJL_2025_summer_playoffs,yami,aez,emmko,batoru,nameko,3,0,"2025IJL夏季赛季后赛.xlsx",35
8105,2025-07-26,IJL_2025_summer_playoffs,yami,aez,emmko,batoru,nameko,3,0,"2025IJL夏季赛季后赛.xlsx",36
8106,2025-07-26,IJL_2025_summer_playoffs,yukakina,gnk,mone,soar,tarako,3,0,"2025IJL夏季赛季后赛.xlsx",37
8107,2025-07-26,IJL_2025_summer_playoffs,yami,aez,emmko,batoru,nameko,3,0,"2025IJL夏季赛季后赛.xlsx",38
8108,2025-07-26,IJL_2025_summer_playoffs,yukakina,gnk,mone,soar,tarako,0,1,"2025IJL夏季赛季后赛.xlsx",39
8109,2025-07-26,IJL_2025_summer_playoffs,kakiri,shinami,dolisu,hametu,kznk,2,,"2025IJL夏季赛季后赛.xlsx",40
8110,2025-07-26,IJL_2025_summer_playoffs,peter,atto,nyan,tuna,monop,2,,"2025IJL夏季赛季后赛.xlsx",41
8111,2025-07-26,IJL_2025_summer_playoffs,peter,atto,nyan,tuna,monop,2,,"2025IJL夏季赛季后赛.xlsx",42
8112,2025-07-26,IJL_2025_summer_playoffs,kakiri,shinami,dolisu,hametu,kznk,2,,"2025IJL夏季赛季后赛.xlsx",43
8113,2025-07-26,IJL_2025_summer_playoffs,kakaka,shinami,dolisu,hametu,kznk,3,0,"2025IJL夏季赛季后赛.xlsx",44
8114,2025-07-26,IJL_2025_summer_playoffs,mkmldy,atto,nyan,tuna,monop,2,,"2025IJL夏季赛季后赛.xlsx",45
8115,2025-07-26,IJL_2025_summer_playoffs,mkmldy,atto,nyan,tuna,monop,1,1,"2025IJL夏季赛季后赛.xlsx",46
8116,2025-07-26,IJL_2025_summer_playoffs,kakaka,shinami,dolisu,hametu,kznk,2,,"2025IJL夏季赛季后赛.xlsx",47
8117,2025-07-26,IJL_2025_summer_playoffs,aka,aez,emmko,batoru,nameko,0,1,"2025IJL夏季赛季后赛.xlsx",48
8118,2025-07-26,IJL_2025_summer_playoffs,brontal,soba,unpyi,city,raolie,2,,"2025IJL夏季赛季后赛.xlsx",49
8119,2025-07-26,IJL_2025_summer_playoffs,aka,aez,emmko,batoru,nameko,0,1,"2025IJL夏季赛季后赛.xlsx",50
8120,2025-07-26,IJL_2025_summer_playoffs,brontal,soba,unpyi,city,raolie,4,0,"2025IJL夏季赛季后赛.xlsx",51
8121,2025-07-26,IJL_2025_summer_playoffs,yukakina,soba,unpyi,city,raolie,3,0,"2025IJL夏季赛季后赛.xlsx",52
8122,2025-07-26,IJL_2025_summer_playoffs,alf,aez,emmko,batoru,nameko,1,1,"2025IJL夏季赛季后赛.xlsx",53
8123,2025-07-27,IJL_2025_summer_playoffs,aka,atto,nyan,tuna,monop,2,,"2025IJL夏季赛季后赛.xlsx",54
8124,2025-07-27,IJL_2025_summer_playoffs,kakiri,soba,unpyi,city,raolie,0,1,"2025IJL夏季赛季后赛.xlsx",55
8125,2025-07-27,IJL_2025_summer_playoffs,kakiri,soba,unpyi,city,raolie,3,0,"2025IJL夏季赛季后赛.xlsx",56
8126,2025-07-27,IJL_2025_summer_playoffs,aka,atto,nyan,tuna,monop,0,1,"2025IJL夏季赛季后赛.xlsx",57
8127,2025-07-27,IJL_2025_summer_playoffs,kakaka,soba,unpyi,city,raolie,0,1,"2025IJL夏季赛季后赛.xlsx",58
8128,2025-07-27,IJL_2025_summer_playoffs,alf,atto,nyan,tuna,monop,3,0,"2025IJL夏季赛季后赛.xlsx",59
8129,2025-07-27,IJL_2025_summer_playoffs,alf,atto,nyan,tuna,monop,0,1,"2025IJL夏季赛季后赛.xlsx",60
8130,2025-07-27,IJL_2025_summer_playoffs,kakaka,soba,unpyi,city,raolie,2,,"2025IJL夏季赛季后赛.xlsx",61
8131,2025-07-27,IJL_2025_summer_playoffs,alf,atto,nyan,tuna,monop,0,1,"2025IJL夏季赛季后赛.xlsx",62
8132,2025-07-27,IJL_2025_summer_playoffs,kakaka,soba,unpyi,city,raolie,1,1,"2025IJL夏季赛季后赛.xlsx",63
8133,2025-07-27,IJL_2025_summer_playoffs,peter,soba,unpyi,city,raolie,2,,"2025IJL夏季赛季后赛.xlsx",64
8134,2025-07-27,IJL_2025_summer_playoffs,aka,shinami,dolisu,hametu,kznk,0,1,"2025IJL夏季赛季后赛.xlsx",65
8135,2025-07-27,IJL_2025_summer_playoffs,aka,shinami,dolisu,hametu,kznk,0,1,"2025IJL夏季赛季后赛.xlsx",66
8136,2025-07-27,IJL_2025_summer_playoffs,peter,soba,unpyi,city,raolie,2,,"2025IJL夏季赛季后赛.xlsx",67
8137,2025-07-27,IJL_2025_summer_playoffs,mkmldy,soba,unpyi,city,raolie,2,,"2025IJL夏季赛季后赛.xlsx",68
8138,2025-07-27,IJL_2025_summer_playoffs,alf,shinami,dolisu,hametu,kznk,0,1,"2025IJL夏季赛季后赛.xlsx",69
8139,2025-10-25,IJL_2025_fall_regular,peter,unpyi,raolie,soba,city,3,0,"2025IJL秋季赛常规赛.xlsx",0
8140,2025-10-25,IJL_2025_fall_regular,aka,shinami,dolisu,hametu,kznk,2,,"2025IJL秋季赛常规赛.xlsx",1
8141,2025-10-25,IJL_2025_fall_regular,peter,unpyi,raolie,soba,city,1,1,"2025IJL秋季赛常规赛.xlsx",2
8142,2025-10-25,IJL_2025_fall_regular,aka,shinami,dolisu,hametu,kznk,0,1,"2025IJL秋季赛常规赛.xlsx",3
8143,2025-10-25,IJL_2025_fall_regular,kakiri,zizi,yomi1,nach,myme,1,1,"2025IJL秋季赛常规赛.xlsx",4
8144,2025-10-25,IJL_2025_fall_regular,irohasu,nyan,atto,tuna,monop,3,0,"2025IJL秋季赛常规赛.xlsx",5
8145,2025-10-25,IJL_2025_fall_regular,kakiri,zizi,yomi1,nach,myme,2,,"2025IJL秋季赛常规赛.xlsx",6
8146,2025-10-25,IJL_2025_fall_regular,irohasu,nyan,atto,tuna,monop,3,0,"2025IJL秋季赛常规赛.xlsx",7
8147,2025-10-25,IJL_2025_fall_regular,hasha,batoru,aez,nameko,emmko,0,1,"2025IJL秋季赛常规赛.xlsx",8
8148,2025-10-25,IJL_2025_fall_regular,brontal,moririn,katsuki,kat,maeken,2,,"2025IJL秋季赛常规赛.xlsx",9
8149,2025-10-25,IJL_2025_fall_regular,brontal,moririn,katsuki,kat,maeken,2,,"2025IJL秋季赛常规赛.xlsx",10
8150,2025-10-25,IJL_2025_fall_regular,hasha,batoru,aez,nameko,emmko,1,1,"2025IJL秋季赛常规赛.xlsx",11
8151,2025-10-25,IJL_2025_fall_regular,burio,appai,takoyaki,nerisu,felix,2,,"2025IJL秋季赛常规赛.xlsx",12
8152,2025-10-25,IJL_2025_fall_regular,chikin,gnk,mone,soar,tarako,3,0,"2025IJL秋季赛常规赛.xlsx",13
8153,2025-10-25,IJL_2025_fall_regular,yami,gnk,mone,soar,tarako,2,,"2025IJL秋季赛常规赛.xlsx",14
8154,2025-10-25,IJL_2025_fall_regular,burio,appai,takoyaki,nerisu,felix,2,,"2025IJL秋季赛常规赛.xlsx",15
8155,2025-10-25,IJL_2025_fall_regular,latty,appai,takoyaki,nerisu,felix,2,,"2025IJL秋季赛常规赛.xlsx",16
8156,2025-10-25,IJL_2025_fall_regular,yami,gnk,mone,soar,tarako,2,,"2025IJL秋季赛常规赛.xlsx",17
8157,2025-10-26,IJL_2025_fall_regular,chikin,moririn,katsuki,kat,maeken,0,1,"2025IJL秋季赛常规赛.xlsx",18
8158,2025-10-26,IJL_2025_fall_regular,pipicha,appai,takoyaki,nerisu,felix,0,1,"2025IJL秋季赛常规赛.xlsx",19
8159,2025-10-26,IJL_2025_fall_regular,hasha,appai,takoyaki,nerisu,felix,1,1,"2025IJL秋季赛常规赛.xlsx",20
8160,2025-10-26,IJL_2025_fall_regular,chikin,moririn,katsuki,kat,maeken,2,,"2025IJL秋季赛常规赛.xlsx",21
8161,2025-10-26,IJL_2025_fall_regular,yami,moririn,katsuki,kat,maeken,1,1,"2025IJL秋季赛常规赛.xlsx",22
8162,2025-10-26,IJL_2025_fall_regular,hasha,appai,takoyaki,nerisu,felix,2,,"2025IJL秋季赛常规赛.xlsx",23
8163,2025-10-26,IJL_2025_fall_regular,hasha,appai,takoyaki,nerisu,felix,1,1,"2025IJL秋季赛常规赛.xlsx",24
8164,2025-10-26,IJL_2025_fall_regular,yami,moririn,katsuki,kat,maeken,3,0,"2025IJL秋季赛常规赛.xlsx",25
8165,2025-10-26,IJL_2025_fall_regular,peter,gnk,mone,soar,tarako,2,,"2025IJL秋季赛常规赛.xlsx",26
8166,2025-10-26,IJL_2025_fall_regular,burio,shinami,dolisu,hametu,kznk,2,,"2025IJL秋季赛常规赛.xlsx",27
8167,2025-10-26,IJL_2025_fall_regular,burio,shinami,dolisu,hametu,kznk,2,,"2025IJL秋季赛常规赛.xlsx",28
8168,2025-10-26,IJL_2025_fall_regular,peter,gnk,mone,soar,tarako,0,1,"2025IJL秋季赛常规赛.xlsx",29
8169,2025-10-26,IJL_2025_fall_regular,latty,shinami,dolisu,hametu,kznk,2,,"2025IJL秋季赛常规赛.xlsx",30
8170,2025-10-26,IJL_2025_fall_regular,mkmldy,gnk,mone,soar,tarako,0,1,"2025IJL秋季赛常规赛.xlsx",31
8171,2025-10-26,IJL_2025_fall_regular,brontal,zizi,yomi1,nach,myme,1,1,"2025IJL秋季赛常规赛.xlsx",32
8172,2025-10-26,IJL_2025_fall_regular,irohasu,batoru,aez,nameko,emmko,2,,"2025IJL秋季赛常规赛.xlsx",33
8173,2025-10-26,IJL_2025_fall_regular,irohasu,batoru,aez,nameko,emmko,2,,"2025IJL秋季赛常规赛.xlsx",34
8174,2025-10-26,IJL_2025_fall_regular,brontal,zizi,yomi1,nach,myme,3,0,"2025IJL秋季赛常规赛.xlsx",35
8175,2025-10-26,IJL_2025_fall_regular,yukakina,zizi,yomi1,nach,myme,1,1,"2025IJL秋季赛常规赛.xlsx",36
8176,2025-10-26,IJL_2025_fall_regular,kotami,batoru,aez,nameko,emmko,2,,"2025IJL秋季赛常规赛.xlsx",37
8177,2025-10-26,IJL_2025_fall_regular,kakiri,unpyi,raolie,soba,city,0,1,"2025IJL秋季赛常规赛.xlsx",38
8178,2025-10-26,IJL_2025_fall_regular,aka,nyan,atto,tuna,monop,2,,"2025IJL秋季赛常规赛.xlsx",39
8179,2025-10-26,IJL_2025_fall_regular,aka,nyan,atto,tuna,monop,3,0,"2025IJL秋季赛常规赛.xlsx",40
8180,2025-10-26,IJL_2025_fall_regular,kakiri,unpyi,raolie,soba,city,0,1,"2025IJL秋季赛常规赛.xlsx",41
8181,2025-11-01,IJL_2025_fall_regular,burio,nyan,atto,tuna,takakou,2,,"2025IJL秋季赛常规赛.xlsx",42
8182,2025-11-01,IJL_2025_fall_regular,kakiri,gnk,mone,soar,tarako,2,,"2025IJL秋季赛常规赛.xlsx",43
8183,2025-11-01,IJL_2025_fall_regular,kakiri,gnk,mone,soar,tarako,2,,"2025IJL秋季赛常规赛.xlsx",44
8184,2025-11-01,IJL_2025_fall_regular,burio,nyan,atto,tuna,takakou,2,,"2025IJL秋季赛常规赛.xlsx",45
8185,2025-11-01,IJL_2025_fall_regular,latty,nyan,atto,tuna,takakou,3,0,"2025IJL秋季赛常规赛.xlsx",46
8186,2025-11-01,IJL_2025_fall_regular,kakaka,gnk,mone,soar,tarako,3,0,"2025IJL秋季赛常规赛.xlsx",47
8187,2025-11-01,IJL_2025_fall_regular,kakaka,gnk,mone,soar,tarako,2,,"2025IJL秋季赛常规赛.xlsx",48
8188,2025-11-01,IJL_2025_fall_regular,latty,nyan,atto,tuna,takakou,3,0,"2025IJL秋季赛常规赛.xlsx",49
8189,2025-11-01,IJL_2025_fall_regular,pipicha,shinami,dolisu,hametu,kznk,2,,"2025IJL秋季赛常规赛.xlsx",50
8190,2025-11-01,IJL_2025_fall_regular,peter,moririn,katsuki,kat,maeken,3,0,"2025IJL秋季赛常规赛.xlsx",51
8191,2025-11-01,IJL_2025_fall_regular,peter,moririn,katsuki,kat,maeken,2,,"2025IJL秋季赛常规赛.xlsx",52
8192,2025-11-01,IJL_2025_fall_regular,hasha,shinami,dolisu,hametu,kznk,4,0,"2025IJL秋季赛常规赛.xlsx",53
8193,2025-11-01,IJL_2025_fall_regular,hasha,shinami,dolisu,hametu,kznk,2,,"2025IJL秋季赛常规赛.xlsx",54
8194,2025-11-01,IJL_2025_fall_regular,mkmldy,moririn,katsuki,kat,maeken,2,,"2025IJL秋季赛常规赛.xlsx",55
8195,2025-11-01,IJL_2025_fall_regular,brontal,unpyi,raolie,soba,city,3,0,"2025IJL秋季赛常规赛.xlsx",56
8196,2025-11-01,IJL_2025_fall_regular,aka,batoru,aez,nameko,emmko,1,1,"2025IJL秋季赛常规赛.xlsx",57
8197,2025-11-01,IJL_2025_fall_regular,aka,batoru,aez,nameko,emmko,2,,"2025IJL秋季赛常规赛.xlsx",58
8198,2025-11-01,IJL_2025_fall_regular,yukakina,unpyi,raolie,soba,city,3,0,"2025IJL秋季赛常规赛.xlsx",59
8199,2025-11-01,IJL_2025_fall_regular,irohasu,appai,takoyaki,nerisu,felix,2,,"2025IJL秋季赛常规赛.xlsx",60
8200,2025-11-01,IJL_2025_fall_regular,chikin,zizi,yomi1,nach,myme,1,1,"2025IJL秋季赛常规赛.xlsx",61
8201,2025-11-01,IJL_2025_fall_regular,chikin,zizi,yomi1,nach,myme,0,1,"2025IJL秋季赛常规赛.xlsx",62
8202,2025-11-01,IJL_2025_fall_regular,irohasu,appai,takoyaki,nerisu,felix,2,,"2025IJL秋季赛常规赛.xlsx",63
8203,2025-11-02,IJL_2025_fall_regular,pipicha,nyan,atto,tuna,takakou,1,1,"2025IJL秋季赛常规赛.xlsx",64
8204,2025-11-02,IJL_2025_fall_regular,kakiri,moririn,katsuki,kat,maeken,3,0,"2025IJL秋季赛常规赛.xlsx",65
8205,2025-11-02,IJL_2025_fall_regular,hasha,nyan,atto,tuna,takakou,3,0,"2025IJL秋季赛常规赛.xlsx",66
8206,2025-11-02,IJL_2025_fall_regular,kakiri,moririn,katsuki,kat,maeken,1,1,"2025IJL秋季赛常规赛.xlsx",67
8207,2025-11-02,IJL_2025_fall_regular,kakaka,moririn,katsuki,kat,maeken,2,,"2025IJL秋季赛常规赛.xlsx",68
8208,2025-11-02,IJL_2025_fall_regular,hasha,nyan,atto,tuna,takakou,2,,"2025IJL秋季赛常规赛.xlsx",69
8209,2025-11-02,IJL_2025_fall_regular,kakaka,moririn,katsuki,kat,maeken,3,0,"2025IJL秋季赛常规赛.xlsx",70
8210,2025-11-02,IJL_2025_fall_regular,hasha,nyan,atto,tuna,takakou,0,1,"2025IJL秋季赛常规赛.xlsx",71
8211,2025-11-02,IJL_2025_fall_regular,burio,batoru,aez,nameko,emmko,1,1,"2025IJL秋季赛常规赛.xlsx",72
8212,2025-11-02,IJL_2025_fall_regular,brontal,gnk,mone,soar,tarako,1,1,"2025IJL秋季赛常规赛.xlsx",73
8213,2025-11-02,IJL_2025_fall_regular,burio,batoru,aez,nameko,emmko,3,0,"2025IJL秋季赛常规赛.xlsx",74
8214,2025-11-02,IJL_2025_fall_regular,yukakina,gnk,mone,soar,tarako,0,1,"2025IJL秋季赛常规赛.xlsx",75
8215,2025-11-02,IJL_2025_fall_regular,yukakina,gnk,mone,soar,tarako,0,1,"2025IJL秋季赛常规赛.xlsx",76
8216,2025-11-02,IJL_2025_fall_regular,latty,batoru,aez,nameko,emmko,2,,"2025IJL秋季赛常规赛.xlsx",77
8217,2025-11-02,IJL_2025_fall_regular,chikin,unpyi,fuku,soba,city,2,,"2025IJL秋季赛常规赛.xlsx",78
8218,2025-11-02,IJL_2025_fall_regular,aka,appai,takoyaki,nerisu,felix,0,1,"2025IJL秋季赛常规赛.xlsx",79
8219,2025-11-02,IJL_2025_fall_regular,aka,appai,takoyaki,nerisu,felix,2,,"2025IJL秋季赛常规赛.xlsx",80
8220,2025-11-02,IJL_2025_fall_regular,chikin,unpyi,fuku,soba,city,3,0,"2025IJL秋季赛常规赛.xlsx",81
8221,2025-11-02,IJL_2025_fall_regular,irohasu,shinami,dolisu,hametu,kznk,3,0,"2025IJL秋季赛常规赛.xlsx",82
8222,2025-11-02,IJL_2025_fall_regular,peter,zizi,yomi1,nach,myme,2,,"2025IJL秋季赛常规赛.xlsx",83
8223,2025-11-02,IJL_2025_fall_regular,peter,zizi,yomi1,nach,myme,1,1,"2025IJL秋季赛常规赛.xlsx",84
8224,2025-11-02,IJL_2025_fall_regular,irohasu,shinami,dolisu,hametu,kznk,2,,"2025IJL秋季赛常规赛.xlsx",85
8225,2025-11-08,IJL_2025_fall_regular,brontal,nyan,atto,tuna,monop,3,0,"2025IJL秋季赛常规赛.xlsx",86
8226,2025-11-08,IJL_2025_fall_regular,kakaka,batoru,aez,nameko,emmko,3,0,"2025IJL秋季赛常规赛.xlsx",87
8227,2025-11-08,IJL_2025_fall_regular,yukakina,nyan,atto,tuna,monop,0,1,"2025IJL秋季赛常规赛.xlsx",88
8228,2025-11-08,IJL_2025_fall_regular,kakaka,batoru,aez,nameko,emmko,2,,"2025IJL秋季赛常规赛.xlsx",89
8229,2025-11-08,IJL_2025_fall_regular,kakaka,batoru,aez,nameko,emmko,2,,"2025IJL秋季赛常规赛.xlsx",90
8230,2025-11-08,IJL_2025_fall_regular,yukakina,nyan,atto,tuna,monop,2,,"2025IJL秋季赛常规赛.xlsx",91
8231,2025-11-08,IJL_2025_fall_regular,aka,gnk,mone,soar,tarako,1,1,"2025IJL秋季赛常规赛.xlsx",92
8232,2025-11-08,IJL_2025_fall_regular,burio,unpyi,raolie,soba,city,0,1,"2025IJL秋季赛常规赛.xlsx",93
8233,2025-11-08,IJL_2025_fall_regular,aka,gnk,mone,soar,tarako,3,0,"2025IJL秋季赛常规赛.xlsx",94
8234,2025-11-08,IJL_2025_fall_regular,burio,unpyi,raolie,soba,city,2,,"2025IJL秋季赛常规赛.xlsx",95
8235,2025-11-08,IJL_2025_fall_regular,irohasu,moririn,katsuki,kat,maeken,3,0,"2025IJL秋季赛常规赛.xlsx",96
8236,2025-11-08,IJL_2025_fall_regular,pipicha,zizi,yomi1,nach,myme,2,,"2025IJL秋季赛常规赛.xlsx",97
8237,2025-11-08,IJL_2025_fall_regular,hasha,zizi,yomi1,nach,myme,0,1,"2025IJL秋季赛常规赛.xlsx",98
8238,2025-11-08,IJL_2025_fall_regular,irohasu,moririn,katsuki,kat,maeken,2,,"2025IJL秋季赛常规赛.xlsx",99
8239,2025-11-08,IJL_2025_fall_regular,chikin,shinami,dolisu,hametu,kznk,1,1,"2025IJL秋季赛常规赛.xlsx",100
8240,2025-11-08,IJL_2025_fall_regular,peter,appai,takoyaki,nerisu,felix,2,,"2025IJL秋季赛常规赛.xlsx",101
8241,2025-11-08,IJL_2025_fall_regular,peter,appai,takoyaki,nerisu,felix,1,1,"2025IJL秋季赛常规赛.xlsx",102
8242,2025-11-08,IJL_2025_fall_regular,chikin,shinami,dolisu,hametu,kznk,2,,"2025IJL秋季赛常规赛.xlsx",103
8243,2025-11-08,IJL_2025_fall_regular,yami,shinami,dolisu,hametu,kznk,2,,"2025IJL秋季赛常规赛.xlsx",104
8244,2025-11-08,IJL_2025_fall_regular,mkmldy,appai,takoyaki,nerisu,felix,2,,"2025IJL秋季赛常规赛.xlsx",105
8245,2025-11-08,IJL_2025_fall_regular,yami,shinami,dolisu,hametu,kznk,2,,"2025IJL秋季赛常规赛.xlsx",106
8246,2025-11-08,IJL_2025_fall_regular,mkmldy,appai,takoyaki,nerisu,felix,1,1,"2025IJL秋季赛常规赛.xlsx",107
8247,2025-11-09,IJL_2025_fall_regular,pipicha,unpyi,raolie,soba,city,2,,"2025IJL秋季赛常规赛.xlsx",108
8248,2025-11-09,IJL_2025_fall_regular,aka,moririn,katsuki,kat,maeken,1,1,"2025IJL秋季赛常规赛.xlsx",109
8249,2025-11-09,IJL_2025_fall_regular,hasha,unpyi,raolie,soba,city,3,0,"2025IJL秋季赛常规赛.xlsx",110
8250,2025-11-09,IJL_2025_fall_regular,aka,moririn,katsuki,kat,maeken,0,1,"2025IJL秋季赛常规赛.xlsx",111
8251,2025-11-09,IJL_2025_fall_regular,kakaka,appai,takoyaki,nerisu,felix,1,1,"2025IJL秋季赛常规赛.xlsx",112
8252,2025-11-09,IJL_2025_fall_regular,chikin,nyan,atto,tuna,monop,1,1,"2025IJL秋季赛常规赛.xlsx",113
8253,2025-11-09,IJL_2025_fall_regular,chikin,nyan,atto,tuna,monop,2,,"2025IJL秋季赛常规赛.xlsx",114
8254,2025-11-09,IJL_2025_fall_regular,kakaka,appai,takoyaki,nerisu,felix,1,1,"2025IJL秋季赛常规赛.xlsx",115
8255,2025-11-09,IJL_2025_fall_regular,kakaka,appai,takoyaki,nerisu,felix,0,1,"2025IJL秋季赛常规赛.xlsx",116
8256,2025-11-09,IJL_2025_fall_regular,yami,nyan,atto,tuna,monop,1,1,"2025IJL秋季赛常规赛.xlsx",117
8257,2025-11-09,IJL_2025_fall_regular,peter,batoru,aez,nameko,emmko,1,1,"2025IJL秋季赛常规赛.xlsx",118
8258,2025-11-09,IJL_2025_fall_regular,brontal,shinami,dolisu,hametu,kznk,2,,"2025IJL秋季赛常规赛.xlsx",119
8259,2025-11-09,IJL_2025_fall_regular,yukakina,shinami,dolisu,hametu,kznk,4,0,"2025IJL秋季赛常规赛.xlsx",120
8260,2025-11-09,IJL_2025_fall_regular,peter,batoru,aez,nameko,emmko,0,1,"2025IJL秋季赛常规赛.xlsx",121
8261,2025-11-09,IJL_2025_fall_regular,burio,zizi,yomi1,nach,myme,1,1,"2025IJL秋季赛常规赛.xlsx",122
8262,2025-11-09,IJL_2025_fall_regular,irohasu,gnk,mone,soar,tarako,4,0,"2025IJL秋季赛常规赛.xlsx",123
8263,2025-11-09,IJL_2025_fall_regular,kotami,gnk,mone,soar,tarako,3,0,"2025IJL秋季赛常规赛.xlsx",124
8264,2025-11-09,IJL_2025_fall_regular,burio,zizi,yomi1,nach,myme,1,1,"2025IJL秋季赛常规赛.xlsx",125
8265,2025-11-15,IJL_2025_fall_regular,brontal,appai,takoyaki,nerisu,felix,2,,"2025IJL秋季赛常规赛.xlsx",126
8266,2025-11-15,IJL_2025_fall_regular,chikin,batoru,aez,nameko,emmko,3,0,"2025IJL秋季赛常规赛.xlsx",127
8267,2025-11-15,IJL_2025_fall_regular,chikin,batoru,aez,nameko,emmko,2,,"2025IJL秋季赛常规赛.xlsx",128
8268,2025-11-15,IJL_2025_fall_regular,yukakina,appai,takoyaki,nerisu,felix,2,,"2025IJL秋季赛常规赛.xlsx",129
8269,2025-11-15,IJL_2025_fall_regular,yukakina,appai,takoyaki,nerisu,felix,2,,"2025IJL秋季赛常规赛.xlsx",130
8270,2025-11-15,IJL_2025_fall_regular,yami,batoru,aez,nameko,emmko,0,1,"2025IJL秋季赛常规赛.xlsx",131
8271,2025-11-15,IJL_2025_fall_regular,pipicha,gnk,mone,soar,tarako,3,0,"2025IJL秋季赛常规赛.xlsx",132
8272,2025-11-15,IJL_2025_fall_regular,burio,moririn,katsuki,kat,maeken,2,,"2025IJL秋季赛常规赛.xlsx",133
8273,2025-11-15,IJL_2025_fall_regular,burio,moririn,katsuki,kat,maeken,0,1,"2025IJL秋季赛常规赛.xlsx",134
8274,2025-11-15,IJL_2025_fall_regular,hasha,gnk,mone,soar,tarako,1,1,"2025IJL秋季赛常规赛.xlsx",135
8275,2025-11-15,IJL_2025_fall_regular,kotami,unpyi,raolie,soba,city,1,1,"2025IJL秋季赛常规赛.xlsx",136
8276,2025-11-15,IJL_2025_fall_regular,aka,zizi,yomi1,nach,myme,0,1,"2025IJL秋季赛常规赛.xlsx",137
8277,2025-11-15,IJL_2025_fall_regular,aka,zizi,yomi1,nach,myme,0,1,"2025IJL秋季赛常规赛.xlsx",138
8278,2025-11-15,IJL_2025_fall_regular,irohasu,unpyi,raolie,soba,city,2,,"2025IJL秋季赛常规赛.xlsx",139
8279,2025-11-15,IJL_2025_fall_regular,peter,nyan,atto,tuna,monop,2,,"2025IJL秋季赛常规赛.xlsx",140
8280,2025-11-15,IJL_2025_fall_regular,kakaka,shinami,dolisu,hametu,kznk,3,0,"2025IJL秋季赛常规赛.xlsx",141
8281,2025-11-15,IJL_2025_fall_regular,kakaka,shinami,dolisu,hametu,kznk,3,0,"2025IJL秋季赛常规赛.xlsx",142
8282,2025-11-15,IJL_2025_fall_regular,peter,nyan,atto,tuna,monop,2,,"2025IJL秋季赛常规赛.xlsx",143
8283,2025-11-16,IJL_2025_fall_regular,kotami,unpyi,raolie,soba,city,3,0,"2025IJL秋季赛常规赛.xlsx",144
8284,2025-11-16,IJL_2025_fall_regular,aka,zizi,yomi1,nach,myme,1,1,"2025IJL秋季赛常规赛.xlsx",145
8285,2025-11-16,IJL_2025_fall_regular,irohasu,unpyi,raolie,soba,city,1,1,"2025IJL秋季赛常规赛.xlsx",146
8286,2025-11-16,IJL_2025_fall_regular,aka,zizi,yomi1,nach,myme,0,1,"2025IJL秋季赛常规赛.xlsx",147
8287,2025-11-16,IJL_2025_fall_regular,pipicha,gnk,mone,soar,tarako,2,,"2025IJL秋季赛常规赛.xlsx",148
8288,2025-11-16,IJL_2025_fall_regular,burio,moririn,katsuki,kat,maeken,3,0,"2025IJL秋季赛常规赛.xlsx",149
8289,2025-11-16,IJL_2025_fall_regular,hasha,gnk,mone,soar,tarako,1,1,"2025IJL秋季赛常规赛.xlsx",150
8290,2025-11-16,IJL_2025_fall_regular,burio,moririn,katsuki,kat,maeken,0,1,"2025IJL秋季赛常规赛.xlsx",151
8291,2025-11-16,IJL_2025_fall_regular,latty,moririn,katsuki,kat,maeken,3,0,"2025IJL秋季赛常规赛.xlsx",152
8292,2025-11-16,IJL_2025_fall_regular,hasha,gnk,mone,soar,tarako,2,,"2025IJL秋季赛常规赛.xlsx",153
8293,2025-11-16,IJL_2025_fall_regular,chikin,batoru,aez,nameko,emmko,2,,"2025IJL秋季赛常规赛.xlsx",154
8294,2025-11-16,IJL_2025_fall_regular,brontal,appai,takoyaki,nerisu,felix,2,,"2025IJL秋季赛常规赛.xlsx",155
8295,2025-11-16,IJL_2025_fall_regular,yukakina,appai,takoyaki,nerisu,felix,2,,"2025IJL秋季赛常规赛.xlsx",156
8296,2025-11-16,IJL_2025_fall_regular,chikin,batoru,aez,nameko,emmko,2,,"2025IJL秋季赛常规赛.xlsx",157
8297,2025-11-16,IJL_2025_fall_regular,yukakina,appai,takoyaki,nerisu,felix,3,0,"2025IJL秋季赛常规赛.xlsx",158
8298,2025-11-16,IJL_2025_fall_regular,yami,batoru,aez,nameko,emmko,2,,"2025IJL秋季赛常规赛.xlsx",159
8299,2025-11-16,IJL_2025_fall_regular,kakaka,shinami,dolisu,hametu,kznk,0,1,"2025IJL秋季赛常规赛.xlsx",160
8300,2025-11-16,IJL_2025_fall_regular,peter,nyan,atto,tuna,monop,0,1,"2025IJL秋季赛常规赛.xlsx",161
8301,2025-11-16,IJL_2025_fall_regular,kakaka,shinami,dolisu,hametu,kznk,1,1,"2025IJL秋季赛常规赛.xlsx",162
8302,2025-11-16,IJL_2025_fall_regular,peter,nyan,atto,tuna,monop,1,1,"2025IJL秋季赛常规赛.xlsx",163
8303,2025-11-16,IJL_2025_fall_regular,kakaka,shinami,dolisu,hametu,kznk,2,,"2025IJL秋季赛常规赛.xlsx",164
8304,2025-11-16,IJL_2025_fall_regular,mkmldy,nyan,atto,tuna,monop,0,1,"2025IJL秋季赛常规赛.xlsx",165
8305,2025-11-22,IJL_2025_fall_regular,kotami,shinami,dolisu,hametu,kznk,2,,"2025IJL秋季赛常规赛.xlsx",166
8306,2025-11-22,IJL_2025_fall_regular,peter,zizi,yomi1,nach,myme,0,1,"2025IJL秋季赛常规赛.xlsx",167
8307,2025-11-22,IJL_2025_fall_regular,irohasu,shinami,dolisu,hametu,kznk,1,1,"2025IJL秋季赛常规赛.xlsx",168
8308,2025-11-22,IJL_2025_fall_regular,peter,zizi,yomi1,nach,myme,3,0,"2025IJL秋季赛常规赛.xlsx",169
8309,2025-11-22,IJL_2025_fall_regular,peter,zizi,yomi1,nach,myme,3,0,"2025IJL秋季赛常规赛.xlsx",170
8310,2025-11-22,IJL_2025_fall_regular,kotami,shinami,dolisu,hametu,kznk,1,1,"2025IJL秋季赛常规赛.xlsx",171
8311,2025-11-22,IJL_2025_fall_regular,chikin,unpyi,raolie,soba,city,1,1,"2025IJL秋季赛常规赛.xlsx",172
8312,2025-11-22,IJL_2025_fall_regular,aka,appai,takoyaki,nerisu,felix,2,,"2025IJL秋季赛常规赛.xlsx",173
8313,2025-11-22,IJL_2025_fall_regular,aka,appai,takoyaki,nerisu,felix,2,,"2025IJL秋季赛常规赛.xlsx",174
8314,2025-11-22,IJL_2025_fall_regular,chikin,unpyi,raolie,soba,city,2,,"2025IJL秋季赛常规赛.xlsx",175
8315,2025-11-22,IJL_2025_fall_regular,alf,appai,takoyaki,nerisu,felix,2,,"2025IJL秋季赛常规赛.xlsx",176
8316,2025-11-22,IJL_2025_fall_regular,yami,unpyi,raolie,soba,city,0,1,"2025IJL秋季赛常规赛.xlsx",177
8317,2025-11-22,IJL_2025_fall_regular,brontal,gnk,mone,soar,tarako,0,1,"2025IJL秋季赛常规赛.xlsx",178
8318,2025-11-22,IJL_2025_fall_regular,burio,batoru,aez,nameko,emmko,0,1,"2025IJL秋季赛常规赛.xlsx",179
8319,2025-11-22,IJL_2025_fall_regular,yukakina,gnk,mone,soar,tarako,0,1,"2025IJL秋季赛常规赛.xlsx",180
8320,2025-11-22,IJL_2025_fall_regular,burio,batoru,aez,nameko,emmko,0,1,"2025IJL秋季赛常规赛.xlsx",181
8321,2025-11-22,IJL_2025_fall_regular,pipicha,nyan,atto,tuna,monop,0,1,"2025IJL秋季赛常规赛.xlsx",182
8322,2025-11-22,IJL_2025_fall_regular,kakiri,moririn,katsuki,kat,maeken,3,0,"2025IJL秋季赛常规赛.xlsx",183
8323,2025-11-22,IJL_2025_fall_regular,kakiri,moririn,katsuki,kat,maeken,2,,"2025IJL秋季赛常规赛.xlsx",184
8324,2025-11-22,IJL_2025_fall_regular,hasha,nyan,atto,tuna,monop,2,,"2025IJL秋季赛常规赛.xlsx",185
8325,2025-11-22,IJL_2025_fall_regular,hasha,nyan,atto,tuna,monop,2,,"2025IJL秋季赛常规赛.xlsx",186
8326,2025-11-22,IJL_2025_fall_regular,kakaka,moririn,katsuki,kat,maeken,0,1,"2025IJL秋季赛常规赛.xlsx",187
8327,2025-11-23,IJL_2025_fall_regular,brontal,zizi,yomi1,nach,myme,0,1,"2025IJL秋季赛常规赛.xlsx",188
8328,2025-11-23,IJL_2025_fall_regular,kotami,batoru,aez,nameko,emmko,1,1,"2025IJL秋季赛常规赛.xlsx",189
8329,2025-11-23,IJL_2025_fall_regular,yukakina,zizi,yomi1,nach,myme,3,0,"2025IJL秋季赛常规赛.xlsx",190
8330,2025-11-23,IJL_2025_fall_regular,irohasu,batoru,aez,nameko,emmko,2,,"2025IJL秋季赛常规赛.xlsx",191
8331,2025-11-23,IJL_2025_fall_regular,kotami,batoru,aez,nameko,emmko,2,,"2025IJL秋季赛常规赛.xlsx",192
8332,2025-11-23,IJL_2025_fall_regular,yukakina,zizi,yomi1,nach,myme,0,1,"2025IJL秋季赛常规赛.xlsx",193
8333,2025-11-23,IJL_2025_fall_regular,pipicha,appai,takoyaki,nerisu,felix,2,,"2025IJL秋季赛常规赛.xlsx",194
8334,2025-11-23,IJL_2025_fall_regular,chikin,moririn,katsuki,kat,maeken,0,1,"2025IJL秋季赛常规赛.xlsx",195
8335,2025-11-23,IJL_2025_fall_regular,hasha,appai,takoyaki,nerisu,felix,2,,"2025IJL秋季赛常规赛.xlsx",196
8336,2025-11-23,IJL_2025_fall_regular,chikin,moririn,katsuki,kat,maeken,0,1,"2025IJL秋季赛常规赛.xlsx",197
8337,2025-11-23,IJL_2025_fall_regular,burio,shinami,dolisu,hametu,kznk,0,1,"2025IJL秋季赛常规赛.xlsx",198
8338,2025-11-23,IJL_2025_fall_regular,peter,gnk,mone,soar,tarako,0,1,"2025IJL秋季赛常规赛.xlsx",199
8339,2025-11-23,IJL_2025_fall_regular,peter,gnk,mone,soar,tarako,0,1,"2025IJL秋季赛常规赛.xlsx",200
8340,2025-11-23,IJL_2025_fall_regular,burio,shinami,dolisu,hametu,kznk,0,1,"2025IJL秋季赛常规赛.xlsx",201
8341,2025-11-23,IJL_2025_fall_regular,aka,nyan,atto,tuna,monop,0,1,"2025IJL秋季赛常规赛.xlsx",202
8342,2025-11-23,IJL_2025_fall_regular,kakiri,unpyi,raolie,soba,city,0,1,"2025IJL秋季赛常规赛.xlsx",203
8343,2025-11-23,IJL_2025_fall_regular,kakiri,unpyi,raolie,soba,city,0,1,"2025IJL秋季赛常规赛.xlsx",204
8344,2025-11-23,IJL_2025_fall_regular,aka,nyan,atto,tuna,monop,1,1,"2025IJL秋季赛常规赛.xlsx",205
8345,2025-11-23,IJL_2025_fall_regular,kakaka,unpyi,raolie,soba,city,2,,"2025IJL秋季赛常规赛.xlsx",206
8346,2025-11-23,IJL_2025_fall_regular,alf,nyan,atto,tuna,monop,3,0,"2025IJL秋季赛常规赛.xlsx",207
8347,2025-11-29,IJL_2025_fall_regular,burio,nyan,atto,tuna,takakou,1,1,"2025IJL秋季赛常规赛.xlsx",208
8348,2025-11-29,IJL_2025_fall_regular,kakiri,gnk,mone,soar,yora,3,0,"2025IJL秋季赛常规赛.xlsx",209
8349,2025-11-29,IJL_2025_fall_regular,burio,nyan,atto,tuna,takakou,0,1,"2025IJL秋季赛常规赛.xlsx",210
8350,2025-11-29,IJL_2025_fall_regular,kakiri,gnk,mone,soar,yora,0,1,"2025IJL秋季赛常规赛.xlsx",211
8351,2025-11-29,IJL_2025_fall_regular,latty,nyan,atto,tuna,takakou,1,1,"2025IJL秋季赛常规赛.xlsx",212
8352,2025-11-29,IJL_2025_fall_regular,kakaka,gnk,mone,soar,yora,2,,"2025IJL秋季赛常规赛.xlsx",213
8353,2025-11-29,IJL_2025_fall_regular,chikin,zizi,yomi1,nach,myme,1,1,"2025IJL秋季赛常规赛.xlsx",214
8354,2025-11-29,IJL_2025_fall_regular,kotami,appai,takoyaki,nerisu,felix,0,1,"2025IJL秋季赛常规赛.xlsx",215
8355,2025-11-29,IJL_2025_fall_regular,chikin,zizi,yomi1,nach,myme,2,,"2025IJL秋季赛常规赛.xlsx",216
8356,2025-11-29,IJL_2025_fall_regular,irohasu,appai,takoyaki,nerisu,felix,1,1,"2025IJL秋季赛常规赛.xlsx",217
8357,2025-11-29,IJL_2025_fall_regular,peter,moririn,katsuki,kat,maeken,0,1,"2025IJL秋季赛常规赛.xlsx",218
8358,2025-11-29,IJL_2025_fall_regular,pipicha,shinami,dolisu,hametu,kznk,0,1,"2025IJL秋季赛常规赛.xlsx",219
8359,2025-11-29,IJL_2025_fall_regular,hasha,shinami,dolisu,hametu,kznk,0,1,"2025IJL秋季赛常规赛.xlsx",220
8360,2025-11-29,IJL_2025_fall_regular,peter,moririn,katsuki,kat,maeken,0,1,"2025IJL秋季赛常规赛.xlsx",221
8361,2025-11-29,IJL_2025_fall_regular,hasha,shinami,dolisu,hametu,kznk,0,1,"2025IJL秋季赛常规赛.xlsx",222
8362,2025-11-29,IJL_2025_fall_regular,mkmldy,moririn,katsuki,kat,maeken,0,1,"2025IJL秋季赛常规赛.xlsx",223
8363,2025-11-29,IJL_2025_fall_regular,aka,batoru,aez,nameko,emmko,0,1,"2025IJL秋季赛常规赛.xlsx",224
8364,2025-11-29,IJL_2025_fall_regular,brontal,unpyi,raolie,soba,city,0,1,"2025IJL秋季赛常规赛.xlsx",225
8365,2025-11-29,IJL_2025_fall_regular,aka,batoru,aez,nameko,emmko,0,1,"2025IJL秋季赛常规赛.xlsx",226
8366,2025-11-29,IJL_2025_fall_regular,brontal,unpyi,raolie,soba,city,0,1,"2025IJL秋季赛常规赛.xlsx",227
8367,2025-11-29,IJL_2025_fall_regular,yukakina,unpyi,raolie,soba,city,0,1,"2025IJL秋季赛常规赛.xlsx",228
8368,2025-11-29,IJL_2025_fall_regular,alf,batoru,aez,nameko,emmko,0,1,"2025IJL秋季赛常规赛.xlsx",229
8369,2025-11-30,IJL_2025_fall_regular,burio,appai,takoyaki,nerisu,felix,2,,"2025IJL秋季赛常规赛.xlsx",230
8370,2025-11-30,IJL_2025_fall_regular,yami,gnk,mone,soar,tarako,2,,"2025IJL秋季赛常规赛.xlsx",231
8371,2025-11-30,IJL_2025_fall_regular,burio,appai,takoyaki,nerisu,felix,2,,"2025IJL秋季赛常规赛.xlsx",232
8372,2025-11-30,IJL_2025_fall_regular,chikin,gnk,mone,soar,tarako,3,0,"2025IJL秋季赛常规赛.xlsx",233
8373,2025-11-30,IJL_2025_fall_regular,yami,gnk,mone,soar,tarako,2,,"2025IJL秋季赛常规赛.xlsx",234
8374,2025-11-30,IJL_2025_fall_regular,latty,appai,takoyaki,nerisu,felix,2,,"2025IJL秋季赛常规赛.xlsx",235
8375,2025-11-30,IJL_2025_fall_regular,kakiri,zizi,yomi1,nach,myme,1,1,"2025IJL秋季赛常规赛.xlsx",236
8376,2025-11-30,IJL_2025_fall_regular,kotami,nyan,atto,tuna,takakou,3,0,"2025IJL秋季赛常规赛.xlsx",237
8377,2025-11-30,IJL_2025_fall_regular,kakiri,zizi,yomi1,nach,myme,2,,"2025IJL秋季赛常规赛.xlsx",238
8378,2025-11-30,IJL_2025_fall_regular,irohasu,nyan,atto,tuna,takakou,2,,"2025IJL秋季赛常规赛.xlsx",239
8379,2025-11-30,IJL_2025_fall_regular,kotami,nyan,atto,tuna,takakou,3,0,"2025IJL秋季赛常规赛.xlsx",240
8380,2025-11-30,IJL_2025_fall_regular,kakaka,zizi,yomi1,nach,myme,1,1,"2025IJL秋季赛常规赛.xlsx",241
8381,2025-11-30,IJL_2025_fall_regular,peter,unpyi,raolie,soba,city,0,1,"2025IJL秋季赛常规赛.xlsx",242
8382,2025-11-30,IJL_2025_fall_regular,aka,shinami,dolisu,hametu,kznk,0,1,"2025IJL秋季赛常规赛.xlsx",243
8383,2025-11-30,IJL_2025_fall_regular,aka,shinami,dolisu,hametu,kznk,0,1,"2025IJL秋季赛常规赛.xlsx",244
8384,2025-11-30,IJL_2025_fall_regular,peter,unpyi,raolie,soba,city,0,1,"2025IJL秋季赛常规赛.xlsx",245
8385,2025-11-30,IJL_2025_fall_regular,alf,shinami,dolisu,hametu,kznk,0,1,"2025IJL秋季赛常规赛.xlsx",246
8386,2025-11-30,IJL_2025_fall_regular,mkmldy,unpyi,raolie,soba,city,0,1,"2025IJL秋季赛常规赛.xlsx",247
8387,2025-11-30,IJL_2025_fall_regular,brontal,moririn,katsuki,kat,maeken,0,1,"2025IJL秋季赛常规赛.xlsx",248
8388,2025-11-30,IJL_2025_fall_regular,pipicha,batoru,aez,nameko,emmko,0,1,"2025IJL秋季赛常规赛.xlsx",249
8389,2025-11-30,IJL_2025_fall_regular,hasha,batoru,aez,nameko,emmko,0,1,"2025IJL秋季赛常规赛.xlsx",250
8390,2025-11-30,IJL_2025_fall_regular,brontal,moririn,katsuki,kat,maeken,0,1,"2025IJL秋季赛常规赛.xlsx",251
8391,2025-11-30,IJL_2025_fall_regular,yukakina,moririn,katsuki,kat,maeken,0,1,"2025IJL秋季赛常规赛.xlsx",252
8392,2025-11-30,IJL_2025_fall_regular,hasha,batoru,aez,nameko,emmko,0,1,"2025IJL秋季赛常规赛.xlsx",253
8393,2025-11-30,IJL_2025_fall_regular,yukakina,moririn,katsuki,kat,maeken,0,1,"2025IJL秋季赛常规赛.xlsx",254
8394,2025-11-30,IJL_2025_fall_regular,hasha,batoru,aez,nameko,emmko,0,1,"2025IJL秋季赛常规赛.xlsx",255
8395,2025-12-06,IJL_2025_fall_regular,burio,zizi,yomi1,nach,myme,2,,"2025IJL秋季赛常规赛.xlsx",256
8396,2025-12-06,IJL_2025_fall_regular,kotami,gnk,mone,soar,tarako,3,0,"2025IJL秋季赛常规赛.xlsx",257
8397,2025-12-06,IJL_2025_fall_regular,burio,zizi,yomi1,nach,myme,0,1,"2025IJL秋季赛常规赛.xlsx",258
8398,2025-12-06,IJL_2025_fall_regular,irohasu,gnk,mone,soar,tarako,2,,"2025IJL秋季赛常规赛.xlsx",259
8399,2025-12-06,IJL_2025_fall_regular,peter,batoru,aez,nameko,emmko,1,1,"2025IJL秋季赛常规赛.xlsx",260
8400,2025-12-06,IJL_2025_fall_regular,brontal,shinami,dolisu,hametu,kznk,2,,"2025IJL秋季赛常规赛.xlsx",261
8401,2025-12-06,IJL_2025_fall_regular,yukakina,shinami,dolisu,hametu,kznk,1,1,"2025IJL秋季赛常规赛.xlsx",262
8402,2025-12-06,IJL_2025_fall_regular,peter,batoru,aez,nameko,emmko,2,,"2025IJL秋季赛常规赛.xlsx",263
8403,2025-12-06,IJL_2025_fall_regular,mkmldy,batoru,aez,nameko,emmko,2,,"2025IJL秋季赛常规赛.xlsx",264
8404,2025-12-06,IJL_2025_fall_regular,yukakina,shinami,dolisu,hametu,kznk,2,,"2025IJL秋季赛常规赛.xlsx",265
8405,2025-12-06,IJL_2025_fall_regular,mkmldy,batoru,aez,nameko,emmko,2,,"2025IJL秋季赛常规赛.xlsx",266
8406,2025-12-06,IJL_2025_fall_regular,yukakina,shinami,dolisu,hametu,kznk,0,1,"2025IJL秋季赛常规赛.xlsx",267
8407,2025-12-06,IJL_2025_fall_regular,chikin,nyan,atto,tuna,takakou,1,1,"2025IJL秋季赛常规赛.xlsx",268
8408,2025-12-06,IJL_2025_fall_regular,kakiri,appai,takoyaki,nerisu,felix,0,1,"2025IJL秋季赛常规赛.xlsx",269
8409,2025-12-06,IJL_2025_fall_regular,kakiri,appai,takoyaki,nerisu,felix,3,0,"2025IJL秋季赛常规赛.xlsx",270
8410,2025-12-06,IJL_2025_fall_regular,chikin,nyan,atto,tuna,takakou,1,1,"2025IJL秋季赛常规赛.xlsx",271
8411,2025-12-06,IJL_2025_fall_regular,kakaka,appai,takoyaki,nerisu,felix,2,,"2025IJL秋季赛常规赛.xlsx",272
8412,2025-12-06,IJL_2025_fall_regular,yami,nyan,atto,tuna,takakou,2,,"2025IJL秋季赛常规赛.xlsx",273
8413,2025-12-06,IJL_2025_fall_regular,aka,moririn,katsuki,kat,maeken,2,,"2025IJL秋季赛常规赛.xlsx",274
8414,2025-12-06,IJL_2025_fall_regular,pipicha,unpyi,raolie,soba,city,2,,"2025IJL秋季赛常规赛.xlsx",275
8415,2025-12-06,IJL_2025_fall_regular,hasha,unpyi,raolie,soba,city,1,1,"2025IJL秋季赛常规赛.xlsx",276
8416,2025-12-06,IJL_2025_fall_regular,aka,moririn,katsuki,kat,maeken,2,,"2025IJL秋季赛常规赛.xlsx",277
8417,2025-12-06,IJL_2025_fall_regular,alf,moririn,katsuki,kat,maeken,2,,"2025IJL秋季赛常规赛.xlsx",278
8418,2025-12-06,IJL_2025_fall_regular,hasha,unpyi,raolie,soba,city,2,,"2025IJL秋季赛常规赛.xlsx",279
8419,2025-12-07,IJL_2025_fall_regular,peter,appai,takoyaki,nerisu,felix,0,1,"2025IJL秋季赛常规赛.xlsx",280
8420,2025-12-07,IJL_2025_fall_regular,chikin,shinami,dolisu,hametu,kznk,3,0,"2025IJL秋季赛常规赛.xlsx",281
8421,2025-12-07,IJL_2025_fall_regular,chikin,shinami,dolisu,hametu,kznk,1,1,"2025IJL秋季赛常规赛.xlsx",282
8422,2025-12-07,IJL_2025_fall_regular,peter,appai,takoyaki,nerisu,felix,1,1,"2025IJL秋季赛常规赛.xlsx",283
8423,2025-12-07,IJL_2025_fall_regular,mkmldy,appai,takoyaki,nerisu,felix,3,0,"2025IJL秋季赛常规赛.xlsx",284
8424,2025-12-07,IJL_2025_fall_regular,yami,shinami,dolisu,hametu,kznk,3,0,"2025IJL秋季赛常规赛.xlsx",285
8425,2025-12-07,IJL_2025_fall_regular,brontal,nyan,atto,tuna,takakou,2,,"2025IJL秋季赛常规赛.xlsx",286
8426,2025-12-07,IJL_2025_fall_regular,kakiri,batoru,aez,nameko,emmko,2,,"2025IJL秋季赛常规赛.xlsx",287
8427,2025-12-07,IJL_2025_fall_regular,kakiri,batoru,aez,nameko,emmko,0,1,"2025IJL秋季赛常规赛.xlsx",288
8428,2025-12-07,IJL_2025_fall_regular,yukakina,nyan,atto,tuna,takakou,3,0,"2025IJL秋季赛常规赛.xlsx",289
8429,2025-12-07,IJL_2025_fall_regular,yukakina,nyan,atto,tuna,takakou,2,,"2025IJL秋季赛常规赛.xlsx",290
8430,2025-12-07,IJL_2025_fall_regular,kakaka,batoru,aez,nameko,emmko,1,1,"2025IJL秋季赛常规赛.xlsx",291
8431,2025-12-07,IJL_2025_fall_regular,pipicha,zizi,yomi1,nach,myme,2,,"2025IJL秋季赛常规赛.xlsx",292
8432,2025-12-07,IJL_2025_fall_regular,irohasu,moririn,katsuki,kat,maeken,3,0,"2025IJL秋季赛常规赛.xlsx",293
8433,2025-12-07,IJL_2025_fall_regular,kotami,moririn,katsuki,kat,maeken,3,0,"2025IJL秋季赛常规赛.xlsx",294
8434,2025-12-07,IJL_2025_fall_regular,hasha,zizi,yomi1,nach,myme,2,,"2025IJL秋季赛常规赛.xlsx",295
8435,2025-12-07,IJL_2025_fall_regular,hasha,zizi,yomi1,nach,myme,0,1,"2025IJL秋季赛常规赛.xlsx",296
8436,2025-12-07,IJL_2025_fall_regular,kotami,moririn,katsuki,kat,maeken,2,,"2025IJL秋季赛常规赛.xlsx",297
8437,2025-12-07,IJL_2025_fall_regular,aka,gnk,mone,soar,tarako,0,1,"2025IJL秋季赛常规赛.xlsx",298
8438,2025-12-07,IJL_2025_fall_regular,burio,unpyi,raolie,soba,city,2,,"2025IJL秋季赛常规赛.xlsx",299
8439,2025-12-07,IJL_2025_fall_regular,burio,unpyi,raolie,soba,city,2,,"2025IJL秋季赛常规赛.xlsx",300
8440,2025-12-07,IJL_2025_fall_regular,aka,gnk,mone,soar,tarako,2,,"2025IJL秋季赛常规赛.xlsx",301
8441,2025-12-07,IJL_2025_fall_regular,alf,gnk,mone,soar,tarako,3,0,"2025IJL秋季赛常规赛.xlsx",302
8442,2025-12-07,IJL_2025_fall_regular,latty,unpyi,raolie,soba,city,3,0,"2025IJL秋季赛常规赛.xlsx",303
8443,2025-12-19,IJL_2025_fall_playoffs,kakiri,batoru,aez,nameko,emmko,2,,"2025IJL秋季赛季后赛.xlsx",0
8444,2025-12-19,IJL_2025_fall_playoffs,brontal,nyan,atto,tuna,takakou,1,1,"2025IJL秋季赛季后赛.xlsx",1
8445,2025-12-19,IJL_2025_fall_playoffs,brontal,nyan,atto,tuna,takakou,2,,"2025IJL秋季赛季后赛.xlsx",2
8446,2025-12-19,IJL_2025_fall_playoffs,kakiri,batoru,aez,nameko,emmko,1,1,"2025IJL秋季赛季后赛.xlsx",3
8447,2025-12-19,IJL_2025_fall_playoffs,yukakina,nyan,atto,tuna,takakou,2,,"2025IJL秋季赛季后赛.xlsx",4
8448,2025-12-19,IJL_2025_fall_playoffs,kakaka,batoru,aez,nameko,emmko,1,1,"2025IJL秋季赛季后赛.xlsx",5
8449,2025-12-19,IJL_2025_fall_playoffs,yukakina,nyan,atto,tuna,takakou,2,,"2025IJL秋季赛季后赛.xlsx",6
8450,2025-12-19,IJL_2025_fall_playoffs,kakaka,batoru,aez,nameko,emmko,0,1,"2025IJL秋季赛季后赛.xlsx",7
8451,2025-12-19,IJL_2025_fall_playoffs,peter,moririn,katsuki,kat,maeken,0,1,"2025IJL秋季赛季后赛.xlsx",8
8452,2025-12-19,IJL_2025_fall_playoffs,pipicha,shinami,dolisu,hametu,kznk,2,,"2025IJL秋季赛季后赛.xlsx",9
8453,2025-12-19,IJL_2025_fall_playoffs,peter,moririn,katsuki,kat,maeken,2,,"2025IJL秋季赛季后赛.xlsx",10
8454,2025-12-19,IJL_2025_fall_playoffs,hasha,shinami,dolisu,hametu,kznk,2,,"2025IJL秋季赛季后赛.xlsx",11
8455,2025-12-19,IJL_2025_fall_playoffs,hasha,shinami,dolisu,hametu,kznk,2,,"2025IJL秋季赛季后赛.xlsx",12
8456,2025-12-19,IJL_2025_fall_playoffs,mkmldy,moririn,katsuki,kat,maeken,2,,"2025IJL秋季赛季后赛.xlsx",13
8457,2025-12-19,IJL_2025_fall_playoffs,mkmldy,moririn,katsuki,kat,maeken,0,1,"2025IJL秋季赛季后赛.xlsx",14
8458,2025-12-19,IJL_2025_fall_playoffs,hasha,shinami,dolisu,hametu,kznk,2,,"2025IJL秋季赛季后赛.xlsx",15
8459,2025-12-19,IJL_2025_fall_playoffs,aka,gnk,mone,soar,tarako,0,1,"2025IJL秋季赛季后赛.xlsx",16
8460,2025-12-19,IJL_2025_fall_playoffs,burio,unpyi,raolie,soba,city,1,1,"2025IJL秋季赛季后赛.xlsx",17
8461,2025-12-19,IJL_2025_fall_playoffs,burio,unpyi,raolie,soba,city,2,,"2025IJL秋季赛季后赛.xlsx",18
8462,2025-12-19,IJL_2025_fall_playoffs,aka,gnk,mone,soar,tarako,0,1,"2025IJL秋季赛季后赛.xlsx",19
8463,2025-12-19,IJL_2025_fall_playoffs,alf,gnk,mone,soar,tarako,2,,"2025IJL秋季赛季后赛.xlsx",20
8464,2025-12-19,IJL_2025_fall_playoffs,latty,unpyi,raolie,soba,city,2,,"2025IJL秋季赛季后赛.xlsx",21
8465,2025-12-19,IJL_2025_fall_playoffs,latty,unpyi,raolie,soba,city,2,,"2025IJL秋季赛季后赛.xlsx",22
8466,2025-12-19,IJL_2025_fall_playoffs,alf,gnk,mone,soar,tarako,1,1,"2025IJL秋季赛季后赛.xlsx",23
8467,2025-12-20,IJL_2025_fall_playoffs,pipicha,nyan,atto,tuna,takakou,2,,"2025IJL秋季赛季后赛.xlsx",24
8468,2025-12-20,IJL_2025_fall_playoffs,kakiri,moririn,katsuki,kat,maeken,0,1,"2025IJL秋季赛季后赛.xlsx",25
8469,2025-12-20,IJL_2025_fall_playoffs,hasha,nyan,atto,tuna,takakou,1,1,"2025IJL秋季赛季后赛.xlsx",26
8470,2025-12-20,IJL_2025_fall_playoffs,kakiri,moririn,katsuki,kat,maeken,0,1,"2025IJL秋季赛季后赛.xlsx",27
8471,2025-12-20,IJL_2025_fall_playoffs,hasha,nyan,atto,tuna,takakou,2,,"2025IJL秋季赛季后赛.xlsx",28
8472,2025-12-20,IJL_2025_fall_playoffs,kakaka,moririn,katsuki,kat,maeken,2,,"2025IJL秋季赛季后赛.xlsx",29
8473,2025-12-20,IJL_2025_fall_playoffs,hasha,nyan,atto,tuna,takakou,0,1,"2025IJL秋季赛季后赛.xlsx",30
8474,2025-12-20,IJL_2025_fall_playoffs,kakaka,moririn,katsuki,kat,maeken,0,1,"2025IJL秋季赛季后赛.xlsx",31
8475,2025-12-20,IJL_2025_fall_playoffs,aka,shinami,dolisu,hametu,kznk,1,1,"2025IJL秋季赛季后赛.xlsx",32
8476,2025-12-20,IJL_2025_fall_playoffs,peter,unpyi,raolie,soba,city,2,,"2025IJL秋季赛季后赛.xlsx",33
8477,2025-12-20,IJL_2025_fall_playoffs,aka,shinami,dolisu,hametu,kznk,2,,"2025IJL秋季赛季后赛.xlsx",34
8478,2025-12-20,IJL_2025_fall_playoffs,peter,unpyi,raolie,soba,city,2,,"2025IJL秋季赛季后赛.xlsx",35
8479,2025-12-20,IJL_2025_fall_playoffs,mkmldy,unpyi,raolie,soba,city,2,,"2025IJL秋季赛季后赛.xlsx",36
8480,2025-12-20,IJL_2025_fall_playoffs,alf,shinami,dolisu,hametu,kznk,2,,"2025IJL秋季赛季后赛.xlsx",37
8481,2025-12-20,IJL_2025_fall_playoffs,alf,shinami,dolisu,hametu,kznk,3,0,"2025IJL秋季赛季后赛.xlsx",38
8482,2025-12-20,IJL_2025_fall_playoffs,mkmldy,unpyi,raolie,soba,city,2,,"2025IJL秋季赛季后赛.xlsx",39
8483,2025-12-20,IJL_2025_fall_playoffs,mkmldy,unpyi,raolie,soba,city,2,,"2025IJL秋季赛季后赛.xlsx",40
8484,2025-12-20,IJL_2025_fall_playoffs,alf,shinami,dolisu,hametu,kznk,2,,"2025IJL秋季赛季后赛.xlsx",41
8485,2025-12-20,IJL_2025_fall_playoffs,mkmldy,unpyi,raolie,soba,city,2,,"2025IJL秋季赛季后赛.xlsx",42
8486,2025-12-20,IJL_2025_fall_playoffs,alf,shinami,dolisu,hametu,kznk,2,,"2025IJL秋季赛季后赛.xlsx",43
8487,2025-12-20,IJL_2025_fall_playoffs,burio,nyan,atto,tuna,takakou,2,,"2025IJL秋季赛季后赛.xlsx",44
8488,2025-12-20,IJL_2025_fall_playoffs,kakiri,gnk,mone,soar,tarako,0,1,"2025IJL秋季赛季后赛.xlsx",45
8489,2025-12-20,IJL_2025_fall_playoffs,kakiri,gnk,mone,soar,tarako,2,,"2025IJL秋季赛季后赛.xlsx",46
8490,2025-12-20,IJL_2025_fall_playoffs,burio,nyan,atto,tuna,takakou,1,1,"2025IJL秋季赛季后赛.xlsx",47
8491,2025-12-20,IJL_2025_fall_playoffs,latty,nyan,atto,tuna,takakou,2,,"2025IJL秋季赛季后赛.xlsx",48
8492,2025-12-20,IJL_2025_fall_playoffs,kakaka,gnk,mone,soar,tarako,1,1,"2025IJL秋季赛季后赛.xlsx",49
8493,2025-12-20,IJL_2025_fall_playoffs,latty,nyan,atto,tuna,takakou,1,1,"2025IJL秋季赛季后赛.xlsx",50
8494,2025-12-20,IJL_2025_fall_playoffs,kakaka,gnk,mone,soar,tarako,0,1,"2025IJL秋季赛季后赛.xlsx",51
8495,2025-12-21,IJL_2025_fall_playoffs,aka,nyan,atto,tuna,takakou,2,,"2025IJL秋季赛季后赛.xlsx",52
8496,2025-12-21,IJL_2025_fall_playoffs,kakiri,unpyi,raolie,soba,city,2,,"2025IJL秋季赛季后赛.xlsx",53
8497,2025-12-21,IJL_2025_fall_playoffs,aka,nyan,atto,tuna,takakou,0,1,"2025IJL秋季赛季后赛.xlsx",54
8498,2025-12-21,IJL_2025_fall_playoffs,kakiri,unpyi,raolie,soba,city,1,1,"2025IJL秋季赛季后赛.xlsx",55
8499,2025-12-21,IJL_2025_fall_playoffs,kakaka,unpyi,raolie,soba,city,2,,"2025IJL秋季赛季后赛.xlsx",56
8500,2025-12-21,IJL_2025_fall_playoffs,alf,nyan,atto,tuna,takakou,1,1,"2025IJL秋季赛季后赛.xlsx",57
8501,2025-12-21,IJL_2025_fall_playoffs,alf,nyan,atto,tuna,takakou,1,1,"2025IJL秋季赛季后赛.xlsx",58
8502,2025-12-21,IJL_2025_fall_playoffs,kakaka,unpyi,raolie,soba,city,4,0,"2025IJL秋季赛季后赛.xlsx",59
8503,2025-12-21,IJL_2025_fall_playoffs,aka,shinami,dolisu,hametu,kznk,2,,"2025IJL秋季赛季后赛.xlsx",60
8504,2025-12-21,IJL_2025_fall_playoffs,peter,unpyi,raolie,soba,city,0,1,"2025IJL秋季赛季后赛.xlsx",61
8505,2025-12-21,IJL_2025_fall_playoffs,peter,unpyi,raolie,soba,city,0,1,"2025IJL秋季赛季后赛.xlsx",62
8506,2025-12-21,IJL_2025_fall_playoffs,aka,shinami,dolisu,hametu,kznk,0,1,"2025IJL秋季赛季后赛.xlsx",63
8507,2025-12-21,IJL_2025_fall_playoffs,alf,shinami,dolisu,hametu,kznk,2,,"2025IJL秋季赛季后赛.xlsx",64
8508,2025-12-21,IJL_2025_fall_playoffs,mkmldy,unpyi,raolie,soba,city,2,,"2025IJL秋季赛季后赛.xlsx",65
8509,2025-12-21,IJL_2025_fall_playoffs,mkmldy,unpyi,raolie,soba,city,2,,"2025IJL秋季赛季后赛.xlsx",66
8510,2025-12-21,IJL_2025_fall_playoffs,alf,shinami,dolisu,hametu,kznk,2,,"2025IJL秋季赛季后赛.xlsx",67
8511,2025-12-21,IJL_2025_fall_playoffs,alf,shinami,dolisu,hametu,kznk,1,1,"2025IJL秋季赛季后赛.xlsx",68
8512,2025-12-21,IJL_2025_fall_playoffs,mkmldy,unpyi,raolie,soba,city,2,,"2025IJL秋季赛季后赛.xlsx",69
8513,2025-12-21,IJL_2025_fall_playoffs,mkmldy,unpyi,raolie,soba,city,2,,"2025IJL秋季赛季后赛.xlsx",70
8514,2025-12-21,IJL_2025_fall_playoffs,alf,shinami,dolisu,hametu,kznk,3,0,"2025IJL秋季赛季后赛.xlsx",71
8515,2025-04-11,COA8,ppei,atto,nyan,takakou,tuna,1,1,"COA8 全球总决赛小组赛.xlsx",0
8516,2025-04-11,COA8,kakiri,yihua,yangy,libao,maom,1,1,"COA8 全球总决赛小组赛.xlsx",1
8517,2025-04-11,COA8,kakiri,yihua,yangy,libao,maom,0,1,"COA8 全球总决赛小组赛.xlsx",2
8518,2025-04-11,COA8,ppei,atto,nyan,takakou,tuna,2,,"COA8 全球总决赛小组赛.xlsx",3
8519,2025-04-11,COA8,ppei,atto,takakou,nyan,tuna,1,1,"COA8 全球总决赛小组赛.xlsx",4
8520,2025-04-11,COA8,kakaka,yihua,maom,yangy,libao,1,1,"COA8 全球总决赛小组赛.xlsx",5
8521,2025-04-11,COA8,heshen,schmiddy,green,rolend,yinl,0,1,"COA8 全球总决赛小组赛.xlsx",6
8522,2025-04-11,COA8,sprintzer,ahd,miniblue,shadow,kuga,2,,"COA8 全球总决赛小组赛.xlsx",7
8523,2025-04-11,COA8,sprintzer,ahd,kuga,miniblue,shadow,0,1,"COA8 全球总决赛小组赛.xlsx",8
8524,2025-04-11,COA8,miao,schmiddy,green,rolend,yinl,1,1,"COA8 全球总决赛小组赛.xlsx",9
8525,2025-04-11,COA8,miao,schmiddy,rolend,green,yinl,1,1,"COA8 全球总决赛小组赛.xlsx",10
8526,2025-04-11,COA8,sprintzer,ahd,kuga,shadow,miniblue,2,,"COA8 全球总决赛小组赛.xlsx",11
8527,2025-04-11,COA8,hajimi,nn,ouo,nana,ego,0,1,"COA8 全球总决赛小组赛.xlsx",12
8528,2025-04-11,COA8,mz,zhengkai,pinpin,huanxue,cy,3,0,"COA8 全球总决赛小组赛.xlsx",13
8529,2025-04-11,COA8,binbin,nn,ouo,nana,ego,1,1,"COA8 全球总决赛小组赛.xlsx",14
8530,2025-04-11,COA8,mz,pinpin,huanxue,meimei,cy,3,0,"COA8 全球总决赛小组赛.xlsx",15
8531,2025-04-11,COA8,xawm,city,soba,raolie,kirye,0,1,"COA8 全球总决赛小组赛.xlsx",16
8532,2025-04-11,COA8,aka,tx,18,ppxia,kucao,2,,"COA8 全球总决赛小组赛.xlsx",17
8533,2025-04-11,COA8,xawm,city,soba,raolie,kirye,2,,"COA8 全球总决赛小组赛.xlsx",18
8534,2025-04-11,COA8,aka,tx,18,ppxia,kucao,0,1,"COA8 全球总决赛小组赛.xlsx",19
8535,2025-04-11,COA8,xawm,monop,soba,raolie,kirye,3,0,"COA8 全球总决赛小组赛.xlsx",20
8536,2025-04-11,COA8,aka,tx,18,ppxia,kucao,3,0,"COA8 全球总决赛小组赛.xlsx",21
8537,2025-04-11,COA8,aka,tx,18,ppxia,kucao,2,,"COA8 全球总决赛小组赛.xlsx",22
8538,2025-04-11,COA8,xawm,monop,soba,raolie,kirye,1,1,"COA8 全球总决赛小组赛.xlsx",23
8539,2025-04-12,COA8,brontal,silverzhi,czai,chen,nan,0,1,"COA8 全球总决赛小组赛.xlsx",24
8540,2025-04-12,COA8,yan,aez,kaeru,nameko,batoru,2,,"COA8 全球总决赛小组赛.xlsx",25
8541,2025-04-12,COA8,yan,kaeru,aez,nameko,batoru,3,0,"COA8 全球总决赛小组赛.xlsx",26
8542,2025-04-12,COA8,brontal,czai,nan,chen,silverzhi,2,,"COA8 全球总决赛小组赛.xlsx",27
8543,2025-04-12,COA8,choai,layz,fluff,aqua,juan,0,1,"COA8 全球总决赛小组赛.xlsx",28
8544,2025-04-12,COA8,pitstoper,jelly,xmx,dking,487,3,0,"COA8 全球总决赛小组赛.xlsx",29
8545,2025-04-12,COA8,choai,layz,juan,fluff,aqua,0,1,"COA8 全球总决赛小组赛.xlsx",30
8546,2025-04-12,COA8,pitstoper,jelly,xmx,dking,487,1,1,"COA8 全球总决赛小组赛.xlsx",31
8547,2025-04-12,COA8,peter,xen,gougou,eleven,xy,0,1,"COA8 全球总决赛小组赛.xlsx",32
8548,2025-04-12,COA8,zz9,shinami,dolisu,hametu,kznk,2,,"COA8 全球总决赛小组赛.xlsx",33
8549,2025-04-12,COA8,zz9,shinami,hametu,dolisu,kznk,4,0,"COA8 全球总决赛小组赛.xlsx",34
8550,2025-04-12,COA8,peter,xen,eleven,xy,gougou,0,1,"COA8 全球总决赛小组赛.xlsx",35
8551,2025-04-12,COA8,alex,sasori,maeken,520,yuto,0,1,"COA8 全球总决赛小组赛.xlsx",36
8552,2025-04-12,COA8,hasha,huiyi,persica,guoker,huan,1,1,"COA8 全球总决赛小组赛.xlsx",37
8553,2025-04-12,COA8,hasha,huiyi,persica,guoker,huan,2,,"COA8 全球总决赛小组赛.xlsx",38
8554,2025-04-12,COA8,alex,sasori,maeken,yuto,520,0,1,"COA8 全球总决赛小组赛.xlsx",39
8555,2025-04-13,COA8,bailu,atto,takakou,nyan,tuna,1,1,"COA8 全球总决赛小组赛.xlsx",40
8556,2025-04-13,COA8,kakiri,dahai,fox,clover,zyan,1,1,"COA8 全球总决赛小组赛.xlsx",41
8557,2025-04-13,COA8,kakiri,dahai,fox,clover,zyan,1,1,"COA8 全球总决赛小组赛.xlsx",42
8558,2025-04-13,COA8,bailu,atto,takakou,nyan,tuna,1,1,"COA8 全球总决赛小组赛.xlsx",43
8559,2025-04-13,COA8,bailu,atto,takakou,nyan,tuna,2,,"COA8 全球总决赛小组赛.xlsx",44
8560,2025-04-13,COA8,kakaka,dahai,fox,zyan,clover,0,1,"COA8 全球总决赛小组赛.xlsx",45
8561,2025-04-13,COA8,hetian,soba,raolie,city,kirye,3,0,"COA8 全球总决赛小组赛.xlsx",46
8562,2025-04-13,COA8,aka,panda,pp,yuki,neru,0,1,"COA8 全球总决赛小组赛.xlsx",47
8563,2025-04-13,COA8,hetian,soba,city,raolie,kirye,1,1,"COA8 全球总决赛小组赛.xlsx",48
8564,2025-04-13,COA8,aka,panda,yuki,pp,neru,1,1,"COA8 全球总决赛小组赛.xlsx",49
8565,2025-04-13,COA8,aka,panda,yuki,neru,pp,0,1,"COA8 全球总决赛小组赛.xlsx",50
8566,2025-04-13,COA8,hetian,soba,raolie,kirye,monop,2,,"COA8 全球总决赛小组赛.xlsx",51
8567,2025-04-13,COA8,jin,schmiddy,yinl,green,rolend,0,1,"COA8 全球总决赛小组赛.xlsx",52
8568,2025-04-13,COA8,sprintzer,ak,iron,ac,heart,0,1,"COA8 全球总决赛小组赛.xlsx",53
8569,2025-04-13,COA8,sprintzer,ak,heart,iron,ac,2,,"COA8 全球总决赛小组赛.xlsx",54
8570,2025-04-13,COA8,jin,schmiddy,yinl,green,rolend,0,1,"COA8 全球总决赛小组赛.xlsx",55
8571,2025-04-13,COA8,jin,schmiddy,yinl,green,rolend,3,0,"COA8 全球总决赛小组赛.xlsx",56
8572,2025-04-13,COA8,sprintzer,ak,iron,ac,heart,4,0,"COA8 全球总决赛小组赛.xlsx",57
8573,2025-04-13,COA8,xc,zhengkai,huanxue,pinpin,cy,2,,"COA8 全球总决赛小组赛.xlsx",58
8574,2025-04-13,COA8,hajimi,xiaod,loveleft,huac,nanako,2,,"COA8 全球总决赛小组赛.xlsx",59
8575,2025-04-13,COA8,xc,zhengkai,huanxue,pinpin,cy,2,,"COA8 全球总决赛小组赛.xlsx",60
8576,2025-04-13,COA8,hajimi,xiaod,huac,nanako,loveleft,2,,"COA8 全球总决赛小组赛.xlsx",61
8577,2025-04-13,COA8,xc,zhengkai,pinpin,huanxue,cy,1,1,"COA8 全球总决赛小组赛.xlsx",62
8578,2025-04-13,COA8,hajimi,xiaod,loveleft,huac,nanako,2,,"COA8 全球总决赛小组赛.xlsx",63
8579,2025-04-14,COA8,ppei,kaeru,batoru,nameko,aez,0,1,"COA8 全球总决赛小组赛.xlsx",64
8580,2025-04-14,COA8,brontal,yihua,libao,yangy,maom,2,,"COA8 全球总决赛小组赛.xlsx",65
8581,2025-04-14,COA8,brontal,yihua,libao,yangy,maom,1,1,"COA8 全球总决赛小组赛.xlsx",66
8582,2025-04-14,COA8,ppei,kaeru,nameko,batoru,aez,1,1,"COA8 全球总决赛小组赛.xlsx",67
8583,2025-04-14,COA8,brontal,yihua,libao,yangy,maom,2,,"COA8 全球总决赛小组赛.xlsx",68
8584,2025-04-14,COA8,ppei,kaeru,nameko,batoru,aez,1,1,"COA8 全球总决赛小组赛.xlsx",69
8585,2025-04-14,COA8,heshen,sasori,yuto,maeken,520,0,1,"COA8 全球总决赛小组赛.xlsx",70
8586,2025-04-14,COA8,hasha,ahd,shadow,kuga,miniblue,0,1,"COA8 全球总决赛小组赛.xlsx",71
8587,2025-04-14,COA8,miao,sasori,maeken,yuto,520,1,1,"COA8 全球总决赛小组赛.xlsx",72
8588,2025-04-14,COA8,hasha,ahd,shadow,miniblue,kuga,2,,"COA8 全球总决赛小组赛.xlsx",73
8589,2025-04-14,COA8,hasha,ahd,miniblue,kuga,shadow,3,0,"COA8 全球总决赛小组赛.xlsx",74
8590,2025-04-14,COA8,miao,sasori,yuto,maeken,520,2,,"COA8 全球总决赛小组赛.xlsx",75
8591,2025-04-14,COA8,peter,nn,ouo,ego,nana,0,1,"COA8 全球总决赛小组赛.xlsx",76
8592,2025-04-14,COA8,mz,shinami,dolisu,hametu,kznk,2,,"COA8 全球总决赛小组赛.xlsx",77
8593,2025-04-14,COA8,peter,nn,ouo,nana,ego,0,1,"COA8 全球总决赛小组赛.xlsx",78
8594,2025-04-14,COA8,mz,shinami,dolisu,hametu,kznk,4,0,"COA8 全球总决赛小组赛.xlsx",79
8595,2025-04-14,COA8,xawm,layz,fluff,juan,aqua,0,1,"COA8 全球总决赛小组赛.xlsx",80
8596,2025-04-14,COA8,pitstoper,kucao,tx,ppxia,18,2,,"COA8 全球总决赛小组赛.xlsx",81
8597,2025-04-14,COA8,xawm,layz,fluff,juan,aqua,0,1,"COA8 全球总决赛小组赛.xlsx",82
8598,2025-04-14,COA8,pitstoper,kucao,tx,18,ppxia,2,,"COA8 全球总决赛小组赛.xlsx",83
8599,2025-04-15,COA8,xc,xen,xy,gougou,eleven,3,0,"COA8 全球总决赛小组赛.xlsx",84
8600,2025-04-15,COA8,zz9,xiaod,loveleft,nanako,huac,1,1,"COA8 全球总决赛小组赛.xlsx",85
8601,2025-04-15,COA8,xc,xen,eleven,gougou,xy,3,0,"COA8 全球总决赛小组赛.xlsx",86
8602,2025-04-15,COA8,zz9,xiaod,loveleft,huac,nanako,1,1,"COA8 全球总决赛小组赛.xlsx",87
8603,2025-04-15,COA8,choai,panda,neru,yuki,pp,0,1,"COA8 全球总决赛小组赛.xlsx",88
8604,2025-04-15,COA8,hetian,jelly,xmx,487,dking,3,0,"COA8 全球总决赛小组赛.xlsx",89
8605,2025-04-15,COA8,choai,panda,neru,pp,yuki,0,1,"COA8 全球总决赛小组赛.xlsx",90
8606,2025-04-15,COA8,hetian,jelly,xmx,dking,487,2,,"COA8 全球总决赛小组赛.xlsx",91
8607,2025-04-15,COA8,yan,dahai,fox,zyan,clover,2,,"COA8 全球总决赛小组赛.xlsx",92
8608,2025-04-15,COA8,bailu,czai,nan,chen,silverzhi,1,1,"COA8 全球总决赛小组赛.xlsx",93
8609,2025-04-15,COA8,bailu,czai,nan,silverzhi,chen,2,,"COA8 全球总决赛小组赛.xlsx",94
8610,2025-04-15,COA8,yan,dahai,fox,zyan,clover,0,1,"COA8 全球总决赛小组赛.xlsx",95
8611,2025-04-15,COA8,siyu,czai,nan,chen,silverzhi,2,,"COA8 全球总决赛小组赛.xlsx",96
8612,2025-04-15,COA8,yan,dahai,fox,zyan,clover,3,0,"COA8 全球总决赛小组赛.xlsx",97
8613,2025-04-15,COA8,alex,ak,heart,ac,iron,0,1,"COA8 全球总决赛小组赛.xlsx",98
8614,2025-04-15,COA8,jin,huiyi,persica,guoker,huan,0,1,"COA8 全球总决赛小组赛.xlsx",99
8615,2025-04-15,COA8,jin,huiyi,guoker,huan,persica,0,1,"COA8 全球总决赛小组赛.xlsx",100
8616,2025-04-15,COA8,alex,ak,iron,ac,heart,1,1,"COA8 全球总决赛小组赛.xlsx",101
8617,2025-04-15,COA8,alex,ak,ac,heart,iron,3,0,"COA8 全球总决赛小组赛.xlsx",102
8618,2025-04-15,COA8,jin,huiyi,guoker,persica,huan,2,,"COA8 全球总决赛小组赛.xlsx",103
8619,2025-04-16,COA8,kakiri,kaeru,nameko,batoru,aez,0,1,"COA8 全球总决赛小组赛.xlsx",104
8620,2025-04-16,COA8,brontal,atto,nyan,takakou,tuna,2,,"COA8 全球总决赛小组赛.xlsx",105
8621,2025-04-16,COA8,brontal,atto,nyan,tuna,takakou,2,,"COA8 全球总决赛小组赛.xlsx",106
8622,2025-04-16,COA8,kakiri,kaeru,nameko,batoru,aez,0,1,"COA8 全球总决赛小组赛.xlsx",107
8623,2025-04-16,COA8,pitstoper,soba,raolie,kirye,city,2,,"COA8 全球总决赛小组赛.xlsx",108
8624,2025-04-16,COA8,aka,layz,juan,fluff,aqua,0,1,"COA8 全球总决赛小组赛.xlsx",109
8625,2025-04-16,COA8,pitstoper,soba,raolie,city,kirye,2,,"COA8 全球总决赛小组赛.xlsx",110
8626,2025-04-16,COA8,aka,layz,juan,fluff,aqua,0,1,"COA8 全球总决赛小组赛.xlsx",111
8627,2025-04-16,COA8,peter,zhengkai,pinpin,cy,huanxue,2,,"COA8 全球总决赛小组赛.xlsx",112
8628,2025-04-16,COA8,hajimi,shinami,dolisu,hametu,kznk,2,,"COA8 全球总决赛小组赛.xlsx",113
8629,2025-04-16,COA8,hajimi,shinami,dolisu,hametu,kznk,2,,"COA8 全球总决赛小组赛.xlsx",114
8630,2025-04-16,COA8,peter,zhengkai,pinpin,huanxue,cy,0,1,"COA8 全球总决赛小组赛.xlsx",115
8631,2025-04-16,COA8,hajimi,shinami,dolisu,kznk,hametu,2,,"COA8 全球总决赛小组赛.xlsx",116
8632,2025-04-16,COA8,mkmldy,pinpin,meimei,huanxue,cy,0,1,"COA8 全球总决赛小组赛.xlsx",117
8633,2025-04-16,COA8,hasha,schmiddy,yinl,rolend,green,1,1,"COA8 全球总决赛小组赛.xlsx",118
8634,2025-04-16,COA8,sprintzer,sasori,maeken,520,yuto,2,,"COA8 全球总决赛小组赛.xlsx",119
8635,2025-04-16,COA8,sprintzer,sasori,yuto,520,maeken,2,,"COA8 全球总决赛小组赛.xlsx",120
8636,2025-04-16,COA8,hasha,schmiddy,yinl,rolend,green,0,1,"COA8 全球总决赛小组赛.xlsx",121
8637,2025-04-17,COA8,ppei,dahai,fox,zyan,clover,0,1,"COA8 全球总决赛小组赛.xlsx",122
8638,2025-04-17,COA8,bailu,yihua,libao,maom,yangy,0,1,"COA8 全球总决赛小组赛.xlsx",123
8639,2025-04-17,COA8,bailu,yihua,yangy,maom,libao,2,,"COA8 全球总决赛小组赛.xlsx",124
8640,2025-04-17,COA8,ppei,dahai,fox,clover,zyan,1,1,"COA8 全球总决赛小组赛.xlsx",125
8641,2025-04-17,COA8,siyu,yihua,yangy,maom,libao,1,1,"COA8 全球总决赛小组赛.xlsx",126
8642,2025-04-17,COA8,ppei,dahai,zyan,fox,clover,2,,"COA8 全球总决赛小组赛.xlsx",127
8643,2025-04-17,COA8,hetian,kucao,tx,18,ppxia,2,,"COA8 全球总决赛小组赛.xlsx",128
8644,2025-04-17,COA8,xawm,panda,yuki,pp,neru,0,1,"COA8 全球总决赛小组赛.xlsx",129
8645,2025-04-17,COA8,xawm,panda,pp,neru,yuki,2,,"COA8 全球总决赛小组赛.xlsx",130
8646,2025-04-17,COA8,hetian,kucao,tx,ppxia,18,3,0,"COA8 全球总决赛小组赛.xlsx",131
8647,2025-04-17,COA8,mz,xiaod,nanako,huac,loveleft,4,0,"COA8 全球总决赛小组赛.xlsx",132
8648,2025-04-17,COA8,xc,nn,nana,ouo,ego,0,1,"COA8 全球总决赛小组赛.xlsx",133
8649,2025-04-17,COA8,xc,nn,ouo,nana,ego,0,1,"COA8 全球总决赛小组赛.xlsx",134
8650,2025-04-17,COA8,mz,xiaod,nanako,huac,loveleft,3,0,"COA8 全球总决赛小组赛.xlsx",135
8651,2025-04-17,COA8,heshen,iron,ac,heart,ak,2,,"COA8 全球总决赛小组赛.xlsx",136
8652,2025-04-17,COA8,jin,ahd,miniblue,kuga,shadow,0,1,"COA8 全球总决赛小组赛.xlsx",137
8653,2025-04-17,COA8,jin,ahd,kuga,miniblue,shadow,1,1,"COA8 全球总决赛小组赛.xlsx",138
8654,2025-04-17,COA8,miao,ac,ak,heart,iron,3,0,"COA8 全球总决赛小组赛.xlsx",139
8655,2025-04-18,COA8,kakiri,czai,nan,chen,silverzhi,2,,"COA8 全球总决赛小组赛.xlsx",140
8656,2025-04-18,COA8,yan,atto,nyan,takakou,tuna,2,,"COA8 全球总决赛小组赛.xlsx",141
8657,2025-04-18,COA8,yan,atto,nyan,takakou,tuna,1,1,"COA8 全球总决赛小组赛.xlsx",142
8658,2025-04-18,COA8,kakiri,czai,nan,chen,silverzhi,2,,"COA8 全球总决赛小组赛.xlsx",143
8659,2025-04-18,COA8,kakaka,czai,chen,silverzhi,nan,2,,"COA8 全球总决赛小组赛.xlsx",144
8660,2025-04-18,COA8,yan,atto,takakou,tuna,nyan,0,1,"COA8 全球总决赛小组赛.xlsx",145
8661,2025-04-18,COA8,sprintzer,huiyi,guoker,persica,huan,1,1,"COA8 全球总决赛小组赛.xlsx",146
8662,2025-04-18,COA8,alex,schmiddy,green,yinl,rolend,1,1,"COA8 全球总决赛小组赛.xlsx",147
8663,2025-04-18,COA8,alex,schmiddy,green,rolend,yinl,0,1,"COA8 全球总决赛小组赛.xlsx",148
8664,2025-04-18,COA8,sprintzer,huiyi,guoker,persica,huan,1,1,"COA8 全球总决赛小组赛.xlsx",149
8665,2025-04-18,COA8,sprintzer,huiyi,persica,huan,guoker,1,1,"COA8 全球总决赛小组赛.xlsx",150
8666,2025-04-18,COA8,alex,schmiddy,green,rolend,yinl,0,1,"COA8 全球总决赛小组赛.xlsx",151
8667,2025-04-18,COA8,hajimi,xen,eleven,xy,gougou,2,,"COA8 全球总决赛小组赛.xlsx",152
8668,2025-04-18,COA8,zz9,zhengkai,pinpin,huanxue,cy,1,1,"COA8 全球总决赛小组赛.xlsx",153
8669,2025-04-18,COA8,zz9,zhengkai,huanxue,pinpin,cy,0,1,"COA8 全球总决赛小组赛.xlsx",154
8670,2025-04-18,COA8,hajimi,xen,eleven,gougou,xy,0,1,"COA8 全球总决赛小组赛.xlsx",155
8671,2025-04-18,COA8,zz9,zhengkai,huanxue,pinpin,cy,3,0,"COA8 全球总决赛小组赛.xlsx",156
8672,2025-04-18,COA8,hajimi,xen,eleven,gougou,xy,2,,"COA8 全球总决赛小组赛.xlsx",157
8673,2025-04-18,COA8,hajimi,xen,eleven,gougou,xy,2,,"COA8 全球总决赛小组赛.xlsx",158
8674,2025-04-18,COA8,zz9,zhengkai,pinpin,cy,huanxue,2,,"COA8 全球总决赛小组赛.xlsx",159
8675,2025-04-18,COA8,choai,soba,kirye,raolie,city,0,1,"COA8 全球总决赛小组赛.xlsx",160
8676,2025-04-18,COA8,aka,jelly,xmx,dking,487,2,,"COA8 全球总决赛小组赛.xlsx",161
8677,2025-04-18,COA8,choai,soba,city,kirye,raolie,0,1,"COA8 全球总决赛小组赛.xlsx",162
8678,2025-04-18,COA8,aka,jelly,487,xmx,dking,2,,"COA8 全球总决赛小组赛.xlsx",163
8679,2025-04-19,COA8,peter,xiaod,loveleft,huac,nanako,0,1,"COA8 全球总决赛小组赛.xlsx",164
8680,2025-04-19,COA8,xc,shinami,dolisu,hametu,kznk,0,1,"COA8 全球总决赛小组赛.xlsx",165
8681,2025-04-19,COA8,peter,xiaod,loveleft,nanako,huac,2,,"COA8 全球总决赛小组赛.xlsx",166
8682,2025-04-19,COA8,xc,shinami,dolisu,hametu,kznk,2,,"COA8 全球总决赛小组赛.xlsx",167
8683,2025-04-19,COA8,mkmldy,xiaod,loveleft,nanako,huac,2,,"COA8 全球总决赛小组赛.xlsx",168
8684,2025-04-19,COA8,xc,shinami,dolisu,hametu,kznk,2,,"COA8 全球总决赛小组赛.xlsx",169
8685,2025-04-19,COA8,xc,shinami,dolisu,hametu,kznk,2,,"COA8 全球总决赛小组赛.xlsx",170
8686,2025-04-19,COA8,mkmldy,xiaod,huac,loveleft,nanako,2,,"COA8 全球总决赛小组赛.xlsx",171
8687,2025-04-19,COA8,pitstoper,panda,neru,pp,yuki,2,,"COA8 全球总决赛小组赛.xlsx",172
8688,2025-04-19,COA8,hetian,layz,juan,fluff,aqua,0,1,"COA8 全球总决赛小组赛.xlsx",173
8689,2025-04-19,COA8,hetian,layz,juan,fluff,aqua,2,,"COA8 全球总决赛小组赛.xlsx",174
8690,2025-04-19,COA8,pitstoper,panda,yuki,pp,neru,4,0,"COA8 全球总决赛小组赛.xlsx",175
8691,2025-04-19,COA8,brontal,dahai,clover,fox,zyan,2,,"COA8 全球总决赛小组赛.xlsx",176
8692,2025-04-19,COA8,bailu,kaeru,nameko,aez,batoru,0,1,"COA8 全球总决赛小组赛.xlsx",177
8693,2025-04-19,COA8,brontal,dahai,zyan,clover,fox,2,,"COA8 全球总决赛小组赛.xlsx",178
8694,2025-04-19,COA8,bailu,kaeru,nameko,batoru,aez,2,,"COA8 全球总决赛小组赛.xlsx",179
8695,2025-04-19,COA8,yukakina,dahai,fox,zyan,beilu,0,1,"COA8 全球总决赛小组赛.xlsx",180
8696,2025-04-19,COA8,siyu,kaeru,aez,batoru,nameko,4,0,"COA8 全球总决赛小组赛.xlsx",181
8697,2025-04-19,COA8,hasha,ak,heart,ac,iron,3,0,"COA8 全球总决赛小组赛.xlsx",182
8698,2025-04-19,COA8,jin,sasori,520,maeken,yuto,0,1,"COA8 全球总决赛小组赛.xlsx",183
8699,2025-04-19,COA8,jin,sasori,maeken,yuto,520,0,1,"COA8 全球总决赛小组赛.xlsx",184
8700,2025-04-19,COA8,hasha,ak,iron,ac,heart,4,0,"COA8 全球总决赛小组赛.xlsx",185
8701,2025-04-20,COA8,yan,yihua,yangy,libao,maom,2,,"COA8 全球总决赛小组赛.xlsx",186
8702,2025-04-20,COA8,ppei,czai,nan,silverzhi,chen,2,,"COA8 全球总决赛小组赛.xlsx",187
8703,2025-04-20,COA8,yan,yihua,libao,yangy,maom,2,,"COA8 全球总决赛小组赛.xlsx",188
8704,2025-04-20,COA8,ppei,czai,nan,chen,silverzhi,2,,"COA8 全球总决赛小组赛.xlsx",189
8705,2025-04-20,COA8,yan,yihua,maom,yangy,libao,2,,"COA8 全球总决赛小组赛.xlsx",190
8706,2025-04-20,COA8,ppei,czai,nan,silverzhi,chen,1,1,"COA8 全球总决赛小组赛.xlsx",191
8707,2025-04-20,COA8,heshen,huiyi,guoker,persica,huan,2,,"COA8 全球总决赛小组赛.xlsx",192
8708,2025-04-20,COA8,alex,ahd,shadow,miniblue,kuga,0,1,"COA8 全球总决赛小组赛.xlsx",193
8709,2025-04-20,COA8,alex,ahd,kuga,shadow,miniblue,2,,"COA8 全球总决赛小组赛.xlsx",194
8710,2025-04-20,COA8,heshen,huiyi,guoker,huan,persica,3,0,"COA8 全球总决赛小组赛.xlsx",195
8711,2025-04-20,COA8,zz9,nn,nana,ouo,ego,0,1,"COA8 全球总决赛小组赛.xlsx",196
8712,2025-04-20,COA8,"出门",xen,eleven,xy,gougou,3,0,"COA8 全球总决赛小组赛.xlsx",197
8713,2025-04-20,COA8,mz,xen,gougou,eleven,xy,3,0,"COA8 全球总决赛小组赛.xlsx",198
8714,2025-04-20,COA8,zz9,nn,ouo,nana,ego,0,1,"COA8 全球总决赛小组赛.xlsx",199
8715,2025-04-20,COA8,xawm,jelly,487,xmx,dking,2,,"COA8 全球总决赛小组赛.xlsx",200
8716,2025-04-20,COA8,choai,kucao,tx,18,ppxia,0,1,"COA8 全球总决赛小组赛.xlsx",201
8717,2025-04-20,COA8,xawm,jelly,xmx,dking,487,0,1,"COA8 全球总决赛小组赛.xlsx",202
8718,2025-04-20,COA8,choai,kucao,tx,ppxia,18,1,1,"COA8 全球总决赛小组赛.xlsx",203
8719,2025-04-20,COA8,xawm,jelly,dking,487,xmx,3,0,"COA8 全球总决赛小组赛.xlsx",204
8720,2025-04-20,COA8,choai,kucao,tx,ppxia,18,1,1,"COA8 全球总决赛小组赛.xlsx",205
8721,2025-05-01,COA8,alex,soba,monop,raolie,city,1,1,"COA8 全球总决赛淘汰赛.xlsx",0
8722,2025-05-01,COA8,aka,huiyi,lconfid,guoker,persica,1,1,"COA8 全球总决赛淘汰赛.xlsx",1
8723,2025-05-01,COA8,alex,soba,monop,raolie,city,1,1,"COA8 全球总决赛淘汰赛.xlsx",2
8724,2025-05-01,COA8,aka,huiyi,lconfid,persica,guoker,3,0,"COA8 全球总决赛淘汰赛.xlsx",3
8725,2025-05-01,COA8,aka,huiyi,guoker,persica,lconfid,1,1,"COA8 全球总决赛淘汰赛.xlsx",4
8726,2025-05-01,COA8,alex,soba,raolie,monop,city,1,1,"COA8 全球总决赛淘汰赛.xlsx",5
8727,2025-05-01,COA8,zz9,dahai,clover,fox,zyan,0,1,"COA8 全球总决赛淘汰赛.xlsx",6
8728,2025-05-01,COA8,bailu,xy,eleven,xen,gougou,1,1,"COA8 全球总决赛淘汰赛.xlsx",7
8729,2025-05-01,COA8,bailu,xen,eleven,gougou,xy,2,,"COA8 全球总决赛淘汰赛.xlsx",8
8730,2025-05-01,COA8,zz9,dahai,fox,clover,zyan,0,1,"COA8 全球总决赛淘汰赛.xlsx",9
8731,2025-05-01,COA8,xawm,xiaod,loveleft,huac,nanako,1,1,"COA8 全球总决赛淘汰赛.xlsx",10
8732,2025-05-01,COA8,xc,kucao,tx,18,ppxia,3,0,"COA8 全球总决赛淘汰赛.xlsx",11
8733,2025-05-01,COA8,xc,kucao,18,tx,ppxia,3,0,"COA8 全球总决赛淘汰赛.xlsx",12
8734,2025-05-01,COA8,xawm,xiaod,loveleft,huac,nanako,1,1,"COA8 全球总决赛淘汰赛.xlsx",13
8735,2025-05-01,COA8,heshen,yihua,libao,maom,yangy,2,,"COA8 全球总决赛淘汰赛.xlsx",14
8736,2025-05-01,COA8,ppei,ahd,miniblue,kuga,shadow,0,1,"COA8 全球总决赛淘汰赛.xlsx",15
8737,2025-05-01,COA8,ppei,ahd,shadow,miniblue,kuga,0,1,"COA8 全球总决赛淘汰赛.xlsx",16
8738,2025-05-01,COA8,miao,yihua,yangy,libao,maom,3,0,"COA8 全球总决赛淘汰赛.xlsx",17
8739,2025-05-02,COA8,alex,nyan,atto,takakou,tuna,1,1,"COA8 全球总决赛淘汰赛.xlsx",18
8740,2025-05-02,COA8,kakiri,huiyi,persica,lconfid,guoker,0,1,"COA8 全球总决赛淘汰赛.xlsx",19
8741,2025-05-02,COA8,kakiri,huiyi,guoker,persica,lconfid,1,1,"COA8 全球总决赛淘汰赛.xlsx",20
8742,2025-05-02,COA8,alex,atto,nyan,takakou,tuna,1,1,"COA8 全球总决赛淘汰赛.xlsx",21
8743,2025-05-02,COA8,alex,atto,nyan,takakou,tuna,2,,"COA8 全球总决赛淘汰赛.xlsx",22
8744,2025-05-02,COA8,kakiri,huiyi,guoker,persica,lconfid,0,1,"COA8 全球总决赛淘汰赛.xlsx",23
8745,2025-05-02,COA8,choai,xen,xy,eleven,gougou,1,1,"COA8 全球总决赛淘汰赛.xlsx",24
8746,2025-05-02,COA8,zz9,jelly,dking,xmx,487,1,1,"COA8 全球总决赛淘汰赛.xlsx",25
8747,2025-05-02,COA8,zz9,jelly,xmx,dking,487,3,0,"COA8 全球总决赛淘汰赛.xlsx",26
8748,2025-05-02,COA8,choai,xen,eleven,gougou,xy,1,1,"COA8 全球总决赛淘汰赛.xlsx",27
8749,2025-05-02,COA8,choai,xen,eleven,gougou,xy,0,1,"COA8 全球总决赛淘汰赛.xlsx",28
8750,2025-05-02,COA8,xawm,ak,heart,iron,ac,3,0,"COA8 全球总决赛淘汰赛.xlsx",29
8751,2025-05-02,COA8,jin,kucao,18,tx,ppxia,2,,"COA8 全球总决赛淘汰赛.xlsx",30
8752,2025-05-02,COA8,jin,kucao,18,tx,ppxia,2,,"COA8 全球总决赛淘汰赛.xlsx",31
8753,2025-05-02,COA8,xawm,ak,iron,heart,ac,0,1,"COA8 全球总决赛淘汰赛.xlsx",32
8754,2025-05-02,COA8,xawm,ak,iron,heart,ac,2,,"COA8 全球总决赛淘汰赛.xlsx",33
8755,2025-05-02,COA8,jin,kucao,tx,ppxia,18,3,0,"COA8 全球总决赛淘汰赛.xlsx",34
8756,2025-05-02,COA8,peter,yangy,libao,yihua,maom,1,1,"COA8 全球总决赛淘汰赛.xlsx",35
8757,2025-05-02,COA8,ppei,hametu,kznk,shinami,dolisu,2,,"COA8 全球总决赛淘汰赛.xlsx",36
8758,2025-05-02,COA8,peter,yangy,libao,yihua,maom,0,1,"COA8 全球总决赛淘汰赛.xlsx",37
8759,2025-05-02,COA8,ppei,hametu,kznk,shinami,dolisu,1,1,"COA8 全球总决赛淘汰赛.xlsx",38
8760,2025-05-03,COA8,kakiri,jelly,dking,487,xmx,1,1,"COA8 全球总决赛淘汰赛.xlsx",39
8761,2025-05-03,COA8,choai,atto,takakou,nyan,tuna,1,1,"COA8 全球总决赛淘汰赛.xlsx",40
8762,2025-05-03,COA8,kakiri,jelly,487,xmx,dking,3,0,"COA8 全球总决赛淘汰赛.xlsx",41
8763,2025-05-03,COA8,choai,atto,takakou,nyan,tuna,0,1,"COA8 全球总决赛淘汰赛.xlsx",42
8764,2025-05-03,COA8,kakiri,jelly,xmx,dking,487,3,0,"COA8 全球总决赛淘汰赛.xlsx",43
8765,2025-05-03,COA8,choai,atto,takakou,nyan,tuna,0,1,"COA8 全球总决赛淘汰赛.xlsx",44
8766,2025-05-03,COA8,kakaka,jelly,xmx,487,dking,2,,"COA8 全球总决赛淘汰赛.xlsx",45
8767,2025-05-03,COA8,choai,atto,takakou,nyan,tuna,0,1,"COA8 全球总决赛淘汰赛.xlsx",46
8768,2025-05-03,COA8,peter,kucao,18,tx,ppxia,2,,"COA8 全球总决赛淘汰赛.xlsx",47
8769,2025-05-03,COA8,xawm,shinami,dolisu,hametu,kznk,2,,"COA8 全球总决赛淘汰赛.xlsx",48
8770,2025-05-03,COA8,peter,kucao,tx,18,ppxia,2,,"COA8 全球总决赛淘汰赛.xlsx",49
8771,2025-05-03,COA8,xawm,shinami,dolisu,hametu,kznk,2,,"COA8 全球总决赛淘汰赛.xlsx",50
8772,2025-05-03,COA8,xawm,shinami,dolisu,hametu,kznk,1,1,"COA8 全球总决赛淘汰赛.xlsx",51
8773,2025-05-03,COA8,mkmldy,kucao,tx,18,ppxia,1,1,"COA8 全球总决赛淘汰赛.xlsx",52
8774,2025-05-03,COA8,mkmldy,kucao,tx,ppxia,18,0,1,"COA8 全球总决赛淘汰赛.xlsx",53
8775,2025-05-03,COA8,xawm,shinami,dolisu,hametu,kznk,2,,"COA8 全球总决赛淘汰赛.xlsx",54
8776,2025-05-03,COA8,xawm,shinami,dolisu,hametu,kznk,3,0,"COA8 全球总决赛淘汰赛.xlsx",55
8777,2025-05-04,COA8,xawm,atto,takakou,nyan,tuna,1,1,"COA8 全球总决赛淘汰赛.xlsx",56
8778,2025-05-04,COA8,kakiri,kucao,18,tx,ppxia,2,,"COA8 全球总决赛淘汰赛.xlsx",57
8779,2025-05-04,COA8,xawm,atto,nyan,takakou,tuna,1,1,"COA8 全球总决赛淘汰赛.xlsx",58
8780,2025-05-04,COA8,kakiri,kucao,18,tx,ppxia,2,,"COA8 全球总决赛淘汰赛.xlsx",59
8781,2025-05-04,COA8,xawm,atto,nyan,takakou,tuna,2,,"COA8 全球总决赛淘汰赛.xlsx",60
8782,2025-05-04,COA8,kakaka,kucao,18,tx,ppxia,1,1,"COA8 全球总决赛淘汰赛.xlsx",61
8783,2025-05-04,COA8,xawm,atto,takakou,nyan,tuna,3,0,"COA8 全球总决赛淘汰赛.xlsx",62
8784,2025-05-04,COA8,kakaka,kucao,tx,18,ppxia,2,,"COA8 全球总决赛淘汰赛.xlsx",63
8785,2025-05-04,COA8,xawm,atto,nyan,takakou,tuna,3,0,"COA8 全球总决赛淘汰赛.xlsx",64
8786,2025-05-04,COA8,kakaka,kucao,tx,18,ppxia,2,,"COA8 全球总决赛淘汰赛.xlsx",65
8787,2025-05-04,COA8,peter,jelly,xmx,487,dking,0,1,"COA8 全球总决赛淘汰赛.xlsx",66
8788,2025-05-04,COA8,choai,shinami,dolisu,hametu,kznk,1,1,"COA8 全球总决赛淘汰赛.xlsx",67
8789,2025-05-04,COA8,peter,jelly,xmx,487,dking,0,1,"COA8 全球总决赛淘汰赛.xlsx",68
8790,2025-05-04,COA8,choai,shinami,dolisu,hametu,kznk,2,,"COA8 全球总决赛淘汰赛.xlsx",69
8791,2025-05-04,COA8,mkmldy,jelly,xmx,487,dking,1,1,"COA8 全球总决赛淘汰赛.xlsx",70
8792,2025-05-04,COA8,choai,shinami,dolisu,hametu,kznk,3,0,"COA8 全球总决赛淘汰赛.xlsx",71
8793,2026-04-10,COA9,mzk,guoker,huiyi,koting,persica,0,1,"COA9 全球总决赛小组赛.xlsx",0
8794,2026-04-10,COA9,n1e,appai,felix,riz,vani,0,1,"COA9 全球总决赛小组赛.xlsx",1
8795,2026-04-10,COA9,n1e,appai,felix,riz,vani,2,,"COA9 全球总决赛小组赛.xlsx",2
8796,2026-04-10,COA9,yami,guoker,huiyi,koting,persica,3,0,"COA9 全球总决赛小组赛.xlsx",3
8797,2026-04-10,COA9,n1e,appai,felix,riz,vani,0,1,"COA9 全球总决赛小组赛.xlsx",4
8798,2026-04-10,COA9,yami,guoker,huiyi,koting,persica,0,1,"COA9 全球总决赛小组赛.xlsx",5
8799,2026-04-10,COA9,yuzuponn,huac,nanako,xiaod,xiaox,3,0,"COA9 全球总决赛小组赛.xlsx",6
8800,2026-04-10,COA9,bailu,babytop,six,lightning,jiala,0,1,"COA9 全球总决赛小组赛.xlsx",7
8801,2026-04-10,COA9,bailu,babytop,six,lightning,jiala,0,1,"COA9 全球总决赛小组赛.xlsx",8
8802,2026-04-10,COA9,yuzuponn,huac,nanako,xiaod,xiaox,3,0,"COA9 全球总决赛小组赛.xlsx",9
8803,2026-04-10,COA9,pit,nary,phr,saber,sol,1,1,"COA9 全球总决赛小组赛.xlsx",10
8804,2026-04-10,COA9,trap,juan,kb,paulblems,ppm,1,1,"COA9 全球总决赛小组赛.xlsx",11
8805,2026-04-10,COA9,granny,juan,kb,paulblems,ppm,3,0,"COA9 全球总决赛小组赛.xlsx",12
8806,2026-04-10,COA9,pit,nary,phr,saber,sol,0,1,"COA9 全球总决赛小组赛.xlsx",13
8807,2026-04-10,COA9,pit,nary,phr,saber,sol,0,1,"COA9 全球总决赛小组赛.xlsx",14
8808,2026-04-10,COA9,vuiton,juan,kb,paulblems,ppm,2,,"COA9 全球总决赛小组赛.xlsx",15
8809,2026-04-10,COA9,qiu,atto,nyan,takakou,monop,1,1,"COA9 全球总决赛小组赛.xlsx",16
8810,2026-04-10,COA9,kakiri,18,kucao,ppxia,bye,3,0,"COA9 全球总决赛小组赛.xlsx",17
8811,2026-04-10,COA9,xawm,atto,nyan,takakou,monop,2,,"COA9 全球总决赛小组赛.xlsx",18
8812,2026-04-10,COA9,kakiri,18,kucao,ppxia,bye,0,1,"COA9 全球总决赛小组赛.xlsx",19
8813,2026-04-10,COA9,xawm,atto,nyan,takakou,monop,2,,"COA9 全球总决赛小组赛.xlsx",20
8814,2026-04-10,COA9,kakiri,18,kucao,ppxia,ppz,1,1,"COA9 全球总决赛小组赛.xlsx",21
8815,2026-04-11,COA9,jin,clover,xingchen,lingyun,ycl,0,1,"COA9 全球总决赛小组赛.xlsx",22
8816,2026-04-11,COA9,yum,ac,ak,citie,ziro,2,,"COA9 全球总决赛小组赛.xlsx",23
8817,2026-04-11,COA9,jin,clover,xingchen,lingyun,ycl,1,1,"COA9 全球总决赛小组赛.xlsx",24
8818,2026-04-11,COA9,yum,ac,ak,citie,ziro,1,1,"COA9 全球总决赛小组赛.xlsx",25
8819,2026-04-11,COA9,yum,ac,ak,citie,ziro,2,,"COA9 全球总决赛小组赛.xlsx",26
8820,2026-04-11,COA9,jin,clover,xingchen,lingyun,ycl,0,1,"COA9 全球总决赛小组赛.xlsx",27
8821,2026-04-11,COA9,aka,jokra,mia02,yuki,pp,0,1,"COA9 全球总决赛小组赛.xlsx",28
8822,2026-04-11,COA9,heshen,city,fuku,soba,unpyi,2,,"COA9 全球总决赛小组赛.xlsx",29
8823,2026-04-11,COA9,heshen,city,fuku,soba,unpyi,3,0,"COA9 全球总决赛小组赛.xlsx",30
8824,2026-04-11,COA9,aka,jokra,mia02,yuki,pp,2,,"COA9 全球总决赛小组赛.xlsx",31
8825,2026-04-11,COA9,kurai,dolisu,hametu,kznk,shinami,2,,"COA9 全球总决赛小组赛.xlsx",32
8826,2026-04-11,COA9,peter,allen,coo1,cute,zyuan,1,1,"COA9 全球总决赛小组赛.xlsx",33
8827,2026-04-11,COA9,peter,allen,coo1,cute,zyuan,0,1,"COA9 全球总决赛小组赛.xlsx",34
8828,2026-04-11,COA9,kurai,dolisu,hametu,kznk,shinami,2,,"COA9 全球总决赛小组赛.xlsx",35
8829,2026-04-11,COA9,zz9,lin,sans,yuan,stian,2,,"COA9 全球总决赛小组赛.xlsx",36
8830,2026-04-11,COA9,dongx,eleven,xy,xen,xmiao5,1,1,"COA9 全球总决赛小组赛.xlsx",37
8831,2026-04-11,COA9,dongx,eleven,xy,xen,xmiao5,2,,"COA9 全球总决赛小组赛.xlsx",38
8832,2026-04-11,COA9,zz9,lin,sans,yuan,stian,2,,"COA9 全球总决赛小组赛.xlsx",39
8833,2026-04-11,COA9,dongx,eleven,xy,xen,xmiao5,3,0,"COA9 全球总决赛小组赛.xlsx",40
8834,2026-04-11,COA9,zz9,lin,sans,yuan,stian,2,,"COA9 全球总决赛小组赛.xlsx",41
8835,2026-04-11,COA9,dongx,eleven,xy,xen,xmiao5,0,1,"COA9 全球总决赛小组赛.xlsx",42
8836,2026-04-11,COA9,zz9,lin,sans,yuan,stian,2,,"COA9 全球总决赛小组赛.xlsx",43
8837,2026-04-12,COA9,mzk,drop,libao,maom,lconfid,3,0,"COA9 全球总决赛小组赛.xlsx",44
8838,2026-04-12,COA9,ppei,appai,felix,riz,vani,0,1,"COA9 全球总决赛小组赛.xlsx",45
8839,2026-04-12,COA9,ppei,appai,felix,riz,vani,0,1,"COA9 全球总决赛小组赛.xlsx",46
8840,2026-04-12,COA9,yami,drop,libao,maom,lconfid,0,1,"COA9 全球总决赛小组赛.xlsx",47
8841,2026-04-12,COA9,ppei,appai,felix,riz,vani,0,1,"COA9 全球总决赛小组赛.xlsx",48
8842,2026-04-12,COA9,yami,drop,libao,maom,lconfid,3,0,"COA9 全球总决赛小组赛.xlsx",49
8843,2026-04-12,COA9,sprintzer,babytop,six,lightning,jiala,1,1,"COA9 全球总决赛小组赛.xlsx",50
8844,2026-04-12,COA9,yuzuponn,green,lyan,rolend,schmiddy,2,,"COA9 全球总决赛小组赛.xlsx",51
8845,2026-04-12,COA9,sprintzer,babytop,six,lightning,jiala,2,,"COA9 全球总决赛小组赛.xlsx",52
8846,2026-04-12,COA9,yuzuponn,green,lyan,rolend,schmiddy,2,,"COA9 全球总决赛小组赛.xlsx",53
8847,2026-04-12,COA9,sprintzer,babytop,six,lightning,jiala,0,1,"COA9 全球总决赛小组赛.xlsx",54
8848,2026-04-12,COA9,yuzuponn,green,lyan,rolend,schmiddy,2,,"COA9 全球总决赛小组赛.xlsx",55
8849,2026-04-12,COA9,pipicha,nary,phr,saber,sol,0,1,"COA9 全球总决赛小组赛.xlsx",56
8850,2026-04-12,COA9,trap,kat,katsuki,maeken,moririn,1,1,"COA9 全球总决赛小组赛.xlsx",57
8851,2026-04-12,COA9,hasha,nary,phr,saber,sol,0,1,"COA9 全球总决赛小组赛.xlsx",58
8852,2026-04-12,COA9,vuiton,kat,katsuki,maeken,moririn,3,0,"COA9 全球总决赛小组赛.xlsx",59
8853,2026-04-12,COA9,choai,atto,nyan,takakou,monop,2,,"COA9 全球总决赛小组赛.xlsx",60
8854,2026-04-12,COA9,kakiri,jelly,xmx,tian,lemon,2,,"COA9 全球总决赛小组赛.xlsx",61
8855,2026-04-12,COA9,choai,atto,nyan,takakou,monop,1,1,"COA9 全球总决赛小组赛.xlsx",62
8856,2026-04-12,COA9,kakiri,jelly,xmx,tian,lemon,2,,"COA9 全球总决赛小组赛.xlsx",63
8857,2026-04-12,COA9,kakiri,jelly,xmx,tian,lemon,1,1,"COA9 全球总决赛小组赛.xlsx",64
8858,2026-04-12,COA9,choai,atto,nyan,takakou,monop,2,,"COA9 全球总决赛小组赛.xlsx",65
8859,2026-04-12,COA9,kakaka,jelly,xmx,tian,lemon,2,,"COA9 全球总决赛小组赛.xlsx",66
8860,2026-04-12,COA9,choai,atto,nyan,takakou,monop,2,,"COA9 全球总决赛小组赛.xlsx",67
8861,2026-04-13,COA9,n1e,jokra,mia02,yuki,pp,0,1,"COA9 全球总决赛小组赛.xlsx",68
8862,2026-04-13,COA9,heshen,guoker,huiyi,koting,persica,2,,"COA9 全球总决赛小组赛.xlsx",69
8863,2026-04-13,COA9,n1e,jokra,mia02,yuki,pp,1,1,"COA9 全球总决赛小组赛.xlsx",70
8864,2026-04-13,COA9,heshen,guoker,huiyi,koting,persica,2,,"COA9 全球总决赛小组赛.xlsx",71
8865,2026-04-13,COA9,kurai,huac,nanako,xiaod,xiaox,1,1,"COA9 全球总决赛小组赛.xlsx",72
8866,2026-04-13,COA9,bailu,allen,coo1,cute,zyuan,0,1,"COA9 全球总决赛小组赛.xlsx",73
8867,2026-04-13,COA9,kurai,huac,nanako,xiaod,xiaox,3,0,"COA9 全球总决赛小组赛.xlsx",74
8868,2026-04-13,COA9,bailu,allen,coo1,cute,zyuan,0,1,"COA9 全球总决赛小组赛.xlsx",75
8869,2026-04-13,COA9,dongx,juan,kb,paulblems,ppm,0,1,"COA9 全球总决赛小组赛.xlsx",76
8870,2026-04-13,COA9,pit,lin,sans,yuan,stian,3,0,"COA9 全球总决赛小组赛.xlsx",77
8871,2026-04-13,COA9,dongx,juan,kb,paulblems,ppm,1,1,"COA9 全球总决赛小组赛.xlsx",78
8872,2026-04-13,COA9,pit,lin,sans,yuan,stian,2,,"COA9 全球总决赛小组赛.xlsx",79
8873,2026-04-13,COA9,qiu,clover,xingchen,lingyun,ycl,0,1,"COA9 全球总决赛小组赛.xlsx",80
8874,2026-04-13,COA9,yum,18,kucao,ppxia,bye,1,1,"COA9 全球总决赛小组赛.xlsx",81
8875,2026-04-13,COA9,xawm,clover,xingchen,lingyun,ycl,3,0,"COA9 全球总决赛小组赛.xlsx",82
8876,2026-04-13,COA9,yum,18,kucao,ppxia,bye,0,1,"COA9 全球总决赛小组赛.xlsx",83
8877,2026-04-13,COA9,xawm,clover,xingchen,lingyun,ycl,2,,"COA9 全球总决赛小组赛.xlsx",84
8878,2026-04-13,COA9,yum,18,kucao,ppxia,ppz,1,1,"COA9 全球总决赛小组赛.xlsx",85
8879,2026-04-14,COA9,zz9,kat,katsuki,maeken,moririn,0,1,"COA9 全球总决赛小组赛.xlsx",86
8880,2026-04-14,COA9,pipicha,eleven,xy,xen,xmiao5,2,,"COA9 全球总决赛小组赛.xlsx",87
8881,2026-04-14,COA9,hasha,eleven,xy,xen,xmiao5,2,,"COA9 全球总决赛小组赛.xlsx",88
8882,2026-04-14,COA9,zz9,kat,katsuki,maeken,moririn,3,0,"COA9 全球总决赛小组赛.xlsx",89
8883,2026-04-14,COA9,hasha,eleven,xy,xen,xmiao5,1,1,"COA9 全球总决赛小组赛.xlsx",90
8884,2026-04-14,COA9,zz9,kat,katsuki,maeken,moririn,3,0,"COA9 全球总决赛小组赛.xlsx",91
8885,2026-04-14,COA9,choai,ac,ak,citie,ziro,1,1,"COA9 全球总决赛小组赛.xlsx",92
8886,2026-04-14,COA9,jin,jelly,xmx,tian,lemon,2,,"COA9 全球总决赛小组赛.xlsx",93
8887,2026-04-14,COA9,choai,ac,ak,citie,ziro,2,,"COA9 全球总决赛小组赛.xlsx",94
8888,2026-04-14,COA9,jin,jelly,xmx,tian,lemon,0,1,"COA9 全球总决赛小组赛.xlsx",95
8889,2026-04-14,COA9,choai,ac,ak,citie,ziro,3,0,"COA9 全球总决赛小组赛.xlsx",96
8890,2026-04-14,COA9,jin,jelly,xmx,tian,lemon,2,,"COA9 全球总决赛小组赛.xlsx",97
8891,2026-04-14,COA9,aka,drop,libao,maom,lconfid,0,1,"COA9 全球总决赛小组赛.xlsx",98
8892,2026-04-14,COA9,ppei,city,fuku,soba,unpyi,2,,"COA9 全球总决赛小组赛.xlsx",99
8893,2026-04-14,COA9,ppei,city,fuku,soba,unpyi,3,0,"COA9 全球总决赛小组赛.xlsx",100
8894,2026-04-14,COA9,aka,drop,libao,maom,lconfid,1,1,"COA9 全球总决赛小组赛.xlsx",101
8895,2026-04-14,COA9,peter,green,lyan,rolend,schmiddy,1,1,"COA9 全球总决赛小组赛.xlsx",102
8896,2026-04-14,COA9,sprintzer,dolisu,hametu,kznk,shinami,2,,"COA9 全球总决赛小组赛.xlsx",103
8897,2026-04-14,COA9,sprintzer,dolisu,hametu,kznk,shinami,1,1,"COA9 全球总决赛小组赛.xlsx",104
8898,2026-04-14,COA9,peter,green,lyan,rolend,schmiddy,1,1,"COA9 全球总决赛小组赛.xlsx",105
8899,2026-04-14,COA9,peter,green,lyan,rolend,schmiddy,1,1,"COA9 全球总决赛小组赛.xlsx",106
8900,2026-04-14,COA9,sprintzer,dolisu,hametu,kznk,shinami,1,1,"COA9 全球总决赛小组赛.xlsx",107
8901,2026-04-15,COA9,heshen,appai,felix,riz,vani,0,1,"COA9 全球总决赛小组赛.xlsx",108
8902,2026-04-15,COA9,mzk,zz,mia02,yuki,pp,0,1,"COA9 全球总决赛小组赛.xlsx",109
8903,2026-04-15,COA9,heshen,appai,felix,riz,vani,0,1,"COA9 全球总决赛小组赛.xlsx",110
8904,2026-04-15,COA9,yami,zz,mia02,yuki,pp,0,1,"COA9 全球总决赛小组赛.xlsx",111
8905,2026-04-15,COA9,heshen,appai,felix,riz,vani,2,,"COA9 全球总决赛小组赛.xlsx",112
8906,2026-04-15,COA9,yami,jokra,mia02,yuki,pp,2,,"COA9 全球总决赛小组赛.xlsx",113
8907,2026-04-15,COA9,heshen,appai,felix,riz,vani,2,,"COA9 全球总决赛小组赛.xlsx",114
8908,2026-04-15,COA9,yami,jokra,mia02,yuki,pp,2,,"COA9 全球总决赛小组赛.xlsx",115
8909,2026-04-15,COA9,yuzuponn,allen,coo1,cute,zyuan,1,1,"COA9 全球总决赛小组赛.xlsx",116
8910,2026-04-15,COA9,kurai,babytop,six,lightning,jiala,0,1,"COA9 全球总决赛小组赛.xlsx",117
8911,2026-04-15,COA9,yuzuponn,allen,coo1,cute,zyuan,2,,"COA9 全球总决赛小组赛.xlsx",118
8912,2026-04-15,COA9,kurai,babytop,six,lightning,jiala,0,1,"COA9 全球总决赛小组赛.xlsx",119
8913,2026-04-15,COA9,trap,lin,sans,yuan,stian,4,0,"COA9 全球总决赛小组赛.xlsx",120
8914,2026-04-15,COA9,dongx,nary,phr,saber,sol,0,1,"COA9 全球总决赛小组赛.xlsx",121
8915,2026-04-15,COA9,granny,lin,sans,yuan,stian,1,1,"COA9 全球总决赛小组赛.xlsx",122
8916,2026-04-15,COA9,dongx,nary,phr,saber,sol,0,1,"COA9 全球总决赛小组赛.xlsx",123
8917,2026-04-15,COA9,kakiri,clover,xingchen,lingyun,ycl,2,,"COA9 全球总决赛小组赛.xlsx",124
8918,2026-04-15,COA9,yum,atto,nyan,takakou,monop,2,,"COA9 全球总决赛小组赛.xlsx",125
8919,2026-04-15,COA9,kakiri,clover,xingchen,lingyun,ycl,1,1,"COA9 全球总决赛小组赛.xlsx",126
8920,2026-04-15,COA9,yum,atto,nyan,takakou,monop,1,1,"COA9 全球总决赛小组赛.xlsx",127
8921,2026-04-15,COA9,kakiri,clover,xingchen,lingyun,ycl,2,,"COA9 全球总决赛小组赛.xlsx",128
8922,2026-04-15,COA9,yum,atto,nyan,takakou,monop,3,0,"COA9 全球总决赛小组赛.xlsx",129
8923,2026-04-16,COA9,n1e,drop,libao,maom,lconfid,2,,"COA9 全球总决赛小组赛.xlsx",130
8924,2026-04-16,COA9,ppei,guoker,huiyi,koting,persica,3,0,"COA9 全球总决赛小组赛.xlsx",131
8925,2026-04-16,COA9,n1e,drop,libao,maom,lconfid,2,,"COA9 全球总决赛小组赛.xlsx",132
8926,2026-04-16,COA9,ppei,guoker,huiyi,koting,persica,1,1,"COA9 全球总决赛小组赛.xlsx",133
8927,2026-04-16,COA9,ppei,guoker,huiyi,koting,persica,2,,"COA9 全球总决赛小组赛.xlsx",134
8928,2026-04-16,COA9,n1e,drop,libao,maom,lconfid,0,1,"COA9 全球总决赛小组赛.xlsx",135
8929,2026-04-16,COA9,sprintzer,huac,nanako,xiaod,xiaox,1,1,"COA9 全球总决赛小组赛.xlsx",136
8930,2026-04-16,COA9,bailu,green,lyan,rolend,schmiddy,0,1,"COA9 全球总决赛小组赛.xlsx",137
8931,2026-04-16,COA9,sprintzer,huac,nanako,xiaod,xiaox,1,1,"COA9 全球总决赛小组赛.xlsx",138
8932,2026-04-16,COA9,bailu,green,lyan,rolend,schmiddy,0,1,"COA9 全球总决赛小组赛.xlsx",139
8933,2026-04-16,COA9,pit,kat,katsuki,maeken,moririn,1,1,"COA9 全球总决赛小组赛.xlsx",140
8934,2026-04-16,COA9,pipicha,juan,kb,paulblems,ppm,0,1,"COA9 全球总决赛小组赛.xlsx",141
8935,2026-04-16,COA9,hasha,juan,kb,paulblems,ppm,2,,"COA9 全球总决赛小组赛.xlsx",142
8936,2026-04-16,COA9,pit,kat,katsuki,maeken,moririn,2,,"COA9 全球总决赛小组赛.xlsx",143
8937,2026-04-16,COA9,pit,kat,katsuki,maeken,moririn,3,0,"COA9 全球总决赛小组赛.xlsx",144
8938,2026-04-16,COA9,hasha,juan,kb,paulblems,ppm,1,1,"COA9 全球总决赛小组赛.xlsx",145
8939,2026-04-16,COA9,qiu,jelly,xmx,tian,lemon,0,1,"COA9 全球总决赛小组赛.xlsx",146
8940,2026-04-16,COA9,choai,18,kucao,ppxia,bye,0,1,"COA9 全球总决赛小组赛.xlsx",147
8941,2026-04-16,COA9,choai,18,kucao,ppxia,bye,1,1,"COA9 全球总决赛小组赛.xlsx",148
8942,2026-04-16,COA9,qiu,jelly,xmx,tian,lemon,2,,"COA9 全球总决赛小组赛.xlsx",149
8943,2026-04-16,COA9,choai,18,kucao,ppxia,ppz,3,0,"COA9 全球总决赛小组赛.xlsx",150
8944,2026-04-16,COA9,xawm,jelly,xmx,tian,lemon,0,1,"COA9 全球总决赛小组赛.xlsx",151
8945,2026-04-17,COA9,aka,appai,felix,riz,vani,2,,"COA9 全球总决赛小组赛.xlsx",152
8946,2026-04-17,COA9,mzk,city,fuku,soba,unpyi,0,1,"COA9 全球总决赛小组赛.xlsx",153
8947,2026-04-17,COA9,aka,appai,felix,riz,vani,2,,"COA9 全球总决赛小组赛.xlsx",154
8948,2026-04-17,COA9,yami,city,fuku,soba,unpyi,2,,"COA9 全球总决赛小组赛.xlsx",155
8949,2026-04-17,COA9,alf,appai,felix,riz,vani,1,1,"COA9 全球总决赛小组赛.xlsx",156
8950,2026-04-17,COA9,yami,city,fuku,soba,unpyi,3,0,"COA9 全球总决赛小组赛.xlsx",157
8951,2026-04-17,COA9,trap,eleven,xy,xen,xmiao5,2,,"COA9 全球总决赛小组赛.xlsx",158
8952,2026-04-17,COA9,zz9,nary,phr,saber,sol,0,1,"COA9 全球总决赛小组赛.xlsx",159
8953,2026-04-17,COA9,zz9,nary,phr,saber,sol,0,1,"COA9 全球总决赛小组赛.xlsx",160
8954,2026-04-17,COA9,granny,eleven,xy,xen,xmiao5,3,0,"COA9 全球总决赛小组赛.xlsx",161
8955,2026-04-17,COA9,peter,babytop,six,lightning,jiala,0,1,"COA9 全球总决赛小组赛.xlsx",162
8956,2026-04-17,COA9,yuzuponn,dolisu,hametu,kznk,shinami,3,0,"COA9 全球总决赛小组赛.xlsx",163
8957,2026-04-17,COA9,peter,babytop,six,lightning,jiala,0,1,"COA9 全球总决赛小组赛.xlsx",164
8958,2026-04-17,COA9,yuzuponn,dolisu,hametu,kznk,shinami,3,0,"COA9 全球总决赛小组赛.xlsx",165
8959,2026-04-17,COA9,jin,atto,nyan,takakou,monop,1,1,"COA9 全球总决赛小组赛.xlsx",166
8960,2026-04-17,COA9,kakiri,ac,ak,citie,ziro,2,,"COA9 全球总决赛小组赛.xlsx",167
8961,2026-04-17,COA9,kakiri,ac,ak,citie,ziro,1,1,"COA9 全球总决赛小组赛.xlsx",168
8962,2026-04-17,COA9,jin,atto,nyan,takakou,monop,1,1,"COA9 全球总决赛小组赛.xlsx",169
8963,2026-04-17,COA9,jin,atto,nyan,takakou,monop,2,,"COA9 全球总决赛小组赛.xlsx",170
8964,2026-04-17,COA9,kakiri,ac,ak,citie,ziro,2,,"COA9 全球总决赛小组赛.xlsx",171
8965,2026-04-18,COA9,dongx,kat,katsuki,maeken,moririn,1,1,"COA9 全球总决赛小组赛.xlsx",172
8966,2026-04-18,COA9,pipicha,lin,sans,yuan,stian,1,1,"COA9 全球总决赛小组赛.xlsx",173
8967,2026-04-18,COA9,hasha,lin,sans,yuan,stian,0,1,"COA9 全球总决赛小组赛.xlsx",174
8968,2026-04-18,COA9,dongx,kat,katsuki,maeken,moririn,1,1,"COA9 全球总决赛小组赛.xlsx",175
8969,2026-04-18,COA9,hasha,lin,sans,yuan,stian,2,,"COA9 全球总决赛小组赛.xlsx",176
8970,2026-04-18,COA9,dongx,kat,katsuki,maeken,moririn,3,0,"COA9 全球总决赛小组赛.xlsx",177
8971,2026-04-18,COA9,sprintzer,allen,coo1,cute,zyuan,0,1,"COA9 全球总决赛小组赛.xlsx",178
8972,2026-04-18,COA9,kurai,green,lyan,rolend,schmiddy,2,,"COA9 全球总决赛小组赛.xlsx",179
8973,2026-04-18,COA9,sprintzer,allen,coo1,cute,zyuan,0,1,"COA9 全球总决赛小组赛.xlsx",180
8974,2026-04-18,COA9,kurai,green,lyan,rolend,schmiddy,1,1,"COA9 全球总决赛小组赛.xlsx",181
8975,2026-04-18,COA9,ppei,jokra,mia02,yuki,pp,1,1,"COA9 全球总决赛小组赛.xlsx",182
8976,2026-04-18,COA9,heshen,drop,libao,maom,lconfid,0,1,"COA9 全球总决赛小组赛.xlsx",183
8977,2026-04-18,COA9,heshen,drop,libao,maom,lconfid,2,,"COA9 全球总决赛小组赛.xlsx",184
8978,2026-04-18,COA9,ppei,jokra,mia02,yuki,pp,0,1,"COA9 全球总决赛小组赛.xlsx",185
8979,2026-04-18,COA9,heshen,drop,libao,maom,lconfid,2,,"COA9 全球总决赛小组赛.xlsx",186
8980,2026-04-18,COA9,ppei,jokra,mia02,yuki,pp,1,1,"COA9 全球总决赛小组赛.xlsx",187
8981,2026-04-18,COA9,choai,clover,xingchen,lingyun,ycl,2,,"COA9 全球总决赛小组赛.xlsx",188
8982,2026-04-18,COA9,yum,jelly,xmx,tian,lemon,2,,"COA9 全球总决赛小组赛.xlsx",189
8983,2026-04-18,COA9,choai,clover,xingchen,lingyun,ycl,0,1,"COA9 全球总决赛小组赛.xlsx",190
8984,2026-04-18,COA9,yum,jelly,xmx,tian,lemon,2,,"COA9 全球总决赛小组赛.xlsx",191
8985,2026-04-18,COA9,choai,clover,xingchen,lingyun,ycl,2,,"COA9 全球总决赛小组赛.xlsx",192
8986,2026-04-18,COA9,yum,jelly,xmx,tian,lemon,2,,"COA9 全球总决赛小组赛.xlsx",193
8987,2026-04-19,COA9,n1e,city,fuku,soba,unpyi,1,1,"COA9 全球总决赛小组赛.xlsx",194
8988,2026-04-19,COA9,aka,guoker,huiyi,koting,persica,2,,"COA9 全球总决赛小组赛.xlsx",195
8989,2026-04-19,COA9,aka,guoker,huiyi,koting,persica,3,0,"COA9 全球总决赛小组赛.xlsx",196
8990,2026-04-19,COA9,n1e,city,fuku,soba,unpyi,1,1,"COA9 全球总决赛小组赛.xlsx",197
8991,2026-04-19,COA9,qiu,ac,ak,citie,ziro,2,,"COA9 全球总决赛小组赛.xlsx",198
8992,2026-04-19,COA9,jin,18,kucao,ppxia,bye,2,,"COA9 全球总决赛小组赛.xlsx",199
8993,2026-04-19,COA9,qiu,ac,ak,citie,ziro,1,1,"COA9 全球总决赛小组赛.xlsx",200
8994,2026-04-19,COA9,jin,18,kucao,ppxia,bye,0,1,"COA9 全球总决赛小组赛.xlsx",201
8995,2026-04-19,COA9,jin,18,kucao,ppxia,ppz,0,1,"COA9 全球总决赛小组赛.xlsx",202
8996,2026-04-19,COA9,xawm,ac,ak,citie,ziro,0,1,"COA9 全球总决赛小组赛.xlsx",203
8997,2026-04-19,COA9,pit,eleven,xy,xen,xmiao5,1,1,"COA9 全球总决赛小组赛.xlsx",204
8998,2026-04-19,COA9,zz9,juan,kb,paulblems,ppm,2,,"COA9 全球总决赛小组赛.xlsx",205
8999,2026-04-19,COA9,zz9,juan,kb,paulblems,ppm,0,1,"COA9 全球总决赛小组赛.xlsx",206
9000,2026-04-19,COA9,pit,eleven,xy,xen,xmiao5,3,0,"COA9 全球总决赛小组赛.xlsx",207
9001,2026-04-19,COA9,zz9,juan,kb,paulblems,ppm,0,1,"COA9 全球总决赛小组赛.xlsx",208
9002,2026-04-19,COA9,pit,eleven,xy,xen,xmiao5,3,0,"COA9 全球总决赛小组赛.xlsx",209
9003,2026-04-19,COA9,peter,huac,nanako,xiaod,xiaox,2,,"COA9 全球总决赛小组赛.xlsx",210
9004,2026-04-19,COA9,bailu,dolisu,hametu,kznk,shinami,1,1,"COA9 全球总决赛小组赛.xlsx",211
9005,2026-04-19,COA9,peter,huac,nanako,xiaod,xiaox,2,,"COA9 全球总决赛小组赛.xlsx",212
9006,2026-04-19,COA9,bailu,dolisu,hametu,kznk,shinami,3,0,"COA9 全球总决赛小组赛.xlsx",213
9007,2026-04-19,COA9,mkmldy,huac,nanako,xiaod,xiaox,2,,"COA9 全球总决赛小组赛.xlsx",214
9008,2026-04-19,COA9,bailu,dolisu,hametu,kznk,shinami,2,,"COA9 全球总决赛小组赛.xlsx",215
9009,2026-04-19,COA9,bailu,dolisu,hametu,kznk,shinami,2,,"COA9 全球总决赛小组赛.xlsx",216
9010,2026-04-19,COA9,mkmldy,huac,nanako,xiaod,xiaox,2,,"COA9 全球总决赛小组赛.xlsx",217
9011,2026-05-01,COA9,ppei,kznk,dolisu,hametu,shinami,2,,"COA9 全球总决赛淘汰赛.xlsx",0
9012,2026-05-01,COA9,peter,drop,libao,lconfid,maom,1,1,"COA9 全球总决赛淘汰赛.xlsx",1
9013,2026-05-01,COA9,peter,drop,libao,lconfid,maom,1,1,"COA9 全球总决赛淘汰赛.xlsx",2
9014,2026-05-01,COA9,ppei,kznk,dolisu,hametu,shinami,0,1,"COA9 全球总决赛淘汰赛.xlsx",3
9015,2026-05-01,COA9,mkmldy,drop,libao,lconfid,maom,2,,"COA9 全球总决赛淘汰赛.xlsx",4
9016,2026-05-01,COA9,ppei,kznk,dolisu,hametu,shinami,3,0,"COA9 全球总决赛淘汰赛.xlsx",5
9017,2026-05-01,COA9,choai,sans,lin,yuan,stian,2,,"COA9 全球总决赛淘汰赛.xlsx",6
9018,2026-05-01,COA9,dongx,jelly,lemon,tian,xmx,2,,"COA9 全球总决赛淘汰赛.xlsx",7
9019,2026-05-01,COA9,dongx,jelly,lemon,tian,xmx,1,1,"COA9 全球总决赛淘汰赛.xlsx",8
9020,2026-05-01,COA9,choai,sans,lin,yuan,stian,3,0,"COA9 全球总决赛淘汰赛.xlsx",9
9021,2026-05-01,COA9,dongx,jelly,lemon,tian,xmx,1,1,"COA9 全球总决赛淘汰赛.xlsx",10
9022,2026-05-01,COA9,sprintzer,city,unpyi,soba,fuku,1,1,"COA9 全球总决赛淘汰赛.xlsx",11
9023,2026-05-01,COA9,aka,lyan,green,schmiddy,rolend,1,1,"COA9 全球总决赛淘汰赛.xlsx",12
9024,2026-05-01,COA9,aka,lyan,green,schmiddy,rolend,1,1,"COA9 全球总决赛淘汰赛.xlsx",13
9025,2026-05-01,COA9,sprintzer,city,unpyi,soba,fuku,2,,"COA9 全球总决赛淘汰赛.xlsx",14
9026,2026-05-01,COA9,alf,lyan,green,schmiddy,rolend,1,1,"COA9 全球总决赛淘汰赛.xlsx",15
9027,2026-05-01,COA9,sprintzer,city,unpyi,soba,fuku,2,,"COA9 全球总决赛淘汰赛.xlsx",16
9028,2026-05-01,COA9,zz9,atto,nyan,takakou,monop,2,,"COA9 全球总决赛淘汰赛.xlsx",17
9029,2026-05-01,COA9,kakiri,xy,xen,eleven,xmiao5,2,,"COA9 全球总决赛淘汰赛.xlsx",18
9030,2026-05-01,COA9,kakiri,xy,xen,eleven,xmiao5,1,1,"COA9 全球总决赛淘汰赛.xlsx",19
9031,2026-05-01,COA9,zz9,atto,nyan,takakou,monop,2,,"COA9 全球总决赛淘汰赛.xlsx",20
9032,2026-05-01,COA9,kakiri,xy,xen,eleven,xmiao5,1,1,"COA9 全球总决赛淘汰赛.xlsx",21
9033,2026-05-01,COA9,zz9,atto,nyan,takakou,monop,4,0,"COA9 全球总决赛淘汰赛.xlsx",22
9034,2026-05-02,COA9,ppei,kat,katsuki,moririn,maeken,1,1,"COA9 全球总决赛淘汰赛.xlsx",23
9035,2026-05-02,COA9,pipicha,drop,libao,lconfid,maom,2,,"COA9 全球总决赛淘汰赛.xlsx",24
9036,2026-05-02,COA9,ppei,kat,katsuki,moririn,maeken,0,1,"COA9 全球总决赛淘汰赛.xlsx",25
9037,2026-05-02,COA9,hasha,drop,libao,lconfid,maom,2,,"COA9 全球总决赛淘汰赛.xlsx",26
9038,2026-05-02,COA9,hasha,drop,libao,lconfid,maom,2,,"COA9 全球总决赛淘汰赛.xlsx",27
9039,2026-05-02,COA9,ppei,kat,katsuki,moririn,maeken,1,1,"COA9 全球总决赛淘汰赛.xlsx",28
9040,2026-05-02,COA9,dongx,guoker,huiyi,persica,koting,2,,"COA9 全球总决赛淘汰赛.xlsx",29
9041,2026-05-02,COA9,n1e,sans,lin,yuan,stian,2,,"COA9 全球总决赛淘汰赛.xlsx",30
9042,2026-05-02,COA9,dongx,guoker,huiyi,persica,koting,0,1,"COA9 全球总决赛淘汰赛.xlsx",31
9043,2026-05-02,COA9,n1e,sans,lin,yuan,stian,3,0,"COA9 全球总决赛淘汰赛.xlsx",32
9044,2026-05-02,COA9,dongx,guoker,huiyi,persica,koting,2,,"COA9 全球总决赛淘汰赛.xlsx",33
9045,2026-05-02,COA9,n1e,sans,lin,yuan,stian,1,1,"COA9 全球总决赛淘汰赛.xlsx",34
9046,2026-05-02,COA9,n1e,sans,lin,yuan,stian,2,,"COA9 全球总决赛淘汰赛.xlsx",35
9047,2026-05-02,COA9,dongx,guoker,huiyi,persica,koting,2,,"COA9 全球总决赛淘汰赛.xlsx",36
9048,2026-05-02,COA9,dongx,guoker,huiyi,persica,koting,2,,"COA9 全球总决赛淘汰赛.xlsx",37
9049,2026-05-02,COA9,n1e,sans,lin,yuan,stian,2,,"COA9 全球总决赛淘汰赛.xlsx",38
9050,2026-05-03,COA9,aka,ak,ac,citie,ziro,2,,"COA9 全球总决赛淘汰赛.xlsx",39
9051,2026-05-03,COA9,jin,city,unpyi,soba,fuku,0,1,"COA9 全球总决赛淘汰赛.xlsx",40
9052,2026-05-03,COA9,aka,ak,ac,citie,ziro,0,1,"COA9 全球总决赛淘汰赛.xlsx",41
9053,2026-05-03,COA9,jin,city,unpyi,soba,fuku,0,1,"COA9 全球总决赛淘汰赛.xlsx",42
9054,2026-05-03,COA9,jin,city,unpyi,soba,fuku,0,1,"COA9 全球总决赛淘汰赛.xlsx",43
9055,2026-05-03,COA9,alf,ak,ac,citie,ziro,3,0,"COA9 全球总决赛淘汰赛.xlsx",44
9056,2026-05-03,COA9,jin,city,unpyi,soba,fuku,2,,"COA9 全球总决赛淘汰赛.xlsx",45
9057,2026-05-03,COA9,alf,ak,ac,citie,ziro,0,1,"COA9 全球总决赛淘汰赛.xlsx",46
9058,2026-05-03,COA9,jin,city,unpyi,soba,fuku,0,1,"COA9 全球总决赛淘汰赛.xlsx",47
9059,2026-05-03,COA9,kakiri,xiaod,xiaox,huac,nanako,1,1,"COA9 全球总决赛淘汰赛.xlsx",48
9060,2026-05-03,COA9,bailu,atto,nyan,takakou,monop,2,,"COA9 全球总决赛淘汰赛.xlsx",49
9061,2026-05-03,COA9,kakiri,xiaod,xiaox,huac,nanako,2,,"COA9 全球总决赛淘汰赛.xlsx",50
9062,2026-05-03,COA9,bailu,atto,nyan,takakou,monop,0,1,"COA9 全球总决赛淘汰赛.xlsx",51
9063,2026-05-03,COA9,kakiri,xiaod,xiaox,huac,nanako,1,1,"COA9 全球总决赛淘汰赛.xlsx",52
9064,2026-05-03,COA9,bailu,atto,nyan,takakou,monop,0,1,"COA9 全球总决赛淘汰赛.xlsx",53
9065,2026-05-03,COA9,kakaka,xiaod,xiaox,huac,nanako,3,0,"COA9 全球总决赛淘汰赛.xlsx",54
9066,2026-05-03,COA9,bailu,atto,nyan,takakou,monop,1,1,"COA9 全球总决赛淘汰赛.xlsx",55
9067,2026-05-04,COA9,dongx,drop,libao,lconfid,maom,2,,"COA9 全球总决赛淘汰赛.xlsx",56
9068,2026-05-04,COA9,ppei,sans,lin,yuan,stian,2,,"COA9 全球总决赛淘汰赛.xlsx",57
9069,2026-05-04,COA9,ppei,sans,lin,yuan,stian,2,,"COA9 全球总决赛淘汰赛.xlsx",58
9070,2026-05-04,COA9,dongx,drop,libao,lconfid,maom,2,,"COA9 全球总决赛淘汰赛.xlsx",59
9071,2026-05-04,COA9,dongx,drop,libao,lconfid,maom,2,,"COA9 全球总决赛淘汰赛.xlsx",60
9072,2026-05-04,COA9,ppei,sans,lin,yuan,stian,2,,"COA9 全球总决赛淘汰赛.xlsx",61
9073,2026-05-04,COA9,dongx,drop,libao,lconfid,maom,3,0,"COA9 全球总决赛淘汰赛.xlsx",62
9074,2026-05-04,COA9,ppei,sans,lin,yuan,stian,1,1,"COA9 全球总决赛淘汰赛.xlsx",63
9075,2026-05-04,COA9,dongx,drop,libao,lconfid,maom,4,0,"COA9 全球总决赛淘汰赛.xlsx",64
9076,2026-05-04,COA9,jin,xiaod,xiaox,huac,nanako,1,1,"COA9 全球总决赛淘汰赛.xlsx",65
9077,2026-05-04,COA9,bailu,ak,ac,citie,ziro,0,1,"COA9 全球总决赛淘汰赛.xlsx",66
9078,2026-05-04,COA9,jin,xiaod,xiaox,huac,nanako,2,,"COA9 全球总决赛淘汰赛.xlsx",67
9079,2026-05-04,COA9,bailu,ak,ac,citie,ziro,1,1,"COA9 全球总决赛淘汰赛.xlsx",68
9080,2026-05-04,COA9,jin,xiaod,xiaox,huac,nanako,0,1,"COA9 全球总决赛淘汰赛.xlsx",69
9081,2026-05-04,COA9,bailu,ak,ac,citie,ziro,2,,"COA9 全球总决赛淘汰赛.xlsx",70
9082,2026-05-04,COA9,jin,xiaod,xiaox,huac,nanako,3,0,"COA9 全球总决赛淘汰赛.xlsx",71
9083,2026-05-04,COA9,bailu,ak,ac,citie,ziro,0,1,"COA9 全球总决赛淘汰赛.xlsx",72
9084,2026-05-05,COA9,dongx,ak,ac,citie,ziro,3,0,"COA9 全球总决赛淘汰赛.xlsx",73
9085,2026-05-05,COA9,jin,sans,lin,yuan,stian,1,1,"COA9 全球总决赛淘汰赛.xlsx",74
9086,2026-05-05,COA9,dongx,ak,ac,citie,ziro,2,,"COA9 全球总决赛淘汰赛.xlsx",75
9087,2026-05-05,COA9,jin,sans,lin,yuan,stian,1,1,"COA9 全球总决赛淘汰赛.xlsx",76
9088,2026-05-05,COA9,dongx,ak,ac,citie,ziro,1,1,"COA9 全球总决赛淘汰赛.xlsx",77
9089,2026-05-05,COA9,jin,sans,lin,yuan,stian,1,1,"COA9 全球总决赛淘汰赛.xlsx",78
9090,2026-05-05,COA9,dongx,ak,ac,citie,ziro,0,1,"COA9 全球总决赛淘汰赛.xlsx",79
9091,2026-05-05,COA9,jin,sans,lin,yuan,stian,1,1,"COA9 全球总决赛淘汰赛.xlsx",80
9092,2026-05-05,COA9,dongx,ak,ac,citie,ziro,3,0,"COA9 全球总决赛淘汰赛.xlsx",81
9093,2026-05-05,COA9,jin,sans,lin,yuan,stian,2,,"COA9 全球总决赛淘汰赛.xlsx",82
9094,2026-05-05,COA9,ppei,xiaod,xiaox,huac,nanako,2,,"COA9 全球总决赛淘汰赛.xlsx",83
9095,2026-05-05,COA9,bailu,drop,libao,lconfid,maom,2,,"COA9 全球总决赛淘汰赛.xlsx",84
9096,2026-05-05,COA9,ppei,xiaod,xiaox,huac,nanako,1,1,"COA9 全球总决赛淘汰赛.xlsx",85
9097,2026-05-05,COA9,bailu,drop,libao,lconfid,maom,1,1,"COA9 全球总决赛淘汰赛.xlsx",86
9098,2026-05-05,COA9,ppei,xiaod,xiaox,huac,nanako,3,0,"COA9 全球总决赛淘汰赛.xlsx",87
9099,2026-05-05,COA9,bailu,drop,libao,lconfid,maom,0,1,"COA9 全球总决赛淘汰赛.xlsx",88
9100,2026-05-05,COA9,bailu,drop,libao,lconfid,maom,3,0,"COA9 全球总决赛淘汰赛.xlsx",89
9101,2026-05-05,COA9,ppei,xiaod,xiaox,huac,nanako,3,0,"COA9 全球总决赛淘汰赛.xlsx",90
9102,2026-05-05,COA9,ppei,xiaod,xiaox,huac,nanako,0,1,"COA9 全球总决赛淘汰赛.xlsx",91
